Step,Fx(N),Fy(N),Fz(N),Tx(Nm),Ty(Nm),Tz(Nm)
1,0.000000,-0.000000,0.000000,0.000000,-0.000000,0.000000
2,-0.889088,-0.786242,1.794027,0.083018,-0.181505,-0.000009
3,-0.890458,-0.793400,1.762350,0.090984,-0.184179,-0.000396
4,-0.893423,-0.803138,1.728361,0.100041,-0.187521,-0.000791
5,-0.897915,-0.815297,1.692213,0.110115,-0.191502,-0.001203
6,-0.903869,-0.829709,1.654049,0.121128,-0.196093,-0.001619
7,-0.911219,-0.846218,1.614015,0.133010,-0.201264,-0.002029
8,-0.919890,-0.864660,1.572257,0.145682,-0.206985,-0.002434
9,-0.929800,-0.884861,1.528938,0.159067,-0.213215,-0.002829
10,-0.940886,-0.906646,1.484187,0.173087,-0.219931,-0.003209
11,-0.953049,-0.929841,1.438178,0.187661,-0.227089,-0.003575
12,-0.966226,-0.954277,1.391038,0.202715,-0.234663,-0.003924
13,-0.980326,-0.979776,1.342946,0.218168,-0.242610,-0.004254
14,-0.995276,-1.006167,1.294031,0.233944,-0.250902,-0.004570
15,-1.010996,-1.033290,1.244447,0.249972,-0.259503,-0.004863
16,-1.027389,-1.060956,1.194370,0.266167,-0.268372,-0.005133
17,-1.044395,-1.089018,1.143919,0.282464,-0.277484,-0.005394
18,-1.061898,-1.117304,1.093286,0.298787,-0.286787,-0.005636
19,-1.079844,-1.145659,1.042597,0.315065,-0.296259,-0.005860
20,-1.098145,-1.173936,0.992004,0.331233,-0.305862,-0.006071
21,-1.116711,-1.201977,0.941665,0.347221,-0.315558,-0.006270
22,-1.135459,-1.229640,0.891730,0.362963,-0.325309,-0.006455
23,-1.154321,-1.256801,0.842322,0.378405,-0.335090,-0.006630
24,-1.173206,-1.283311,0.793600,0.393478,-0.344857,-0.006800
25,-1.192031,-1.309049,0.745703,0.408126,-0.354575,-0.006956
26,-1.210748,-1.333920,0.698723,0.422305,-0.364226,-0.007104
27,-1.229259,-1.357791,0.652814,0.435956,-0.373765,-0.007244
28,-1.247497,-1.380564,0.608081,0.449030,-0.383164,-0.007384
29,-1.265390,-1.402153,0.564642,0.461488,-0.392391,-0.007515
30,-1.282862,-1.422462,0.522597,0.473286,-0.401415,-0.007639
31,-1.299845,-1.441402,0.482049,0.484381,-0.410205,-0.007765
32,-1.316275,-1.458914,0.443079,0.494744,-0.418733,-0.007886
33,-1.332092,-1.474932,0.405756,0.504343,-0.426976,-0.007998
34,-1.347219,-1.489389,0.370178,0.513148,-0.434899,-0.008104
35,-1.361611,-1.502243,0.336382,0.521138,-0.442483,-0.008212
36,-1.375211,-1.513445,0.304429,0.528289,-0.449704,-0.008307
37,-1.387949,-1.522961,0.274379,0.534586,-0.456533,-0.008397
38,-1.399776,-1.530761,0.246265,0.540014,-0.462950,-0.008482
39,-1.410638,-1.536818,0.220123,0.544562,-0.468932,-0.008551
40,-1.420497,-1.541104,0.195965,0.548217,-0.474464,-0.008618
41,-1.429295,-1.543643,0.173814,0.550992,-0.479522,-0.008681
42,-1.437011,-1.544398,0.153666,0.552871,-0.484099,-0.008721
43,-1.443580,-1.543381,0.135541,0.553862,-0.488170,-0.008764
44,-1.448977,-1.540594,0.119427,0.553970,-0.491723,-0.008785
45,-1.453173,-1.536060,0.105306,0.553207,-0.494751,-0.008801
46,-1.456127,-1.529784,0.093166,0.551581,-0.497236,-0.008804
47,-1.457815,-1.521793,0.082986,0.549109,-0.499173,-0.008791
48,-1.458219,-1.512120,0.074733,0.545810,-0.500553,-0.008772
49,-1.457307,-1.500786,0.068383,0.541699,-0.501369,-0.008729
50,-1.455063,-1.487819,0.063892,0.536798,-0.501615,-0.008676
51,-1.451479,-1.473277,0.061215,0.531136,-0.501291,-0.008615
52,-1.446550,-1.457188,0.060302,0.524735,-0.500398,-0.008536
53,-1.440245,-1.439600,0.061123,0.517624,-0.498926,-0.008440
54,-1.432584,-1.420559,0.063597,0.509831,-0.496887,-0.008337
55,-1.423552,-1.400117,0.067684,0.501388,-0.494277,-0.008219
56,-1.413153,-1.378334,0.073322,0.492328,-0.491102,-0.008096
57,-1.401391,-1.355278,0.080446,0.482694,-0.487366,-0.007949
58,-1.388268,-1.330968,0.088999,0.472500,-0.483074,-0.007796
59,-1.373796,-1.305498,0.098914,0.461795,-0.478233,-0.007626
60,-1.357992,-1.278905,0.110116,0.450608,-0.472854,-0.007449
61,-1.340875,-1.251275,0.122521,0.438982,-0.466948,-0.007266
62,-1.322461,-1.222661,0.136069,0.426950,-0.460525,-0.007070
63,-1.302767,-1.193133,0.150685,0.414552,-0.453594,-0.006871
64,-1.281829,-1.162746,0.166290,0.401817,-0.446172,-0.006662
65,-1.259663,-1.131586,0.182803,0.388793,-0.438269,-0.006450
66,-1.236302,-1.099704,0.200154,0.375508,-0.429901,-0.006223
67,-1.211784,-1.067162,0.218255,0.361996,-0.421085,-0.005996
68,-1.186130,-1.034042,0.237040,0.348300,-0.411831,-0.005766
69,-1.159385,-1.000409,0.256415,0.334453,-0.402161,-0.005532
70,-1.131586,-0.966329,0.276304,0.320489,-0.392089,-0.005289
71,-1.102765,-0.931854,0.296639,0.306437,-0.381632,-0.005050
72,-1.072967,-0.897066,0.317334,0.292336,-0.370808,-0.004810
73,-1.042241,-0.862012,0.338311,0.278209,-0.359637,-0.004566
74,-1.010650,-0.826775,0.359475,0.264097,-0.348148,-0.004325
75,-0.978211,-0.791390,0.380785,0.250015,-0.336345,-0.004075
76,-0.944978,-0.755933,0.402153,0.236002,-0.324252,-0.003839
77,-0.911010,-0.720457,0.423510,0.222079,-0.311893,-0.003595
78,-0.876354,-0.685027,0.444782,0.208276,-0.299286,-0.003356
79,-0.841070,-0.649679,0.465900,0.194610,-0.286455,-0.003119
80,-0.805201,-0.614485,0.486804,0.181111,-0.273418,-0.002886
81,-0.768809,-0.579474,0.507425,0.167791,-0.260200,-0.002657
82,-0.731933,-0.544707,0.527722,0.154676,-0.246814,-0.002431
83,-0.694641,-0.510221,0.547627,0.141780,-0.233287,-0.002206
84,-0.656995,-0.476063,0.567082,0.129120,-0.219645,-0.001986
85,-0.619045,-0.442276,0.586038,0.116715,-0.205906,-0.001776
86,-0.580852,-0.408889,0.604454,0.104572,-0.192092,-0.001566
87,-0.542461,-0.375949,0.622284,0.092711,-0.178223,-0.001359
88,-0.503932,-0.343481,0.639491,0.081137,-0.164321,-0.001163
89,-0.465333,-0.311515,0.656032,0.069859,-0.150411,-0.000969
90,-0.426697,-0.280079,0.671885,0.058888,-0.136507,-0.000779
91,-0.388094,-0.249200,0.687014,0.048229,-0.122634,-0.000599
92,-0.349574,-0.218895,0.701393,0.037886,-0.108812,-0.000421
93,-0.311211,-0.189192,0.714986,0.027867,-0.095071,-0.000245
94,-0.273022,-0.160095,0.727799,0.018168,-0.081415,-0.000083
95,-0.235091,-0.131642,0.739791,0.008801,-0.067877,0.000080
96,-0.197450,-0.103826,0.750967,-0.000241,-0.054469,0.000231
97,-0.160154,-0.076660,0.761307,-0.008958,-0.041212,0.000379
98,-0.123261,-0.050155,0.770801,-0.017350,-0.028128,0.000522
99,-0.086799,-0.024317,0.779456,-0.025420,-0.015228,0.000652
100,-0.050814,0.000844,0.787267,-0.033167,-0.002530,0.000780
101,-0.015356,0.025348,0.794238,-0.040606,0.009948,0.000907
102,0.019523,0.049180,0.800359,-0.047734,0.022185,0.001019
103,0.053793,0.072355,0.805650,-0.054564,0.034171,0.001129
104,0.087405,0.094856,0.810105,-0.061092,0.045884,0.001240
105,0.120346,0.116713,0.813757,-0.067335,0.057323,0.001339
106,0.152553,0.137909,0.816591,-0.073292,0.068461,0.001441
107,0.184021,0.158472,0.818645,-0.078976,0.079298,0.001526
108,0.214710,0.178407,0.819925,-0.084397,0.089817,0.001611
109,0.244581,0.197720,0.820444,-0.089560,0.100003,0.001688
110,0.273640,0.216445,0.820245,-0.094482,0.109861,0.001761
111,0.301845,0.234575,0.819331,-0.099166,0.119373,0.001829
112,0.329174,0.252125,0.817728,-0.103621,0.128531,0.001898
113,0.355610,0.269123,0.815457,-0.107863,0.137328,0.001952
114,0.381137,0.285573,0.812544,-0.111895,0.145759,0.002011
115,0.405744,0.301512,0.809020,-0.115738,0.153820,0.002061
116,0.429420,0.316938,0.804904,-0.119394,0.161506,0.002113
117,0.452158,0.331875,0.800231,-0.122875,0.168815,0.002165
118,0.473962,0.346347,0.795034,-0.126193,0.175751,0.002203
119,0.494802,0.360373,0.789323,-0.129362,0.182300,0.002250
120,0.514706,0.373955,0.783145,-0.132381,0.188476,0.002288
121,0.533666,0.387138,0.776526,-0.135273,0.194274,0.002326
122,0.551679,0.399927,0.769494,-0.138043,0.199695,0.002360
123,0.568762,0.412347,0.762083,-0.140702,0.204746,0.002396
124,0.584897,0.424405,0.754306,-0.143255,0.209420,0.002424
125,0.600120,0.436123,0.746211,-0.145713,0.213733,0.002450
126,0.614434,0.447529,0.737822,-0.148089,0.217686,0.002476
127,0.627860,0.458631,0.729171,-0.150386,0.221289,0.002503
128,0.640410,0.469462,0.720291,-0.152623,0.224546,0.002526
129,0.652098,0.480027,0.711202,-0.154799,0.227466,0.002549
130,0.662951,0.490340,0.701939,-0.156922,0.230059,0.002577
131,0.672989,0.500428,0.692530,-0.159005,0.232333,0.002601
132,0.682229,0.510301,0.682999,-0.161050,0.234298,0.002624
133,0.690691,0.519971,0.673372,-0.163065,0.235961,0.002649
134,0.698413,0.529452,0.663679,-0.165054,0.237339,0.002674
135,0.705421,0.538769,0.653948,-0.167030,0.238444,0.002696
136,0.711721,0.547931,0.644193,-0.168995,0.239278,0.002723
137,0.717368,0.556939,0.634447,-0.170947,0.239865,0.002751
138,0.722383,0.565818,0.624733,-0.172901,0.240213,0.002777
139,0.726790,0.574564,0.615064,-0.174850,0.240335,0.002806
140,0.730630,0.583216,0.605470,-0.176814,0.240246,0.002836
141,0.733941,0.591761,0.595976,-0.178783,0.239966,0.002859
142,0.736741,0.600213,0.586590,-0.180764,0.239499,0.002894
143,0.739070,0.608586,0.577334,-0.182762,0.238864,0.002922
144,0.740944,0.616876,0.568220,-0.184774,0.238069,0.002959
145,0.742416,0.625102,0.559267,-0.186807,0.237134,0.002994
146,0.743526,0.633269,0.550499,-0.188861,0.236079,0.003030
147,0.744296,0.641369,0.541920,-0.190931,0.234912,0.003070
148,0.744748,0.649434,0.533543,-0.193032,0.233643,0.003106
149,0.744929,0.657450,0.525383,-0.195155,0.232293,0.003147
150,0.744879,0.665422,0.517449,-0.197299,0.230876,0.003187
151,0.744620,0.673353,0.509753,-0.199466,0.229406,0.003231
152,0.744172,0.681250,0.502292,-0.201656,0.227887,0.003271
153,0.743578,0.689123,0.495088,-0.203873,0.226341,0.003315
154,0.742882,0.696958,0.488142,-0.206109,0.224784,0.003362
155,0.742108,0.704769,0.481462,-0.208367,0.223228,0.003407
156,0.741266,0.712555,0.475044,-0.210648,0.221676,0.003456
157,0.740418,0.720314,0.468906,-0.212947,0.220155,0.003510
158,0.739556,0.728045,0.463034,-0.215263,0.218661,0.003558
159,0.738714,0.735750,0.457434,-0.217596,0.217209,0.003610
160,0.737944,0.743433,0.452118,-0.219945,0.215820,0.003662
161,0.737237,0.751086,0.447074,-0.222306,0.214491,0.003719
162,0.736633,0.758709,0.442303,-0.224678,0.213237,0.003770
163,0.736157,0.766299,0.437806,-0.227057,0.212071,0.003826
164,0.735820,0.773856,0.433582,-0.229443,0.210996,0.003872
165,0.735637,0.781375,0.429617,-0.231832,0.210017,0.003932
166,0.735639,0.788868,0.425923,-0.234228,0.209148,0.003984
167,0.735847,0.796324,0.422488,-0.236626,0.208398,0.004041
168,0.736259,0.803728,0.419304,-0.239019,0.207764,0.004100
169,0.736895,0.811091,0.416370,-0.241409,0.207257,0.004154
170,0.737779,0.818412,0.413680,-0.243796,0.206883,0.004212
171,0.738904,0.825676,0.411224,-0.246173,0.206642,0.004264
172,0.740274,0.832884,0.408991,-0.248539,0.206533,0.004326
173,0.741913,0.840041,0.406982,-0.250897,0.206567,0.004382
174,0.743829,0.847127,0.405187,-0.253236,0.206746,0.004439
175,0.746027,0.854150,0.403597,-0.255561,0.207072,0.004494
176,0.748500,0.861106,0.402204,-0.257868,0.207541,0.004551
177,0.751248,0.867986,0.400995,-0.260154,0.208154,0.004606
178,0.754285,0.874793,0.399967,-0.262421,0.208914,0.004660
179,0.757609,0.881509,0.399110,-0.264659,0.209821,0.004712
180,0.761205,0.888143,0.398411,-0.266873,0.210868,0.004767
181,0.765082,0.894689,0.397866,-0.269061,0.212058,0.004814
182,0.769235,0.901124,0.397458,-0.271211,0.213388,0.004865
183,0.773668,0.907479,0.397192,-0.273340,0.214860,0.004910
184,0.778353,0.913730,0.397048,-0.275436,0.216460,0.004961
185,0.783290,0.919855,0.397015,-0.277489,0.218189,0.005009
186,0.788469,0.925886,0.397089,-0.279514,0.220042,0.005048
187,0.793875,0.931805,0.397258,-0.281505,0.222010,0.005094
188,0.799504,0.937588,0.397514,-0.283450,0.224093,0.005138
189,0.805336,0.943255,0.397848,-0.285359,0.226282,0.005176
190,0.811375,0.948783,0.398251,-0.287221,0.228577,0.005212
191,0.817599,0.954189,0.398718,-0.289047,0.230967,0.005254
192,0.824004,0.959457,0.399243,-0.290827,0.233453,0.005285
193,0.830556,0.964580,0.399810,-0.292562,0.236016,0.005319
194,0.837242,0.969553,0.400413,-0.294248,0.238654,0.005355
195,0.844057,0.974380,0.401050,-0.295888,0.241362,0.005381
196,0.850965,0.979052,0.401706,-0.297478,0.244125,0.005411
197,0.857943,0.983557,0.402372,-0.299016,0.246932,0.005438
198,0.865011,0.987909,0.403056,-0.300506,0.249793,0.005464
199,0.872123,0.992093,0.403740,-0.301944,0.252685,0.005494
200,0.879268,0.996103,0.404420,-0.303325,0.255605,0.005511
201,0.886436,0.999938,0.405096,-0.304652,0.258548,0.005536
202,0.893592,1.003597,0.405754,-0.305924,0.261499,0.005557
203,0.900731,1.007080,0.406395,-0.307141,0.264455,0.005568
204,0.907822,1.010373,0.407011,-0.308299,0.267403,0.005586
205,0.914861,1.013480,0.407601,-0.309399,0.270340,0.005599
206,0.921802,1.016391,0.408155,-0.310438,0.273248,0.005611
207,0.928636,1.019108,0.408672,-0.311417,0.276121,0.005622
208,0.935363,1.021622,0.409150,-0.312331,0.278961,0.005633
209,0.941960,1.023934,0.409587,-0.313183,0.281756,0.005643
210,0.948399,1.026050,0.409978,-0.313975,0.284494,0.005648
211,0.954663,1.027951,0.410320,-0.314700,0.287169,0.005650
212,0.960742,1.029643,0.410613,-0.315359,0.289776,0.005655
213,0.966627,1.031119,0.410856,-0.315950,0.292312,0.005659
214,0.972276,1.032378,0.411042,-0.316474,0.294758,0.005659
215,0.977693,1.033422,0.411176,-0.316932,0.297115,0.005652
216,0.982846,1.034233,0.411250,-0.317313,0.299371,0.005650
217,0.987751,1.034824,0.411272,-0.317626,0.301533,0.005645
218,0.992367,1.035194,0.411235,-0.317870,0.303582,0.005640
219,0.996691,1.035333,0.411139,-0.318040,0.305517,0.005632
220,1.000726,1.035250,0.410990,-0.318142,0.307340,0.005628
221,1.004426,1.034928,0.410783,-0.318165,0.309033,0.005611
222,1.007810,1.034368,0.410519,-0.318112,0.310602,0.005604
223,1.010855,1.033584,0.410198,-0.317988,0.312037,0.005591
224,1.013559,1.032562,0.409827,-0.317788,0.313340,0.005582
225,1.015892,1.031298,0.409398,-0.317508,0.314497,0.005561
226,1.017869,1.029794,0.408917,-0.317151,0.315514,0.005550
227,1.019482,1.028060,0.408385,-0.316719,0.316388,0.005528
228,1.020727,1.026082,0.407806,-0.316207,0.317119,0.005514
229,1.021587,1.023869,0.407177,-0.315618,0.317698,0.005491
230,1.022076,1.021421,0.406505,-0.314953,0.318132,0.005472
231,1.022173,1.018730,0.405789,-0.314206,0.318413,0.005448
232,1.021870,1.015800,0.405028,-0.313381,0.318537,0.005429
233,1.021172,1.012630,0.404228,-0.312475,0.318507,0.005408
234,1.020094,1.009226,0.403391,-0.311492,0.318329,0.005382
235,1.018615,1.005582,0.402518,-0.310428,0.317995,0.005359
236,1.016755,1.001708,0.401613,-0.309286,0.317515,0.005334
237,1.014509,0.997595,0.400679,-0.308064,0.316884,0.005308
238,1.011864,0.993247,0.399712,-0.306762,0.316099,0.005280
239,1.008846,0.988678,0.398723,-0.305386,0.315171,0.005250
240,1.005448,0.983870,0.397710,-0.303928,0.314097,0.005222
241,1.001667,0.978839,0.396673,-0.302393,0.312877,0.005192
242,0.997517,0.973589,0.395620,-0.300785,0.311515,0.005159
243,0.993000,0.968111,0.394547,-0.299098,0.310014,0.005126
244,0.988126,0.962416,0.393462,-0.297337,0.308379,0.005092
245,0.982888,0.956500,0.392362,-0.295499,0.306605,0.005058
246,0.977315,0.950368,0.391252,-0.293586,0.304707,0.005026
247,0.971416,0.944039,0.390138,-0.291607,0.302687,0.004992
248,0.965180,0.937494,0.389015,-0.289552,0.300541,0.004953
249,0.958631,0.930749,0.387889,-0.287428,0.298281,0.004918
250,0.951758,0.923804,0.386757,-0.285235,0.295900,0.004883
251,0.944601,0.916666,0.385628,-0.282975,0.293418,0.004843
252,0.937153,0.909336,0.384499,-0.280649,0.290829,0.004804
253,0.929410,0.901811,0.383370,-0.278255,0.288134,0.004768
254,0.921409,0.894117,0.382246,-0.275803,0.285347,0.004720
255,0.913149,0.886234,0.381128,-0.273285,0.282468,0.004682
256,0.904634,0.878180,0.380015,-0.270709,0.279500,0.004640
257,0.895877,0.869953,0.378908,-0.268072,0.276448,0.004601
258,0.886905,0.861571,0.377810,-0.265384,0.273322,0.004551
259,0.877721,0.853022,0.376721,-0.262637,0.270125,0.004513
260,0.868337,0.844323,0.375641,-0.259840,0.266862,0.004467
261,0.858768,0.835483,0.374572,-0.256996,0.263537,0.004424
262,0.849018,0.826491,0.373514,-0.254099,0.260155,0.004373
263,0.839096,0.817351,0.372463,-0.251150,0.256717,0.004323
264,0.829035,0.808092,0.371426,-0.248164,0.253239,0.004277
265,0.818831,0.798710,0.370401,-0.245139,0.249717,0.004229
266,0.808484,0.789192,0.369384,-0.242066,0.246152,0.004178
267,0.798023,0.779562,0.368379,-0.238957,0.242556,0.004129
268,0.787446,0.769819,0.367383,-0.235812,0.238928,0.004076
269,0.776762,0.759964,0.366396,-0.232631,0.235271,0.004028
270,0.766009,0.750015,0.365419,-0.229420,0.231602,0.003976
271,0.755193,0.739979,0.364454,-0.226183,0.227922,0.003922
272,0.744298,0.729839,0.363494,-0.222913,0.224225,0.003870
273,0.733351,0.719616,0.362541,-0.219617,0.220521,0.003815
274,-7.165305,-5.320038,10.313758,-0.571743,0.448614,0.003693
275,2.379991,2.660434,10.654545,0.035389,-0.379536,-0.043601
276,0.834223,0.788695,0.465883,-0.292643,0.291013,-0.022019
277,0.840722,0.812380,0.450844,-0.299506,0.299892,-0.021564
278,0.856391,0.824078,0.453557,-0.306110,0.306843,-0.020789
279,0.871005,0.835050,0.456168,-0.312246,0.313397,-0.019559
280,0.884462,0.845558,0.458469,-0.317897,0.319562,-0.017957
281,0.896298,0.854760,0.461358,-0.323087,0.325311,-0.016057
282,0.907914,0.863729,0.463305,-0.327819,0.330686,-0.013959
283,0.938783,0.886796,0.439800,-0.331164,0.335000,-0.011719
284,0.906043,0.862633,0.492954,-0.336374,0.340395,-0.009304
285,0.935880,0.884653,0.468767,-0.338988,0.344070,-0.007058
286,0.942923,0.889656,0.470698,-0.341789,0.347703,-0.004771
287,0.949088,0.893795,0.472045,-0.344013,0.350799,-0.002548
288,0.954497,0.897254,0.473027,-0.345793,0.353488,-0.000460
289,0.958357,0.899344,0.474258,-0.347028,0.355661,0.001498
290,0.961239,0.900576,0.475341,-0.347824,0.357413,0.003257
291,0.966511,0.903395,0.472115,-0.348000,0.358618,0.004830
292,0.960973,0.898046,0.480233,-0.347989,0.359524,0.006233
293,0.964055,0.898900,0.476837,-0.347244,0.359823,0.007383
294,0.962867,0.896451,0.477061,-0.346123,0.359718,0.008343
295,0.960841,0.893157,0.476937,-0.344548,0.359143,0.009104
296,0.957145,0.888663,0.477257,-0.342544,0.358140,0.009557
297,0.953382,0.883894,0.476632,-0.340163,0.356743,0.009958
298,0.947758,0.877608,0.476648,-0.337320,0.354853,0.010199
299,0.941907,0.871024,0.475676,-0.334068,0.352527,0.010286
300,0.934225,0.863199,0.475403,-0.330430,0.349801,0.010239
301,0.926444,0.854778,0.474491,-0.326491,0.346696,0.010057
302,0.916503,0.845100,0.474198,-0.322161,0.343186,0.009793
303,0.935222,0.855484,0.439398,-0.316361,0.338415,0.009417
304,0.868495,0.804728,0.503952,-0.313302,0.335443,0.009038
305,0.884596,0.813340,0.470515,-0.307212,0.330274,0.008514
306,0.872228,0.801347,0.469108,-0.301656,0.325266,0.007996
307,0.858978,0.788788,0.467664,-0.295843,0.319935,0.007431
308,0.843775,0.774475,0.467564,-0.289868,0.314327,0.006864
309,0.877199,0.795184,0.409452,-0.281945,0.307218,0.006260
310,0.859557,0.779199,0.408131,-0.274842,0.300307,0.005785
311,0.705331,0.667159,0.569494,-0.273131,0.297369,0.005325
312,0.781512,0.717432,0.460176,-0.263610,0.288808,0.004751
313,0.764217,0.701909,0.458247,-0.256609,0.281756,0.004227
314,0.746349,0.685995,0.456562,-0.249555,0.274557,0.003749
315,0.727831,0.669638,0.454797,-0.242330,0.267091,0.003294
316,0.708828,0.652994,0.453056,-0.235029,0.259454,0.002846
317,0.689351,0.636076,0.451365,-0.227669,0.251659,0.002428
318,0.669589,0.618980,0.449589,-0.220261,0.243721,0.002067
319,0.649443,0.601700,0.447849,-0.212823,0.235658,0.001687
320,0.628815,0.584186,0.446108,-0.205319,0.227437,0.001356
321,0.608043,0.566615,0.444456,-0.197870,0.219182,0.001163
322,0.587024,0.548903,0.442736,-0.190395,0.210808,0.001055
323,0.565766,0.531139,0.441040,-0.182942,0.202366,0.000943
324,0.544316,0.513288,0.439508,-0.175552,0.193908,0.000865
325,0.521932,0.495052,0.438796,-0.168247,0.185458,0.000772
326,0.538632,0.503501,0.391318,-0.159709,0.176043,0.000678
327,0.441920,0.434080,0.479920,-0.154980,0.169280,0.000781
328,0.494572,0.467641,0.389293,-0.145521,0.159181,0.000667
329,0.471283,0.448889,0.387932,-0.138061,0.150242,0.000788
330,0.343321,0.359032,0.515933,-0.134788,0.144467,0.000916
331,0.392217,0.389685,0.430543,-0.126047,0.134856,0.000616
332,0.371783,0.373263,0.429028,-0.119638,0.126868,0.000535
333,0.350963,0.356637,0.427995,-0.113316,0.118908,0.000483
334,0.364578,0.363796,0.383867,-0.105649,0.109920,0.000490
335,0.342537,0.346458,0.382733,-0.099066,0.101599,0.000624
336,0.222338,0.262799,0.505010,-0.096430,0.096249,0.000749
337,0.268158,0.291582,0.424417,-0.088850,0.087586,0.000445
338,0.283259,0.300024,0.381046,-0.082256,0.079611,0.000316
339,0.196865,0.238986,0.463458,-0.078998,0.073863,0.000432
340,0.212622,0.248130,0.421471,-0.073095,0.066603,0.000255
341,-1.819242,-0.680170,1.446264,-0.135502,0.200026,0.000303
342,0.280873,0.276233,0.394989,-0.077629,0.083404,-0.002780
343,0.274017,0.267327,0.395376,-0.074868,0.081275,-0.002683
344,0.267109,0.258528,0.395757,-0.072173,0.079125,-0.002524
345,0.260208,0.249834,0.396136,-0.069534,0.076976,-0.002303
346,0.253280,0.241238,0.396507,-0.066948,0.074815,-0.002039
347,0.246336,0.232729,0.396871,-0.064410,0.072647,-0.001741
348,0.239379,0.224318,0.397229,-0.061923,0.070473,-0.001421
349,0.232419,0.216006,0.397583,-0.059486,0.068298,-0.001093
350,0.225446,0.207784,0.397929,-0.057095,0.066116,-0.000759
351,0.218467,0.199661,0.398270,-0.054753,0.063932,-0.000433
352,0.211490,0.191626,0.398606,-0.052454,0.061748,-0.000123
353,0.204515,0.183680,0.398935,-0.050196,0.059566,0.000165
354,0.197534,0.175822,0.399257,-0.047980,0.057380,0.000432
355,0.190563,0.168050,0.399575,-0.045804,0.055199,0.000669
356,0.183603,0.160361,0.399887,-0.043663,0.053022,0.000871
357,0.176636,0.152746,0.400191,-0.041555,0.050843,0.001043
358,0.169700,0.145221,0.400492,-0.039485,0.048677,0.001186
359,0.162770,0.137761,0.400785,-0.037441,0.046514,0.001296
360,0.155844,0.130365,0.401071,-0.035422,0.044353,0.001373
361,0.148935,0.123041,0.401351,-0.033431,0.042200,0.001420
362,0.142048,0.115785,0.401625,-0.031465,0.040056,0.001442
363,0.135179,0.108595,0.401893,-0.029522,0.037920,0.001439
364,0.128334,0.101456,0.402154,-0.027596,0.035795,0.001410
365,0.121510,0.094368,0.402408,-0.025685,0.033679,0.001354
366,0.114708,0.087335,0.402654,-0.023790,0.031573,0.001286
367,0.107941,0.080345,0.402895,-0.021907,0.029482,0.001201
368,0.101199,0.073417,0.403129,-0.020041,0.027401,0.001105
369,0.094473,0.066511,0.403354,-0.018177,0.025328,0.000998
370,0.087784,0.059656,0.403571,-0.016325,0.023271,0.000890
371,0.081122,0.052831,0.403781,-0.014476,0.021225,0.000774
372,0.074495,0.046041,0.403983,-0.012631,0.019194,0.000656
373,0.067894,0.039290,0.404177,-0.010793,0.017174,0.000542
374,0.061336,0.032562,0.404363,-0.008954,0.015172,0.000428
375,0.054813,0.025852,0.404541,-0.007111,0.013185,0.000320
376,0.048298,0.019171,0.404707,-0.005270,0.011201,0.000219
377,0.041838,0.012508,0.404866,-0.003424,0.009238,0.000120
378,0.035419,0.005865,0.405017,-0.001575,0.007294,0.000028
379,0.029020,-0.000756,0.405157,0.000277,0.005356,-0.000066
380,0.022682,-0.007352,0.405291,0.002130,0.003443,-0.000139
381,0.016359,-0.013943,0.405412,0.003992,0.001535,-0.000207
382,0.010085,-0.020517,0.405525,0.005861,-0.000354,-0.000268
383,0.003838,-0.027085,0.405626,0.007739,-0.002232,-0.000325
384,-0.002366,-0.033633,0.405719,0.009620,-0.004094,-0.000372
385,-0.008535,-0.040180,0.405800,0.011514,-0.005944,-0.000412
386,-0.014662,-0.046711,0.405871,0.013413,-0.007778,-0.000448
387,-0.020749,-0.053229,0.405932,0.015318,-0.009597,-0.000479
388,-0.026808,-0.059746,0.405980,0.017234,-0.011407,-0.000509
389,-0.032823,-0.066247,0.406019,0.019156,-0.013201,-0.000535
390,-0.038804,-0.072744,0.406045,0.021087,-0.014984,-0.000552
391,-0.044744,-0.079224,0.406062,0.023023,-0.016753,-0.000575
392,-0.050650,-0.085697,0.406067,0.024967,-0.018510,-0.000588
393,-0.056516,-0.092158,0.406060,0.026916,-0.020255,-0.000602
394,-0.062332,-0.098604,0.406043,0.028871,-0.021982,-0.000623
395,-0.068117,-0.105034,0.406014,0.030830,-0.023700,-0.000636
396,-0.073867,-0.111455,0.405973,0.032794,-0.025407,-0.000652
397,-0.079588,-0.117856,0.405919,0.034761,-0.027107,-0.000668
398,-0.085261,-0.124237,0.405855,0.036730,-0.028790,-0.000685
399,-0.090901,-0.130601,0.405779,0.038700,-0.030464,-0.000707
400,-0.096498,-0.136950,0.405691,0.040675,-0.032126,-0.000727
401,-0.102061,-0.143266,0.405592,0.042644,-0.033778,-0.000750
402,-0.107579,-0.149571,0.405482,0.044618,-0.035416,-0.000772
403,-0.113054,-0.155837,0.405360,0.046585,-0.037041,-0.000799
404,-0.118503,-0.162077,0.405226,0.048549,-0.038661,-0.000827
405,-0.123911,-0.168289,0.405081,0.050509,-0.040269,-0.000855
406,-0.129272,-0.174468,0.404925,0.052465,-0.041863,-0.000889
407,-0.134609,-0.180615,0.404756,0.054415,-0.043453,-0.000918
408,-0.139897,-0.186719,0.404577,0.056354,-0.045029,-0.000949
409,-0.145149,-0.192790,0.404386,0.058287,-0.046595,-0.000983
410,-0.150372,-0.198813,0.404182,0.060207,-0.048156,-0.001018
411,-0.155554,-0.204787,0.403969,0.062113,-0.049706,-0.001048
412,-0.160691,-0.210719,0.403745,0.064010,-0.051243,-0.001085
413,-0.165802,-0.216613,0.403508,0.065897,-0.052776,-0.001121
414,-0.170858,-0.222450,0.403262,0.067768,-0.054294,-0.001157
415,-0.175858,-0.228221,0.403008,0.069617,-0.055794,-0.001193
416,-0.180835,-0.233941,0.402742,0.071451,-0.057291,-0.001230
417,-0.185763,-0.239609,0.402466,0.073271,-0.058775,-0.001268
418,-0.190658,-0.245210,0.402179,0.075068,-0.060253,-0.001307
419,-0.195502,-0.250753,0.401883,0.076847,-0.061715,-0.001343
420,-0.200318,-0.256232,0.401576,0.078606,-0.063174,-0.001375
421,-0.205077,-0.261639,0.401261,0.080342,-0.064615,-0.001412
422,-0.209789,-0.266976,0.400937,0.082053,-0.066044,-0.001442
423,-0.214474,-0.272248,0.400602,0.083743,-0.067470,-0.001475
424,-0.219100,-0.277445,0.400259,0.085408,-0.068878,-0.001507
425,-0.223683,-0.282562,0.399908,0.087046,-0.070275,-0.001534
426,-0.228206,-0.287601,0.399550,0.088657,-0.071656,-0.001564
427,-0.232685,-0.292567,0.399183,0.090243,-0.073024,-0.001595
428,-0.237110,-0.297448,0.398809,0.091801,-0.074379,-0.001621
429,-0.241491,-0.302239,0.398427,0.093325,-0.075722,-0.001653
430,-0.245817,-0.306959,0.398038,0.094828,-0.077049,-0.001679
431,-0.250094,-0.311585,0.397641,0.096297,-0.078365,-0.001705
432,-4.668848,-3.759547,0.846899,-0.206910,0.333094,-0.001716
433,-0.096108,-0.190446,0.423424,0.030380,-0.014694,-0.019881
434,-0.072134,-0.169030,0.421967,0.021839,-0.005459,-0.020103
435,-0.081310,-0.204672,0.551695,0.010674,-0.000572,-0.019834
436,-0.029157,-0.131006,0.430239,0.004526,0.012015,-0.019422
437,-0.019058,-0.128149,0.468558,-0.003787,0.019231,-0.018395
438,-0.028211,-0.147463,0.562320,-0.013115,0.025026,-0.017140
439,0.009931,-0.103360,0.500223,-0.019520,0.034716,-0.015836
440,0.029486,-0.084231,0.497405,-0.026209,0.042309,-0.014240
441,0.032271,-0.082575,0.535903,-0.033308,0.048827,-0.012521
442,0.052389,-0.062604,0.527890,-0.039321,0.056015,-0.010803
443,0.068235,-0.077199,0.584362,-0.046831,0.059665,-0.009049
444,0.093536,-0.039815,0.537897,-0.051710,0.067439,-0.007471
445,0.105355,-0.026617,0.541852,-0.056960,0.073185,-0.005819
446,0.115435,-0.016010,0.550166,-0.061961,0.078426,-0.004267
447,0.124967,-0.005557,0.556940,-0.066429,0.083310,-0.002797
448,0.135658,0.006501,0.554177,-0.070439,0.088142,-0.001462
449,0.142805,0.014675,0.561808,-0.074133,0.092276,-0.000260
450,0.151117,0.024196,0.564080,-0.077389,0.096182,0.000773
451,0.158743,0.033069,0.565753,-0.080258,0.099740,0.001652
452,0.164581,0.040249,0.569641,-0.082726,0.102863,0.002398
453,0.170797,0.047952,0.570340,-0.084807,0.105718,0.002970
454,0.176401,0.054780,0.570867,-0.086547,0.108231,0.003398
455,0.181086,0.060793,0.571209,-0.087891,0.110392,0.003699
456,0.185482,0.066009,0.570784,-0.088850,0.112165,0.003883
457,0.188829,0.070676,0.570184,-0.089482,0.113654,0.003939
458,0.191834,0.074891,0.568100,-0.089726,0.114821,0.003902
459,0.193009,0.077340,0.569107,-0.089678,0.115581,0.003781
460,0.194175,0.079940,0.568350,-0.089292,0.116071,0.003577
461,0.196235,0.083186,0.562858,-0.088588,0.116395,0.003307
462,0.195371,0.083448,0.563489,-0.087556,0.116161,0.003014
463,0.195929,0.085319,0.557923,-0.086267,0.115892,0.002657
464,0.194235,0.084937,0.556327,-0.084673,0.115151,0.002300
465,0.192855,0.085676,0.553592,-0.082738,0.114160,0.001917
466,0.191377,0.085261,0.548179,-0.080624,0.112991,0.001521
467,0.188396,0.083746,0.544265,-0.078297,0.111560,0.001138
468,0.184698,0.081923,0.539749,-0.075755,0.109941,0.000754
469,0.180532,0.079513,0.534661,-0.072955,0.108037,0.000403
470,0.176723,0.076556,0.528881,-0.069929,0.105809,0.000085
471,0.139864,0.071857,0.550721,-0.066533,0.104957,-0.000208
472,0.158283,0.074568,0.521838,-0.062900,0.102120,-0.000484
473,0.154598,0.070971,0.515643,-0.059245,0.099587,-0.000680
474,0.150162,0.065446,0.511480,-0.055504,0.096712,-0.000859
475,0.145891,0.059732,0.507053,-0.051645,0.093639,-0.001011
476,0.141046,0.053988,0.501800,-0.047713,0.090506,-0.001149
477,0.135831,0.048027,0.495836,-0.043698,0.087253,-0.001254
478,0.130558,0.041431,0.492355,-0.039595,0.083622,-0.001321
479,0.124934,0.035282,0.486547,-0.035499,0.080092,-0.001389
480,0.119523,0.028836,0.480740,-0.031353,0.076330,-0.001427
481,0.112790,0.022000,0.476592,-0.027182,0.072407,-0.001439
482,0.073580,0.015767,0.494899,-0.022730,0.070237,-0.001440
483,0.110262,0.013996,0.456667,-0.018437,0.064404,-0.001403
484,0.090158,0.003520,0.465278,-0.014351,0.060634,-0.001317
485,0.085995,-0.001662,0.459456,-0.010065,0.056241,-0.001246
486,0.075506,-0.009379,0.455663,-0.006038,0.052241,-0.001184
487,0.072918,-0.014056,0.451078,-0.001779,0.047409,-0.001106
488,0.065805,-0.023564,0.444814,0.001914,0.043095,-0.001050
489,0.044002,-0.032960,0.453596,0.005693,0.039154,-0.000980
490,0.002313,-0.031633,0.475258,0.010348,0.036669,-0.000928
491,0.065604,-0.033734,0.407033,0.013794,0.029760,-0.000854
492,0.001111,-0.049307,0.458700,0.017392,0.027254,-0.000722
493,0.023201,-0.051643,0.427198,0.020888,0.022005,-0.000673
494,0.036568,-0.054042,0.400779,0.024334,0.016820,-0.000608
495,-0.010772,-0.068809,0.440188,0.027414,0.013460,-0.000516
496,0.001581,-0.070076,0.415001,0.030540,0.008661,-0.000497
497,0.007560,-0.072249,0.394843,0.033512,0.003946,-0.000478
498,-0.025513,-0.084377,0.421630,0.036110,0.000122,-0.000428
499,-0.020681,-0.085765,0.402883,0.038704,-0.004279,-0.000458
500,-0.027793,-0.090197,0.398564,0.041085,-0.008492,-0.000460
501,-0.030080,-0.092448,0.387575,0.043342,-0.012692,-0.000479
502,-0.047984,-0.100071,0.398211,0.045286,-0.016682,-0.000475
503,-0.087738,-0.105695,0.433187,0.047390,-0.019568,-0.000507
504,-0.055677,-0.104105,0.382975,0.048822,-0.023948,-0.000567
505,-0.064140,-0.107407,0.381469,0.050315,-0.027672,-0.000579
506,-0.079255,-0.112257,0.389257,0.051583,-0.031116,-0.000606
507,-0.079910,-0.112701,0.378889,0.052730,-0.034628,-0.000644
508,-0.087473,-0.114970,0.377559,0.053652,-0.037940,-0.000671
509,-0.094698,-0.116904,0.376280,0.054387,-0.041095,-0.000695
510,-0.101573,-0.118285,0.375252,0.054964,-0.044130,-0.000717
511,-0.107999,-0.118985,0.374629,0.055393,-0.047025,-0.000741
512,-0.114183,-0.120222,0.373177,0.055534,-0.049642,-0.000768
513,-0.198073,-0.120217,0.465300,0.056789,-0.049749,-0.000787
514,-0.122160,-0.120710,0.372134,0.055614,-0.053103,-0.000853
515,-0.126666,-0.120420,0.371460,0.055330,-0.055097,-0.000875
516,-0.130751,-0.119803,0.370864,0.054892,-0.056907,-0.000882
517,-0.134434,-0.118841,0.370340,0.054296,-0.058544,-0.000890
518,-0.137670,-0.117545,0.369894,0.053545,-0.059988,-0.000897
519,-0.140472,-0.115927,0.369521,0.052649,-0.061245,-0.000895
520,-0.142859,-0.113997,0.369218,0.051614,-0.062323,-0.000886
521,-0.144792,-0.111768,0.368987,0.050446,-0.063206,-0.000875
522,-0.146282,-0.109248,0.368826,0.049152,-0.063899,-0.000863
523,-0.147332,-0.106448,0.368730,0.047739,-0.064404,-0.000842
524,-0.147941,-0.103381,0.368701,0.046213,-0.064720,-0.000825
525,-0.148117,-0.100058,0.368733,0.044580,-0.064852,-0.000796
526,-0.147858,-0.096505,0.368825,0.042854,-0.064798,-0.000766
527,-0.147162,-0.092715,0.368976,0.041034,-0.064558,-0.000734
528,-0.146047,-0.088720,0.369182,0.039133,-0.064140,-0.000698
529,-0.144526,-0.084516,0.369439,0.037152,-0.063551,-0.000659
530,-0.142577,-0.080126,0.369748,0.035102,-0.062781,-0.000623
531,-0.140232,-0.075561,0.370104,0.032990,-0.061843,-0.000580
532,-0.137490,-0.070837,0.370505,0.030821,-0.060739,-0.000541
533,-0.134397,-0.065986,0.370943,0.028613,-0.059487,-0.000495
534,-0.130911,-0.060993,0.371423,0.026358,-0.058070,-0.000451
535,-0.127083,-0.055889,0.371936,0.024072,-0.056510,-0.000403
536,-0.122916,-0.050681,0.372480,0.021757,-0.054809,-0.000360
537,-0.118425,-0.045388,0.373053,0.019422,-0.052973,-0.000307
538,-0.113617,-0.040034,0.373651,0.017080,-0.051006,-0.000267
539,-0.108523,-0.034601,0.374271,0.014720,-0.048921,-0.000218
540,-0.103135,-0.029138,0.374910,0.012366,-0.046715,-0.000168
541,-0.097497,-0.023637,0.375564,0.010014,-0.044406,-0.000126
542,-0.091605,-0.018127,0.376232,0.007677,-0.041994,-0.000082
543,-0.085500,-0.012608,0.376907,0.005354,-0.039496,-0.000038
544,-0.079169,-0.007089,0.377590,0.003050,-0.036906,0.000002
545,-0.072664,-0.001590,0.378274,0.000772,-0.034248,0.000044
546,-0.065972,0.003867,0.378959,-0.001468,-0.031514,0.000086
547,-0.059143,0.009294,0.379639,-0.003679,-0.028728,0.000125
548,-0.052164,0.014676,0.380316,-0.005853,-0.025883,0.000162
549,-0.045078,0.019995,0.380983,-0.007982,-0.022998,0.000204
550,-0.037885,0.025244,0.381639,-0.010065,-0.020073,0.000239
551,-0.030618,0.030418,0.382280,-0.012099,-0.017123,0.000271
552,-0.023286,0.035504,0.382906,-0.014081,-0.014151,0.000308
553,-0.015924,0.040487,0.383511,-0.016003,-0.011171,0.000337
554,-0.008518,0.045383,0.384097,-0.017873,-0.008178,0.000365
555,-0.001114,0.050160,0.384659,-0.019679,-0.005191,0.000396
556,0.006271,0.054830,0.385195,-0.021426,-0.002218,0.000420
557,0.013625,0.059370,0.385702,-0.023106,0.000736,0.000453
558,-0.323233,0.165807,0.782813,-0.010694,0.014649,0.000468
559,0.041694,0.063049,0.388360,-0.022800,0.012863,0.001147
560,0.050906,0.066360,0.388977,-0.023879,0.016550,0.001168
561,0.059947,0.069552,0.389551,-0.024909,0.020156,0.001165
562,0.059057,1.046469,1.251949,0.072016,-0.025476,0.001120
563,0.075687,0.034032,0.389935,-0.003339,0.028402,0.004788
564,0.084196,0.029802,0.390341,-0.001052,0.031849,0.004756
565,0.092410,0.025706,0.390704,0.001117,0.035153,0.004605
566,0.365693,0.466893,0.858074,0.049894,-0.014144,0.004337
567,0.450684,0.270934,0.763271,0.046715,-0.018833,0.005589
568,0.084329,-0.023320,0.388247,0.025740,0.032167,0.005938
569,0.681643,0.069089,0.903321,0.048438,-0.052856,0.005446
570,0.061043,-0.044804,0.383861,0.034884,0.022436,0.004093
571,0.059641,-0.053021,0.383340,0.038414,0.021813,0.003477
572,0.058125,-0.060799,0.382819,0.041681,0.021128,0.002843
573,0.395289,-0.145226,0.664379,0.043479,-0.027669,0.002193
574,0.035322,-0.071000,0.379820,0.044349,0.011119,0.000088
575,0.104875,-0.720141,0.829972,-0.001850,-0.021223,-0.000498
576,0.017922,-0.051592,0.378886,0.031059,0.002631,-0.006337
577,0.013063,-0.051914,0.378259,0.030718,0.000504,-0.006709
578,0.008306,-0.051995,0.377656,0.030269,-0.001571,-0.006906
579,0.003661,-0.051823,0.377079,0.029707,-0.003592,-0.006935
580,-0.000878,-0.051429,0.376523,0.029048,-0.005562,-0.006810
581,-0.005291,-0.050805,0.375992,0.028291,-0.007471,-0.006565
582,-0.009553,-0.049968,0.375488,0.027445,-0.009310,-0.006208
583,-0.013675,-0.048924,0.375009,0.026514,-0.011083,-0.005766
584,-0.382140,-0.147567,0.454544,0.017066,0.018077,-0.005268
585,-0.005165,-0.041673,0.376452,0.022621,-0.007444,-0.005215
586,-0.319081,-0.011674,0.505708,0.024807,0.014709,-0.004626
587,0.004291,-0.038480,0.377725,0.021177,-0.003264,-0.003719
588,0.005038,-0.036335,0.377725,0.019874,-0.003045,-0.003101
589,0.005835,-0.034059,0.377729,0.018521,-0.002804,-0.002491
590,0.006672,-0.031660,0.377735,0.017121,-0.002546,-0.001909
591,0.007574,-0.029163,0.377747,0.015689,-0.002258,-0.001354
592,0.177036,0.268189,0.585455,0.043554,-0.030362,-0.000840
593,0.005613,-0.030590,0.381788,0.020943,-0.005075,0.001420
594,0.001353,-0.037774,0.376638,0.019904,-0.004555,0.001884
595,0.004327,-0.031303,0.380339,0.019841,-0.005094,0.002178
596,0.001332,-0.036375,0.376443,0.018713,-0.004632,0.002419
597,0.014952,-0.010387,0.393113,0.020471,-0.006897,0.002542
598,0.061964,-0.007537,0.417850,0.021035,-0.012984,0.002720
599,0.005078,-0.032615,0.380442,0.018043,-0.006832,0.002844
600,0.003979,-0.032117,0.379930,0.017425,-0.007017,0.002784
601,-0.002603,-0.034170,0.375502,0.016433,-0.006360,0.002658
602,0.036123,-0.030623,0.399525,0.016392,-0.011471,0.002474
603,0.000486,-0.031751,0.378317,0.014986,-0.007945,0.002251
604,-0.005037,-0.030881,0.374962,0.014085,-0.007439,0.002004
605,-0.005139,-0.029594,0.374861,0.013261,-0.007488,0.001743
606,-0.005137,-0.028245,0.374767,0.012419,-0.007489,0.001468
607,-0.005056,-0.026842,0.374679,0.011564,-0.007456,0.001191
608,-0.004889,-0.025386,0.374596,0.010696,-0.007385,0.000925
609,-0.004628,-0.023899,0.374519,0.009826,-0.007272,0.000666
610,-0.004306,-0.022378,0.374443,0.008951,-0.007132,0.000421
611,0.027705,-0.019444,0.394172,0.008601,-0.011082,0.000196
612,-0.004731,-0.019347,0.374162,0.007187,-0.007307,-0.000010
613,-0.004384,-0.017779,0.374078,0.006326,-0.007146,-0.000195
614,-0.003947,-0.016208,0.373999,0.005477,-0.006945,-0.000344
615,-0.003440,-0.014634,0.373920,0.004639,-0.006712,-0.000468
616,-0.002857,-0.013078,0.373843,0.003823,-0.006445,-0.000574
617,-0.002207,-0.011530,0.373766,0.003024,-0.006148,-0.000647
618,0.003474,-0.000835,0.379941,0.003157,-0.006670,-0.000703
619,-0.000939,-0.008889,0.373586,0.001702,-0.005547,-0.000681
620,0.385931,0.026665,0.791358,0.011720,-0.065941,-0.000679
621,-0.022436,-0.008516,0.371221,0.000631,-0.014481,-0.000627
622,-0.007146,-0.003673,0.388129,0.000692,-0.017812,-0.000608
623,-0.026940,-0.006483,0.370599,-0.000446,-0.016163,-0.000591
624,-0.596477,0.103208,1.293102,0.021785,-0.015215,-0.000549
625,-0.493751,-0.117194,2.200558,0.021797,-0.066097,0.000140
626,-0.005568,-0.008036,0.376417,0.001678,-0.004972,0.000993
627,0.051872,-0.031607,0.422704,0.000408,-0.011955,0.001011
628,-0.423883,-0.083699,0.481818,-0.004845,0.026674,0.000649
629,-0.087519,-0.026498,0.454544,-0.002107,0.001916,0.000286
630,-0.241172,0.006309,0.302402,-0.002302,0.025393,0.001875
631,-1.002419,-0.145027,0.379437,-0.013786,0.089686,0.001348
632,-0.283317,-0.049194,0.396128,-0.005230,0.031937,-0.003166
633,-0.244267,-0.043967,0.422190,-0.005073,0.030748,-0.004847
634,-0.227145,-0.104975,0.410695,-0.011246,0.033485,-0.006110
635,0.031372,0.009042,0.383518,-0.004271,0.015708,-0.006613
636,0.035992,0.010218,0.384006,-0.004742,0.017654,-0.006419
637,0.040427,0.011352,0.384460,-0.005197,0.019511,-0.006105
638,0.044585,0.012429,0.384871,-0.005630,0.021242,-0.005690
639,0.048466,0.013437,0.385238,-0.006035,0.022848,-0.005196
640,0.052077,0.014408,0.385563,-0.006427,0.024331,-0.004650
641,0.055390,0.015309,0.385844,-0.006793,0.025681,-0.004068
642,0.058414,0.016145,0.386081,-0.007132,0.026902,-0.003464
643,-0.698553,0.032958,0.756650,-0.001264,0.074695,-0.002851
644,-0.480839,0.183934,0.665442,0.011299,0.068875,-0.006411
645,0.084872,0.012529,0.388536,-0.003095,0.040663,-0.014212
646,0.092678,0.010426,0.386910,-0.002911,0.042753,-0.013651
647,0.093956,0.013479,0.391085,-0.002757,0.044098,-0.012981
648,0.041972,-0.040830,0.386160,-0.007341,0.051345,-0.011996
649,0.103617,0.014634,0.391841,-0.003421,0.047836,-0.011092
650,-0.248930,-0.107797,0.624942,-0.010729,0.068291,-0.009860
651,0.028257,0.069348,0.364667,-0.001510,0.061765,-0.005353
652,-0.098684,-0.045554,0.329028,-0.011023,0.076966,-0.004751
653,-0.026496,0.029724,0.483581,-0.003239,0.064639,-0.003550
654,0.102774,0.013171,0.399113,-0.005271,0.060753,-0.001576
655,0.096477,0.011160,0.401198,-0.005697,0.062921,-0.000524
656,0.002730,0.032545,0.544284,-0.002042,0.064992,0.000397
657,0.139897,0.019041,0.395482,-0.004756,0.063018,0.000688
658,0.141701,0.019026,0.395454,-0.004845,0.063519,0.001381
659,0.069760,-0.027388,0.410854,-0.008919,0.070047,0.001963
660,0.121910,0.005674,0.400549,-0.007267,0.067085,0.002168
661,0.010540,0.039710,0.534411,-0.003040,0.070429,0.002428
662,-0.677564,-0.002283,0.291785,-0.009878,0.145959,0.002201
663,0.159203,0.013550,0.406612,-0.004332,0.071113,-0.002924
664,0.140089,0.009435,0.401054,-0.004870,0.074245,-0.002890
665,0.114740,-0.026302,0.411501,-0.007989,0.076784,-0.002819
666,0.166754,0.019989,0.397184,-0.005171,0.073391,-0.002906
667,0.101047,0.002037,0.408545,-0.006838,0.078815,-0.002718
668,0.127120,0.009631,0.404269,-0.006642,0.077351,-0.002554
669,0.128557,0.010487,0.404011,-0.006957,0.077504,-0.002343
670,0.171172,0.021482,0.396358,-0.006417,0.073936,-0.002114
671,0.170047,0.021556,0.395886,-0.006629,0.073111,-0.001828
672,0.162964,0.021219,0.406491,-0.006704,0.071954,-0.001535
673,0.005313,0.037156,0.425020,-0.005701,0.083678,-0.001265
674,0.146674,0.009073,0.456678,-0.006632,0.070207,-0.000776
675,0.085111,0.004587,0.511185,-0.006537,0.071835,-0.000472
676,0.112618,0.026365,0.404459,-0.006456,0.074985,-0.000119
677,-0.326594,0.062597,0.805065,0.002438,0.090804,0.000178
678,0.139505,0.032964,0.407153,-0.005889,0.073017,-0.000311
679,0.136714,0.033205,0.407843,-0.005413,0.072631,-0.000031
680,-0.477674,0.191677,0.443284,0.008367,0.122742,0.000211
681,-0.182054,-0.305495,0.483402,-0.029817,0.097046,-0.001373
682,-0.267165,-0.137301,0.407135,-0.017152,0.109574,0.009610
683,-0.086115,-0.132671,0.445226,-0.017930,0.092567,0.009875
684,-0.001982,-0.156028,0.461611,-0.021398,0.085687,0.013591
685,-0.009468,0.053810,0.399366,-0.008465,0.090447,0.012031
686,0.129823,-0.011257,0.407161,-0.013455,0.077351,0.009206
687,0.173509,0.028482,0.395454,-0.011322,0.073414,0.008372
688,-0.423900,0.110583,0.377257,-0.005213,0.124554,0.007639
689,-0.680000,0.212280,0.464895,0.006916,0.144614,0.011617
690,-0.166962,-0.211285,0.432206,-0.027271,0.105212,0.006215
691,-0.076912,0.070546,0.457436,-0.007243,0.097416,0.001297
692,-0.480095,0.032047,0.318386,-0.010944,0.141383,-0.000596
693,-0.465940,-0.021176,0.373063,-0.013398,0.139915,-0.001828
694,-0.502649,-0.299613,0.495265,-0.034894,0.139087,0.000081
695,-0.222971,-0.055952,0.391805,-0.019410,0.123136,-0.000405
696,-0.004632,0.080040,0.455119,-0.006880,0.103583,-0.001319
697,0.122863,0.041853,0.415863,-0.008735,0.096761,-0.002933
698,-0.816993,-0.178186,0.311769,-0.029223,0.185173,-0.003157
699,0.210546,0.035343,0.403796,-0.010317,0.094838,-0.000811
700,-0.184904,0.012484,0.564361,-0.010142,0.120775,-0.000898
701,-0.068148,0.054193,0.388543,-0.006982,0.123562,-0.001670
702,0.148430,0.017115,0.413963,-0.008924,0.105672,0.000430
703,0.164751,0.022431,0.413561,-0.008466,0.105596,0.000503
704,0.225425,0.029287,0.407322,-0.007766,0.100837,0.000563
705,0.106977,0.019551,0.424933,-0.008673,0.109740,0.000545
706,0.170441,0.025526,0.414061,-0.008066,0.106611,0.000625
707,-0.516549,0.326987,0.515657,0.018749,0.159815,0.000650
708,0.163155,0.003982,0.407950,-0.004828,0.110114,-0.003386
709,-0.279157,-0.160383,0.477341,-0.017811,0.145720,-0.003435
710,-0.175637,0.008370,0.427814,-0.007890,0.140650,-0.004471
711,0.179260,0.016436,0.415914,-0.006743,0.112254,-0.003248
712,-0.827065,0.228171,0.468643,0.011238,0.196117,-0.003105
713,-0.355481,0.060028,0.340389,-0.000291,0.165793,-0.004515
714,-0.142462,-0.018056,0.450897,-0.003626,0.143900,0.001160
715,-0.285465,0.068252,0.381637,0.002605,0.162033,0.007446
716,0.139879,-0.002113,0.414483,-0.001128,0.127363,0.011226
717,0.168041,-0.017234,0.423845,-0.002078,0.126243,0.010660
718,-1.938619,0.298827,0.510904,0.024138,0.303787,0.010446
719,-0.335569,-0.045523,0.302216,-0.001405,0.184627,-0.002846
720,-0.951015,-0.085639,0.426929,-0.002849,0.234889,0.003226
721,0.151686,-0.086204,0.436704,-0.001162,0.146016,0.015823
722,-0.233845,0.098583,0.418064,0.012357,0.182303,0.014906
723,0.178414,-0.052375,0.443189,0.002932,0.150307,0.017846
724,0.306162,0.017640,0.416355,0.008010,0.141576,0.016695
725,0.307004,0.016210,0.415958,0.008157,0.141260,0.015635
726,-0.350291,-0.105968,0.560663,-0.000495,0.191284,0.014355
727,0.035937,-0.023837,0.364236,0.004223,0.173913,0.026696
728,0.019222,-0.014248,0.482883,0.007161,0.170906,0.025342
729,0.242242,-0.019034,0.432033,0.006315,0.156106,0.020969
730,-0.031783,0.027714,0.464279,0.009822,0.178735,0.018681
731,0.084908,-0.042555,0.547318,0.006290,0.165486,0.013292
732,0.266375,-0.032304,0.397903,0.004365,0.158547,0.011404
733,0.011046,0.031658,0.417045,0.008543,0.179273,0.008909
734,0.156523,-0.027584,0.485150,0.005546,0.163747,0.006348
735,0.144109,0.019706,0.426223,0.007735,0.167653,0.005375
736,0.141193,-0.034534,0.470929,0.003855,0.165113,0.004009
737,0.122577,-0.000042,0.422016,0.004990,0.168619,0.005182
738,0.155391,-0.025653,0.457070,0.003457,0.163419,0.006403
739,0.112848,-0.021113,0.439054,0.002769,0.166845,0.007452
740,0.100933,-0.026692,0.443372,0.001773,0.166618,0.009303
741,0.080600,-0.011625,0.443369,0.002219,0.167304,0.011068
742,0.045182,-0.010299,0.441663,0.001548,0.169144,0.010593
743,0.068522,-0.050262,0.404500,-0.003077,0.167892,0.009906
744,-0.053511,0.024893,0.462054,0.002632,0.173720,0.010218
745,0.061783,-0.040264,0.397335,-0.003534,0.166328,0.009118
746,-0.054904,0.021897,0.474754,0.001327,0.170501,0.009323
747,0.048046,-0.028684,0.409137,-0.003777,0.164086,0.007970
748,-0.106969,0.011185,0.449521,-0.001089,0.173680,0.008642
749,0.015356,-0.016617,0.432694,-0.003576,0.162932,0.007218
750,-0.022808,-0.026257,0.444553,-0.004980,0.163957,0.004945
751,-0.043866,-0.034854,0.352887,-0.008204,0.169148,0.003633
752,-0.100123,0.012586,0.485472,-0.003347,0.165180,0.003971
753,-0.120021,-0.063321,0.338743,-0.011966,0.173823,0.004642
754,-0.027187,0.026756,0.500304,-0.003444,0.155648,0.005534
755,-0.152093,-0.047376,0.444178,-0.010136,0.168484,0.005633
756,-0.088808,-0.058865,0.334098,-0.013731,0.167705,0.004579
757,-0.126663,-0.022811,0.511947,-0.009221,0.160031,0.004906
758,-0.078954,-0.021410,0.408599,-0.010985,0.160958,0.003421
759,-0.137676,-0.076845,0.431832,-0.015816,0.163434,0.000728
760,-0.226968,-0.084093,0.408580,-0.017960,0.171270,0.001249
761,-0.233762,-0.081980,0.414975,-0.018641,0.171223,0.003166
762,-0.247929,-0.084849,0.370979,-0.020612,0.174125,0.004736
763,-0.124366,0.014460,0.457651,-0.012189,0.158736,0.006509
764,-0.228108,-0.015746,0.427695,-0.015530,0.168810,0.005410
765,-0.284184,-0.021486,0.379107,-0.017545,0.175908,0.006172
766,-0.180993,-0.069184,0.448419,-0.021431,0.163809,0.009617
767,-0.176419,0.056758,0.429650,-0.013181,0.163741,0.007830
768,-0.168875,-0.023100,0.429242,-0.018410,0.163578,0.007043
769,-0.223103,-0.091349,0.399512,-0.025459,0.170356,0.003924
770,-0.090167,0.083882,0.440070,-0.012247,0.156149,0.002399
771,-0.199624,-0.016703,0.422098,-0.019442,0.167060,0.004351
772,-0.191331,-0.001203,0.421291,-0.018612,0.166707,0.002833
773,-0.165946,-0.026836,0.433390,-0.020818,0.164290,0.002591
774,0.239088,0.029639,0.413659,-0.016568,0.130903,0.000194
775,0.218088,0.029419,0.417588,-0.016880,0.131430,-0.000410
776,-0.103515,-0.038054,0.478070,-0.022240,0.154699,-0.000932
777,0.071316,0.027227,0.499467,-0.017880,0.137693,-0.002371
778,-0.734021,0.047829,0.320406,-0.019456,0.216374,-0.002296
779,-0.249277,-0.094527,0.422857,-0.027416,0.171214,-0.007741
780,-0.109259,0.008628,0.439050,-0.020896,0.158368,-0.008836
781,0.282667,0.052163,0.425816,-0.017096,0.125160,-0.008078
782,-0.600566,-0.004410,0.344225,-0.024023,0.203844,-0.007788
783,0.283902,0.052415,0.424678,-0.016891,0.125724,-0.009668
784,1.019376,1.000135,0.609977,0.065586,0.050529,-0.009138
785,-0.240539,-0.029115,0.415151,-0.017521,0.167538,-0.006352
786,0.084904,0.038327,0.509712,-0.010273,0.133424,-0.006959
787,-0.294128,0.003927,0.345407,-0.014398,0.174583,-0.005516
788,-0.361065,-0.031919,0.401208,-0.015358,0.176982,-0.004206
789,0.039566,-0.000076,0.502058,-0.009925,0.137471,-0.001563
790,-0.144015,0.124561,0.359015,-0.000458,0.160833,0.003651
791,-0.069054,-0.103687,0.430155,-0.015080,0.150548,0.001887
792,-0.101307,0.005150,0.429144,-0.007864,0.152312,0.001602
793,-0.380778,-0.016424,0.394198,-0.009574,0.178092,0.002442
794,-0.317202,0.029914,0.437368,-0.003605,0.170598,0.002049
795,-0.461811,-0.130923,0.392406,-0.015043,0.188153,0.006820
796,-0.004053,0.019534,0.421215,-0.001972,0.147495,-0.000539
797,-0.216414,-0.112768,0.435909,-0.011206,0.164324,0.002243
798,-0.239287,-0.170934,0.404865,-0.017145,0.168949,0.005581
799,-0.009773,-0.028987,0.504256,-0.005799,0.144196,0.007677
800,-0.174551,0.014212,0.338034,-0.004951,0.167750,0.013295
801,-0.232203,-0.003656,0.409241,-0.004504,0.169332,0.013101
802,-0.220744,0.006130,0.451736,-0.002461,0.166924,0.010846
803,-0.269604,-0.012445,0.414375,-0.003927,0.174293,0.007739
804,0.024996,-0.015542,0.489686,-0.002116,0.145903,0.004463
805,-0.310010,0.072786,0.403710,0.003956,0.180272,0.009902
806,0.142062,-0.086368,0.462588,-0.005360,0.139593,0.011322
807,0.123470,0.078671,0.448476,0.005979,0.140704,0.014731
808,0.289475,0.018520,0.409950,0.002209,0.127506,0.015968
809,0.285956,0.018161,0.408117,0.002063,0.125113,0.014717
810,-0.321177,-0.025124,0.455171,-0.001832,0.173836,0.013334
811,-0.004904,0.036792,0.494623,0.004369,0.146429,0.010397
812,0.212626,0.027961,0.420549,0.003268,0.131911,0.015323
813,0.215716,0.020120,0.419845,0.002870,0.130419,0.013850
814,-0.308533,-0.051502,0.370696,-0.004284,0.176675,0.012237
815,0.210464,0.022721,0.419591,0.002759,0.129119,0.011128
816,-0.224089,-0.028597,0.444724,-0.001436,0.163804,0.009454
817,-0.044719,0.011725,0.424605,0.001861,0.148727,0.008915
818,0.029597,0.085777,0.478489,0.009391,0.138604,0.012143
819,-0.034236,0.061029,0.464016,0.008584,0.143936,0.012588
820,-0.401803,-0.001379,0.363311,0.002422,0.180655,0.011812
821,-0.233366,-0.137953,0.396992,-0.007309,0.164692,0.008510
822,0.197747,0.019836,0.419737,0.003871,0.126103,0.006273
823,-0.348307,-0.036502,0.438309,-0.000918,0.171093,0.004713
824,0.273804,0.013041,0.406542,0.003475,0.118675,0.004689
825,0.129644,-0.000407,0.481776,0.002718,0.124918,0.003263
826,-0.220886,-0.005535,0.416965,0.000590,0.158057,0.001994
827,-0.370626,-0.048445,0.403387,-0.002835,0.171266,0.002144
828,-0.403172,-0.048535,0.429338,-0.002492,0.173331,0.003547
829,-0.286990,-0.052559,0.374425,-0.003403,0.166845,0.005927
830,-0.384136,-0.046109,0.418494,-0.002515,0.173410,0.007746
831,-0.254873,-0.030877,0.416254,-0.001155,0.163710,0.009415
832,-0.440701,-0.042080,0.417818,-0.002203,0.180389,0.010151
833,0.272317,0.014069,0.409577,0.003130,0.120245,0.010459
834,-0.136227,-0.039263,0.534828,-0.000158,0.147093,0.009431
835,0.270729,0.007963,0.414291,0.003177,0.119662,0.012458
836,0.269125,0.011432,0.406021,0.002923,0.117293,0.011295
837,-0.719601,-0.073365,0.374362,-0.006467,0.203395,0.010064
838,-0.186939,0.010422,0.440611,0.001379,0.157827,0.010100
839,-0.169928,0.021333,0.457148,0.002556,0.155928,0.006445
840,-0.169404,0.007731,0.391718,0.000546,0.159785,0.003738
841,-0.090448,-0.026633,0.476870,-0.001024,0.149578,0.002168
842,-0.300921,-0.014214,0.394145,-0.001827,0.172809,0.001080
843,-0.122020,-0.013809,0.505272,0.000290,0.152646,0.002607
844,-0.184506,0.024595,0.323761,-0.000021,0.168482,0.010671
845,-0.009301,0.065877,0.510106,0.007447,0.143628,0.010858
846,-0.318448,0.005820,0.374769,0.001466,0.178568,0.013607
847,-0.213899,-0.101122,0.385142,-0.006685,0.170492,0.008008
848,-0.192574,0.003385,0.451302,0.000774,0.165648,0.005587
849,-0.144188,-0.000727,0.430002,0.000325,0.163421,0.004982
850,-0.074009,0.004434,0.439684,0.000969,0.157823,0.004862
851,-0.068992,-0.009271,0.479964,0.000349,0.156070,0.005277
852,-0.175492,-0.005538,0.347159,-0.001858,0.173370,0.005546
853,-0.136356,-0.006654,0.454152,-0.000138,0.165184,0.005815
854,-0.094013,-0.006350,0.432778,-0.000371,0.163332,0.006379
855,-0.034618,0.001697,0.442411,0.000371,0.158403,0.006831
856,-0.044470,0.004817,0.433378,0.000336,0.160177,0.007174
857,0.010748,-0.006063,0.419759,-0.000932,0.156665,0.007213
858,-0.036819,-0.009306,0.436240,-0.001273,0.160202,0.007188
859,0.021127,-0.005476,0.427862,-0.001300,0.156033,0.007199
860,0.056355,0.001029,0.460310,-0.000597,0.151045,0.007215
861,-0.047501,-0.001698,0.411478,-0.001986,0.162455,0.007360
862,-0.086062,0.003961,0.459825,-0.001023,0.163189,0.007183
863,-0.071700,0.002452,0.433322,-0.001631,0.163442,0.007402
864,-0.068089,0.005896,0.431558,-0.001579,0.163274,0.007772
865,-0.064926,0.010001,0.431931,-0.001427,0.162993,0.008226
866,-0.064161,0.013757,0.432048,-0.001267,0.162896,0.008663
867,-0.063998,0.017729,0.431845,-0.001082,0.162842,0.009006
868,-0.051016,0.022567,0.433288,-0.000726,0.161543,0.009229
869,-0.056542,0.025535,0.432295,-0.000558,0.162012,0.009111
870,-0.060104,0.027545,0.431440,-0.000402,0.162218,0.008877
871,-0.064240,0.029407,0.431910,-0.000213,0.162376,0.008607
872,-0.069774,0.030273,0.430568,-0.000084,0.162757,0.008372
873,-0.074848,0.030738,0.430393,0.000067,0.163037,0.008200
874,-0.080313,0.030416,0.429762,0.000184,0.163380,0.008075
875,-0.069364,0.031492,0.431178,0.000500,0.162177,0.008011
876,-0.082999,0.029110,0.430171,0.000492,0.163274,0.007814
877,-0.089409,0.027073,0.428659,0.000522,0.163738,0.007649
878,-0.096388,0.023876,0.428879,0.000521,0.164165,0.007529
879,-0.016852,0.022015,0.414397,0.000458,0.157965,0.007421
880,-0.122739,0.019413,0.443950,0.000757,0.165128,0.007242
881,-0.029497,0.016615,0.415666,0.000497,0.158450,0.007055
882,-0.137799,0.011862,0.442657,0.000594,0.165974,0.006784
883,-0.131284,0.007121,0.427452,0.000298,0.166100,0.006590
884,-0.170575,-0.001320,0.415189,-0.000355,0.170094,0.006443
885,-0.140850,-0.001669,0.430971,0.000107,0.166822,0.006207
886,-0.141260,-0.007339,0.425241,-0.000221,0.167230,0.006050
887,-0.141437,-0.011869,0.425159,-0.000428,0.167328,0.005935
888,-0.156921,-0.021109,0.398684,-0.001502,0.170177,0.005868
889,-0.183036,-0.016916,0.441697,-0.000524,0.170541,0.005497
890,-0.129829,-0.021715,0.433296,-0.000811,0.166519,0.005427
891,-0.124848,-0.026817,0.426593,-0.001292,0.166619,0.005534
892,-0.030375,-0.023292,0.416846,-0.001152,0.159135,0.005719
893,-0.109437,-0.029549,0.427184,-0.001799,0.165260,0.005601
894,-0.164167,-0.029682,0.435053,-0.001901,0.169734,0.005677
895,-0.112166,-0.028090,0.436343,-0.001791,0.165200,0.005994
896,-0.108203,-0.029463,0.427904,-0.002202,0.165415,0.006476
897,-0.091246,-0.029108,0.411984,-0.002680,0.164882,0.006917
898,-0.110963,-0.021058,0.444136,-0.001868,0.165051,0.007063
899,-0.014541,-0.015517,0.417584,-0.001960,0.158066,0.007240
900,-0.109919,-0.013732,0.445780,-0.001820,0.164543,0.007080
901,-0.105330,-0.011787,0.427949,-0.002136,0.165049,0.007240
902,-0.107390,-0.007263,0.428174,-0.002010,0.165216,0.007448
903,-0.106837,-0.001884,0.429413,-0.001784,0.165123,0.007711
904,-0.109090,0.002039,0.428257,-0.001666,0.165401,0.008016
905,-0.023362,0.009405,0.415236,-0.001379,0.158759,0.008301
906,-0.126515,0.012758,0.443692,-0.000976,0.165911,0.008335
907,-0.115185,0.016558,0.429593,-0.000902,0.165686,0.008425
908,-0.101984,0.016580,0.410886,-0.001197,0.165620,0.008475
909,-0.038393,0.024711,0.429109,-0.000273,0.159372,0.008253
910,-0.040883,0.028421,0.433062,0.000066,0.159043,0.008073
911,-0.080760,0.025645,0.419784,-0.000386,0.162965,0.007913
912,-0.141999,0.032225,0.455584,0.000747,0.166131,0.007795
913,-0.129275,0.027327,0.428436,0.000269,0.166548,0.007783
914,-0.132700,0.024624,0.424805,0.000204,0.167127,0.007794
915,-0.130015,0.023756,0.428151,0.000411,0.166833,0.007768
916,-0.162127,0.017771,0.416507,-0.000045,0.170357,0.007712
917,-0.122474,0.019101,0.435065,0.000634,0.166231,0.007481
918,-0.116715,0.013198,0.428181,0.000328,0.166274,0.007260
919,-0.025616,0.010757,0.415470,0.000224,0.159260,0.007022
920,-0.119299,0.006905,0.444550,0.000365,0.165630,0.006655
921,-0.020162,0.004201,0.417644,0.000032,0.158561,0.006426
922,-0.115596,-0.000294,0.444864,0.000063,0.165119,0.006130
923,-0.107801,-0.006588,0.428263,-0.000518,0.165305,0.006078
924,-0.104343,-0.009326,0.429443,-0.000638,0.164956,0.006143
925,-0.125614,-0.018142,0.399453,-0.001822,0.168407,0.006299
926,-0.149263,-0.012232,0.444195,-0.000733,0.168363,0.006143
927,-0.100503,-0.014810,0.435783,-0.000928,0.164559,0.006221
928,-0.097431,-0.018409,0.428786,-0.001338,0.164702,0.006407
929,-0.033852,-0.017480,0.406145,-0.001659,0.160436,0.006591
930,-0.100684,-0.013642,0.456145,-0.000849,0.163343,0.006370
931,-0.007456,-0.013257,0.417430,-0.001369,0.157288,0.006483
932,-0.105836,-0.013700,0.445489,-0.001290,0.163920,0.006350
933,-0.101057,-0.013688,0.429872,-0.001624,0.164178,0.006568
934,-0.022526,-0.008623,0.412490,-0.001581,0.158248,0.006886
935,-0.120460,-0.005253,0.446426,-0.001123,0.164525,0.006903
936,-0.124009,-0.005718,0.426054,-0.001539,0.165780,0.007218
937,-0.128159,-0.002264,0.427611,-0.001350,0.166008,0.007515
938,-0.135282,-0.000482,0.424078,-0.001348,0.166814,0.007777
939,-0.139888,0.002657,0.425110,-0.001159,0.167202,0.007910
940,-0.142438,0.004720,0.425384,-0.001019,0.167498,0.007941
941,-0.143239,0.006468,0.425444,-0.000884,0.167699,0.007882
942,-0.173646,0.005322,0.417635,-0.001113,0.170900,0.007746
943,-0.136646,0.009556,0.431974,-0.000474,0.167284,0.007516
944,-0.131238,0.008212,0.426990,-0.000574,0.167318,0.007336
945,-0.125801,0.007757,0.427274,-0.000544,0.167062,0.007204
946,-0.116736,0.007572,0.429511,-0.000460,0.166380,0.007147
947,-0.110005,0.005700,0.428708,-0.000547,0.166042,0.007177
948,-0.861088,-0.031245,0.410307,-0.004435,0.232037,0.007242
949,-0.121902,-0.012402,0.389852,-0.001878,0.172477,0.008654
950,-0.025070,-0.004036,0.440653,-0.000463,0.162253,0.008335
951,0.049403,-0.006970,0.473637,-0.000198,0.154508,0.007753
952,-0.067703,-0.001570,0.398224,-0.001158,0.168814,0.006986
953,0.010394,-0.000593,0.447736,-0.000236,0.159577,0.006546
954,0.009089,-0.006563,0.437249,-0.000983,0.160298,0.006294
955,-0.015836,-0.009142,0.430231,-0.001527,0.162662,0.006360
956,-0.011971,-0.007542,0.436504,-0.001519,0.161856,0.006679
957,0.050282,0.000016,0.449566,-0.000843,0.155563,0.007231
958,0.031899,-0.001694,0.436596,-0.001432,0.157408,0.007787
959,-0.006808,-0.002063,0.409192,-0.002239,0.161702,0.008336
960,0.009927,0.011859,0.461423,-0.000542,0.157143,0.008542
961,-0.039010,0.008873,0.427350,-0.001486,0.162336,0.008843
962,-0.005325,0.019157,0.442514,-0.000529,0.158103,0.008968
963,0.037624,0.022205,0.417610,-0.000741,0.155183,0.008927
964,-0.012159,0.027338,0.425480,-0.000422,0.158221,0.008762
965,-0.123583,0.032463,0.444548,0.000155,0.166030,0.008539
966,-0.046604,0.034316,0.412413,0.000057,0.160701,0.008285
967,-0.040443,0.035901,0.426689,0.000464,0.158853,0.008087
968,-0.167081,0.008156,0.445132,-0.001563,0.168070,0.007884
969,-0.073585,0.004753,0.410037,-0.002036,0.161652,0.007107
970,-0.252488,0.001185,0.425559,-0.002258,0.175806,0.006359
971,-0.210559,0.004625,0.427409,-0.001671,0.172152,0.006101
972,-0.220449,0.000815,0.416952,-0.001911,0.173711,0.006261
973,-0.221661,0.000610,0.420517,-0.001684,0.173860,0.006562
974,-0.275588,-0.007455,0.405737,-0.002413,0.179656,0.006960
975,-0.135981,-0.002655,0.395823,-0.001862,0.168637,0.007300
976,-0.234809,-0.011256,0.450485,-0.001737,0.174515,0.007133
977,-0.144521,-0.014843,0.418025,-0.002210,0.168926,0.007220
978,-0.172313,-0.016488,0.439317,-0.002010,0.170722,0.006993
979,-0.186208,-0.026045,0.416842,-0.003021,0.173476,0.006781
980,-0.163631,-0.027678,0.424752,-0.003018,0.171571,0.006636
981,-0.112388,-0.027753,0.435619,-0.002848,0.167088,0.006483
982,-0.094027,-0.030476,0.431602,-0.003218,0.166047,0.006409
983,-0.080336,-0.031831,0.431780,-0.003502,0.165089,0.006487
984,-0.069041,-0.031824,0.431621,-0.003739,0.164285,0.006685
985,-0.059697,-0.029920,0.432783,-0.003874,0.163501,0.006978
986,0.033814,-0.023116,0.406116,-0.003991,0.156887,0.007363
987,-0.150147,-0.000919,0.456194,-0.002058,0.169783,0.007469
988,-0.031612,0.001637,0.416967,-0.002380,0.161955,0.007624
989,-0.095424,0.007503,0.454154,-0.001635,0.165369,0.007588
990,-0.121267,0.004110,0.421189,-0.002497,0.169337,0.007907
991,-0.121151,0.008882,0.427590,-0.002140,0.169103,0.008156
992,-0.117935,0.012049,0.427946,-0.001940,0.168961,0.008390
993,-0.079855,0.017452,0.436898,-0.001367,0.165357,0.008534
994,-0.116463,0.014658,0.420535,-0.001891,0.169388,0.008661
995,-0.045921,0.028136,0.434315,-0.000479,0.162610,0.008599
996,-0.056121,0.021137,0.440716,-0.000839,0.163254,0.007732
997,-0.086389,0.022724,0.423193,-0.001038,0.166455,0.007220
998,-0.085245,0.024768,0.431159,-0.000673,0.165892,0.006937
999,-0.088419,0.022799,0.428517,-0.000729,0.166274,0.006898
1000,-0.001655,0.024037,0.417032,-0.000629,0.159372,0.007019
1001,-0.080547,0.023333,0.431484,-0.000489,0.165093,0.007172
1002,-0.058281,0.027896,0.457226,0.000511,0.161780,0.007159
1003,-0.061414,0.019734,0.431672,-0.000268,0.162989,0.007316
1004,-0.101939,0.015185,0.422267,-0.000669,0.166694,0.007438
1005,-0.110444,0.013629,0.427268,-0.000549,0.167017,0.007409
1006,-0.115141,0.010884,0.427372,-0.000572,0.167320,0.007267
1007,-0.786130,-0.018255,0.415649,-0.003490,0.225835,0.007021
1008,-0.220547,-0.019512,0.364124,-0.003086,0.182373,0.007751
1009,-0.015565,-0.000290,0.448363,-0.000050,0.161249,0.006995
1010,-0.011331,-0.007039,0.451082,-0.000399,0.160876,0.006019
1011,-0.029818,-0.018940,0.429649,-0.001652,0.163369,0.005326
1012,0.054479,-0.018496,0.427079,-0.001687,0.156210,0.004852
1013,-0.068957,0.040663,0.455843,0.003563,0.164956,0.004504
1014,-0.034709,-0.078389,0.412180,-0.005805,0.164792,0.004536
1015,-0.064390,-0.008201,0.446751,-0.001114,0.164998,0.004778
1016,-0.097099,-0.014298,0.422604,-0.002073,0.168758,0.006129
1017,-0.100444,-0.011611,0.428629,-0.001918,0.168650,0.007404
1018,-0.086768,-0.011007,0.412683,-0.002260,0.168266,0.008344
1019,-0.074575,-0.001551,0.454253,-0.000998,0.165077,0.008615
1020,-0.090596,-0.008033,0.405943,-0.002356,0.168697,0.008613
1021,0.305252,0.019651,0.412665,0.000288,0.133592,0.008001
1022,-0.309566,0.007715,0.455633,-0.001302,0.182050,0.006991
1023,0.027510,0.022973,0.447676,0.000523,0.155015,0.004722
1024,-0.055605,0.021105,0.431796,0.000020,0.162299,0.003527
1025,-0.109787,0.019908,0.416780,-0.000339,0.167418,0.002939
1026,-0.080817,0.028256,0.439399,0.000792,0.163460,0.003060
1027,-0.112548,0.028341,0.443574,0.001015,0.165615,0.003939
1028,-0.153460,0.021874,0.418029,0.000299,0.170076,0.005337
1029,-0.167037,0.022769,0.421423,0.000591,0.170991,0.006670
1030,-0.080297,0.023444,0.410145,0.000796,0.164149,0.007543
1031,-0.142700,0.027802,0.452245,0.001934,0.167072,0.007655
1032,-0.150726,0.018668,0.423770,0.001161,0.169298,0.007199
1033,-0.189215,0.011930,0.415457,0.000743,0.173085,0.006323
1034,-0.194002,0.007775,0.419999,0.000779,0.173478,0.005224
1035,-0.067961,0.007747,0.367578,0.000391,0.165629,0.004103
1036,-0.114957,-0.006182,0.484834,0.001176,0.163291,0.003225
1037,-0.063493,-0.008411,0.418329,0.000158,0.162781,0.002917
1038,-0.134747,-0.015484,0.428449,-0.000285,0.168010,0.002974
1039,-0.168113,-0.018334,0.440493,-0.000268,0.170495,0.003369
1040,-0.052840,-0.020359,0.412962,-0.000625,0.162025,0.004198
1041,-0.070165,0.000391,0.471146,0.001928,0.160151,0.004596
1042,-0.045421,-0.025660,0.386343,-0.001266,0.162448,0.003909
1043,-0.106441,-0.008744,0.437038,0.000418,0.164635,0.002727
1044,-0.126855,-0.008536,0.445069,0.000569,0.166063,0.001821
1045,-0.123030,-0.013902,0.425804,-0.000109,0.166538,0.001701
1046,-0.157212,-0.016246,0.417947,-0.000528,0.169909,0.002086
1047,-0.107513,-0.014126,0.416052,-0.000430,0.165901,0.002741
1048,-0.110414,-0.009778,0.427963,-0.000050,0.165723,0.003355
1049,-0.129392,-0.007426,0.445154,0.000314,0.166512,0.003840
1050,-0.122307,-0.010884,0.426269,-0.000248,0.166768,0.004492
1051,-0.122222,-0.009306,0.427117,-0.000220,0.166792,0.004922
1052,-0.121466,-0.007843,0.427112,-0.000207,0.166822,0.005096
1053,-0.119339,-0.006272,0.427300,-0.000181,0.166736,0.005025
1054,-0.052743,-0.005573,0.405606,-0.000516,0.162256,0.004754
1055,-0.120323,0.002952,0.454429,0.000655,0.165420,0.004232
1056,-0.107482,0.000146,0.430081,0.000098,0.165663,0.003848
1057,-0.108922,0.000514,0.426734,0.000004,0.166025,0.003677
1058,-0.108757,0.002687,0.427813,0.000107,0.166016,0.003689
1059,-0.089608,0.002789,0.413760,-0.000163,0.165195,0.003902
1060,-0.020384,0.011183,0.431349,0.000735,0.158483,0.004063
1061,-0.143795,0.005255,0.417351,-0.000198,0.169510,0.004262
1062,-0.103293,0.012676,0.438419,0.000754,0.165161,0.004377
1063,-0.022598,0.015232,0.432796,0.001011,0.158499,0.004581
1064,-0.098681,0.013282,0.430103,0.000697,0.164825,0.004723
1065,-0.118821,0.015388,0.446169,0.001172,0.165812,0.004617
1066,-0.110951,0.012253,0.428668,0.000785,0.165859,0.004713
1067,-0.023991,0.012983,0.415405,0.000761,0.159089,0.004788
1068,-0.110354,0.012531,0.427054,0.000778,0.165663,0.004734
1069,-0.123600,0.016388,0.445265,0.001461,0.165939,0.004373
1070,-0.114305,0.012136,0.428932,0.001064,0.165887,0.004125
1071,-0.115802,0.010129,0.427451,0.001002,0.166114,0.003965
1072,-0.119446,0.008319,0.425599,0.000925,0.166557,0.003882
1073,-0.119630,0.007023,0.427233,0.000947,0.166536,0.003824
1074,-0.119746,0.004967,0.427231,0.000895,0.166611,0.003835
1075,-0.115924,0.003448,0.429097,0.000906,0.166257,0.003866
1076,-0.116500,0.000113,0.426313,0.000691,0.166527,0.003932
1077,-0.115319,-0.001394,0.427317,0.000645,0.166449,0.003943
1078,-0.023471,-0.001149,0.415429,0.000597,0.159249,0.003915
1079,-0.029438,0.000869,0.433557,0.000944,0.158582,0.003725
1080,-0.791241,-0.037122,0.437225,-0.002757,0.223860,0.003516
1081,0.023847,-0.013480,0.384183,-0.000264,0.158938,0.004371
1082,0.005472,-0.008358,0.433626,0.000549,0.157880,0.004072
1083,0.015312,-0.008021,0.437985,0.000502,0.156661,0.003694
1084,0.022576,-0.008250,0.438239,0.000329,0.155774,0.003315
1085,-0.047721,-0.012061,0.433923,-0.000309,0.161719,0.003028
1086,-0.062458,-0.008662,0.450391,0.000064,0.162053,0.002875
1087,-0.059149,-0.010747,0.432944,-0.000487,0.162252,0.003269
1088,-0.067340,-0.009399,0.429007,-0.000642,0.162959,0.003896
1089,-0.073772,-0.005637,0.430702,-0.000529,0.163200,0.004540
1090,0.021159,0.002607,0.419546,-0.000139,0.155401,0.005137
1091,-0.100263,0.004153,0.445677,0.000025,0.164042,0.005299
1092,-0.035083,0.005691,0.404699,-0.000521,0.160272,0.005504
1093,-0.097932,0.014228,0.437384,0.000408,0.163597,0.005392
1094,-0.166328,0.014906,0.435015,0.000363,0.169553,0.005010
1095,-0.036825,0.020385,0.421269,0.000787,0.158944,0.004761
1096,-0.128375,0.020479,0.425119,0.000736,0.166309,0.004676
1097,-0.175751,0.019359,0.414165,0.000513,0.171045,0.004353
1098,-0.090907,0.025880,0.426409,0.001427,0.163236,0.004052
1099,-0.210910,0.023325,0.442050,0.001533,0.172491,0.004066
1100,-0.193188,0.019579,0.422656,0.001272,0.172228,0.004211
1101,-0.152038,0.019339,0.431006,0.001706,0.168618,0.004339
1102,-0.053144,0.016212,0.413962,0.001527,0.161248,0.004408
1103,-0.150368,0.015346,0.444352,0.001951,0.167952,0.004285
1104,-0.135479,0.008676,0.427687,0.001473,0.167732,0.004072
1105,-0.039585,0.005337,0.414958,0.001277,0.160346,0.003814
1106,-0.042899,0.004781,0.430892,0.001522,0.159681,0.003450
1107,-0.166977,-0.006503,0.415553,0.000309,0.171018,0.003049
1108,-0.161042,-0.006834,0.425177,0.000535,0.170347,0.002646
1109,-0.152744,-0.009877,0.424786,0.000404,0.169962,0.002391
1110,-0.108691,-0.009996,0.438022,0.000738,0.165754,0.002276
1111,-0.111983,-0.012435,0.445486,0.000742,0.165734,0.002466
1112,-0.095508,-0.018507,0.431125,0.000104,0.165044,0.002867
1113,-0.091593,-0.020735,0.429231,-0.000179,0.164869,0.003341
1114,-0.088785,-0.021398,0.429883,-0.000352,0.164619,0.003763
1115,-0.086722,-0.021486,0.429945,-0.000517,0.164439,0.004081
1116,0.000574,-0.017379,0.417045,-0.000506,0.157596,0.004262
1117,-0.009277,-0.012976,0.432968,-0.000244,0.157285,0.004089
1118,-0.012397,-0.008632,0.434684,-0.000146,0.157066,0.003856
1119,-0.093767,-0.009241,0.429756,-0.000604,0.163906,0.003635
1120,-0.103829,-0.005390,0.428033,-0.000517,0.164842,0.003499
1121,-0.032986,0.003642,0.431305,0.000165,0.158359,0.003612
1122,-0.183425,0.001124,0.434474,-0.000313,0.170659,0.003839
1123,-0.045636,0.010258,0.421575,0.000321,0.159483,0.004375
1124,-0.059658,0.013925,0.428955,0.000583,0.160035,0.004835
1125,-0.213020,0.012039,0.431536,0.000243,0.172836,0.005145
1126,-0.095194,0.016191,0.409140,0.000428,0.164015,0.005421
1127,-0.220857,0.018366,0.438907,0.000937,0.173276,0.005396
1128,-0.096527,0.018471,0.409708,0.000814,0.164390,0.005263
1129,-0.224561,0.018612,0.438563,0.001214,0.173998,0.004931
1130,-0.095506,0.017100,0.410389,0.001032,0.164752,0.004550
1131,-0.164183,0.020951,0.451379,0.002020,0.168652,0.004112
1132,-0.147069,0.013498,0.425349,0.001348,0.168877,0.003723
1133,-0.138832,0.010505,0.426415,0.001312,0.168417,0.003451
1134,-0.127800,0.007327,0.429032,0.001283,0.167620,0.003309
1135,-0.030911,0.004497,0.414352,0.001047,0.160328,0.003356
1136,-0.120864,0.003792,0.446658,0.001407,0.166313,0.003315
1137,-0.016237,0.000112,0.418253,0.000918,0.158960,0.003422
1138,-0.094284,-0.004647,0.428887,0.000567,0.164989,0.003422
1139,-0.020230,-0.001311,0.433067,0.000973,0.158565,0.003326
1140,-0.020056,-0.003106,0.434344,0.000803,0.158033,0.003357
1141,-0.095050,-0.007903,0.430046,0.000204,0.164423,0.003403
1142,-0.115471,-0.006410,0.446419,0.000545,0.165367,0.003392
1143,-0.112005,-0.010751,0.426596,-0.000080,0.165869,0.003698
1144,-0.114799,-0.010282,0.427421,-0.000100,0.166042,0.003983
1145,-0.117040,-0.009474,0.427148,-0.000125,0.166246,0.004208
1146,-0.152957,-0.011226,0.418578,-0.000517,0.169812,0.004345
1147,-0.116364,-0.006132,0.433833,0.000092,0.166019,0.004304
1148,-0.115111,-0.006638,0.427575,-0.000097,0.166318,0.004258
1149,-0.114742,-0.005645,0.427063,-0.000105,0.166381,0.004178
1150,-0.110947,-0.004007,0.430208,0.000002,0.165947,0.004120
1151,-0.147236,-0.006395,0.417344,-0.000511,0.169829,0.004136
1152,-0.018401,0.002156,0.423961,0.000304,0.158586,0.004074
1153,-0.024628,0.004490,0.432060,0.000452,0.158509,0.004027
1154,-0.100372,0.003907,0.430059,0.000163,0.164860,0.003997
1155,-0.058968,0.006244,0.420683,0.000187,0.161895,0.003922
1156,-0.107746,0.010354,0.438660,0.000643,0.164776,0.003996
1157,-0.036626,0.013119,0.431739,0.000871,0.159152,0.004058
1158,-0.116817,0.011053,0.428369,0.000528,0.165754,0.004315
1159,-0.159795,0.008819,0.415374,0.000128,0.170271,0.004423
1160,-0.161949,0.011766,0.424032,0.000539,0.170148,0.004389
1161,-0.123167,0.015314,0.436751,0.001186,0.166354,0.004286
1162,-0.041930,0.016082,0.430736,0.001380,0.159740,0.004251
1163,-0.164158,0.007541,0.415809,0.000370,0.170784,0.004224
1164,-0.159742,0.009345,0.425228,0.000761,0.170234,0.004001
1165,-0.041909,0.014722,0.440766,0.001713,0.159529,0.003746
1166,-0.112978,0.007036,0.429161,0.000943,0.165953,0.003748
1167,-0.150760,0.001555,0.416301,0.000363,0.170122,0.003602
1168,-0.035866,0.009379,0.441034,0.001565,0.159117,0.003402
1169,-0.123332,0.003063,0.446704,0.001165,0.165988,0.003474
1170,-0.113978,-0.002085,0.427429,0.000593,0.166247,0.003680
1171,-0.112876,-0.004137,0.427878,0.000481,0.166192,0.003867
1172,-0.112006,-0.005571,0.427715,0.000384,0.166191,0.004011
1173,-0.109448,-0.006753,0.428019,0.000297,0.166020,0.004082
1174,-0.105897,-0.007472,0.430281,0.000269,0.165643,0.004073
1175,-0.106256,-0.009341,0.426892,0.000036,0.165899,0.004029
1176,-0.102525,-0.008772,0.429873,0.000074,0.165461,0.003934
1177,-0.135221,-0.012313,0.418835,-0.000476,0.168896,0.003884
1178,-0.097639,-0.007557,0.436547,0.000136,0.164874,0.003753
1179,-0.094689,-0.008921,0.429439,-0.000142,0.165040,0.003782
1180,-0.131598,-0.011351,0.419171,-0.000644,0.168772,0.003889
1181,-0.090807,-0.005042,0.436694,0.000056,0.164477,0.003948
1182,-0.090732,-0.006229,0.428572,-0.000248,0.164925,0.004138
1183,-0.125877,-0.006995,0.420748,-0.000598,0.168361,0.004326
1184,0.001461,0.001691,0.425042,0.000155,0.157301,0.004433
1185,-0.079892,0.000649,0.429391,-0.000132,0.163823,0.004467
1186,-0.005965,0.008074,0.433926,0.000492,0.157232,0.004324
1187,-0.129941,0.002795,0.417838,-0.000452,0.168295,0.004249
1188,-0.097187,0.010850,0.438330,0.000491,0.164506,0.004113
1189,-0.091904,0.011770,0.429396,0.000448,0.164418,0.004180
1190,-0.098933,0.012669,0.428712,0.000500,0.165010,0.004211
1191,-0.114471,0.016661,0.445991,0.001115,0.165280,0.004373
1192,-0.107706,0.014354,0.429517,0.000798,0.165389,0.004656
1193,-0.111223,0.014211,0.427332,0.000815,0.165780,0.004925
1194,-0.114613,0.014193,0.427620,0.000896,0.166042,0.005060
1195,-0.117130,0.013776,0.427177,0.000946,0.166288,0.005054
1196,-0.118743,0.012790,0.427320,0.000983,0.166451,0.004924
1197,-0.056636,0.009535,0.403256,0.000479,0.162430,0.004673
1198,-0.111773,0.014205,0.436946,0.001317,0.165286,0.004238
1199,-0.130891,0.013100,0.444745,0.001513,0.166696,0.003623
1200,-0.123189,0.006568,0.426467,0.000933,0.166857,0.003426
1201,-0.157906,0.001826,0.418478,0.000507,0.170344,0.003398
1202,-0.118494,0.003572,0.433440,0.001032,0.166388,0.003426
1203,-0.098378,-0.002395,0.411388,0.000333,0.165957,0.003593
1204,-0.099830,-0.000199,0.429149,0.000775,0.165359,0.003550
1205,-0.052263,-0.001782,0.421162,0.000613,0.161775,0.003422
1206,-0.021990,0.002404,0.443789,0.001302,0.157636,0.003331
1207,-0.160242,-0.007726,0.436105,0.000266,0.169695,0.003305
1208,-0.093036,-0.008651,0.420213,0.000071,0.164794,0.003474
1209,-0.097837,-0.007878,0.427111,0.000173,0.165003,0.003573
1210,-0.118158,-0.006142,0.445455,0.000548,0.165775,0.003519
1211,-0.111757,-0.010596,0.427207,-0.000052,0.165983,0.003774
1212,-0.147245,-0.012969,0.419106,-0.000478,0.169486,0.004008
1213,-0.109936,-0.008161,0.434156,0.000105,0.165635,0.004094
1214,-0.105885,-0.008710,0.429965,-0.000051,0.165557,0.004158
1215,-0.108288,-0.009148,0.426710,-0.000222,0.165968,0.004222
1216,-0.143021,-0.009926,0.419170,-0.000558,0.169398,0.004215
1217,-0.102484,-0.004454,0.436508,0.000108,0.165163,0.004122
1218,-0.099383,-0.005030,0.428940,-0.000120,0.165363,0.004138
1219,-0.132416,-0.006769,0.419149,-0.000554,0.168758,0.004189
1220,-0.008541,0.001704,0.424109,0.000202,0.157990,0.004191
1221,-0.014634,0.004592,0.432885,0.000367,0.157823,0.004177
1222,-0.091381,0.004498,0.430582,0.000105,0.164230,0.004154
1223,-0.098044,0.006585,0.428649,0.000163,0.164973,0.004053
1224,-0.114055,0.010776,0.446180,0.000747,0.165277,0.004121
1225,-0.109402,0.009238,0.427649,0.000378,0.165687,0.004388
1226,-0.110746,0.010759,0.428863,0.000526,0.165720,0.004677
1227,-0.113372,0.011324,0.427900,0.000581,0.165990,0.004942
1228,-0.115116,0.012289,0.427578,0.000681,0.166172,0.005101
1229,-0.028012,0.013626,0.414833,0.000705,0.159375,0.005119
1230,-0.114847,0.013771,0.426831,0.000765,0.165983,0.004982
1231,-0.127798,0.017935,0.444892,0.001475,0.166265,0.004506
1232,-0.117502,0.013987,0.428969,0.001109,0.166127,0.004122
1233,-0.122301,0.011087,0.425211,0.000951,0.166784,0.003870
1234,-0.122814,0.010426,0.427208,0.001027,0.166785,0.003720
1235,-0.105891,0.006293,0.410307,0.000556,0.166322,0.003719
1236,-0.033354,0.012466,0.432139,0.001497,0.159120,0.003576
1237,-0.105776,0.064708,0.453315,0.006440,0.163820,0.003544
1238,-0.088881,-0.088139,0.405939,-0.005467,0.165371,0.003083
1239,-0.115840,-0.003407,0.445906,0.000307,0.165058,0.003624
1240,-0.021250,-0.003019,0.416310,0.000018,0.158328,0.005042
1241,-0.121132,-0.004964,0.444700,0.000088,0.165121,0.005880
1242,-0.118215,-0.006837,0.426538,-0.000315,0.165754,0.006504
1243,-0.118971,-0.005703,0.428941,-0.000227,0.165661,0.006579
1244,-0.125218,-0.006755,0.424644,-0.000403,0.166433,0.006249
1245,-0.127480,-0.005682,0.426557,-0.000336,0.166556,0.005586
1246,-0.125587,-0.004946,0.427554,-0.000285,0.166407,0.004845
1247,-0.039454,-0.003612,0.412590,-0.000373,0.159857,0.004239
1248,-0.047228,0.001960,0.431938,0.000193,0.159308,0.003700
1249,-0.190404,-0.003320,0.433612,-0.000423,0.171330,0.003452
1250,-0.074527,0.000198,0.410774,-0.000348,0.162700,0.003750
1251,-0.191195,-0.000174,0.441445,-0.000114,0.171120,0.004035
1252,-0.072120,0.002073,0.411126,-0.000208,0.162682,0.004737
1253,-0.138732,0.005554,0.453210,0.000590,0.166184,0.005129
1254,-0.131189,0.001023,0.426440,-0.000069,0.167073,0.005592
1255,-0.040329,0.003829,0.414151,0.000033,0.160040,0.005821
1256,-0.183924,0.000615,0.433765,-0.000167,0.171270,0.005672
1257,-0.068459,0.002436,0.411902,-0.000185,0.162683,0.005537
1258,-0.128820,0.007101,0.454284,0.000742,0.165658,0.005131
1259,-0.032235,0.003362,0.414436,0.000024,0.159577,0.004818
1260,-0.177394,0.000481,0.434381,-0.000141,0.170891,0.004442
1261,-0.124119,0.002252,0.434604,0.000151,0.166462,0.004364
1262,-0.150671,-0.002438,0.419467,-0.000442,0.169724,0.004524
1263,-0.112583,0.000534,0.434277,0.000077,0.165927,0.004697
1264,-0.103884,-0.000599,0.430288,-0.000053,0.165546,0.004947
1265,-0.040423,-0.002324,0.404950,-0.000562,0.161554,0.005208
1266,-0.088563,0.002052,0.439196,0.000111,0.163837,0.005113
1267,-0.017474,0.004173,0.432995,0.000260,0.158218,0.004903
1268,-0.013210,0.005310,0.435359,0.000302,0.157261,0.004823
1269,-0.105308,0.003697,0.448118,0.000232,0.164152,0.004766
1270,-0.098309,0.002039,0.429894,-0.000142,0.164406,0.004888
1271,-0.105959,0.001427,0.426516,-0.000269,0.165168,0.005076
1272,-0.110321,0.002816,0.427533,-0.000174,0.165438,0.005243
1273,-0.110380,0.004354,0.429121,-0.000042,0.165331,0.005400
1274,-0.050579,0.003562,0.403259,-0.000453,0.161545,0.005525
1275,-0.109179,0.008678,0.436750,0.000285,0.164660,0.005347
1276,-0.149977,0.004483,0.416002,-0.000364,0.169413,0.005016
1277,-0.130215,0.012338,0.453875,0.000941,0.165810,0.004630
1278,-0.122109,0.005492,0.426517,0.000156,0.166432,0.004689
1279,-0.120172,0.005264,0.428798,0.000235,0.166206,0.004827
1280,-0.153003,0.001274,0.417279,-0.000242,0.169730,0.005038
1281,-0.118783,0.004174,0.433524,0.000335,0.166134,0.005116
1282,-0.113957,0.002007,0.427888,0.000156,0.166152,0.005183
1283,-0.021944,0.003569,0.417376,0.000224,0.158890,0.005171
1284,-0.117427,0.002638,0.444704,0.000432,0.165478,0.004984
1285,-0.109320,-0.000787,0.428567,0.000002,0.165638,0.004855
1286,-0.105423,-0.001092,0.429480,0.000010,0.165301,0.004763
1287,-0.020386,-0.000738,0.413835,-0.000133,0.158849,0.004738
1288,-0.101219,-0.001368,0.429481,-0.000155,0.164754,0.004571
1289,-0.111430,0.002383,0.446446,0.000418,0.164812,0.004406
1290,-0.102994,-0.001226,0.430050,-0.000047,0.164791,0.004442
1291,-0.105967,-0.002282,0.427817,-0.000170,0.165141,0.004603
1292,-0.106953,-0.001850,0.428139,-0.000164,0.165191,0.004844
1293,-0.112822,-0.002869,0.426220,-0.000296,0.165787,0.005081
1294,-0.114494,-0.001826,0.426965,-0.000243,0.165911,0.005265
1295,-0.114560,-0.001404,0.427635,-0.000218,0.165916,0.005358
1296,-0.111994,-0.000646,0.429599,-0.000140,0.165628,0.005355
1297,-0.051686,-0.001864,0.403394,-0.000627,0.161876,0.005316
1298,-0.119483,0.005375,0.454825,0.000557,0.164860,0.004968
1299,-0.110969,0.000992,0.427628,-0.000114,0.165584,0.004792
1300,-0.109628,0.001444,0.429368,-0.000052,0.165398,0.004679
1301,-0.113018,0.000469,0.426608,-0.000182,0.165862,0.004706
1302,-0.113928,0.001139,0.427072,-0.000137,0.165963,0.004814
1303,-0.110355,0.002061,0.429675,-0.000030,0.165565,0.004975
1304,-0.112899,0.000846,0.426113,-0.000176,0.166031,0.005175
1305,-0.024214,0.004030,0.415272,-0.000043,0.159026,0.005303
1306,-0.120640,0.005436,0.446658,0.000367,0.165444,0.005227
1307,-0.113711,0.002527,0.427585,-0.000073,0.165851,0.005244
1308,-0.024620,0.005408,0.416544,0.000059,0.158799,0.005213
1309,-0.124372,0.005927,0.444225,0.000348,0.165683,0.005073
1310,-0.118578,0.003532,0.426942,-0.000017,0.166082,0.005014
1311,-0.116886,0.004114,0.429159,0.000091,0.165845,0.004981
1312,-0.120966,0.002825,0.425418,-0.000043,0.166437,0.005017
1313,-0.057619,0.002953,0.404594,-0.000297,0.162151,0.005042
1314,-0.107512,0.007259,0.437395,0.000410,0.164623,0.004863
1315,-0.165819,0.003921,0.435004,0.000141,0.169936,0.004625
1316,-0.116284,0.004901,0.435901,0.000415,0.165611,0.004605
1317,-0.113248,0.001691,0.427875,0.000114,0.165874,0.004753
1318,-0.115453,0.000001,0.425785,-0.000022,0.166251,0.004933
1319,-0.114362,-0.000425,0.428246,0.000001,0.166101,0.005064
1320,-0.146020,-0.003576,0.419240,-0.000420,0.169400,0.005157
1321,-0.106393,-0.000770,0.434669,0.000117,0.165393,0.005101
1322,-0.101528,-0.002818,0.429038,-0.000113,0.165381,0.005027
1323,-0.012432,-0.001559,0.415989,-0.000161,0.158476,0.004936
1324,-0.017390,0.001833,0.434415,0.000246,0.157705,0.004696
1325,-0.018916,0.002850,0.434460,0.000235,0.157515,0.004488
1326,-0.095391,-0.000290,0.429795,-0.000246,0.164005,0.004353
1327,-0.117424,0.002678,0.446097,0.000217,0.165047,0.004264
1328,-0.116953,-0.000727,0.426402,-0.000310,0.165764,0.004600
1329,-0.152247,-0.001954,0.418624,-0.000596,0.169183,0.005010
1330,-0.119542,0.002755,0.434651,0.000068,0.165634,0.005324
1331,-0.154312,-0.001237,0.417034,-0.000534,0.169612,0.005595
1332,-0.122032,0.003431,0.432866,0.000109,0.166170,0.005612
1333,-0.119131,0.002287,0.427655,-0.000017,0.166297,0.005552
1334,-0.118855,0.001792,0.426988,-0.000044,0.166401,0.005367
1335,-0.116750,0.001603,0.427781,-0.000030,0.166271,0.005138
1336,-0.048920,0.001096,0.405670,-0.000360,0.161708,0.004928
1337,-0.029145,0.008497,0.441607,0.000686,0.158016,0.004577
1338,-0.166514,0.001259,0.435825,-0.000110,0.169932,0.004330
1339,-0.115853,0.002934,0.434624,0.000154,0.165722,0.004388
1340,-0.114039,0.000761,0.427873,-0.000075,0.166008,0.004645
1341,-0.147090,-0.001989,0.419418,-0.000458,0.169369,0.004962
1342,-0.108039,0.001882,0.434703,0.000132,0.165400,0.005158
1343,-0.104794,-0.000269,0.428491,-0.000093,0.165544,0.005338
1344,-0.014410,0.002360,0.417557,0.000002,0.158411,0.005415
1345,-0.021942,0.004295,0.432233,0.000252,0.158058,0.005273
1346,-0.111701,0.004146,0.447772,0.000347,0.164635,0.005028
1347,-0.106616,0.001018,0.427702,-0.000144,0.165195,0.004900
1348,-0.107155,0.001597,0.429556,-0.000073,0.165106,0.004819
1349,-0.109422,0.001361,0.427768,-0.000116,0.165376,0.004850
1350,-0.051662,0.001062,0.403158,-0.000510,0.161702,0.004944
1351,-0.107114,0.006079,0.437090,0.000230,0.164529,0.004822
1352,-0.111322,0.004518,0.427925,0.000018,0.165517,0.004673
1353,-0.124888,0.007689,0.444766,0.000566,0.165706,0.004658
1354,-0.118372,0.003863,0.427080,0.000102,0.165970,0.004794
1355,-0.117871,0.003873,0.428822,0.000172,0.165861,0.004967
1356,-0.118218,0.003051,0.427268,0.000121,0.166015,0.005163
1357,-0.122455,0.001845,0.425490,0.000024,0.166525,0.005288
1358,-0.122550,0.001785,0.426740,0.000069,0.166548,0.005311
1359,-0.121737,0.001007,0.427093,0.000050,0.166556,0.005251
1360,-0.153692,-0.002413,0.419216,-0.000344,0.169830,0.005130
1361,-0.110753,0.001500,0.435770,0.000297,0.165494,0.004881
1362,-0.109193,-0.002651,0.426754,-0.000106,0.165970,0.004736
1363,-0.102997,-0.002295,0.430219,-0.000033,0.165345,0.004618
1364,-0.040594,-0.004359,0.404763,-0.000563,0.161415,0.004620
1365,-0.087718,-0.000245,0.439198,0.000090,0.163567,0.004413
1366,-0.045066,-0.000880,0.421587,-0.000205,0.160975,0.004276
1367,-0.089849,0.000781,0.440110,0.000077,0.163486,0.004234
1368,-0.106242,0.000771,0.447004,0.000199,0.164624,0.004304
1369,-0.014408,0.000664,0.416609,-0.000179,0.158070,0.004757
1370,-0.099341,-0.000977,0.427569,-0.000386,0.164516,0.005026
1371,-0.112808,0.004222,0.446264,0.000288,0.164701,0.005183
1372,-0.107148,0.002091,0.429517,-0.000092,0.164894,0.005365
1373,-0.111304,0.002324,0.427083,-0.000125,0.165334,0.005486
1374,-0.115424,0.002987,0.427731,-0.000077,0.165617,0.005508
1375,-0.121165,0.003091,0.424905,-0.000122,0.166261,0.005461
1376,-0.124243,0.003799,0.427155,-0.000023,0.166429,0.005319
1377,-0.125486,0.004071,0.426195,0.000008,0.166652,0.005180
1378,-0.125646,0.004119,0.426941,0.000051,0.166701,0.005041
1379,-0.156104,0.001467,0.418620,-0.000281,0.169867,0.004952
1380,-0.120666,0.004613,0.433299,0.000278,0.166274,0.004825
1381,-0.115976,0.002564,0.428139,0.000108,0.166285,0.004803
1382,-0.110088,0.002381,0.429425,0.000141,0.165827,0.004821
1383,-0.108513,0.000060,0.426809,-0.000039,0.165945,0.004928
1384,-0.019031,0.002340,0.416000,0.000033,0.158906,0.004980
1385,-0.096872,0.000858,0.430137,-0.000051,0.164694,0.004884
1386,-0.104324,0.004092,0.447137,0.000494,0.164547,0.004698
1387,-0.094698,0.000063,0.430778,0.000009,0.164441,0.004664
1388,-0.095307,-0.000835,0.428697,-0.000108,0.164591,0.004741
1389,-0.098630,-0.001617,0.427308,-0.000222,0.164931,0.004878
1390,-0.097051,-0.000714,0.430679,-0.000120,0.164593,0.004996
1391,-0.100090,-0.001590,0.426966,-0.000275,0.165038,0.005150
1392,-0.015714,0.001528,0.415216,-0.000188,0.158385,0.005237
1393,-0.021196,0.005820,0.434172,0.000297,0.157565,0.005129
1394,-0.102938,0.002920,0.429078,-0.000162,0.164515,0.005001
1395,-0.146623,0.000720,0.415635,-0.000619,0.169054,0.004769
1396,-0.149024,0.003774,0.425108,-0.000236,0.168829,0.004535
1397,-0.128394,0.009725,0.454074,0.000798,0.165628,0.004396
1398,-0.121089,0.003180,0.426771,0.000014,0.166293,0.004704
1399,-0.122054,0.002897,0.427148,0.000023,0.166407,0.005037
1400,-0.119074,0.003071,0.428485,0.000101,0.166152,0.005340
1401,-0.055370,0.001770,0.403468,-0.000321,0.162068,0.005555
1402,-0.108307,0.005694,0.437494,0.000368,0.164734,0.005367
1403,-0.149683,0.000043,0.415925,-0.000403,0.169640,0.005009
1404,-0.130435,0.007252,0.453517,0.000827,0.166149,0.004535
1405,-0.113997,0.000302,0.429202,0.000086,0.165939,0.004498
1406,-0.114209,-0.001717,0.425928,-0.000100,0.166228,0.004588
1407,-0.046695,-0.001619,0.406002,-0.000359,0.161565,0.004711
1408,-0.100774,0.000899,0.438190,0.000169,0.164430,0.004610
1409,-0.153243,-0.001796,0.435785,-0.000092,0.169255,0.004503
1410,-0.105978,-0.001273,0.435012,0.000055,0.165195,0.004600
1411,-0.102428,-0.003632,0.428717,-0.000211,0.165304,0.004820
1412,-0.014662,-0.001271,0.415945,-0.000188,0.158469,0.005021
1413,-0.018377,0.002488,0.434539,0.000240,0.157559,0.004999
1414,-0.096728,-0.000933,0.429685,-0.000271,0.164247,0.004943
1415,-0.139632,-0.003690,0.416314,-0.000789,0.168726,0.004764
1416,-0.119873,0.005347,0.455003,0.000537,0.165016,0.004554
1417,-0.048710,-0.000304,0.404586,-0.000551,0.161372,0.004781
1418,-0.107088,0.003610,0.437043,0.000062,0.164519,0.004789
1419,-0.126461,0.005195,0.445178,0.000336,0.165876,0.004787
1420,-0.154454,-0.000873,0.417644,-0.000525,0.169546,0.005072
1421,-0.119376,0.004022,0.435065,0.000175,0.165759,0.005248
1422,-0.120569,0.001851,0.425743,-0.000104,0.166440,0.005436
1423,-0.120556,0.002291,0.426797,-0.000049,0.166462,0.005487
1424,-0.053070,0.002026,0.405494,-0.000337,0.161874,0.005442
1425,-0.105704,0.005745,0.437982,0.000304,0.164599,0.005115
1426,-0.146426,0.000307,0.415615,-0.000475,0.169501,0.004704
1427,-0.108555,0.005914,0.437649,0.000367,0.165242,0.004275
1428,-0.115921,0.005681,0.445656,0.000570,0.165469,0.004159
1429,-0.103824,0.001574,0.430043,0.000113,0.165183,0.004308
1430,-0.106057,-0.000477,0.426720,-0.000090,0.165604,0.004612
1431,-0.104575,-0.000510,0.428650,-0.000069,0.165423,0.004951
1432,-0.102129,-0.000906,0.428525,-0.000106,0.165274,0.005255
1433,-0.098373,-0.000810,0.430912,-0.000062,0.164854,0.005432
1434,-0.013812,0.000250,0.413943,-0.000202,0.158509,0.005517
1435,-0.093847,0.000307,0.429951,-0.000184,0.164320,0.005308
1436,-0.089735,0.001851,0.429583,-0.000076,0.164080,0.004931
1437,-0.108767,0.003734,0.446947,0.000338,0.164748,0.004482
1438,-0.103136,0.000274,0.429328,-0.000149,0.164935,0.004483
1439,-0.020930,0.002216,0.413069,-0.000208,0.158702,0.004663
1440,-0.029673,0.007207,0.433280,0.000344,0.158089,0.004734
1441,-0.109098,0.004534,0.429079,-0.000066,0.164805,0.004837
1442,-0.170432,0.004267,0.434748,-0.000037,0.169839,0.004874
1443,-0.129025,0.005938,0.432401,0.000206,0.166318,0.005074
1444,-0.129619,0.004394,0.426619,0.000066,0.166731,0.005316
1445,-0.041759,0.006559,0.413397,0.000135,0.159930,0.005464
1446,-0.140712,0.008020,0.445122,0.000610,0.166559,0.005366
1447,-0.044323,0.006589,0.412982,0.000204,0.160004,0.005256
1448,-0.144981,0.007901,0.444534,0.000672,0.166796,0.004975
1449,-0.046434,0.006955,0.414787,0.000353,0.159935,0.004782
1450,-0.148885,0.006685,0.442601,0.000657,0.167084,0.004529
1451,-0.089272,0.001035,0.399028,-0.000315,0.164354,0.004446
1452,-0.158006,0.007826,0.453703,0.000986,0.167258,0.004328
1453,-0.054565,0.004298,0.414656,0.000394,0.160561,0.004480
1454,-0.156576,0.002730,0.441808,0.000580,0.167774,0.004498
1455,-0.145951,-0.000438,0.426345,0.000241,0.167801,0.004668
1456,-0.144253,-0.002537,0.425321,0.000143,0.167881,0.004813
1457,-0.145005,-0.004510,0.423983,0.000005,0.168202,0.004890
1458,-0.175188,-0.008297,0.417452,-0.000385,0.171364,0.004890
1459,-0.042669,-0.002877,0.420492,0.000235,0.160158,0.004709
1460,-0.133044,-0.004592,0.445706,0.000344,0.166562,0.004371
1461,-0.030129,-0.005610,0.416951,-0.000032,0.159367,0.004219
1462,-0.033242,-0.003858,0.431550,0.000191,0.158741,0.003982
1463,-0.073610,-0.007215,0.420018,-0.000426,0.162627,0.003834
1464,-0.039311,0.000454,0.443251,0.000467,0.158250,0.003854
1465,-0.164175,-0.011544,0.415069,-0.001123,0.170294,0.004047
1466,-0.160549,-0.006891,0.424881,-0.000689,0.169741,0.004341
1467,-0.156557,-0.006031,0.424857,-0.000633,0.169636,0.004638
1468,-0.119547,-0.002287,0.436730,-0.000128,0.166067,0.004828
1469,-0.125710,-0.001153,0.444608,0.000096,0.166274,0.005078
1470,-0.159583,-0.008261,0.418260,-0.000904,0.170615,0.005281
1471,-0.146141,-0.005686,0.425843,-0.000633,0.169275,0.005474
1472,-0.043989,-0.002906,0.412634,-0.000580,0.161486,0.005529
1473,-0.089611,0.000442,0.438877,-0.000125,0.164052,0.005252
1474,-0.100465,0.001875,0.447548,0.000098,0.164734,0.004866
1475,-0.711970,-0.035044,0.424737,-0.003776,0.218560,0.004826
1476,-0.038517,-0.016124,0.368561,-0.002073,0.165925,0.006183
1477,-0.045319,0.000212,0.460545,0.000272,0.161978,0.005943
1478,0.058127,-0.002632,0.424830,-0.000478,0.155133,0.005642
1479,-0.016148,-0.002203,0.453638,-0.000313,0.159788,0.005236
1480,0.040275,-0.008525,0.489020,-0.000436,0.152995,0.004987
1481,-0.115455,0.014707,0.372989,-0.000792,0.172466,0.004734
1482,-0.082538,-0.001709,0.415480,-0.001281,0.167653,0.004246
1483,0.019507,0.016692,0.445522,0.000518,0.157249,0.003636
1484,-0.045832,0.012990,0.435246,-0.000102,0.162929,0.003686
1485,-0.085802,0.012144,0.419935,-0.000534,0.167068,0.004103
1486,-0.053397,0.020561,0.440841,0.000444,0.163089,0.004623
1487,-0.053348,0.020702,0.433053,0.000368,0.163275,0.005277
1488,-0.061821,0.022067,0.431352,0.000451,0.163817,0.005846
1489,-0.033026,0.022547,0.422116,0.000402,0.161552,0.006235
1490,-0.092145,0.029025,0.457010,0.001435,0.164268,0.006364
1491,-0.133118,0.020354,0.417905,0.000328,0.169629,0.006337
1492,-0.047596,0.023075,0.414640,0.000681,0.162369,0.005982
1493,-0.156382,0.024037,0.442062,0.001195,0.170003,0.005526
1494,-0.058295,0.021247,0.413504,0.000892,0.163071,0.004926
1495,-0.166940,0.021063,0.441114,0.001346,0.170735,0.004388
1496,-0.158911,0.016303,0.424823,0.001046,0.170978,0.003921
1497,-0.163580,0.011276,0.422679,0.000885,0.171622,0.003650
1498,-0.163426,0.007829,0.424014,0.000878,0.171718,0.003553
1499,-0.156736,0.004031,0.426214,0.000860,0.171246,0.003595
1500,-0.155712,-0.002048,0.423469,0.000557,0.171537,0.003721
1501,-0.149850,-0.006085,0.425291,0.000439,0.171189,0.003844
1502,-0.139837,-0.010283,0.427917,0.000304,0.170444,0.003891
1503,-0.132390,-0.015481,0.426951,-0.000009,0.170099,0.003889
1504,-0.124397,-0.019603,0.427461,-0.000275,0.169612,0.003812
1505,-0.117216,-0.023201,0.428186,-0.000549,0.169155,0.003687
1506,-0.109885,-0.026041,0.428969,-0.000814,0.168657,0.003577
1507,-0.103399,-0.028239,0.428854,-0.001094,0.168252,0.003518
1508,-0.050162,-0.024905,0.439587,-0.000759,0.163182,0.003561
1509,-0.085938,-0.028962,0.424021,-0.001584,0.167065,0.003620
1510,-0.086093,-0.026782,0.430273,-0.001573,0.166718,0.003754
1511,-0.084906,-0.024568,0.429792,-0.001672,0.166624,0.004011
1512,-0.085538,-0.021452,0.430009,-0.001709,0.166621,0.004369
1513,-0.090102,-0.018378,0.428478,-0.001788,0.167037,0.004775
1514,-0.037885,-0.008104,0.442441,-0.000973,0.161720,0.005159
1515,-0.053203,-0.007091,0.431181,-0.001337,0.163454,0.005458
1516,-0.007454,-0.000947,0.409515,-0.001450,0.160403,0.005700
1517,-0.023904,0.008223,0.431753,-0.000765,0.160240,0.005689
1518,-0.071295,0.015214,0.441701,-0.000307,0.163356,0.005636
1519,-0.042401,0.018197,0.420913,-0.000460,0.161784,0.005605
1520,-0.027684,0.029023,0.443216,0.000618,0.158785,0.005617
1521,-0.068127,0.028056,0.420403,0.000126,0.162975,0.005781
1522,-0.080886,0.034793,0.429336,0.000773,0.163202,0.005854
1523,-0.203643,0.035920,0.440164,0.001031,0.172902,0.005893
1524,-0.069164,0.017160,0.353155,-0.001516,0.165937,0.006002
1525,-0.100069,0.020110,0.484835,0.000489,0.161146,0.005680
1526,-0.085192,0.005324,0.429010,-0.001154,0.162845,0.005254
1527,-0.092913,0.006148,0.428361,-0.001052,0.163269,0.004630
1528,-0.111080,0.005702,0.426374,-0.001081,0.164722,0.004123
1529,-0.115515,0.006670,0.426908,-0.000925,0.164816,0.003923
1530,-0.157977,0.002608,0.413444,-0.001430,0.169076,0.003924
1531,-0.239096,0.005339,0.447100,-0.000652,0.174277,0.004066
1532,-0.118014,0.003404,0.417389,-0.000831,0.165789,0.004583
1533,-0.191624,0.001577,0.408877,-0.001102,0.172560,0.004751
1534,-0.114215,0.007130,0.424888,-0.000239,0.165374,0.003964
1535,-0.202575,-0.000780,0.422603,-0.000846,0.173074,0.003335
1536,-0.211621,-0.000345,0.440862,-0.000330,0.173453,0.002799
1537,-0.055278,-0.002152,0.421371,-0.000366,0.161363,0.002704
1538,-0.055329,-0.003999,0.431508,-0.000346,0.160890,0.002653
1539,-0.191320,-0.014075,0.433903,-0.001238,0.172457,0.002723
1540,-0.067842,-0.013719,0.411193,-0.001362,0.163337,0.003219
1541,-0.154758,-0.018651,0.426039,-0.001740,0.170166,0.003357
1542,-0.162699,-0.017270,0.444783,-0.001353,0.170286,0.003592
1543,-0.089000,-0.021875,0.420609,-0.001993,0.165403,0.003959
1544,-0.097147,-0.017900,0.446408,-0.001429,0.165046,0.004045
1545,-0.067437,-0.023417,0.415589,-0.002423,0.164117,0.004157
1546,-0.112738,-0.024460,0.417032,-0.002808,0.168170,0.004023
1547,-0.080224,-0.013996,0.458474,-0.001505,0.163278,0.003820
1548,-0.066734,-0.018098,0.432843,-0.002327,0.163267,0.004048
1549,-0.067684,-0.016378,0.430124,-0.002485,0.163441,0.004366
1550,0.016913,-0.008494,0.419688,-0.002230,0.156647,0.004702
1551,-0.063532,-0.007041,0.430572,-0.002377,0.162665,0.004849
1552,-0.065483,-0.000459,0.430253,-0.002107,0.162811,0.004934
1553,-0.083664,0.006102,0.449779,-0.001470,0.163148,0.004913
1554,0.001257,0.009646,0.417182,-0.001724,0.157172,0.005251
1555,-0.014207,0.016315,0.432407,-0.001221,0.157270,0.005487
1556,-0.023230,0.022372,0.433698,-0.000872,0.157491,0.005657
1557,-0.104386,0.024744,0.429075,-0.000903,0.164244,0.005762
1558,-0.130651,0.026305,0.423781,-0.000841,0.166731,0.005586
1559,-0.137698,0.030485,0.425558,-0.000390,0.167079,0.005416
1560,-0.153458,0.030871,0.423818,-0.000229,0.168540,0.005140
1561,-0.152081,0.032208,0.425269,0.000128,0.168349,0.004978
1562,-0.201525,0.026253,0.410898,-0.000355,0.173533,0.004726
1563,-0.164960,0.029885,0.433937,0.000626,0.169477,0.004396
1564,-0.196992,0.019916,0.412190,-0.000180,0.173663,0.004261
1565,-0.190598,0.017233,0.422966,0.000097,0.172968,0.004034
1566,-0.194545,0.014489,0.442329,0.000551,0.172778,0.003809
1567,0.299128,0.019766,0.411463,0.001490,0.131553,0.003788
1568,-0.144854,0.007245,0.456750,0.000304,0.165624,0.003100
1569,0.037232,0.012006,0.454647,0.001295,0.151131,0.001554
1570,-0.031309,-0.001180,0.412813,-0.000381,0.158802,0.000440
1571,-0.036080,0.005253,0.453148,0.000792,0.156574,-0.000211
1572,-0.100342,-0.003808,0.437929,-0.000045,0.162695,-0.000338
1573,-0.139646,-0.011692,0.418185,-0.000918,0.166616,0.000353
1574,-0.135569,-0.014801,0.403922,-0.001367,0.166986,0.001378
1575,-0.148582,-0.011824,0.423013,-0.000873,0.167303,0.002183
1576,-0.114780,-0.009247,0.436757,-0.000360,0.163688,0.002718
1577,-0.175457,-0.015041,0.433824,-0.000852,0.168965,0.003079
1578,-0.163817,-0.017717,0.424147,-0.001134,0.168393,0.003264
1579,-0.165551,-0.019499,0.423774,-0.001274,0.168753,0.003183
1580,-0.110481,-0.019205,0.415426,-0.001369,0.164713,0.002817
1581,-0.063429,-0.014549,0.422860,-0.000960,0.160513,0.002136
1582,-0.079574,-0.009576,0.464636,-0.000010,0.159364,0.001541
1583,-0.096402,-0.016829,0.425144,-0.001234,0.162831,0.001291
1584,-0.099841,-0.015881,0.426960,-0.001279,0.162977,0.001342
1585,-0.103490,-0.017547,0.407117,-0.001921,0.164335,0.001605
1586,-0.046690,-0.005606,0.429919,-0.000804,0.158398,0.001811
1587,-0.170407,-0.013127,0.414939,-0.001961,0.169450,0.002186
1588,-0.168533,-0.007614,0.423698,-0.001518,0.169133,0.002686
1589,-0.164073,-0.005032,0.424189,-0.001368,0.169003,0.003099
1590,-0.159228,-0.003227,0.425047,-0.001261,0.168840,0.003314
1591,-0.156205,-0.001773,0.424629,-0.001194,0.168934,0.003351
1592,-0.111076,0.003192,0.437377,-0.000583,0.164729,0.003195
1593,-0.139744,-0.002133,0.417374,-0.001369,0.168454,0.003086
1594,-0.132451,0.000876,0.427002,-0.001053,0.167619,0.002868
1595,-0.136007,0.003780,0.446963,-0.000503,0.167156,0.002694
1596,-0.069527,0.000773,0.420979,-0.001055,0.162942,0.002816
1597,-0.024988,0.003504,0.423418,-0.000882,0.159296,0.002877
1598,0.045540,0.014895,0.459669,0.000544,0.150957,0.003023
1599,-0.067576,0.002553,0.422029,-0.001214,0.162412,0.003208
1600,-0.061710,0.007530,0.430973,-0.000775,0.161373,0.003322
1601,-0.103037,0.005555,0.419354,-0.001234,0.165457,0.003336
1602,-0.105917,0.009179,0.427980,-0.000868,0.165230,0.003272
1603,-0.105306,0.010573,0.428798,-0.000739,0.165155,0.003207
1604,-0.069476,0.014645,0.439730,-0.000168,0.161514,0.003142
1605,0.007100,0.016546,0.435609,0.000058,0.154944,0.003223
1606,-0.032924,0.021262,0.461762,0.000816,0.156379,0.003378
1607,-0.075926,0.012945,0.424205,-0.000370,0.161720,0.003457
1608,-0.004166,0.015607,0.414702,-0.000241,0.155808,0.003510
1609,-0.143117,0.011271,0.413500,-0.000804,0.167424,0.003509
1610,-0.146624,0.015540,0.424887,-0.000201,0.167188,0.003219
1611,-0.150420,0.015253,0.425018,-0.000062,0.167536,0.002878
1612,-0.116540,0.017073,0.436476,0.000502,0.164087,0.002545
1613,-0.176446,0.011166,0.433813,0.000156,0.169330,0.002402
1614,-0.145439,0.004825,0.406093,-0.000529,0.168124,0.002506
1615,-0.157665,0.004783,0.422803,-0.000168,0.168699,0.002442
1616,-0.152165,0.002854,0.424880,-0.000112,0.168363,0.002272
1617,-0.145474,-0.000634,0.426436,-0.000195,0.167958,0.002055
1618,-0.116303,0.000837,0.454603,0.000596,0.164189,0.001864
1619,-0.042492,-0.009084,0.405723,-0.000725,0.160356,0.002036
1620,-0.154377,-0.011124,0.444737,-0.000464,0.167862,0.001965
1621,-0.133752,-0.016362,0.427560,-0.001011,0.167129,0.002140
1622,-0.121788,-0.018798,0.427889,-0.001188,0.166297,0.002310
1623,-0.082683,-0.017825,0.436131,-0.000990,0.162674,0.002416
1624,-0.017505,-0.019597,0.407392,-0.001632,0.158638,0.002495
1625,-0.021434,-0.011818,0.453446,-0.000547,0.156357,0.002275
1626,-0.067217,-0.019026,0.420411,-0.001817,0.162010,0.002042
1627,-0.113547,-0.019096,0.417846,-0.002159,0.165904,0.001936
1628,-0.116708,-0.014508,0.427226,-0.001857,0.165653,0.001961
1629,-0.117521,-0.011857,0.426932,-0.001803,0.165769,0.002145
1630,-0.117158,-0.008716,0.427379,-0.001700,0.165753,0.002420
1631,-0.080740,-0.002441,0.439705,-0.001104,0.162004,0.002738
1632,-0.001772,0.003087,0.433793,-0.000768,0.155367,0.003189
1633,-0.133161,-0.002843,0.417490,-0.001847,0.167057,0.003522
1634,-0.147337,0.005764,0.446667,-0.000813,0.166836,0.003683
1635,-0.122266,0.014532,0.424554,-0.000359,0.165718,0.003950
1636,-0.050712,0.006278,0.412116,-0.001083,0.160629,0.003008
1637,-0.161038,0.018202,0.445576,0.000064,0.167945,0.002563
1638,-0.145985,0.016245,0.426836,-0.000201,0.167728,0.002477
1639,-0.115491,0.023274,0.425419,0.000510,0.165363,0.002560
1640,-0.132336,0.009817,0.407198,-0.000711,0.168252,0.002512
1641,-0.129046,0.020157,0.427036,0.000365,0.167060,0.002129
1642,-0.122748,0.018698,0.427593,0.000433,0.166709,0.001941
1643,-0.079279,0.020033,0.440211,0.000965,0.162496,0.001829
1644,-0.068114,0.015751,0.430836,0.000677,0.162028,0.001940
1645,-0.122355,0.011259,0.439225,0.000539,0.166221,0.002020
1646,-0.061986,0.008318,0.422087,0.000244,0.161858,0.002270
1647,-0.062010,0.006562,0.429223,0.000299,0.161643,0.002375
1648,-0.100629,0.001177,0.419477,-0.000274,0.165429,0.002226
1649,-0.099540,0.001086,0.428639,-0.000084,0.164861,0.001940
1650,-0.071846,0.004586,0.459570,0.000822,0.160791,0.001616
1651,-0.086671,-0.008899,0.402274,-0.001062,0.164809,0.001714
1652,-0.110763,-0.003702,0.448123,0.000003,0.164571,0.001531
1653,-0.100555,-0.007887,0.429549,-0.000533,0.164424,0.001621
1654,-0.068637,-0.007270,0.436634,-0.000346,0.161287,0.001786
1655,-0.101868,-0.011195,0.422139,-0.000961,0.164770,0.002015
1656,-0.072766,-0.007975,0.436872,-0.000513,0.161420,0.002136
1657,-0.111104,-0.000513,0.416804,-0.000281,0.165649,0.002296
1658,-0.119271,-0.009051,0.408215,-0.001085,0.167145,0.001283
1659,-0.037672,0.005706,0.432055,0.000345,0.158797,0.000275
1660,-0.038555,0.011478,0.453309,0.001127,0.157287,-0.000062
1661,-0.101517,0.005436,0.437532,0.000407,0.163439,-0.000170
1662,-0.018410,0.005749,0.413518,0.000142,0.157150,0.000331
1663,0.005651,0.015159,0.445568,0.001314,0.152964,0.000984
1664,-0.070871,0.006579,0.409603,-0.000049,0.160979,0.001617
1665,-0.092680,0.011911,0.427737,0.000561,0.161455,0.002105
1666,-0.030890,0.021713,0.453106,0.001883,0.154431,0.002456
1667,-0.214489,0.008975,0.421554,0.000322,0.171543,0.002525
1668,-0.192993,0.008593,0.401583,0.000161,0.170754,0.002295
1669,-0.182471,0.077195,0.451909,0.007035,0.167517,0.001624
1670,-0.085643,-0.081104,0.397413,-0.005134,0.162712,-0.000588
1671,-0.154272,0.007579,0.453572,0.001156,0.164829,-0.000578
1672,-0.153021,-0.000655,0.424575,0.000284,0.166441,0.000591
1673,-0.151144,-0.001447,0.425824,0.000328,0.166363,0.001781
1674,-0.134779,-0.005413,0.408482,-0.000174,0.166063,0.002753
1675,-0.099951,-0.004152,0.415558,0.000054,0.163043,0.003083
1676,-0.102244,-0.003377,0.427614,0.000265,0.162494,0.002899
1677,-0.192029,-0.010578,0.423805,-0.000430,0.170450,0.002433
1678,-0.181116,-0.011629,0.423934,-0.000440,0.170024,0.001710
1679,-0.188526,-0.011093,0.441875,-0.000051,0.170143,0.000946
1680,0.215515,0.021586,0.423969,0.002844,0.136598,0.000542
1681,0.221696,0.018316,0.422441,0.002455,0.135685,0.000326
1682,0.221609,0.016920,0.421375,0.002088,0.134387,0.000109
1683,0.293101,0.015247,0.407540,0.001639,0.126700,-0.000082
1684,0.144747,0.016423,0.432009,0.001244,0.136053,-0.000284
1685,0.123513,0.043727,0.638102,0.006733,0.125512,-0.000373
1686,0.212384,0.014102,0.418284,0.000908,0.128080,-0.001109
1687,0.282166,0.014609,0.404557,0.000595,0.119852,-0.001201
1688,0.275766,0.014556,0.403139,0.000085,0.116461,-0.001290
1689,-0.118633,0.032528,0.542715,0.002600,0.140241,-0.001339
1690,0.269978,0.014492,0.402938,-0.000237,0.113453,-0.002227
1691,0.263240,0.014537,0.400674,-0.000738,0.109815,-0.002227
1692,-0.104519,0.023110,0.509573,0.000763,0.132328,-0.002171
1693,0.241424,-0.006952,0.432467,-0.001637,0.105582,0.000497
1694,-0.342164,-0.112910,0.447971,-0.011936,0.150650,0.000449
1695,-0.158842,0.101591,0.384214,0.004135,0.138039,0.008503
1696,0.241527,0.010179,0.400666,-0.000668,0.100800,0.010817
1697,-1.215285,0.288518,0.415710,0.021049,0.222271,0.010711
1698,0.238210,0.014165,0.399306,0.001650,0.100593,0.024795
1699,0.139640,-0.050231,0.412588,-0.003827,0.105848,0.024334
1700,-0.517109,0.066342,0.309200,0.003245,0.165581,0.023064
1701,0.221471,-0.015347,0.419984,0.003179,0.097027,0.023754
1702,0.223631,0.006040,0.397028,0.004593,0.093784,0.021888
1703,-0.909061,-0.279157,0.373329,-0.021161,0.190832,0.019972
1704,0.219918,0.022339,0.414254,0.000450,0.093231,0.013658
1705,-1.078651,0.246011,0.487970,0.018835,0.197786,0.011432
1706,-0.861590,0.118761,0.356084,0.011341,0.191426,0.019507
1707,0.221135,0.005563,0.406336,0.006941,0.098321,0.015987
1708,-1.388859,-0.172500,0.373755,-0.009962,0.237547,0.013752
1709,-0.929630,0.115258,0.401819,0.013918,0.202213,0.010912
1710,-0.876726,-0.055332,0.334816,0.002716,0.206356,0.010830
1711,-0.817145,-0.082394,0.406417,0.002108,0.202610,0.009397
1712,-0.832905,0.013518,0.503462,0.012479,0.204224,0.008086
1713,-0.742341,0.214357,0.263121,0.029373,0.213578,0.008839
1714,-0.821149,-0.070368,0.388525,0.013804,0.219858,0.017284
1715,-0.599039,-0.279506,0.387752,-0.003831,0.209114,0.024861
1716,0.278436,0.015287,0.440888,0.017781,0.136407,0.020593
1717,-1.064817,-0.030036,0.450838,0.012182,0.256692,0.018711
1718,0.083975,0.053206,0.407374,0.022181,0.167947,0.017470
1719,-0.202451,0.006438,0.440123,0.019173,0.192349,0.013376
1720,-0.359761,0.019510,0.788507,0.026396,0.193528,0.010003
1721,0.151781,0.060297,0.278253,0.024735,0.182671,0.008771
1722,0.149845,0.049571,0.341737,0.025481,0.181947,0.010167
1723,0.264668,-0.024146,0.431096,0.022188,0.170184,0.008937
1724,-0.056487,-0.091699,0.425713,0.015518,0.200449,0.006880
1725,-0.670310,-0.165313,0.409962,0.007455,0.257155,0.005961
1726,0.367033,-0.006419,0.424274,0.021740,0.171144,0.010576
1727,0.368252,-0.006221,0.423876,0.020781,0.170755,0.008932
1728,0.083710,0.028092,0.472963,0.022635,0.194096,0.007289
1729,1.379750,-0.401135,0.508434,-0.010740,0.084614,0.006015
1730,1.058061,-0.164217,0.584212,0.006044,0.104074,0.008416
1731,0.284163,-0.009553,0.435180,0.013213,0.175024,0.009780
1732,0.281876,-0.007303,0.434867,0.011572,0.173723,0.008307
1733,0.281729,-0.004185,0.433774,0.009990,0.172003,0.006841
1734,0.289217,-0.020295,0.430184,0.006740,0.169423,0.005407
1735,0.266891,0.005500,0.433513,0.006617,0.168667,0.003906
1736,-0.086727,0.044592,0.572322,0.010295,0.189175,0.002650
1737,0.364376,0.002849,0.413949,0.004776,0.156799,0.002203
1738,0.195181,-0.015970,0.445725,0.001485,0.166389,0.001104
1739,0.270583,0.000980,0.425443,0.000822,0.158944,0.000136
1740,-0.045020,-0.019375,0.519733,-0.001353,0.177723,-0.000709
1741,-0.020535,-0.031657,0.428701,-0.005349,0.178143,-0.002487
1742,-0.155773,-0.010150,0.421949,-0.005636,0.187495,-0.003655
1743,0.336254,0.008731,0.416163,-0.004024,0.142770,-0.006285
1744,-0.488813,-0.096362,0.390592,-0.016018,0.211259,-0.006715
1745,-0.066310,0.086368,0.455086,-0.002431,0.171176,-0.009076
1746,-0.058715,-0.004440,0.416877,-0.010295,0.170840,-0.010515
1747,-0.132965,0.023562,0.429054,-0.009297,0.174269,-0.010846
1748,-0.413769,-0.054759,0.383996,-0.017340,0.199379,-0.011000
1749,-0.070686,0.006119,0.514778,-0.011572,0.162041,-0.009079
1750,-0.222783,-0.000174,0.328082,-0.016052,0.182947,-0.011752
1751,-0.141429,0.032972,0.491144,-0.011921,0.166476,-0.012951
1752,-0.314429,-0.011250,0.323970,-0.018749,0.188667,-0.017113
1753,-0.329872,0.033469,0.386063,-0.015165,0.186290,-0.018146
1754,0.176388,0.084078,0.552883,-0.007946,0.133936,-0.019491
1755,0.235012,0.028414,0.417283,-0.013850,0.134885,-0.018278
1756,0.299944,0.037122,0.406520,-0.013722,0.126538,-0.016661
1757,-0.392013,-0.035153,0.529905,-0.019189,0.176498,-0.014838
1758,0.136884,0.062056,0.414362,-0.012733,0.136369,-0.017994
1759,-0.491038,-0.093105,0.280631,-0.028176,0.196808,-0.017079
1760,-0.383471,-0.018121,0.391864,-0.021912,0.181168,-0.013620
1761,-0.011899,0.142160,0.549159,-0.005820,0.140052,-0.009872
1762,-0.472695,-0.016372,0.316310,-0.020639,0.192258,-0.010657
1763,-0.167269,-0.097498,0.541032,-0.022951,0.154265,-0.011065
1764,-0.070586,0.089600,0.398361,-0.011522,0.152069,-0.013432
1765,-0.611088,-0.067626,0.273822,-0.025825,0.206138,-0.020110
1766,-0.732454,-0.021578,0.400218,-0.020923,0.210827,-0.016215
1767,-0.579741,-0.008451,0.376655,-0.019409,0.200742,-0.010640
1768,0.038770,0.073771,0.550701,-0.008904,0.140071,-0.009564
1769,-0.465966,-0.026936,0.406325,-0.018565,0.192821,-0.009404
1770,0.079858,0.049543,0.441781,-0.010831,0.145091,-0.013903
1771,-0.569185,-0.055100,0.281049,-0.021907,0.210788,-0.013585
1772,0.181109,0.076527,0.552858,-0.006268,0.133327,-0.010611
1773,-0.476163,-0.028823,0.326415,-0.017604,0.202803,-0.008782
1774,0.162215,-0.032194,0.541994,-0.012733,0.138249,-0.010474
1775,0.199236,0.032962,0.441794,-0.009897,0.140509,-0.009761
1776,0.163916,0.001413,0.444350,-0.012264,0.142933,-0.007391
1777,-0.445221,-0.005978,0.330073,-0.015233,0.201070,-0.005555
1778,0.266543,0.031316,0.416352,-0.008494,0.136427,-0.007198
1779,0.167873,-0.026668,0.566842,-0.011136,0.136204,-0.005707
1780,0.211200,0.026585,0.454002,-0.009401,0.137827,-0.004653
1781,0.205892,0.028728,0.446746,-0.009295,0.137462,-0.003369
1782,0.224310,0.034532,0.421809,-0.009055,0.135854,-0.002222
1783,0.208416,0.013944,0.485635,-0.009670,0.132108,-0.001036
1784,0.218591,0.038885,0.420735,-0.008825,0.132848,-0.000087
1785,-0.648941,-0.050374,0.326416,-0.018262,0.210829,0.000877
1786,0.119352,0.105085,0.533864,-0.001559,0.133760,0.002201
1787,0.133203,-0.005240,0.427666,-0.010511,0.137618,0.001818
1788,0.111896,-0.016926,0.432454,-0.012034,0.137504,0.000985
1789,0.207896,0.045751,0.418236,-0.007443,0.128206,0.000728
1790,-0.001351,-0.044111,0.467264,-0.013861,0.141405,0.001114
1791,-0.806474,-0.049768,0.294108,-0.018009,0.218630,0.003026
1792,-0.786088,-0.018067,0.379260,-0.013752,0.212463,0.004737
1793,-0.942697,-0.053961,0.338032,-0.015947,0.231051,0.010521
1794,0.046613,-0.033731,0.533700,-0.010139,0.138726,0.010123
1795,0.162612,0.107473,0.468132,0.000007,0.132262,0.007632
1796,-0.517404,-0.046459,0.297808,-0.013602,0.199924,0.007628
1797,-0.446006,-0.080716,0.423156,-0.013189,0.188568,0.003675
1798,-0.776278,-0.169234,0.351105,-0.022287,0.222700,0.003081
1799,-0.321508,-0.029404,0.441798,-0.009544,0.181754,0.002602
1800,-0.383629,-0.053727,0.440793,-0.010465,0.189098,0.002087
1801,-0.288821,-0.059032,0.406794,-0.011125,0.185385,0.001133
1802,0.228374,0.017270,0.422921,-0.003898,0.142073,-0.000728
1803,-0.115890,0.042698,0.498072,-0.000892,0.168358,-0.001221
1804,-0.547479,-0.109269,0.346998,-0.016366,0.215223,-0.003876
1805,-0.533450,0.060885,0.407559,-0.002600,0.212388,-0.003945
1806,-0.475763,-0.100523,0.407597,-0.013924,0.211905,-0.001010
1807,-0.176581,0.064114,0.453091,-0.000239,0.185887,-0.000189
1808,-0.400035,-0.094244,0.395423,-0.012679,0.211567,0.001972
1809,-0.386759,0.000772,0.426549,-0.005470,0.211703,0.002317
1810,0.326850,0.029184,0.442939,-0.000893,0.152117,0.002387
1811,-0.568338,-0.209319,0.393031,-0.023088,0.231960,0.002317
1812,-0.196052,0.153337,0.468388,0.006700,0.200176,0.008327
1813,-0.154353,-0.059734,0.424116,-0.008504,0.202472,0.008638
1814,-0.105135,0.023128,0.448685,-0.002178,0.199038,0.004856
1815,0.037982,0.045059,0.373793,-0.001296,0.192695,0.003002
1816,0.016346,0.050486,0.479121,0.001773,0.190723,0.003401
1817,0.061315,-0.041933,0.489736,-0.004665,0.188003,0.003764
1818,0.067085,0.005100,0.433102,-0.002641,0.191679,0.004195
1819,0.105004,-0.027117,0.457413,-0.004858,0.188030,0.005039
1820,-0.100807,-0.029184,0.448030,-0.006236,0.207125,0.006194
1821,-0.030385,-0.004040,0.441012,-0.004752,0.202576,0.005425
1822,0.280911,0.033232,0.439393,-0.001658,0.176630,0.004353
1823,0.287501,0.010465,0.435442,-0.003870,0.175861,0.003788
1824,0.286067,0.013753,0.434033,-0.004481,0.175038,0.003056
1825,0.042844,0.037102,0.524049,-0.001947,0.189755,0.002339
1826,0.091549,-0.003623,0.432212,-0.005688,0.190182,-0.000004
1827,0.296741,0.008869,0.426909,-0.004797,0.171764,-0.001303
1828,-0.082290,-0.034505,0.476109,-0.008700,0.200114,-0.001827
1829,0.297356,0.004519,0.421562,-0.006361,0.169419,-0.005588
1830,-0.095452,-0.042840,0.461072,-0.010913,0.199126,-0.005954
1831,-0.114682,-0.062574,0.415822,-0.013903,0.202258,-0.009032
1832,-0.155955,-0.014657,0.426401,-0.011518,0.204175,-0.007780
1833,0.018050,0.010863,0.473221,-0.008646,0.185796,-0.008448
1834,-0.165548,-0.013650,0.388162,-0.012599,0.204821,-0.008005
1835,-0.049115,0.031586,0.435405,-0.008554,0.191628,-0.005562
1836,-0.025305,0.016226,0.435854,-0.009550,0.188548,-0.005414
1837,-0.183045,0.001821,0.419453,-0.011528,0.201821,-0.005347
1838,-0.189468,0.014306,0.419685,-0.011283,0.201585,-0.004410
1839,-0.038070,0.051689,0.433082,-0.007727,0.187355,-0.003675
1840,-0.051089,-0.000562,0.443307,-0.011238,0.186851,-0.003360
1841,-0.298867,-0.023990,0.398046,-0.014707,0.209628,-0.003200
1842,-0.100876,0.030217,0.437862,-0.009851,0.190205,-0.002941
1843,-0.092078,-0.008485,0.436197,-0.012334,0.188852,-0.003918
1844,-0.079538,-0.000040,0.424139,-0.012025,0.187535,-0.004942
1845,-0.302413,-0.025404,0.405535,-0.014814,0.206819,-0.005217
1846,-0.334184,-0.023064,0.438559,-0.014627,0.207698,-0.003701
1847,-0.267842,0.009748,0.396926,-0.012437,0.204682,-0.004710
1848,-0.141368,0.022599,0.426364,-0.010337,0.192484,-0.003617
1849,-0.074962,0.000566,0.435252,-0.011166,0.186018,-0.003556
1850,-0.124818,-0.005531,0.417644,-0.011979,0.190771,-0.003483
1851,-0.299573,-0.045009,0.416996,-0.015602,0.205480,-0.002369
1852,-0.148716,0.035887,0.424524,-0.009240,0.192635,-0.000064
1853,-0.314465,-0.051105,0.416690,-0.015782,0.207316,-0.000226
1854,-0.149443,0.031951,0.425386,-0.009183,0.193366,-0.000380
1855,-0.105654,-0.007319,0.433660,-0.011244,0.189290,-0.001065
1856,-0.133283,-0.013407,0.424330,-0.011827,0.192201,-0.002069
1857,-0.090143,-0.021463,0.449938,-0.012039,0.187046,-0.003100
1858,-0.272866,-0.031432,0.403210,-0.014100,0.205398,-0.003570
1859,-0.130122,0.013437,0.428220,-0.009976,0.192359,-0.004387
1860,-0.076011,-0.032556,0.449418,-0.012686,0.186600,-0.004953
1861,-0.122326,-0.001224,0.412785,-0.011171,0.192664,-0.004990
1862,-0.282576,-0.077233,0.417258,-0.017206,0.206209,-0.005183
1863,0.340183,0.039153,0.433879,-0.007623,0.151596,-0.004363
1864,-0.299507,0.145523,0.459397,0.001201,0.202762,-0.003816
1865,-0.264319,-0.293699,0.412426,-0.033113,0.205296,-0.000299
1866,-0.245000,0.103170,0.412293,-0.005861,0.203103,-0.000961
1867,-0.044455,0.049218,0.439188,-0.006750,0.185351,0.003434
1868,-0.160296,-0.025996,0.425950,-0.011982,0.196024,0.003841
1869,-0.053813,-0.079729,0.446682,-0.015322,0.185994,-0.000515
1870,-0.032478,0.000126,0.438551,-0.010630,0.184440,-0.001513
1871,-0.265321,-0.037086,0.399278,-0.014741,0.206408,-0.001780
1872,-0.233233,-0.004839,0.423139,-0.012174,0.202811,-0.001899
1873,-0.040782,0.033792,0.453497,-0.008198,0.185159,-0.001562
1874,-0.068134,0.013017,0.416231,-0.009817,0.189589,-0.001592
1875,-0.044690,-0.006517,0.437960,-0.010701,0.186164,-0.002267
1876,-0.153629,-0.076580,0.412889,-0.017338,0.196685,-0.002860
1877,-0.211316,0.004844,0.435365,-0.011445,0.200380,-0.004700
1878,-0.028239,0.054646,0.436545,-0.006634,0.185186,-0.004009
1879,-0.065539,-0.008907,0.431729,-0.010928,0.188473,-0.003784
1880,-0.042943,-0.008750,0.436888,-0.010920,0.186003,-0.003771
1881,-0.025386,0.000823,0.438702,-0.010322,0.184055,-0.003516
1882,-0.223623,-0.045505,0.413138,-0.014880,0.202099,-0.003307
1883,-0.022172,0.056833,0.441567,-0.006460,0.183542,-0.001720
1884,-0.067619,-0.021707,0.442955,-0.011848,0.187015,-0.001579
1885,-0.055154,-0.004428,0.433532,-0.011070,0.186238,-0.001459
1886,-0.021979,0.033322,0.424154,-0.008144,0.183404,-0.001308
1887,-0.275970,-0.062220,0.412568,-0.015964,0.205309,-0.001527
1888,-0.262465,-0.024978,0.436163,-0.013475,0.203101,-0.001505
1889,-0.288131,-0.028279,0.417091,-0.013972,0.206905,-0.003548
1890,-0.063735,0.042042,0.416833,-0.007638,0.188266,-0.005620
1891,-0.083604,-0.019924,0.433211,-0.011547,0.188871,-0.005673
1892,-0.061440,-0.011029,0.435780,-0.011027,0.186588,-0.005768
1893,-0.182056,-0.080558,0.409926,-0.017682,0.198138,-0.005392
1894,-0.233416,0.016498,0.432905,-0.010432,0.201255,-0.005896
1895,-0.224093,-0.031347,0.440627,-0.013644,0.200777,-0.004433
1896,-0.047214,0.018140,0.433920,-0.009495,0.186460,-0.004667
1897,-0.081949,0.007589,0.415016,-0.010271,0.190377,-0.003259
1898,-0.056631,-0.006985,0.436166,-0.010834,0.186809,-0.002443
1899,-0.044862,0.000037,0.436560,-0.010393,0.185543,-0.001763
1900,-0.223748,-0.051748,0.419193,-0.015196,0.201633,-0.001442
1901,-0.041113,0.049337,0.434071,-0.007126,0.185451,-0.000669
1902,-0.071086,-0.018754,0.444848,-0.011677,0.187192,-0.000391
1903,-0.052406,0.024617,0.417824,-0.008837,0.186938,-0.000370
1904,-0.283237,-0.069464,0.417271,-0.016454,0.206441,-0.000764
1905,-0.057683,0.023781,0.450787,-0.009045,0.185602,-0.001254
1906,-0.083654,0.017930,0.415734,-0.009608,0.189638,-0.001333
1907,-0.174305,-0.088146,0.414086,-0.018161,0.197217,-0.002160
1908,-0.068175,0.050503,0.447943,-0.007243,0.186077,-0.004798
1909,-0.061323,-0.002924,0.431673,-0.010727,0.186380,-0.005268
1910,-0.082176,-0.010373,0.442417,-0.011309,0.187246,-0.005425
1911,-0.287236,-0.057975,0.417987,-0.016070,0.206119,-0.005104
1912,-0.287640,-0.038785,0.395299,-0.015323,0.207910,-0.006533
1913,-0.082938,0.025395,0.441481,-0.008983,0.188073,-0.007787
1914,-0.249501,-0.047707,0.417746,-0.015077,0.203858,-0.006905
1915,-0.285232,-0.020199,0.434175,-0.013425,0.206618,-0.004389
1916,-0.071770,0.024268,0.426123,-0.009296,0.189601,-0.004355
1917,-0.036699,0.015304,0.429712,-0.009334,0.186481,-0.003622
1918,-0.213620,-0.052890,0.424014,-0.015134,0.201839,-0.002627
1919,-0.059010,0.029137,0.439698,-0.008777,0.188143,-0.001030
1920,-0.228141,-0.042287,0.416541,-0.014581,0.204031,-0.000915
1921,-0.202684,-0.024556,0.439724,-0.013284,0.201120,0.000147
1922,-0.022464,0.022482,0.435960,-0.009245,0.186472,-0.001456
1923,0.026697,0.004202,0.433580,-0.010401,0.182270,-0.001131
1924,-0.038244,0.008136,0.423916,-0.010309,0.187934,-0.001727
1925,-0.025298,0.002998,0.455495,-0.010144,0.184601,-0.002163
1926,-0.214769,-0.025284,0.407052,-0.013655,0.203391,-0.000765
1927,-0.159823,-0.006134,0.421179,-0.012327,0.198220,0.001736
1928,-0.021025,0.077482,0.448007,-0.005053,0.184447,0.002086
1929,-0.219889,-0.029656,0.417341,-0.013198,0.203315,0.003509
1930,-0.043920,0.029121,0.448728,-0.008054,0.186845,0.005661
1931,-0.210201,-0.018969,0.409558,-0.012393,0.203189,0.006618
1932,-0.248612,0.008562,0.418612,-0.010092,0.206326,0.007497
1933,-0.219804,0.003586,0.423063,-0.010035,0.204297,0.007729
1934,-0.016371,0.044281,0.442468,-0.005873,0.186256,0.005300
1935,-0.025540,0.001747,0.446768,-0.008483,0.186575,0.003024
1936,0.007538,-0.000738,0.429796,-0.008854,0.184553,0.000912
1937,0.023458,-0.011242,0.441477,-0.009409,0.182028,-0.001490
1938,-0.100810,-0.063440,0.413291,-0.014596,0.193604,-0.003332
1939,-0.016513,0.058449,0.446586,-0.004524,0.183943,-0.005477
1940,-0.062821,-0.026145,0.435091,-0.010413,0.188234,-0.005823
1941,-0.019295,-0.019581,0.436597,-0.010045,0.183964,-0.006656
1942,-0.005342,-0.016601,0.437741,-0.010058,0.181785,-0.005885
1943,-0.258851,-0.074858,0.407251,-0.015896,0.204629,-0.004958
1944,-0.056075,0.009529,0.448282,-0.008818,0.184940,-0.002187
1945,-0.039931,-0.006963,0.435334,-0.009962,0.183781,-0.001066
1946,-0.093467,-0.004449,0.412395,-0.010105,0.188985,-0.000202
1947,-0.072219,-0.019889,0.433918,-0.010809,0.185286,-0.000037
1948,-0.095694,-0.022201,0.439722,-0.011236,0.186316,-0.000024
1949,-0.099669,-0.011612,0.428745,-0.010853,0.186831,0.000007
1950,-0.104398,-0.009005,0.428708,-0.010776,0.186686,0.000026
1951,-0.114784,-0.003243,0.430902,-0.010388,0.186895,-0.000031
1952,-0.260146,-0.034261,0.400661,-0.013615,0.200566,-0.000166
1953,-0.137465,0.003607,0.438890,-0.010158,0.187882,-0.000783
1954,-0.084266,-0.001348,0.423553,-0.010514,0.183918,-0.000754
1955,-0.428767,-0.068139,0.394461,-0.016653,0.214721,-0.001589
1956,-0.325372,-0.006229,0.419947,-0.011683,0.205219,-0.001441
1957,-0.129317,0.013020,0.442395,-0.009397,0.187822,-0.001613
1958,-0.139998,-0.004001,0.426198,-0.010599,0.189797,-0.001757
1959,-0.103033,0.014055,0.415825,-0.008979,0.187373,-0.002115
1960,-0.094206,-0.005168,0.430720,-0.009869,0.185719,-0.002644
1961,-0.330433,-0.075003,0.412568,-0.016307,0.206975,-0.003164
1962,-0.112745,0.049002,0.430729,-0.006547,0.188018,-0.002567
1963,-0.082495,0.000278,0.424637,-0.009214,0.185963,-0.002621
1964,-0.085813,-0.072949,0.443299,-0.014232,0.185378,-0.005129
1965,-0.086830,0.006115,0.427745,-0.009415,0.185990,-0.005554
1966,-0.269772,-0.045011,0.418910,-0.013974,0.202219,-0.005325
1967,-0.325873,-0.015795,0.412846,-0.012665,0.208064,-0.004286
1968,-0.057792,0.033973,0.445333,-0.007671,0.184179,-0.002042
1969,-0.090448,-0.000926,0.430699,-0.009857,0.187941,-0.001699
1970,-0.166247,-0.043790,0.421479,-0.013283,0.195272,-0.002084
1971,-0.037823,-0.037638,0.433630,-0.012160,0.183997,-0.004705
1972,-0.077706,-0.022215,0.434114,-0.011830,0.187107,-0.004467
1973,-0.095889,-0.019568,0.434699,-0.012046,0.188549,-0.004015
1974,-0.297374,-0.058852,0.410454,-0.016229,0.207387,-0.004193
1975,-0.045818,0.022627,0.448199,-0.009443,0.184400,-0.002806
1976,-0.268889,-0.035102,0.406583,-0.014911,0.205983,-0.001632
1977,-0.059363,0.029454,0.444392,-0.009091,0.186534,-0.000437
1978,-0.287832,-0.051127,0.407981,-0.015927,0.208374,-0.000816
1979,-0.178431,0.007312,0.429617,-0.011339,0.198620,-0.000455
1980,-0.192828,0.010228,0.424414,-0.011147,0.200801,-0.000283
1981,-0.182091,-0.009006,0.424901,-0.012526,0.200589,-0.000565
1982,-0.120183,-0.025016,0.425691,-0.013926,0.195828,-0.000769
1983,-0.025758,0.055319,0.448766,-0.006872,0.186628,-0.003060
1984,-0.175704,-0.040223,0.424091,-0.014305,0.201256,-0.003531
1985,0.022020,0.032915,0.445544,-0.008505,0.183637,-0.003613
1986,0.007617,0.019537,0.449929,-0.009222,0.184612,-0.003039
1987,0.013772,0.019309,0.438830,-0.009324,0.184464,-0.002380
1988,0.009726,0.025435,0.426907,-0.008848,0.185088,-0.001743
1989,-0.009403,0.009891,0.436733,-0.009616,0.185574,-0.001657
1990,-0.179435,-0.044844,0.421619,-0.014530,0.200657,-0.001801
1991,0.028822,0.032895,0.456944,-0.008074,0.180951,-0.001399
1992,-0.177709,-0.026168,0.406678,-0.013525,0.200964,-0.001002
1993,-0.017375,0.040457,0.439260,-0.007630,0.185291,-0.000503
1994,-0.020925,0.001003,0.436095,-0.010075,0.185189,-0.000757
1995,-0.020571,-0.012183,0.447021,-0.011015,0.183984,-0.001331
1996,-0.018490,0.004569,0.434560,-0.010181,0.183966,-0.001537
1997,0.005924,0.007040,0.429711,-0.010035,0.181360,-0.001445
1998,-0.222465,-0.038477,0.413199,-0.014262,0.201036,-0.001846
1999,-0.198779,0.011529,0.423797,-0.010500,0.198199,-0.001493
2000,-0.214224,-0.005087,0.421410,-0.011679,0.199663,-0.001060
2001,-0.037607,0.029539,0.448636,-0.008001,0.182990,-0.000872
2002,-0.278149,-0.043560,0.397844,-0.014477,0.206044,-0.000917
2003,-0.057932,0.021480,0.450880,-0.008398,0.184334,-0.001146
2004,-0.079785,0.002056,0.429558,-0.009828,0.187050,-0.001064
2005,-0.289251,-0.052533,0.400481,-0.014834,0.206331,-0.001143
2006,-0.073689,0.018182,0.442200,-0.008470,0.185732,-0.001203
2007,-0.104176,-0.007911,0.420373,-0.010167,0.189295,-0.002207
2008,-0.100152,-0.039872,0.443381,-0.012255,0.187375,-0.002740
2009,-0.087097,-0.009113,0.432442,-0.010496,0.186653,-0.002677
2010,-0.094781,-0.010390,0.421512,-0.010664,0.187593,-0.002370
2011,-0.130790,-0.024356,0.423407,-0.011518,0.190185,-0.003156
2012,-0.120488,-0.027964,0.431971,-0.011745,0.188750,-0.003766
2013,-0.050650,0.011184,0.429856,-0.008726,0.182265,-0.003559
2014,-0.090601,-0.031156,0.443393,-0.011912,0.184502,-0.002271
2015,-0.101038,-0.008368,0.429319,-0.010820,0.185846,-0.000356
2016,-0.085099,-0.006588,0.419788,-0.010871,0.184635,0.001556
2017,-0.138708,-0.006435,0.425959,-0.010806,0.188508,0.002615
2018,-0.387368,-0.061397,0.399633,-0.015940,0.211144,0.002400
2019,-0.147056,0.026567,0.436113,-0.008507,0.189189,0.004500
2020,-0.128353,-0.010100,0.438078,-0.010682,0.187524,0.003742
2021,-0.111129,0.023820,0.412967,-0.008416,0.187569,0.004158
2022,-0.340578,-0.063121,0.411536,-0.015437,0.207219,0.003345
2023,-0.157584,0.036269,0.441482,-0.007424,0.190506,0.003237
2024,-0.362490,-0.051548,0.396441,-0.014695,0.211227,0.002440
2025,0.333353,0.036982,0.436399,-0.006590,0.149272,0.001256
2026,-0.352663,0.162762,0.456533,0.003814,0.204691,0.000985
2027,-0.091326,-0.120316,0.417972,-0.016054,0.187508,0.004428
2028,-0.274074,0.026541,0.424580,-0.006552,0.202224,0.005098
2029,-0.103868,-0.014150,0.423876,-0.009347,0.188817,0.004481
2030,-0.107889,0.009643,0.429871,-0.007611,0.188730,0.002374
2031,-0.068814,0.000502,0.436943,-0.007884,0.185141,0.000211
2032,-0.307793,-0.055267,0.409997,-0.013158,0.207223,-0.001697
2033,-0.333263,-0.019589,0.413875,-0.010870,0.210127,-0.002474
2034,-0.051785,0.026024,0.458125,-0.005802,0.184564,-0.002437
2035,-0.176085,-0.087197,0.397995,-0.015670,0.198964,-0.002235
2036,-0.028205,0.026019,0.460140,-0.005927,0.182932,-0.003745
2037,-0.062600,0.002639,0.427690,-0.007632,0.188085,-0.003020
2038,-0.175239,-0.103879,0.408415,-0.016560,0.198984,-0.004180
2039,-0.055373,0.025978,0.461269,-0.006114,0.185848,-0.004844
2040,-0.179730,-0.054141,0.411352,-0.012955,0.199715,-0.003731
2041,-0.037754,0.008637,0.449029,-0.007657,0.185783,-0.001700
2042,-0.046764,-0.004291,0.433352,-0.008718,0.187469,-0.001221
2043,-0.174623,-0.055456,0.413969,-0.013369,0.199494,-0.001096
2044,-0.178083,-0.027840,0.425568,-0.011655,0.199365,-0.000996
2045,-0.025511,0.014102,0.449160,-0.007783,0.185284,-0.001202
2046,-0.165870,-0.035520,0.413486,-0.012421,0.199256,-0.001253
2047,-0.019306,0.017677,0.450270,-0.007720,0.184815,-0.001579
2048,0.004235,0.007566,0.438825,-0.008469,0.183267,-0.001732
2049,0.004825,0.012477,0.416759,-0.008420,0.184015,-0.002037
2050,-0.023653,-0.000855,0.457806,-0.008975,0.183426,-0.002470
2051,-0.206163,-0.031019,0.406930,-0.012760,0.201623,-0.001279
2052,-0.228800,-0.002567,0.418775,-0.010777,0.202999,0.000856
2053,-0.022826,0.036834,0.453410,-0.006758,0.183726,0.002986
2054,-0.016035,0.009651,0.436118,-0.008669,0.183809,0.002822
2055,-0.193840,-0.020866,0.408914,-0.011904,0.200093,0.002191
2056,-0.224896,0.005220,0.418288,-0.010116,0.202245,0.001147
2057,-0.024107,0.043054,0.454242,-0.006099,0.183304,0.000356
2058,-0.020305,0.011795,0.435846,-0.008231,0.183695,-0.000474
2059,-0.265522,-0.027597,0.399131,-0.012339,0.206318,-0.001320
2060,-0.047388,0.030564,0.451963,-0.006798,0.184892,-0.002173
2061,-0.027143,0.015460,0.437364,-0.007735,0.183692,-0.002494
2062,-0.196899,-0.011849,0.405817,-0.010488,0.199592,-0.002698
2063,-0.047346,0.035838,0.438511,-0.006014,0.184900,-0.002908
2064,-0.243725,-0.051574,0.414819,-0.013039,0.202668,-0.003186
2065,-0.222029,0.006787,0.422379,-0.008841,0.200718,-0.002237
2066,-0.247512,-0.024834,0.419384,-0.011082,0.203456,-0.001793
2067,-0.083531,0.033038,0.433637,-0.005876,0.189001,-0.000358
2068,-0.054389,-0.019470,0.436615,-0.009054,0.186217,-0.000391
2069,-0.056259,-0.014331,0.433360,-0.008837,0.186270,-0.000659
2070,-0.058211,-0.015745,0.433764,-0.008985,0.186120,-0.000907
2071,-0.245423,-0.068957,0.415298,-0.014046,0.202957,-0.001096
2072,-0.077917,0.014063,0.446776,-0.007343,0.187203,-0.000211
2073,-0.044026,-0.005957,0.425208,-0.008646,0.185380,0.000070
2074,-0.053339,-0.030060,0.444751,-0.010259,0.184566,-0.000291
2075,-0.278141,-0.066669,0.415838,-0.014513,0.205246,-0.000184
2076,-0.299982,-0.070756,0.391621,-0.015684,0.208941,-0.002520
2077,-0.042289,0.022456,0.447162,-0.006935,0.183954,-0.005587
2078,-0.077841,-0.029722,0.443524,-0.010915,0.187226,-0.005481
2079,-0.087385,0.000357,0.417218,-0.009397,0.189408,-0.004838
2080,-0.056911,-0.022467,0.448858,-0.010697,0.184723,-0.004362
2081,-0.093839,0.015401,0.414097,-0.008729,0.189611,-0.003276
2082,-0.059770,-0.016881,0.448871,-0.010514,0.184464,-0.002601
2083,-0.301314,-0.051348,0.391953,-0.015148,0.208142,-0.001520
2084,-0.254227,-0.015399,0.429638,-0.011865,0.202278,-0.003236
2085,-0.058892,0.035307,0.440519,-0.007595,0.185611,-0.001736
2086,-0.269381,-0.070751,0.402742,-0.016458,0.205749,-0.002176
2087,-0.228402,-0.017257,0.429540,-0.012287,0.201054,-0.005026
2088,-0.064851,0.039584,0.447922,-0.007495,0.186769,-0.004066
2089,-0.024508,0.012377,0.439344,-0.009167,0.183889,-0.003494
2090,-0.255746,-0.025901,0.400833,-0.013248,0.205732,-0.003008
2091,-0.217945,0.009595,0.424465,-0.010419,0.201684,-0.002228
2092,-0.195729,0.014715,0.428489,-0.009819,0.200159,-0.001281
2093,-0.031008,0.033139,0.445485,-0.007498,0.185630,-0.000967
2094,-0.014905,0.020132,0.443163,-0.008117,0.184433,-0.000735
2095,-0.019583,0.022671,0.424021,-0.007949,0.185696,-0.000547
2096,-0.024001,0.004342,0.437159,-0.008868,0.184947,-0.000904
2097,-0.194162,-0.044412,0.420489,-0.013402,0.200230,-0.001533
2098,-0.215017,-0.007156,0.419234,-0.011119,0.202407,-0.001852
2099,-0.185482,0.000367,0.428972,-0.010309,0.199777,-0.001628
2100,-0.030744,0.024573,0.449233,-0.007522,0.185709,-0.001705
2101,-0.181051,-0.030777,0.412098,-0.012379,0.200614,-0.001675
2102,-0.178254,-0.018425,0.425305,-0.011446,0.199888,-0.001694
2103,-0.031449,0.023582,0.432716,-0.007592,0.187126,-0.002017
2104,-0.033547,0.004094,0.454687,-0.008302,0.185721,-0.002331
2105,-0.023374,0.012304,0.437112,-0.007950,0.185692,-0.000487
2106,-0.206114,-0.033332,0.407462,-0.012249,0.202784,0.001316
2107,-0.204272,-0.007313,0.422636,-0.010246,0.202045,0.004085
2108,-0.150832,-0.000142,0.429032,-0.009354,0.197462,0.004205
2109,-0.019685,0.043590,0.438007,-0.005322,0.185853,0.004253
2110,-0.132137,-0.030929,0.427602,-0.010813,0.195779,0.003140
2111,-0.019797,0.022301,0.436920,-0.006617,0.185696,0.001312
2112,-0.135279,-0.038978,0.427533,-0.011399,0.195686,-0.000194
2113,-0.020501,0.008564,0.448423,-0.007588,0.184698,-0.001977
2114,-0.015212,-0.007802,0.436532,-0.008822,0.184493,-0.002672
2115,-0.194165,-0.048233,0.408507,-0.012942,0.200895,-0.003011
2116,-0.026725,0.016574,0.450113,-0.007251,0.184112,-0.002502
2117,-0.028157,0.001848,0.423075,-0.008378,0.185265,-0.002220
2118,-0.033397,-0.021768,0.446643,-0.009820,0.183665,-0.002265
2119,-0.030959,-0.007346,0.433859,-0.009234,0.183648,-0.001885
2120,0.340452,0.027876,0.431633,-0.006068,0.150295,-0.001178
2121,-0.212006,0.090531,0.447155,-0.001335,0.193956,-0.001036
2122,-0.079027,-0.064138,0.417287,-0.012451,0.185660,0.001418
2123,-0.078396,0.013387,0.446161,-0.007289,0.182629,0.001433
2124,-0.303049,0.009928,0.392852,-0.008689,0.204307,0.001936
2125,-0.134251,0.035088,0.441249,-0.005744,0.187214,0.000602
2126,-0.287698,0.003294,0.401604,-0.008444,0.202319,-0.000769
2127,-0.396241,-0.004908,0.403046,-0.009313,0.211713,-0.003166
2128,-0.396278,0.002033,0.410393,-0.008386,0.212087,-0.003922
2129,-0.374196,-0.009611,0.415589,-0.008699,0.210928,-0.003995
2130,-0.446600,-0.037051,0.402254,-0.010590,0.218971,-0.004167
2131,-0.154115,0.013396,0.431911,-0.005148,0.193813,-0.003687
2132,-0.107221,-0.005993,0.429824,-0.005677,0.190426,-0.003964
2133,-0.116868,-0.054312,0.433427,-0.009155,0.191583,-0.004522
2134,-0.055277,-0.016813,0.439322,-0.006277,0.186216,-0.004586
2135,-0.308812,-0.096728,0.411782,-0.013484,0.209783,-0.004669
2136,-0.276985,-0.048363,0.420291,-0.010392,0.207642,-0.001944
2137,-0.252534,-0.042944,0.424167,-0.010023,0.206460,-0.000966
2138,-0.260940,-0.051447,0.414607,-0.010839,0.208818,-0.000603
2139,-0.230479,-0.034179,0.430060,-0.009360,0.206596,-0.000133
2140,-0.211065,-0.042569,0.423500,-0.010124,0.206478,-0.001074
2141,-0.191391,-0.029715,0.429056,-0.009148,0.205580,-0.002492
2142,-0.182853,-0.029482,0.427011,-0.009348,0.206111,-0.002683
2143,0.018878,0.019892,0.438053,-0.004942,0.189161,-0.003208
2144,-0.124066,-0.095388,0.386285,-0.015170,0.204574,-0.003909
2145,-0.123487,0.028595,0.473530,-0.004976,0.200180,-0.005291
2146,0.029814,0.050459,0.456386,-0.002531,0.188714,-0.006041
2147,-0.031864,-0.028470,0.422145,-0.009170,0.196264,-0.004908
2148,0.018921,0.024066,0.460636,-0.005159,0.190040,-0.003571
2149,-0.029117,-0.012909,0.428031,-0.008513,0.195978,-0.003671
2150,-0.117950,-0.013697,0.445376,-0.009101,0.202606,-0.003191
2151,0.027313,0.035138,0.435223,-0.005293,0.190970,-0.003884
2152,-0.064292,-0.029022,0.427125,-0.010474,0.198891,-0.003881
2153,-0.056884,0.001805,0.447609,-0.008274,0.196814,-0.005369
2154,-0.058425,0.008037,0.435964,-0.008357,0.197740,-0.005818
2155,-0.075975,0.005656,0.429442,-0.008780,0.199455,-0.006779
2156,-0.064642,-0.009479,0.437166,-0.009969,0.197829,-0.007803
2157,-0.088282,-0.005162,0.431192,-0.010016,0.199900,-0.008143
2158,-0.070772,-0.000958,0.433663,-0.009705,0.198006,-0.008472
2159,0.057181,0.045280,0.438451,-0.005885,0.186342,-0.008088
2160,0.064513,-0.003637,0.434673,-0.009653,0.184980,-0.007061
2161,-0.109047,-0.009876,0.440226,-0.010920,0.198402,-0.006284
2162,0.000444,0.029897,0.428697,-0.007769,0.189265,-0.005553
2163,0.026685,0.009234,0.441597,-0.008849,0.185336,-0.004629
2164,-0.085004,0.000336,0.426187,-0.010151,0.194681,-0.004033
2165,-0.159526,0.004986,0.418220,-0.010525,0.200726,-0.002726
2166,-0.173044,0.021267,0.424984,-0.009246,0.201011,-0.001388
2167,-0.010815,0.047292,0.450413,-0.006333,0.185289,-0.000409
2168,-0.242571,-0.001847,0.402660,-0.010808,0.207008,0.000089
2169,-0.177612,0.014698,0.422594,-0.009350,0.200188,0.000042
2170,-0.197867,0.053436,0.428590,-0.006090,0.200758,0.000180
2171,-0.035964,0.036910,0.448708,-0.005802,0.186029,0.002788
2172,-0.038796,0.014110,0.421947,-0.007477,0.187159,0.002700
2173,-0.075083,-0.022069,0.409768,-0.010561,0.190311,0.001657
2174,-0.095490,0.069057,0.458203,-0.003022,0.188137,0.000483
2175,-0.090346,0.015106,0.427505,-0.006500,0.189200,0.001053
2176,-0.113219,-0.018954,0.420156,-0.008888,0.191056,-0.000173
2177,-0.096211,-0.014256,0.432921,-0.008162,0.188074,-0.000278
2178,-0.098556,-0.015780,0.436876,-0.008098,0.187395,-0.000011
2179,-0.335753,-0.077778,0.395219,-0.014150,0.209685,0.001855
2180,-0.126285,0.017354,0.429197,-0.006102,0.190012,0.004768
2181,-0.378912,-0.080277,0.401498,-0.014070,0.212938,0.004680
2182,-0.147631,0.006436,0.446207,-0.006675,0.191158,0.004879
2183,-0.141624,-0.018398,0.419858,-0.008413,0.192165,0.004678
2184,-0.384403,-0.103983,0.401573,-0.015630,0.214010,0.002647
2185,-0.321138,-0.109535,0.395997,-0.017157,0.209713,0.001762
2186,-0.402109,-0.045558,0.423653,-0.012226,0.215645,-0.001175
2187,-0.078928,0.002572,0.447859,-0.007272,0.187932,-0.001296
2188,-0.306266,-0.078421,0.408695,-0.014350,0.210008,-0.001874
2189,-0.288131,-0.026991,0.419262,-0.010686,0.208770,-0.001037
2190,-0.285663,-0.059668,0.421323,-0.013204,0.209635,-0.000962
2191,-0.207510,-0.026703,0.427718,-0.010679,0.203704,-0.000062
2192,-0.241207,-0.048932,0.414912,-0.012877,0.208346,0.000106
2193,-0.040414,0.015507,0.448745,-0.007134,0.190301,0.000849
2194,-0.155060,-0.039923,0.421706,-0.011814,0.202233,0.000235
2195,-0.143384,-0.050978,0.419480,-0.013740,0.202107,0.000231
2196,-0.226694,-0.027466,0.429093,-0.012321,0.209250,-0.001868
2197,-0.005814,0.013061,0.450194,-0.008255,0.190140,-0.004532
2198,-0.125299,-0.016835,0.430864,-0.011343,0.202033,-0.004331
2199,-0.091775,0.019333,0.430042,-0.008911,0.199739,-0.003278
2200,-0.082311,0.002945,0.442383,-0.010049,0.198812,-0.002211
2201,0.020752,0.036627,0.433436,-0.007345,0.190742,-0.001709
2202,0.026704,0.017906,0.452904,-0.008147,0.188971,-0.001690
2203,-0.076275,-0.028201,0.426634,-0.012633,0.199223,-0.000966
2204,-0.067608,-0.016752,0.439909,-0.012246,0.197613,-0.000977
2205,-0.077924,0.007886,0.423508,-0.011107,0.199674,-0.000331
2206,-0.004531,0.020875,0.446718,-0.009382,0.192057,0.001634
2207,0.117503,-0.028901,0.462805,-0.012219,0.180307,0.000209
2208,0.097812,0.006192,0.442673,-0.010589,0.181928,-0.001806
2209,0.039174,-0.013773,0.430448,-0.012666,0.186870,-0.003001
2210,-0.061443,-0.054900,0.412617,-0.017145,0.195587,-0.004727
2211,0.055728,0.082259,0.471006,-0.006319,0.181145,-0.005346
2212,-0.024026,-0.000301,0.420402,-0.012607,0.190035,-0.005647
2213,0.020966,-0.031446,0.441579,-0.015320,0.184104,-0.006181
2214,0.002738,0.013847,0.438547,-0.013032,0.184434,-0.005154
2215,-0.074648,0.024350,0.425624,-0.012412,0.190548,-0.003996
2216,-0.111399,-0.047986,0.419946,-0.017530,0.192992,-0.006011
2217,-0.212475,-0.032852,0.424025,-0.016917,0.200857,-0.007467
2218,-0.189931,-0.050431,0.417574,-0.018906,0.198557,-0.009512
2219,-0.167414,-0.000124,0.421854,-0.015999,0.195818,-0.008991
2220,-0.195648,-0.065030,0.418280,-0.020397,0.198169,-0.010844
2221,0.265199,-0.007938,0.422139,-0.015822,0.157996,-0.012126
2222,-0.289079,-0.092616,0.439156,-0.024478,0.202963,-0.011316
2223,0.126443,0.069877,0.484016,-0.011900,0.163405,-0.008951
2224,0.257876,0.042603,0.427200,-0.014161,0.154178,-0.006208
2225,0.241141,0.027333,0.494069,-0.014556,0.149712,-0.004914
2226,0.244517,0.037167,0.436844,-0.015036,0.149941,-0.003843
2227,-0.808463,-0.095167,0.308257,-0.029387,0.245045,-0.002734
2228,-0.154009,0.091193,0.463515,-0.011886,0.180401,0.000282
2229,-0.374724,-0.079953,0.386320,-0.025579,0.203575,0.002729
2230,0.247127,0.061656,0.424103,-0.014103,0.147392,0.004864
2231,-0.894508,-0.180798,0.387183,-0.035312,0.246458,0.005672
2232,-0.185203,0.084336,0.438003,-0.011919,0.184051,-0.001932
2233,-0.246398,-0.022434,0.417537,-0.019269,0.190623,-0.001347
2234,-0.516172,-0.068000,0.399804,-0.023908,0.214868,-0.000892
2235,0.241457,0.041384,0.427263,-0.014627,0.149586,0.001138
2236,-0.622790,-0.064516,0.415703,-0.024303,0.223770,0.001390
2237,0.106818,0.018386,0.496846,-0.015416,0.158039,-0.000196
2238,-0.524314,-0.046367,0.351661,-0.023639,0.219732,-0.000199
2239,0.079444,0.067170,0.474485,-0.011192,0.162380,-0.001031
2240,-0.554132,-0.100090,0.363412,-0.026209,0.222974,0.001039
2241,0.251568,0.048095,0.428177,-0.012984,0.151618,0.000136
2242,-0.326718,-0.016621,0.465994,-0.017899,0.198886,0.000268
2243,0.262892,0.038965,0.426383,-0.012828,0.151075,-0.000807
2244,-0.561543,-0.088697,0.407392,-0.024417,0.222219,-0.000751
2245,0.088952,0.050914,0.483980,-0.011343,0.163326,-0.002345
2246,-0.266434,-0.037932,0.398857,-0.019440,0.198588,0.000046
2247,0.053889,0.002044,0.459816,-0.015016,0.168388,-0.000901
2248,0.044424,0.018630,0.441817,-0.014230,0.169880,-0.000116
2249,-0.509284,-0.071111,0.362412,-0.023220,0.221548,0.000941
2250,-0.207637,0.016320,0.428952,-0.014649,0.193383,0.000012
2251,-0.198824,-0.023755,0.415488,-0.016973,0.193809,-0.000109
2252,-0.172807,-0.025761,0.442729,-0.016449,0.190981,0.000466
2253,-0.399816,0.012759,0.386800,-0.014122,0.214371,-0.000597
2254,-0.130456,-0.072392,0.447038,-0.018842,0.189620,-0.000849
2255,-0.182679,-0.044117,0.403611,-0.018354,0.196979,-0.001219
2256,-0.167948,-0.057465,0.437269,-0.019046,0.194688,-0.002035
2257,-0.117668,-0.086405,0.430686,-0.020911,0.191856,-0.004711
2258,-0.077487,-0.065505,0.434008,-0.019579,0.188802,-0.005821
2259,-0.175434,-0.099216,0.442769,-0.022884,0.197385,-0.004870
2260,-0.198436,-0.093929,0.422770,-0.023497,0.201344,-0.007956
2261,0.263357,-0.006277,0.426199,-0.016542,0.162366,-0.010647
2262,0.283493,0.033895,0.425616,-0.014339,0.159812,-0.010327
2263,0.137720,-0.018920,0.544143,-0.017499,0.164647,-0.009660
2264,0.207117,0.026814,0.467549,-0.016292,0.161739,-0.009297
2265,0.258003,0.046620,0.430168,-0.015618,0.157845,-0.009123
2266,0.048842,0.032166,0.441515,-0.016934,0.173618,-0.008086
2267,0.258375,0.047647,0.428275,-0.015968,0.154948,-0.007099
2268,-0.481737,-0.075310,0.357913,-0.028133,0.220454,-0.005974
2269,0.279923,0.044136,0.419597,-0.017940,0.151347,-0.004348
2270,-0.172453,0.252859,0.498107,0.000347,0.183474,-0.003346
2271,-0.140715,0.037776,0.425436,-0.014853,0.184225,-0.003800
2272,0.223521,-0.026069,0.417560,-0.019247,0.153363,0.000121
2273,-0.571113,-0.084079,0.439588,-0.025300,0.218749,0.000814
2274,0.086633,-0.181878,0.471176,-0.031915,0.160570,-0.006683
2275,-0.389873,-0.042012,0.320286,-0.026791,0.208167,-0.002416
2276,-1.570824,-0.076017,0.371682,-0.030533,0.307279,-0.001645
2277,0.281958,0.055250,0.440812,-0.015892,0.148330,0.001475
2278,-0.365112,0.064371,0.421397,-0.015384,0.205192,0.002154
2279,-0.283485,-0.124504,0.423314,-0.027564,0.199458,-0.002758
2280,0.253180,-0.002824,0.421370,-0.018006,0.154184,-0.005358
2281,-0.491277,-0.101934,0.432099,-0.027339,0.216918,-0.005182
2282,-0.310595,-0.119830,0.419012,-0.028329,0.203561,-0.011466
2283,0.253239,-0.004777,0.421704,-0.019147,0.155889,-0.013053
2284,-0.359961,-0.101897,0.431677,-0.028839,0.207523,-0.012576
2285,0.274370,0.044959,0.423149,-0.018449,0.153637,-0.010817
2286,-0.249547,0.150924,0.484168,-0.009097,0.194343,-0.009855
2287,0.256575,0.027977,0.420295,-0.017191,0.155423,-0.013337
2288,-0.510919,-0.100612,0.423087,-0.028432,0.220371,-0.012214
2289,0.263436,0.000252,0.420073,-0.018991,0.155469,-0.017709
2290,-0.298640,0.105016,0.443188,-0.011118,0.201232,-0.016537
2291,0.056821,-0.034140,0.481826,-0.021355,0.169159,-0.017806
2292,0.109126,0.038857,0.445726,-0.017046,0.165808,-0.016116
2293,0.059118,0.006085,0.446693,-0.019385,0.169163,-0.013212
2294,0.077954,0.027541,0.437996,-0.017907,0.167186,-0.010850
2295,0.048331,0.024988,0.436560,-0.017891,0.168902,-0.008432
2296,0.067910,0.026166,0.439827,-0.017679,0.165825,-0.006728
2297,-0.192920,0.002671,0.395759,-0.020188,0.189473,-0.004950
2298,0.261820,0.039835,0.421872,-0.015518,0.148388,-0.004553
2299,0.248549,0.039972,0.423434,-0.015280,0.147670,-0.002973
2300,-0.065354,-0.003079,0.486382,-0.017986,0.169151,-0.001510
2301,-0.325296,-0.064998,0.348099,-0.026186,0.197627,-0.000741
2302,-0.334966,0.076284,0.508974,-0.012569,0.188602,0.001133
2303,0.007415,0.026453,0.432965,-0.015151,0.164064,0.002057
2304,-0.510318,-0.089565,0.329770,-0.026117,0.213242,0.000181
2305,-0.635055,-0.018045,0.373160,-0.020986,0.222165,0.000907
2306,-0.064154,0.106204,0.470451,-0.007467,0.168561,0.003598
2307,0.234984,0.008903,0.421287,-0.013190,0.146341,0.006175
2308,-0.599091,-0.128410,0.401809,-0.025968,0.218257,0.006418
2309,0.247330,0.060533,0.422145,-0.010682,0.144486,0.008665
2310,0.037738,0.020018,0.538552,-0.011631,0.155758,0.008803
2311,0.033355,0.005969,0.437743,-0.013597,0.160582,0.009572
2312,0.066549,0.036903,0.442774,-0.010435,0.156429,0.009675
2313,-0.402289,0.250201,0.351925,0.006931,0.200233,0.008850
2314,-0.482463,-0.054607,0.416438,-0.013468,0.203924,0.004856
2315,-0.175589,-0.340136,0.430088,-0.037377,0.178902,0.008679
2316,-0.104547,-0.077328,0.443539,-0.017856,0.171914,0.004950
2317,-0.774418,-0.143409,0.335619,-0.025323,0.235818,0.003177
2318,-0.459690,-0.372777,0.442286,-0.042790,0.204761,-0.002473
2319,-0.387880,0.113523,0.389170,-0.006452,0.202995,-0.005764
2320,-0.709032,-0.141773,0.400884,-0.024304,0.232109,-0.004455
2321,-0.590173,-0.062404,0.378423,-0.019230,0.226464,-0.002978
2322,-0.562514,-0.084400,0.425136,-0.020112,0.224611,0.003282
2323,-0.307311,0.073812,0.427899,-0.006355,0.205883,0.002997
2324,0.120222,-0.105398,0.464982,-0.019118,0.170324,-0.002862
2325,0.149488,0.037378,0.437165,-0.009642,0.170067,-0.001494
2326,-0.314655,-0.014698,0.400178,-0.014690,0.212764,-0.001621
2327,-0.218277,-0.088104,0.407963,-0.018841,0.206348,-0.006643
2328,-0.085190,-0.042452,0.442401,-0.015157,0.194715,-0.006730
2329,-0.083456,-0.045701,0.422433,-0.016611,0.197048,-0.004652
2330,0.001760,0.023649,0.533732,-0.010845,0.185003,0.000476
2331,-0.263202,-0.054368,0.357764,-0.019871,0.218493,0.000451
2332,-0.107760,0.021224,0.438597,-0.013280,0.202476,0.002192
2333,0.280340,-0.015936,0.431294,-0.015033,0.170850,-0.000765
2334,-0.131432,-0.050572,0.442976,-0.019615,0.205849,-0.000769
2335,-0.018142,0.050330,0.465576,-0.012181,0.195361,-0.000520
2336,-0.094278,0.064319,0.428489,-0.010775,0.204761,-0.000832
2337,-0.043513,-0.013948,0.445888,-0.015843,0.200193,-0.001961
2338,0.277810,0.003486,0.435234,-0.015244,0.173734,-0.000214
2339,0.284509,0.040060,0.434159,-0.013298,0.172472,-0.000193
2340,-0.153319,-0.029788,0.461731,-0.019427,0.207646,0.000011
2341,0.006571,0.055611,0.448243,-0.013392,0.194545,0.000754
2342,0.005975,0.001453,0.426524,-0.017743,0.195490,0.000864
2343,-0.129025,0.035866,0.435290,-0.015571,0.206014,0.001471
2344,0.368253,0.051602,0.432255,-0.013524,0.162707,0.002105
2345,-0.287288,-0.082760,0.440493,-0.025754,0.216364,0.002184
2346,-0.037097,0.133198,0.454423,-0.007895,0.194993,0.006073
2347,0.049778,-0.053956,0.434466,-0.021017,0.188484,0.006205
2348,-0.142755,0.055661,0.424233,-0.013761,0.204456,0.005386
2349,0.013161,-0.023495,0.446507,-0.018919,0.189808,0.003860
2350,-0.113821,0.006887,0.423788,-0.017903,0.200885,0.003057
2351,-0.124143,0.047192,0.423592,-0.014715,0.200773,0.002253
2352,-0.123372,-0.028414,0.433599,-0.019708,0.200296,0.002075
2353,-0.009154,0.037465,0.441262,-0.014894,0.189021,0.001137
2354,-0.026754,0.001298,0.434535,-0.017247,0.190246,0.001277
2355,-0.197330,-0.017491,0.412679,-0.019327,0.205364,0.001367
2356,0.179584,0.054454,0.493449,-0.012088,0.167737,0.000984
2357,0.169176,0.051018,0.436793,-0.012264,0.170612,0.002553
2358,-0.098030,0.088666,0.377820,-0.009733,0.194833,0.001969
2359,0.296356,0.017559,0.424077,-0.012425,0.157213,0.000791
2360,0.340897,0.025484,0.438493,-0.011520,0.149459,0.000440
2361,0.164505,-0.026062,0.444999,-0.016460,0.160399,-0.000009
2362,0.263981,0.021055,0.423811,-0.014031,0.151780,-0.000538
2363,0.336018,0.041895,0.410698,-0.012570,0.142343,-0.000816
2364,-1.821584,0.324890,0.526069,0.011103,0.317591,-0.000965
2365,0.172685,-0.050723,0.415293,-0.016399,0.156914,-0.007513
2366,0.329890,0.043162,0.414099,-0.009201,0.141708,-0.008618
2367,-0.290469,0.232338,0.389679,0.006684,0.192801,-0.008559
2368,0.265120,0.009660,0.406721,-0.004888,0.144870,-0.006146
2369,-0.125380,-0.253656,0.510293,-0.025364,0.171004,-0.005766
2370,-0.418196,-0.056808,0.375429,-0.015513,0.201245,-0.007438
2371,-0.021283,0.109342,0.460106,0.000344,0.161647,-0.005935
2372,0.220038,0.010812,0.415464,-0.005869,0.142240,-0.003163
2373,-0.912477,-0.135710,0.307225,-0.020642,0.243846,-0.002486
2374,-0.572868,-0.008552,0.426666,-0.008945,0.209219,-0.000976
2375,-0.545426,-0.039278,0.402020,-0.010668,0.209246,0.000864
2376,-0.328688,0.133509,0.386897,0.005222,0.191732,0.002976
2377,0.151666,-0.117887,0.531761,-0.008170,0.144566,0.006155
2378,-0.642147,-0.104408,0.319427,-0.014539,0.223845,0.006365
2379,-0.581626,0.278083,0.401326,0.018887,0.213944,0.008634
2380,0.036969,-0.091247,0.521040,-0.003864,0.157316,0.014371
2381,-0.188033,-0.001390,0.384026,-0.000712,0.185118,0.016031
2382,-0.547050,0.309994,0.345834,0.025380,0.218299,0.014927
2383,-0.560205,-0.217170,0.419846,-0.012598,0.218711,0.008946
2384,-0.600447,-0.059162,0.367055,-0.003501,0.227253,0.007337
2385,0.075516,-0.015402,0.531038,0.004354,0.162607,0.008046
2386,-0.338233,-0.040707,0.313681,-0.000882,0.211609,0.005336
2387,0.202499,0.056763,0.530706,0.011919,0.154779,0.005144
2388,-0.696423,-0.094594,0.347112,-0.002972,0.243406,0.003803
2389,-0.538675,-0.044351,0.389919,0.002245,0.229800,0.005314
2390,-0.363380,-0.017620,0.419142,0.007199,0.216176,0.005658
2391,-0.369042,-0.112674,0.450416,0.001148,0.218659,0.002715
2392,-0.316111,0.026011,0.401164,0.010464,0.218703,-0.000353
2393,-0.113372,-0.082853,0.451316,0.004116,0.201871,0.003063
2394,0.237621,-0.049825,0.516992,0.007171,0.170117,0.001373
2395,-0.323409,0.016410,0.363293,0.010446,0.227835,0.002034
2396,-0.059611,-0.080612,0.462297,0.005487,0.202253,0.000887
2397,-0.256797,-0.027174,0.392366,0.007401,0.224369,0.000065
2398,0.044656,-0.053972,0.464704,0.006917,0.196428,-0.000256
2399,0.277737,0.008168,0.438932,0.010808,0.178801,-0.000490
2400,-0.196951,0.024931,0.434855,0.011406,0.220017,-0.000834
2401,0.290158,-0.006238,0.435273,0.010096,0.179592,-0.000869
2402,-0.112068,-0.025632,0.487109,0.008165,0.211034,-0.001121
2403,0.074796,-0.019800,0.450805,0.007569,0.197694,-0.000586
2404,-0.066449,0.012103,0.432724,0.009112,0.210598,-0.000697
2405,0.289211,0.007110,0.439328,0.009022,0.180114,-0.000642
2406,-0.094243,-0.037020,0.455559,0.004518,0.211308,-0.000665
2407,0.037967,0.014491,0.444647,0.007782,0.200294,0.000325
2408,-0.112573,0.002598,0.433554,0.006464,0.213411,0.000860
2409,0.289615,0.007497,0.437478,0.007049,0.178702,0.001620
2410,-0.099842,-0.036940,0.447475,0.002318,0.210216,0.001616
