Step,Fx(N),Fy(N),Fz(N),Tx(Nm),Ty(Nm),Tz(Nm)
1,0.000000,-0.000000,0.000000,0.000000,-0.000000,0.000000
2,-0.878143,-0.782992,1.646692,0.083252,-0.186387,-0.000009
3,-0.879153,-0.789274,1.615626,0.091026,-0.188868,-0.000730
4,-0.881671,-0.798015,1.582339,0.099872,-0.191997,-0.001468
5,-0.885635,-0.809070,1.546988,0.109725,-0.195743,-0.002212
6,-0.890987,-0.822297,1.509694,0.120511,-0.200081,-0.002951
7,-0.897654,-0.837536,1.470611,0.132157,-0.204979,-0.003672
8,-0.905568,-0.854640,1.429866,0.144590,-0.210408,-0.004364
9,-0.914663,-0.873443,1.387603,0.157734,-0.216336,-0.005028
10,-0.924866,-0.893792,1.343957,0.171517,-0.222732,-0.005654
11,-0.936106,-0.915522,1.299072,0.185859,-0.229564,-0.006237
12,-0.948309,-0.938465,1.253085,0.200685,-0.236801,-0.006780
13,-0.961380,-0.962473,1.206158,0.215926,-0.244399,-0.007278
14,-0.975277,-0.987379,1.158395,0.231503,-0.252340,-0.007731
15,-0.989895,-1.013027,1.109969,0.247346,-0.260579,-0.008145
16,-1.005167,-1.039249,1.061015,0.263377,-0.269085,-0.008514
17,-1.021026,-1.065899,1.011663,0.279529,-0.277830,-0.008854
18,-1.037375,-1.092816,0.962079,0.295728,-0.286768,-0.009147
19,-1.054160,-1.119861,0.912381,0.311908,-0.295879,-0.009415
20,-1.071283,-1.146871,0.862737,0.327998,-0.305117,-0.009651
21,-1.088674,-1.173718,0.813276,0.343935,-0.314452,-0.009873
22,-1.106274,-1.200272,0.764116,0.359660,-0.323857,-0.010063
23,-1.123985,-1.226387,0.715422,0.375104,-0.333291,-0.010242
24,-1.141747,-1.251950,0.667309,0.390216,-0.342725,-0.010404
25,-1.159487,-1.276845,0.619900,0.404940,-0.352128,-0.010555
26,-1.177136,-1.300954,0.573325,0.419219,-0.361470,-0.010702
27,-1.194611,-1.324164,0.527716,0.433001,-0.370712,-0.010835
28,-1.211860,-1.346387,0.483158,0.446244,-0.379833,-0.010969
29,-1.228802,-1.367517,0.439782,0.458895,-0.388796,-0.011100
30,-1.245388,-1.387485,0.397668,0.470923,-0.397580,-0.011230
31,-1.261543,-1.406195,0.356922,0.482279,-0.406152,-0.011357
32,-1.277205,-1.423592,0.317635,0.492936,-0.414484,-0.011483
33,-1.292316,-1.439590,0.279879,0.502854,-0.422551,-0.011609
34,-1.306813,-1.454154,0.243730,0.512013,-0.430326,-0.011739
35,-1.320643,-1.467213,0.209251,0.520380,-0.437786,-0.011868
36,-1.333742,-1.478726,0.176516,0.527934,-0.444902,-0.011991
37,-1.346075,-1.488663,0.145542,0.534660,-0.451660,-0.012113
38,-1.357582,-1.496990,0.116391,0.540542,-0.458034,-0.012228
39,-1.368211,-1.503675,0.089096,0.545564,-0.464003,-0.012338
40,-1.377925,-1.508705,0.063679,0.549722,-0.469550,-0.012441
41,-1.386685,-1.512046,0.040159,0.553001,-0.474661,-0.012535
42,-1.394435,-1.513717,0.018560,0.555409,-0.479311,-0.012616
43,-1.401153,-1.513710,-0.001125,0.556947,-0.483492,-0.012695
44,-1.406790,-1.512014,-0.018881,0.557610,-0.487184,-0.012756
45,-1.411318,-1.508635,-0.034716,0.557405,-0.490379,-0.012805
46,-1.414719,-1.503604,-0.048658,0.556351,-0.493067,-0.012837
47,-1.416947,-1.496922,-0.060699,0.554451,-0.495234,-0.012861
48,-1.417991,-1.488624,-0.070874,0.551727,-0.496875,-0.012859
49,-1.417817,-1.478716,-0.079200,0.548189,-0.497978,-0.012845
50,-1.416429,-1.467244,-0.085728,0.543861,-0.498549,-0.012807
51,-1.413795,-1.454228,-0.090469,0.538759,-0.498574,-0.012752
52,-1.409903,-1.439709,-0.093473,0.532912,-0.498053,-0.012685
53,-1.404764,-1.423744,-0.094797,0.526351,-0.496993,-0.012595
54,-1.398343,-1.406346,-0.094459,0.519091,-0.495382,-0.012485
55,-1.390649,-1.387583,-0.092513,0.511170,-0.493225,-0.012365
56,-1.381677,-1.367481,-0.089016,0.502608,-0.490526,-0.012219
57,-1.371432,-1.346113,-0.084021,0.493448,-0.487288,-0.012057
58,-1.359914,-1.323523,-0.077583,0.483718,-0.483516,-0.011878
59,-1.347139,-1.299767,-0.069769,0.473452,-0.479218,-0.011683
60,-1.333127,-1.274895,-0.060647,0.462680,-0.474407,-0.011470
61,-1.317860,-1.248969,-0.050255,0.451441,-0.469078,-0.011240
62,-1.301375,-1.222052,-0.038680,0.439771,-0.463249,-0.010999
63,-1.283695,-1.194195,-0.025987,0.427702,-0.456934,-0.010744
64,-1.264815,-1.165466,-0.012233,0.415273,-0.450132,-0.010479
65,-1.244795,-1.135925,0.002485,0.402517,-0.442872,-0.010206
66,-1.223618,-1.105640,0.018131,0.389474,-0.435148,-0.009918
67,-1.201338,-1.074666,0.034610,0.376175,-0.426987,-0.009619
68,-1.177976,-1.043062,0.051852,0.362654,-0.418398,-0.009319
69,-1.153569,-1.010905,0.069781,0.348951,-0.409399,-0.009003
70,-1.128137,-0.978255,0.088332,0.335099,-0.400001,-0.008684
71,-1.101729,-0.945160,0.107425,0.321125,-0.390224,-0.008364
72,-1.074363,-0.911685,0.126995,0.307063,-0.380079,-0.008035
73,-1.046083,-0.877898,0.146962,0.292948,-0.369584,-0.007707
74,-1.016944,-0.843860,0.167244,0.278810,-0.358762,-0.007369
75,-0.986969,-0.809620,0.187780,0.264676,-0.347625,-0.007032
76,-0.956206,-0.775241,0.208493,0.250576,-0.336193,-0.006699
77,-0.924693,-0.740785,0.229320,0.236540,-0.324481,-0.006359
78,-0.892479,-0.706293,0.250192,0.222587,-0.312511,-0.006021
79,-0.859618,-0.671827,0.271031,0.208746,-0.300303,-0.005686
80,-0.826140,-0.637434,0.291783,0.195040,-0.287871,-0.005355
81,-0.792117,-0.603169,0.312366,0.181493,-0.275244,-0.005021
82,-0.757571,-0.569063,0.332745,0.168118,-0.262430,-0.004691
83,-0.722569,-0.535179,0.352846,0.154941,-0.249457,-0.004359
84,-0.687155,-0.501552,0.372614,0.141980,-0.236340,-0.004040
85,-0.651374,-0.468225,0.392003,0.129248,-0.223099,-0.003723
86,-0.615286,-0.435232,0.410956,0.116761,-0.209757,-0.003405
87,-0.578925,-0.402610,0.429438,0.104531,-0.196327,-0.003093
88,-0.542361,-0.370394,0.447384,0.092572,-0.182837,-0.002788
89,-0.505625,-0.338618,0.464776,0.080896,-0.169297,-0.002486
90,-0.468786,-0.307309,0.481556,0.069511,-0.155736,-0.002186
91,-0.431880,-0.276491,0.497703,0.058424,-0.142167,-0.001898
92,-0.394969,-0.246197,0.513174,0.047646,-0.128614,-0.001613
93,-0.358093,-0.216440,0.527946,0.037178,-0.115093,-0.001330
94,-0.321315,-0.187245,0.541989,0.027028,-0.101629,-0.001056
95,-0.284664,-0.158618,0.555292,0.017192,-0.088230,-0.000784
96,-0.248211,-0.130590,0.567816,0.007683,-0.074927,-0.000528
97,-0.211983,-0.103162,0.579562,-0.001508,-0.061729,-0.000279
98,-0.176036,-0.076352,0.590505,-0.010375,-0.048658,-0.000030
99,-0.140393,-0.050158,0.600658,-0.018924,-0.035722,0.000211
100,-0.105125,-0.024594,0.609987,-0.027155,-0.022950,0.000444
101,-0.070264,0.000315,0.618487,-0.035060,-0.010354,0.000669
102,-0.035848,0.024606,0.626178,-0.042662,0.002052,0.000893
103,-0.001921,0.048256,0.633040,-0.049953,0.014251,0.001104
104,0.031490,0.071284,0.639097,-0.056949,0.026231,0.001309
105,0.064340,0.093675,0.644336,-0.063648,0.037976,0.001507
106,0.096575,0.115436,0.648755,-0.070057,0.049463,0.001701
107,0.128193,0.136582,0.652386,-0.076186,0.060692,0.001885
108,0.159155,0.157117,0.655233,-0.082043,0.071649,0.002061
109,0.189423,0.177052,0.657307,-0.087636,0.082317,0.002227
110,0.218985,0.196394,0.658628,-0.092972,0.092693,0.002392
111,0.247811,0.215154,0.659213,-0.098063,0.102765,0.002553
112,0.275868,0.233337,0.659070,-0.102911,0.112520,0.002699
113,0.303133,0.250966,0.658221,-0.107532,0.121948,0.002841
114,0.329595,0.268060,0.656692,-0.111938,0.131045,0.002973
115,0.355242,0.284628,0.654505,-0.116136,0.139807,0.003101
116,0.380050,0.300685,0.651685,-0.120138,0.148225,0.003231
117,0.404005,0.316244,0.648247,-0.123949,0.156293,0.003344
118,0.427107,0.331333,0.644228,-0.127586,0.164011,0.003453
119,0.449346,0.345958,0.639649,-0.131056,0.171376,0.003564
120,0.470708,0.360143,0.634537,-0.134371,0.178382,0.003665
121,0.491196,0.373896,0.628917,-0.137536,0.185031,0.003765
122,0.510804,0.387243,0.622818,-0.140567,0.191322,0.003852
123,0.529517,0.400205,0.616261,-0.143473,0.197247,0.003935
124,0.547356,0.412782,0.609281,-0.146258,0.202817,0.004020
125,0.564329,0.425008,0.601912,-0.148937,0.208035,0.004098
126,0.580423,0.436898,0.594172,-0.151519,0.212896,0.004169
127,0.595662,0.448474,0.586098,-0.154016,0.217411,0.004234
128,0.610055,0.459743,0.577719,-0.156431,0.221584,0.004302
129,0.623599,0.470709,0.569047,-0.158766,0.225414,0.004367
130,0.636322,0.481428,0.560131,-0.161050,0.228914,0.004426
131,0.648236,0.491878,0.550991,-0.163271,0.232089,0.004481
132,0.659349,0.502091,0.541649,-0.165445,0.234943,0.004532
133,0.669686,0.512078,0.532139,-0.167577,0.237486,0.004587
134,0.679268,0.521852,0.522489,-0.169673,0.239730,0.004631
135,0.688095,0.531435,0.512710,-0.171743,0.241673,0.004680
136,0.696207,0.540824,0.502840,-0.173786,0.243334,0.004725
137,0.703628,0.550047,0.492907,-0.175813,0.244724,0.004768
138,0.710371,0.559106,0.482924,-0.177826,0.245847,0.004813
139,0.716472,0.568022,0.472923,-0.179834,0.246721,0.004855
140,0.721963,0.576790,0.462931,-0.181832,0.247359,0.004896
141,0.726844,0.585439,0.452953,-0.183835,0.247762,0.004934
142,0.731161,0.593969,0.443023,-0.185841,0.247949,0.004974
143,0.734940,0.602389,0.433160,-0.187852,0.247934,0.005013
144,0.738217,0.610715,0.423390,-0.189877,0.247730,0.005054
145,0.741010,0.618945,0.413716,-0.191911,0.247347,0.005092
146,0.743352,0.627093,0.404168,-0.193960,0.246799,0.005135
147,0.745281,0.635159,0.394761,-0.196024,0.246103,0.005171
148,0.746810,0.643151,0.385506,-0.198103,0.245265,0.005213
149,0.747974,0.651081,0.376419,-0.200203,0.244300,0.005243
150,0.748820,0.658944,0.367521,-0.202320,0.243228,0.005287
151,0.749360,0.666755,0.358819,-0.204458,0.242055,0.005326
152,0.749621,0.674495,0.350318,-0.206607,0.240793,0.005369
153,0.749635,0.682196,0.342039,-0.208782,0.239456,0.005414
154,0.749448,0.689846,0.333998,-0.210972,0.238066,0.005452
155,0.749076,0.697447,0.326191,-0.213181,0.236626,0.005496
156,0.748539,0.705005,0.318629,-0.215407,0.235147,0.005540
157,0.747876,0.712510,0.311321,-0.217643,0.233646,0.005581
158,0.747118,0.719983,0.304279,-0.219900,0.232135,0.005625
159,0.746291,0.727406,0.297506,-0.222166,0.230628,0.005676
160,0.745413,0.734798,0.291004,-0.224448,0.229131,0.005720
161,0.744516,0.742140,0.284779,-0.226737,0.227657,0.005767
162,0.743612,0.749446,0.278829,-0.229037,0.226212,0.005816
163,0.742742,0.756708,0.273165,-0.231344,0.224815,0.005867
164,0.741922,0.763925,0.267784,-0.233654,0.223471,0.005912
165,0.741172,0.771094,0.262684,-0.235966,0.222188,0.005969
166,0.740507,0.778220,0.257870,-0.238281,0.220974,0.006017
167,0.739946,0.785293,0.253332,-0.240592,0.219836,0.006070
168,0.739519,0.792323,0.249079,-0.242903,0.218787,0.006122
169,0.739241,0.799297,0.245108,-0.245208,0.217832,0.006181
170,0.739112,0.806209,0.241404,-0.247502,0.216973,0.006231
171,0.739158,0.813074,0.237975,-0.249791,0.216219,0.006287
172,0.739393,0.819872,0.234813,-0.252066,0.215576,0.006345
173,0.739831,0.826607,0.231914,-0.254327,0.215051,0.006399
174,0.740476,0.833277,0.229273,-0.256573,0.214644,0.006459
175,0.741361,0.839886,0.226891,-0.258804,0.214368,0.006514
176,0.742453,0.846419,0.224744,-0.261014,0.214211,0.006569
177,0.743799,0.852884,0.222847,-0.263207,0.214190,0.006626
178,0.745388,0.859268,0.221182,-0.265375,0.214302,0.006683
179,0.747219,0.865567,0.219737,-0.267516,0.214544,0.006740
180,0.749304,0.871784,0.218510,-0.269632,0.214922,0.006801
181,0.751644,0.877923,0.217496,-0.271723,0.215437,0.006852
182,0.754230,0.883954,0.216678,-0.273778,0.216082,0.006918
183,0.757080,0.889908,0.216059,-0.275809,0.216865,0.006971
184,0.760181,0.895751,0.215621,-0.277802,0.217781,0.007028
185,0.763532,0.901491,0.215357,-0.279759,0.218829,0.007080
186,0.767124,0.907143,0.215261,-0.281690,0.220002,0.007139
187,0.770954,0.912677,0.215320,-0.283579,0.221302,0.007195
188,0.775025,0.918101,0.215527,-0.285430,0.222726,0.007247
189,0.779334,0.923411,0.215880,-0.287244,0.224276,0.007303
190,0.783851,0.928612,0.216357,-0.289021,0.225935,0.007356
191,0.788593,0.933676,0.216956,-0.290749,0.227711,0.007408
192,0.793535,0.938632,0.217670,-0.292443,0.229593,0.007455
193,0.798678,0.943450,0.218487,-0.294090,0.231582,0.007507
194,0.804004,0.948151,0.219402,-0.295699,0.233667,0.007555
195,0.809487,0.952708,0.220395,-0.297259,0.235837,0.007604
196,0.815145,0.957134,0.221473,-0.298775,0.238102,0.007651
197,0.820933,0.961427,0.222615,-0.300250,0.240438,0.007697
198,0.826861,0.965562,0.223820,-0.301671,0.242852,0.007739
199,0.832891,0.969551,0.225071,-0.303044,0.245326,0.007783
200,0.839023,0.973385,0.226367,-0.304366,0.247859,0.007827
201,0.845245,0.977073,0.227700,-0.305641,0.250446,0.007866
202,0.851548,0.980624,0.229072,-0.306876,0.253082,0.007907
203,0.857891,0.984002,0.230456,-0.308052,0.255749,0.007940
204,0.864285,0.987228,0.231862,-0.309182,0.258452,0.007984
205,0.870683,0.990275,0.233271,-0.310253,0.261171,0.008016
206,0.877091,0.993160,0.234684,-0.311274,0.263906,0.008048
207,0.883493,0.995876,0.236095,-0.312241,0.266652,0.008079
208,0.889857,0.998426,0.237496,-0.313158,0.269393,0.008108
209,0.896175,1.000791,0.238881,-0.314015,0.272126,0.008133
210,0.902419,1.002973,0.240242,-0.314815,0.274839,0.008160
211,0.908589,1.004985,0.241582,-0.315564,0.277531,0.008180
212,0.914660,1.006806,0.242892,-0.316251,0.280191,0.008204
213,0.920612,1.008442,0.244168,-0.316882,0.282811,0.008223
214,0.926424,1.009885,0.245402,-0.317452,0.285382,0.008239
215,0.932110,1.011145,0.246602,-0.317966,0.287908,0.008255
216,0.937625,1.012215,0.247755,-0.318422,0.290371,0.008273
217,0.942969,1.013077,0.248862,-0.318811,0.292770,0.008283
218,0.948113,1.013747,0.249917,-0.319142,0.295094,0.008292
219,0.953056,1.014226,0.250924,-0.319414,0.297340,0.008301
220,0.957761,1.014477,0.251867,-0.319611,0.299493,0.008306
221,0.962235,1.014535,0.252757,-0.319750,0.301557,0.008316
222,0.966461,1.014393,0.253592,-0.319827,0.303524,0.008319
223,0.970423,1.014031,0.254363,-0.319833,0.305386,0.008318
224,0.974112,1.013467,0.255075,-0.319775,0.307140,0.008312
225,0.977515,1.012690,0.255727,-0.319650,0.308781,0.008312
226,0.980622,1.011688,0.256313,-0.319453,0.310304,0.008312
227,0.983433,1.010492,0.256843,-0.319195,0.311710,0.008303
228,0.985937,1.009063,0.257311,-0.318860,0.312993,0.008297
229,0.988107,1.007429,0.257716,-0.318460,0.314143,0.008282
230,0.989947,1.005567,0.258057,-0.317986,0.315160,0.008273
231,0.991454,1.003490,0.258341,-0.317441,0.316045,0.008256
232,0.992614,1.001187,0.258564,-0.316822,0.316791,0.008239
233,0.993402,0.998671,0.258722,-0.316135,0.317386,0.008223
234,0.993849,0.995929,0.258826,-0.315372,0.317846,0.008204
235,0.993936,0.992964,0.258871,-0.314534,0.318162,0.008180
236,0.993674,0.989780,0.258866,-0.313624,0.318339,0.008154
237,0.993039,0.986374,0.258803,-0.312639,0.318367,0.008132
238,0.992044,0.982749,0.258693,-0.311580,0.318252,0.008102
239,0.990670,0.978904,0.258530,-0.310448,0.317986,0.008073
240,0.988919,0.974829,0.258314,-0.309236,0.317569,0.008043
241,0.986809,0.970544,0.258057,-0.307954,0.317011,0.008007
242,0.984334,0.966034,0.257754,-0.306593,0.316308,0.007971
243,0.981483,0.961308,0.257409,-0.305160,0.315456,0.007936
244,0.978264,0.956362,0.257022,-0.303648,0.314460,0.007894
245,0.974682,0.951198,0.256596,-0.302062,0.313321,0.007849
246,0.970759,0.945835,0.256140,-0.300407,0.312049,0.007809
247,0.966485,0.940250,0.255651,-0.298673,0.310640,0.007766
248,0.961851,0.934456,0.255130,-0.296866,0.309090,0.007719
249,0.956870,0.928457,0.254578,-0.294988,0.307406,0.007669
250,0.951565,0.922252,0.254006,-0.293037,0.305597,0.007623
251,0.945901,0.915838,0.253399,-0.291011,0.303649,0.007565
252,0.939935,0.909232,0.252782,-0.288918,0.301587,0.007512
253,0.933639,0.902429,0.252140,-0.286756,0.299397,0.007454
254,0.927039,0.895420,0.251481,-0.284517,0.297093,0.007401
255,0.920134,0.888235,0.250810,-0.282219,0.294674,0.007342
256,0.912938,0.880854,0.250123,-0.279849,0.292145,0.007281
257,0.905462,0.873296,0.249430,-0.277417,0.289512,0.007216
258,0.897715,0.865556,0.248728,-0.274919,0.286779,0.007156
259,0.889690,0.857639,0.248018,-0.272358,0.283943,0.007088
260,0.881417,0.849552,0.247305,-0.269736,0.281018,0.007019
261,0.872880,0.841288,0.246586,-0.267051,0.277995,0.006958
262,0.864119,0.832867,0.245867,-0.264309,0.274892,0.006885
263,0.855129,0.824283,0.245150,-0.261509,0.271709,0.006817
264,0.845920,0.815542,0.244435,-0.258654,0.268449,0.006744
265,0.836505,0.806649,0.243721,-0.255744,0.265115,0.006667
266,0.826904,0.797620,0.243015,-0.252786,0.261721,0.006588
267,0.817123,0.788447,0.242317,-0.249777,0.258265,0.006517
268,0.807169,0.779131,0.241625,-0.246717,0.254751,0.006441
269,0.797044,0.769684,0.240940,-0.243611,0.251181,0.006363
270,0.786775,0.760120,0.240266,-0.240465,0.247566,0.006287
271,0.776362,0.750425,0.239603,-0.237273,0.243906,0.006202
272,0.765819,0.740611,0.238950,-0.234039,0.240206,0.006116
273,0.755151,0.730685,0.238307,-0.230767,0.236469,0.006034
274,0.744367,0.720654,0.237677,-0.227460,0.232698,0.005949
275,0.733493,0.710528,0.237060,-0.224120,0.228905,0.005863
276,0.722531,0.700302,0.236458,-0.220749,0.225090,0.005781
277,0.711498,0.689982,0.235868,-0.217344,0.221259,0.005694
278,0.700403,0.679583,0.235295,-0.213915,0.217418,0.005604
279,0.689237,0.669097,0.234733,-0.210457,0.213562,0.005518
280,0.678022,0.658538,0.234185,-0.206977,0.209699,0.005430
281,0.666768,0.647910,0.233652,-0.203476,0.205834,0.005343
282,0.655480,0.637210,0.233130,-0.199953,0.201969,0.005251
283,0.644179,0.626459,0.232624,-0.196416,0.198112,0.005163
284,0.632851,0.615644,0.232129,-0.192860,0.194257,0.005071
285,0.621527,0.604774,0.231647,-0.189289,0.190417,0.004977
286,0.610211,0.593866,0.231179,-0.185709,0.186594,0.004887
287,0.598892,0.582920,0.230721,-0.182122,0.182781,0.004797
288,0.587576,0.571926,0.230270,-0.178520,0.178983,0.004697
289,0.576304,0.560909,0.229834,-0.174918,0.175214,0.004610
290,0.565056,0.549861,0.229406,-0.171310,0.171467,0.004520
291,0.553832,0.538784,0.228985,-0.167696,0.167742,0.004423
292,0.542664,0.527690,0.228574,-0.164083,0.164051,0.004331
293,0.531525,0.516579,0.228167,-0.160470,0.160382,0.004242
294,0.520436,0.505451,0.227766,-0.156856,0.156745,0.004151
295,0.509413,0.494317,0.227371,-0.153247,0.153145,0.004060
296,0.498447,0.483181,0.226980,-0.149643,0.149578,0.003968
297,0.487544,0.472045,0.226591,-0.146046,0.146046,0.003875
298,0.476704,0.460909,0.226203,-0.142456,0.142550,0.003780
299,0.465936,0.449778,0.225817,-0.138875,0.139091,0.003689
300,0.455235,0.438656,0.225429,-0.135302,0.135668,0.003593
301,0.444609,0.427544,0.225038,-0.131740,0.132283,0.003507
302,0.434076,0.416452,0.224648,-0.128192,0.128945,0.003413
303,0.423609,0.405366,0.224252,-0.124652,0.125640,0.003328
304,0.413225,0.394307,0.223850,-0.121129,0.122376,0.003235
305,0.402927,0.383273,0.223443,-0.117620,0.119153,0.003143
306,0.392720,0.372259,0.223030,-0.114125,0.115974,0.003052
307,0.382578,0.361269,0.222605,-0.110645,0.112826,0.002966
308,0.372526,0.350309,0.222170,-0.107182,0.109719,0.002873
309,0.362558,0.339379,0.221726,-0.103735,0.106652,0.002786
310,0.352670,0.328482,0.221267,-0.100307,0.103620,0.002698
311,0.342874,0.317619,0.220798,-0.096895,0.100631,0.002609
312,0.333162,0.306792,0.220313,-0.093502,0.097679,0.002523
313,0.323525,0.295993,0.219813,-0.090124,0.094760,0.002434
314,0.313961,0.285242,0.219294,-0.086768,0.091873,0.002349
315,0.304485,0.274531,0.218759,-0.083433,0.089023,0.002266
316,0.295086,0.263851,0.218205,-0.080111,0.086207,0.002183
317,-10.251819,-8.490423,14.160133,-0.617478,0.365837,0.002290
318,0.618171,0.534922,0.238004,-0.239672,0.229380,-0.017336
319,0.664208,0.576031,0.246047,-0.259043,0.248753,-0.017131
320,0.707384,0.615438,0.253893,-0.277606,0.267066,-0.016254
321,0.748875,0.653065,0.261351,-0.295105,0.284657,-0.014929
322,0.838719,0.739466,0.453957,-0.303639,0.286360,-0.013208
323,0.838116,0.734305,0.328633,-0.323391,0.312187,-0.011102
324,0.873875,0.765804,0.339351,-0.336823,0.326536,-0.008843
325,0.907566,0.795072,0.349339,-0.349125,0.340046,-0.006445
326,0.939109,0.822049,0.359099,-0.360191,0.352570,-0.003975
327,0.968283,0.846532,0.367932,-0.370047,0.364150,-0.001479
328,0.995269,0.868645,0.376229,-0.378727,0.374769,0.000964
329,1.019723,0.888081,0.383545,-0.386159,0.384357,0.003331
330,1.041979,0.904972,0.390120,-0.392457,0.392959,0.005541
331,1.062006,0.919087,0.396026,-0.397581,0.400494,0.007583
332,1.079989,0.929954,0.400971,-0.401606,0.406940,0.009427
333,1.097011,0.935908,0.405181,-0.404729,0.412197,0.011046
334,1.111157,0.909948,0.403630,-0.409540,0.416837,0.012389
335,1.044118,0.893009,0.379934,-0.413744,0.428832,0.013217
336,1.070894,0.920815,0.352170,-0.413273,0.432337,0.013883
337,1.029887,0.885159,0.408982,-0.415375,0.436458,0.014490
338,1.058238,0.907276,0.380918,-0.413549,0.438218,0.014737
339,1.061378,0.907889,0.380325,-0.411846,0.439614,0.014874
340,1.062225,0.906179,0.379857,-0.409271,0.440131,0.014871
341,1.061991,0.903344,0.378300,-0.405895,0.439839,0.014725
342,1.059906,0.898792,0.376510,-0.401758,0.438745,0.014451
343,1.056136,0.892729,0.374287,-0.396880,0.436855,0.014065
344,1.050721,0.885220,0.371672,-0.391302,0.434193,0.013587
345,1.043689,0.876292,0.368690,-0.385055,0.430776,0.013047
346,1.035053,0.866021,0.365323,-0.378164,0.426607,0.012454
347,1.024860,0.854474,0.361633,-0.370679,0.421726,0.011830
348,1.013827,0.842200,0.356866,-0.362601,0.416118,0.011189
349,0.999054,0.827036,0.354154,-0.354030,0.409832,0.010563
350,0.985792,0.813002,0.348024,-0.344907,0.402857,0.009930
351,0.968021,0.795569,0.345000,-0.335417,0.395297,0.009321
352,0.995616,0.811786,0.288931,-0.323356,0.385538,0.008730
353,0.887062,0.727472,0.383368,-0.316615,0.379270,0.008216
354,0.954091,0.772417,0.281695,-0.302611,0.367624,0.007658
355,0.929996,0.750391,0.277488,-0.291196,0.357254,0.007191
356,0.904528,0.727467,0.273173,-0.279463,0.346324,0.006760
357,0.722158,0.592330,0.444801,-0.274519,0.340384,0.006345
358,0.818313,0.656923,0.307432,-0.258917,0.326448,0.005991
359,0.793311,0.634963,0.301974,-0.247460,0.315156,0.005605
360,0.801449,0.636794,0.258223,-0.234447,0.302404,0.005251
361,0.771527,0.611584,0.253772,-0.222158,0.289688,0.004963
362,0.740733,0.585963,0.249310,-0.209786,0.276633,0.004690
363,0.709127,0.559987,0.244847,-0.197360,0.263264,0.004442
364,0.529251,0.430538,0.408948,-0.191356,0.254786,0.004200
365,-0.131420,0.159936,0.550970,-0.202507,0.297309,0.003356
366,0.021267,0.166576,0.650849,-0.191864,0.274576,0.003645
367,0.635450,0.484488,0.244915,-0.162681,0.233452,0.003449
368,0.609621,0.462286,0.241467,-0.152402,0.222535,0.003339
369,0.583251,0.440009,0.238026,-0.142187,0.211413,0.003228
370,0.556421,0.417755,0.234610,-0.132080,0.200118,0.003119
371,0.529184,0.395558,0.231220,-0.122095,0.188675,0.003009
372,0.501612,0.373473,0.227869,-0.112258,0.177114,0.002904
373,0.473789,0.351556,0.224566,-0.102591,0.165470,0.002789
374,0.445766,0.329852,0.221317,-0.093114,0.153768,0.002666
375,0.417637,0.308408,0.218134,-0.083845,0.142047,0.002538
376,0.389434,0.287264,0.215017,-0.074801,0.130320,0.002406
377,0.361270,0.266472,0.211983,-0.066002,0.118636,0.002256
378,0.333163,0.246054,0.209030,-0.057456,0.107004,0.002104
379,0.305195,0.226061,0.206167,-0.049184,0.095457,0.001944
380,0.277439,0.206518,0.203401,-0.041192,0.084027,0.001775
381,0.249939,0.187462,0.200736,-0.033497,0.072733,0.001604
382,0.222759,0.168910,0.198176,-0.026100,0.061602,0.001424
383,0.195959,0.150902,0.195728,-0.019018,0.050659,0.001244
384,0.169593,0.133443,0.193395,-0.012247,0.039928,0.001060
385,0.143696,0.116563,0.191179,-0.005798,0.029422,0.000866
386,0.118337,0.100291,0.189086,0.000319,0.019172,0.000679
387,0.093558,0.084624,0.187119,0.006109,0.009193,0.000495
388,0.069387,0.069587,0.185279,0.011566,-0.000500,0.000308
389,0.045874,0.055182,0.183567,0.016692,-0.009890,0.000130
390,0.023062,0.041422,0.181989,0.021486,-0.018957,-0.000047
391,0.000988,0.028305,0.180545,0.025954,-0.027685,-0.000217
392,-0.020326,0.015853,0.179236,0.030088,-0.036067,-0.000381
393,-0.040855,0.004046,0.178062,0.033902,-0.044091,-0.000536
394,-0.060546,-0.007103,0.177028,0.037394,-0.051738,-0.000682
395,-0.079375,-0.017599,0.176134,0.040570,-0.058996,-0.000819
396,-0.097343,-0.027440,0.175379,0.043434,-0.065867,-0.000953
397,-0.114425,-0.036647,0.174763,0.045997,-0.072341,-0.001068
398,-0.130593,-0.045212,0.174286,0.048262,-0.078407,-0.001181
399,-0.145852,-0.053158,0.173948,0.050242,-0.084068,-0.001274
400,-0.160189,-0.060492,0.173747,0.051943,-0.089319,-0.001360
401,-0.173592,-0.067223,0.173684,0.053372,-0.094157,-0.001442
402,-0.186037,-0.073364,0.173759,0.054540,-0.098572,-0.001508
403,-0.197551,-0.078937,0.173967,0.055459,-0.102577,-0.001561
404,-0.208128,-0.083961,0.174308,0.056141,-0.106170,-0.001610
405,-0.217756,-0.088435,0.174782,0.056588,-0.109348,-0.001645
406,-0.226463,-0.092403,0.175384,0.056823,-0.112122,-0.001677
407,-0.234226,-0.095854,0.176116,0.056843,-0.114486,-0.001697
408,-0.241087,-0.098836,0.176970,0.056673,-0.116457,-0.001709
409,-0.247056,-0.101362,0.177944,0.056320,-0.118042,-0.001712
410,-0.252132,-0.103448,0.179038,0.055794,-0.119241,-0.001714
411,-0.256353,-0.105123,0.180244,0.055112,-0.120072,-0.001707
412,-0.259708,-0.106399,0.181565,0.054277,-0.120531,-0.001690
413,-0.262245,-0.107303,0.182992,0.053306,-0.120640,-0.001674
414,-0.263962,-0.107856,0.184524,0.052209,-0.120399,-0.001649
415,-0.264917,-0.108085,0.186153,0.050999,-0.119835,-0.001624
416,-0.265110,-0.108025,0.187877,0.049694,-0.118949,-0.001593
417,-0.264591,-0.107687,0.189688,0.048299,-0.117763,-0.001557
418,-0.263360,-0.107092,0.191586,0.046825,-0.116279,-0.001517
419,-0.261479,-0.106266,0.193561,0.045285,-0.114524,-0.001477
420,-0.258962,-0.105234,0.195610,0.043688,-0.112505,-0.001433
421,-0.255837,-0.104011,0.197729,0.042044,-0.110236,-0.001386
422,-0.252143,-0.102639,0.199910,0.040372,-0.107734,-0.001338
423,-0.247913,-0.101124,0.202147,0.038675,-0.105015,-0.001298
424,-0.243208,-0.099486,0.204433,0.036959,-0.102105,-0.001245
425,-0.238029,-0.097751,0.206763,0.035239,-0.099007,-0.001201
426,-0.232416,-0.095941,0.209133,0.033523,-0.095738,-0.001151
427,-0.226429,-0.094080,0.211532,0.031822,-0.092324,-0.001099
428,-0.220102,-0.092179,0.213954,0.030141,-0.088782,-0.001056
429,-0.213434,-0.090266,0.216399,0.028490,-0.085111,-0.001008
430,-0.206504,-0.088347,0.218852,0.026874,-0.081346,-0.000964
431,-0.199333,-0.086456,0.221311,0.025305,-0.077497,-0.000917
432,-0.191959,-0.084588,0.223768,0.023782,-0.073580,-0.000873
433,-0.184412,-0.082781,0.226218,0.022319,-0.069610,-0.000827
434,-0.176752,-0.081039,0.228651,0.020919,-0.065611,-0.000786
435,-0.168971,-0.079378,0.231065,0.019587,-0.061582,-0.000748
436,-0.161144,-0.077813,0.233451,0.018329,-0.057555,-0.000702
437,-0.153298,-0.076357,0.235801,0.017149,-0.053542,-0.000671
438,-0.145448,-0.075020,0.238114,0.016051,-0.049549,-0.000632
439,-0.137637,-0.073810,0.240381,0.015039,-0.045594,-0.000599
440,-0.129907,-0.072743,0.242594,0.014116,-0.041697,-0.000564
441,-0.122273,-0.071829,0.244751,0.013287,-0.037863,-0.000535
442,-0.114779,-0.071079,0.246844,0.012555,-0.034112,-0.000502
443,-0.107448,-0.070492,0.248870,0.011918,-0.030453,-0.000476
444,-0.100287,-0.070086,0.250825,0.011384,-0.026889,-0.000452
445,-0.093362,-0.069860,0.252699,0.010951,-0.023449,-0.000424
446,-0.086668,-0.069816,0.254493,0.010618,-0.020129,-0.000409
447,-0.080241,-0.069954,0.256201,0.010383,-0.016945,-0.000388
448,-0.074113,-0.070290,0.257817,0.010254,-0.013911,-0.000373
449,-0.068283,-0.070826,0.259341,0.010229,-0.011026,-0.000362
450,-0.062771,-0.071556,0.260771,0.010304,-0.008298,-0.000352
451,-0.057620,-0.072491,0.262099,0.010484,-0.005744,-0.000344
452,-0.052815,-0.073612,0.263327,0.010759,-0.003359,-0.000340
453,-0.048385,-0.074945,0.264453,0.011139,-0.001152,-0.000333
454,-0.044347,-0.076474,0.265472,0.011616,0.000867,-0.000333
455,-0.040699,-0.078198,0.266386,0.012188,0.002701,-0.000341
456,-0.037470,-0.080124,0.267191,0.012859,0.004338,-0.000344
457,-0.034652,-0.082228,0.267890,0.013614,0.005783,-0.000352
458,-0.032267,-0.084530,0.268479,0.014464,0.007026,-0.000367
459,-0.030323,-0.087018,0.268957,0.015402,0.008065,-0.000378
460,-0.028814,-0.089684,0.269327,0.016422,0.008903,-0.000396
461,-0.027727,-0.092524,0.269594,0.017522,0.009546,-0.000412
462,-0.027094,-0.095539,0.269750,0.018704,0.009982,-0.000431
463,-0.026900,-0.098704,0.269802,0.019953,0.010216,-0.000454
464,-0.027135,-0.102039,0.269752,0.021280,0.010256,-0.000479
465,-0.027814,-0.105524,0.269599,0.022673,0.010095,-0.000503
466,-0.028925,-0.109150,0.269346,0.024128,0.009739,-0.000533
467,-0.030471,-0.112914,0.268995,0.025643,0.009187,-0.000558
468,-0.032417,-0.116800,0.268552,0.027213,0.008455,-0.000593
469,-0.034799,-0.120822,0.268014,0.028840,0.007529,-0.000624
470,-0.037574,-0.124946,0.267390,0.030511,0.006428,-0.000663
471,-0.040738,-0.129179,0.266681,0.032228,0.005153,-0.000700
472,-0.044285,-0.133508,0.265891,0.033984,0.003709,-0.000737
473,-0.048213,-0.137922,0.265021,0.035775,0.002097,-0.000781
474,-0.052485,-0.142421,0.264079,0.037601,0.000334,-0.000818
475,-0.057108,-0.146982,0.263067,0.039450,-0.001583,-0.000864
476,-0.062065,-0.151613,0.261987,0.041326,-0.003646,-0.000908
477,-0.067335,-0.156293,0.260846,0.043220,-0.005845,-0.000951
478,-0.072893,-0.161009,0.259650,0.045126,-0.008168,-0.000999
479,-0.078740,-0.165767,0.258399,0.047047,-0.010616,-0.001046
480,-0.084846,-0.170551,0.257101,0.048976,-0.013176,-0.001098
481,-0.091201,-0.175354,0.255758,0.050908,-0.015842,-0.001145
482,-0.097792,-0.180166,0.254375,0.052840,-0.018607,-0.001196
483,-0.104589,-0.184978,0.252956,0.054769,-0.021460,-0.001247
484,-0.111572,-0.189782,0.251508,0.056689,-0.024391,-0.001299
485,-0.118738,-0.194569,0.250031,0.058598,-0.027398,-0.001350
486,-0.126058,-0.199334,0.248532,0.060495,-0.030469,-0.001401
487,-0.133500,-0.204060,0.247017,0.062370,-0.033589,-0.001453
488,-0.141053,-0.208752,0.245490,0.064227,-0.036753,-0.001504
489,-0.148722,-0.213400,0.243949,0.066061,-0.039963,-0.001552
490,-0.156437,-0.217984,0.242408,0.067864,-0.043189,-0.001609
491,-0.164225,-0.222514,0.240863,0.069641,-0.046443,-0.001655
492,-0.172036,-0.226966,0.239324,0.071381,-0.049701,-0.001703
493,-0.179869,-0.231344,0.237789,0.073087,-0.052965,-0.001756
494,-0.187705,-0.235645,0.236264,0.074756,-0.056226,-0.001808
495,-0.195522,-0.239859,0.234751,0.076385,-0.059474,-0.001854
496,-2.445584,-3.066781,1.491711,-0.154298,0.093418,-0.001948
497,-0.141112,-0.142131,0.257051,0.022207,-0.033221,-0.008153
498,-0.125866,-0.129523,0.251254,0.015401,-0.031861,-0.008085
499,-0.121264,-0.115805,0.252553,0.009068,-0.030177,-0.007884
500,-0.116908,-0.102607,0.253746,0.003067,-0.028589,-0.007541
501,-0.291893,-0.049529,0.399251,0.002475,-0.017764,-0.007070
502,-0.102149,-0.079803,0.257002,-0.006511,-0.022500,-0.005938
503,-0.097470,-0.068655,0.258011,-0.011296,-0.020759,-0.005279
504,-0.093045,-0.058083,0.258913,-0.015742,-0.019119,-0.004582
505,-0.088918,-0.048118,0.259697,-0.019838,-0.017599,-0.003861
506,-0.085091,-0.038779,0.260365,-0.023579,-0.016200,-0.003139
507,-0.194928,-0.014036,0.368313,-0.024359,-0.009903,-0.002426
508,-0.073971,-0.022898,0.262129,-0.029311,-0.011722,-0.001359
509,-0.169227,0.005883,0.365141,-0.028865,-0.006534,-0.000708
510,-0.063204,-0.010079,0.263536,-0.033394,-0.007393,0.000215
511,-0.059645,-0.004238,0.263807,-0.035235,-0.006092,0.000756
512,-0.056411,0.001004,0.263968,-0.036763,-0.004926,0.001214
513,-0.158708,0.024494,0.387260,-0.034862,-0.000564,0.001606
514,-0.047029,0.008617,0.264665,-0.038127,-0.001158,0.002244
515,-0.044192,0.011880,0.264585,-0.038643,-0.000156,0.002496
516,-0.041694,0.014559,0.264398,-0.038869,0.000704,0.002669
517,-0.169913,0.045850,0.438013,-0.034159,0.004353,0.002770
518,-0.032226,0.016454,0.264709,-0.037297,0.004585,0.003328
519,-0.030028,0.017248,0.264326,-0.036608,0.005314,0.003303
520,-0.028184,0.017551,0.263849,-0.035690,0.005892,0.003215
521,-0.026701,0.017380,0.263278,-0.034554,0.006316,0.003076
522,-0.114776,0.016228,0.392614,-0.031631,0.008054,0.002888
523,-0.041129,0.014250,0.291373,-0.031166,0.008443,0.002863
524,-0.020073,0.013927,0.261888,-0.029653,0.008677,0.002665
525,-0.059225,0.006272,0.322059,-0.027470,0.009273,0.002392
526,-0.039046,0.005942,0.293094,-0.025624,0.009623,0.002177
527,-0.037092,0.003002,0.291239,-0.023517,0.009845,0.001920
528,-0.036235,-0.000407,0.290561,-0.021299,0.009928,0.001657
529,-0.035647,-0.003964,0.289896,-0.018992,0.009915,0.001383
530,-0.025976,-0.004879,0.274436,-0.016555,0.009736,0.001116
531,-0.043223,-0.014006,0.300538,-0.014173,0.009562,0.000855
532,-0.034334,-0.015086,0.286256,-0.011657,0.009379,0.000615
533,-0.053225,-0.011220,0.312544,-0.008091,0.009294,0.000384
534,-0.032371,-0.016406,0.279939,-0.005748,0.008951,0.000261
535,-0.034078,-0.021094,0.280920,-0.002966,0.008485,0.000107
536,-0.016175,-0.025092,0.251289,-0.000478,0.007833,-0.000024
537,-0.052304,-0.030896,0.303937,0.002863,0.007269,-0.000207
538,-0.018460,-0.034040,0.249018,0.005117,0.006378,-0.000280
539,-0.054154,-0.040657,0.299358,0.008346,0.005723,-0.000422
540,-0.027603,-0.043566,0.256336,0.010720,0.004748,-0.000465
541,-0.049077,-0.049629,0.284984,0.013669,0.003884,-0.000558
542,-0.039779,-0.053801,0.267564,0.016148,0.002877,-0.000586
543,-0.040426,-0.058170,0.264501,0.018710,0.001789,-0.000640
544,-0.043541,-0.062754,0.264978,0.021228,0.000660,-0.000681
545,-0.030744,-0.065279,0.240773,0.023513,-0.000682,-0.000706
546,-0.060590,-0.072696,0.281533,0.026128,-0.001796,-0.000762
547,-0.047684,-0.074990,0.257635,0.028245,-0.003013,-0.000747
548,-0.037616,-0.077423,0.237240,0.030274,-0.004452,-0.000761
549,-0.070640,-0.080559,0.282657,0.032986,-0.005617,-0.000800
550,-0.052381,-0.084780,0.250829,0.034611,-0.006801,-0.000733
551,-0.044535,-0.088476,0.233881,0.036265,-0.008254,-0.000736
552,-0.047874,-0.091747,0.233387,0.037995,-0.009788,-0.000763
553,-0.050374,-0.094833,0.231506,0.039582,-0.011366,-0.000796
554,-0.053384,-0.097698,0.230342,0.041050,-0.012961,-0.000827
555,-0.099715,-0.101511,0.295975,0.043173,-0.014068,-0.000855
556,-0.063961,-0.103085,0.237549,0.043808,-0.015425,-0.000782
557,-0.060664,-0.105079,0.227379,0.044809,-0.016925,-0.000797
558,-0.063475,-0.107063,0.226341,0.045770,-0.018437,-0.000831
559,-0.066286,-0.108801,0.225328,0.046593,-0.019948,-0.000861
560,-0.069068,-0.110298,0.224344,0.047285,-0.021446,-0.000888
561,-0.071800,-0.111545,0.223392,0.047842,-0.022921,-0.000915
562,-0.074506,-0.112553,0.222467,0.048270,-0.024383,-0.000948
563,-0.077141,-0.113305,0.221578,0.048564,-0.025813,-0.000974
564,-0.153512,-0.100730,0.331638,0.051336,-0.026208,-0.000998
565,-0.076837,-0.113824,0.222944,0.049545,-0.027427,-0.000730
566,-0.079727,-0.114406,0.221084,0.049538,-0.028335,-0.000746
567,-0.082627,-0.115244,0.219115,0.049349,-0.029205,-0.000762
568,-0.084416,-0.114918,0.218449,0.049089,-0.030266,-0.000794
569,-0.086091,-0.114365,0.217821,0.048715,-0.031274,-0.000829
570,-0.087642,-0.113570,0.217229,0.048224,-0.032226,-0.000864
571,-0.089059,-0.112547,0.216676,0.047624,-0.033118,-0.000902
572,-0.090342,-0.111301,0.216160,0.046917,-0.033949,-0.000931
573,-0.091477,-0.109845,0.215681,0.046111,-0.034713,-0.000958
574,-0.092469,-0.108172,0.215240,0.045206,-0.035411,-0.000982
575,-0.093302,-0.106305,0.214835,0.044212,-0.036038,-0.000993
576,-0.093963,-0.104251,0.214470,0.043135,-0.036586,-0.001010
577,-0.094464,-0.101996,0.214141,0.041969,-0.037062,-0.001021
578,-0.094785,-0.099585,0.213848,0.040737,-0.037456,-0.001022
579,-0.094940,-0.096998,0.213591,0.039430,-0.037775,-0.001019
580,-0.094901,-0.094259,0.213370,0.038061,-0.038006,-0.001008
581,-0.142607,-0.078287,0.281395,0.038668,-0.037308,-0.000994
582,-0.092144,-0.089184,0.213411,0.035705,-0.037205,-0.000758
583,-0.091289,-0.086136,0.213319,0.034225,-0.037076,-0.000739
584,-0.090250,-0.082974,0.213258,0.032703,-0.036864,-0.000721
585,-0.090180,-0.078049,0.218137,0.031353,-0.036744,-0.000701
586,-0.087344,-0.076497,0.213265,0.029644,-0.036065,-0.000646
587,-0.100306,-0.068811,0.234079,0.028661,-0.035365,-0.000632
588,-0.092657,-0.066899,0.226622,0.026938,-0.034675,-0.000555
589,-0.081107,-0.066299,0.213576,0.024976,-0.034000,-0.000495
590,-0.090958,-0.058784,0.231306,0.023906,-0.033040,-0.000470
591,-0.073272,-0.057549,0.216655,0.022084,-0.032450,-0.000374
592,-0.072655,-0.055918,0.214145,0.020355,-0.030973,-0.000315
593,-0.062384,-0.046508,0.222911,0.019322,-0.031238,-0.000311
594,-0.065357,-0.047668,0.216222,0.017362,-0.029171,-0.000258
595,-0.104113,-0.030715,0.275059,0.017724,-0.027244,-0.000235
596,-0.057468,-0.041779,0.216420,0.014779,-0.025787,0.000009
597,-0.209625,0.096390,0.507836,0.029009,-0.025752,0.000026
598,-0.088688,0.008742,0.311693,0.021764,-0.020858,0.001417
599,-0.038856,-0.042521,0.217263,0.016423,-0.017076,0.001782
600,-0.034045,-0.040220,0.217602,0.015499,-0.015219,0.001702
601,-0.029200,-0.037870,0.217938,0.014552,-0.013351,0.001592
602,-0.024318,-0.035478,0.218272,0.013587,-0.011470,0.001452
603,-0.019414,-0.033050,0.218601,0.012607,-0.009584,0.001293
604,-0.014492,-0.030577,0.218924,0.011606,-0.007694,0.001128
605,-0.009577,-0.028086,0.219238,0.010598,-0.005810,0.000953
606,-0.079092,0.070415,0.396818,0.020428,-0.006792,0.000781
607,0.002597,-0.027167,0.220180,0.011056,-0.000737,0.001345
608,0.007933,-0.025334,0.220502,0.010364,0.001320,0.001192
609,0.013218,-0.023468,0.220809,0.009653,0.003350,0.001024
610,0.018443,-0.021568,0.221099,0.008923,0.005349,0.000854
611,-0.009996,0.026665,0.314393,0.013536,0.005307,0.000688
612,0.180946,0.557125,0.988133,0.071997,-0.048065,0.001129
613,0.028430,-0.043636,0.220802,0.022328,0.010257,0.003547
614,0.032589,-0.046083,0.220880,0.023567,0.011858,0.003373
615,0.036636,-0.048363,0.220947,0.024697,0.013400,0.003130
616,0.040613,-0.050466,0.221009,0.025715,0.014903,0.002846
617,0.044478,-0.052390,0.221059,0.026622,0.016347,0.002523
618,0.048254,-0.054113,0.221100,0.027410,0.017742,0.002175
619,0.051913,-0.055657,0.221129,0.028089,0.019078,0.001814
620,0.055472,-0.057011,0.221149,0.028656,0.020361,0.001444
621,0.058925,-0.058171,0.221158,0.029110,0.021589,0.001082
622,0.062254,-0.059146,0.221154,0.029458,0.022756,0.000735
623,0.065482,-0.059927,0.221140,0.029696,0.023872,0.000408
624,0.455945,0.364131,0.980003,0.079647,-0.055567,0.000087
625,0.054975,-0.078747,0.218620,0.039285,0.019515,0.000718
626,0.055364,-0.081999,0.218296,0.040574,0.019483,0.000464
627,0.055715,-0.085413,0.217979,0.041935,0.019441,0.000263
628,0.055987,-0.088114,0.217671,0.042915,0.019347,0.000016
629,0.056200,-0.090538,0.217368,0.043742,0.019222,-0.000214
630,0.056371,-0.092688,0.217073,0.044419,0.019074,-0.000429
631,0.056500,-0.094563,0.216784,0.044950,0.018904,-0.000618
632,0.056579,-0.096166,0.216503,0.045335,0.018708,-0.000785
633,0.083156,-0.021440,0.349310,0.054337,0.008385,-0.000935
634,0.055230,-0.101930,0.215734,0.047552,0.017832,-0.000715
635,0.210849,0.023387,0.584088,0.065012,-0.018243,-0.000807
636,0.046092,-0.112329,0.214038,0.051842,0.013762,-0.001005
637,0.044881,-0.114101,0.213690,0.052211,0.013048,-0.001097
638,0.043681,-0.115578,0.213361,0.052429,0.012338,-0.001165
639,0.042508,-0.116772,0.213050,0.052506,0.011640,-0.001222
640,0.041373,-0.117682,0.212758,0.052442,0.010959,-0.001264
641,0.040286,-0.118315,0.212486,0.052244,0.010298,-0.001288
642,0.173520,-0.016137,0.442900,0.064814,-0.016348,-0.001298
643,0.034169,-0.127854,0.215225,0.053600,0.006130,-0.001198
644,0.029481,-0.125241,0.210720,0.054159,0.005311,-0.001178
645,0.042833,-0.104227,0.254777,0.056361,0.000453,-0.001178
646,0.025389,-0.126575,0.210095,0.053805,0.003285,-0.001094
647,0.107480,-0.068605,0.357855,0.060842,-0.013999,-0.001080
648,0.019055,-0.129956,0.210248,0.053791,0.000101,-0.001037
649,0.044509,-0.106101,0.264046,0.056286,-0.006617,-0.001021
650,0.026188,-0.118552,0.234547,0.054697,-0.004981,-0.000972
651,0.023812,-0.117797,0.235677,0.054372,-0.006231,-0.000932
652,0.080938,-0.100997,0.311609,0.056871,-0.017493,-0.000880
653,0.020864,-0.123236,0.233529,0.053523,-0.010133,-0.000990
654,0.017762,-0.122488,0.233900,0.052965,-0.011472,-0.001010
655,0.014213,-0.122058,0.233152,0.052349,-0.012734,-0.001029
656,0.010828,-0.121270,0.232641,0.051658,-0.013866,-0.001031
657,-0.008483,-0.129331,0.206334,0.049763,-0.012032,-0.001036
658,-0.010248,-0.128187,0.206260,0.048782,-0.012820,-0.001019
659,0.033037,-0.094078,0.302191,0.052214,-0.023281,-0.001003
660,0.018072,-0.111600,0.267962,0.049920,-0.021765,-0.000995
661,-0.003872,-0.119191,0.232770,0.048053,-0.019394,-0.001053
662,-0.009940,-0.119558,0.225669,0.046980,-0.019535,-0.001050
663,-0.011859,-0.117968,0.225689,0.046197,-0.020404,-0.001027
664,-0.014171,-0.116783,0.224576,0.045368,-0.021093,-0.001002
665,-0.026568,-0.122600,0.205479,0.043557,-0.019616,-0.000975
666,-0.027478,-0.120999,0.205573,0.042493,-0.019959,-0.000950
667,-0.028176,-0.119304,0.205696,0.041404,-0.020205,-0.000928
668,0.024271,-0.081392,0.293003,0.044919,-0.030386,-0.000898
669,-0.017126,-0.102326,0.239144,0.041840,-0.024597,-0.000835
670,-0.032528,-0.116606,0.205767,0.039476,-0.021777,-0.000755
671,0.016419,-0.085232,0.303277,0.042712,-0.032041,-0.000735
672,-0.022523,-0.107033,0.230964,0.039405,-0.025403,-0.000750
673,-0.022988,-0.105521,0.231656,0.038738,-0.025660,-0.000746
674,-0.033372,-0.110571,0.212783,0.037253,-0.023842,-0.000739
675,-0.015631,-0.097447,0.247281,0.038047,-0.027391,-0.000723
676,-0.025579,-0.102613,0.229370,0.036736,-0.025658,-0.000721
677,-0.037922,-0.109631,0.206622,0.035087,-0.023181,-0.000709
678,-0.037423,-0.108220,0.206893,0.034319,-0.022830,-0.000704
679,-0.001305,-0.082547,0.272244,0.036755,-0.029516,-0.000699
680,0.019334,-0.093995,0.299623,0.036021,-0.033207,-0.000683
681,-0.039576,-0.105962,0.207266,0.032993,-0.023272,-0.000861
682,-0.001126,-0.097477,0.270539,0.034065,-0.030025,-0.000856
683,-0.039814,-0.103935,0.207665,0.031900,-0.023048,-0.000964
684,-0.039076,-0.102742,0.207959,0.031312,-0.022565,-0.000950
685,-0.038147,-0.101544,0.208268,0.030736,-0.022000,-0.000937
686,-0.037069,-0.100342,0.208588,0.030172,-0.021370,-0.000914
687,-0.035809,-0.099142,0.208923,0.029622,-0.020662,-0.000887
688,-0.034386,-0.097926,0.209270,0.029078,-0.019885,-0.000860
689,-0.032836,-0.096729,0.209623,0.028555,-0.019056,-0.000832
690,-0.031146,-0.095542,0.209984,0.028048,-0.018167,-0.000795
691,0.058398,-0.073494,0.318388,0.031250,-0.031769,-0.000762
692,-0.031815,-0.094408,0.210228,0.027541,-0.018119,-0.000949
693,-0.011749,-0.088688,0.232763,0.027936,-0.020356,-0.000918
694,-0.020357,-0.090275,0.221712,0.027255,-0.018350,-0.000918
695,-0.028439,-0.091838,0.211065,0.026544,-0.016158,-0.000896
696,-0.012476,-0.087067,0.227692,0.026832,-0.017601,-0.000853
697,-0.018767,-0.088313,0.219418,0.026270,-0.015780,-0.000838
698,-0.018966,-0.087980,0.217912,0.025965,-0.014822,-0.000812
699,-0.017611,-0.087251,0.217969,0.025724,-0.014007,-0.000776
700,0.037534,-0.073378,0.286702,0.027857,-0.022312,-0.000747
701,-0.022470,-0.088076,0.212464,0.025339,-0.012606,-0.000815
702,-0.020975,-0.087429,0.212734,0.025157,-0.011802,-0.000777
703,-0.006088,-0.088081,0.226762,0.025118,-0.013022,-0.000729
704,-0.018519,-0.086130,0.213196,0.024761,-0.010443,-0.000764
705,-0.016944,-0.085516,0.213453,0.024605,-0.009614,-0.000722
706,-0.015327,-0.084916,0.213706,0.024459,-0.008772,-0.000682
707,-0.013671,-0.084325,0.213955,0.024320,-0.007917,-0.000642
708,-0.011996,-0.083756,0.214197,0.024193,-0.007058,-0.000603
709,-0.010297,-0.083196,0.214433,0.024073,-0.006194,-0.000564
710,-0.008589,-0.082642,0.214662,0.023956,-0.005330,-0.000529
711,-0.006866,-0.082101,0.214884,0.023847,-0.004465,-0.000499
712,-0.005147,-0.081581,0.215096,0.023748,-0.003607,-0.000472
713,-0.003451,-0.081074,0.215297,0.023655,-0.002762,-0.000446
714,0.026962,-0.082851,0.241954,0.023833,-0.006232,-0.000436
715,-0.001433,-0.080014,0.215531,0.023369,-0.001696,-0.000531
716,0.000031,-0.079512,0.215687,0.023275,-0.000962,-0.000515
717,0.001247,-0.079007,0.215809,0.023172,-0.000339,-0.000515
718,0.002266,-0.078487,0.215903,0.023057,0.000194,-0.000531
719,0.003421,-0.077992,0.216001,0.022958,0.000781,-0.000533
720,0.004747,-0.077522,0.216109,0.022878,0.001438,-0.000506
721,0.006027,-0.077061,0.216204,0.022800,0.002070,-0.000483
722,0.007257,-0.076602,0.216285,0.022723,0.002677,-0.000467
723,0.008437,-0.076149,0.216353,0.022645,0.003258,-0.000447
724,0.009557,-0.075702,0.216406,0.022570,0.003808,-0.000428
725,0.010617,-0.075253,0.216446,0.022491,0.004329,-0.000413
726,0.011621,-0.074794,0.216472,0.022405,0.004821,-0.000400
727,0.012543,-0.074356,0.216482,0.022328,0.005274,-0.000384
728,0.013403,-0.073910,0.216478,0.022244,0.005696,-0.000378
729,-0.212740,-0.091295,0.256137,0.020594,0.025777,-0.000368
730,0.016726,-0.073064,0.218876,0.022153,0.011143,0.000278
731,0.026322,-0.071973,0.217730,0.022118,0.011534,0.000310
732,0.013358,-0.072710,0.220412,0.021917,0.013659,0.000306
733,0.030812,-0.070947,0.217943,0.021929,0.013486,0.000344
734,0.032548,-0.070439,0.217974,0.021816,0.014227,0.000309
735,0.006921,-0.072031,0.222794,0.021509,0.017267,0.000266
736,0.027949,-0.070030,0.219652,0.021521,0.016774,0.000290
737,-0.021124,-0.008792,0.248439,0.026943,0.020772,0.000260
738,0.036519,-0.065574,0.221143,0.023446,0.018980,0.000835
739,0.044766,-0.071574,0.218347,0.023463,0.019590,0.000940
740,0.046241,-0.071489,0.218285,0.023515,0.020183,0.000849
741,0.020230,-0.047036,0.230686,0.025766,0.022586,0.000731
742,0.039789,-0.063489,0.222797,0.025110,0.022424,0.000904
743,0.041436,-0.063995,0.222652,0.025403,0.023045,0.000863
744,0.052837,-0.073188,0.218008,0.024908,0.022924,0.000822
745,0.033117,-0.055442,0.227091,0.026616,0.024683,0.000676
746,0.042128,-0.062780,0.223303,0.026577,0.024842,0.000728
747,0.056549,-0.074720,0.217590,0.025972,0.024394,0.000705
748,0.057156,-0.074856,0.217373,0.026064,0.024574,0.000556
749,0.057580,-0.074935,0.217133,0.026119,0.024671,0.000399
750,0.057822,-0.074966,0.216870,0.026144,0.024687,0.000243
751,0.057900,-0.074934,0.216587,0.026132,0.024630,0.000094
752,-0.081897,-0.018995,0.272315,0.031402,0.034683,-0.000048
753,0.062466,-0.077008,0.216543,0.027620,0.026635,0.000619
754,0.063012,-0.077313,0.216286,0.027764,0.026765,0.000529
755,0.087486,0.002171,0.271482,0.035655,0.021153,0.000413
756,0.062219,-0.080812,0.215491,0.029684,0.026342,0.000751
757,0.061948,-0.081434,0.215133,0.029940,0.026121,0.000643
758,0.061519,-0.081978,0.214760,0.030149,0.025831,0.000518
759,0.060930,-0.082421,0.214372,0.030301,0.025470,0.000390
760,0.038380,-0.062656,0.224344,0.032254,0.026508,0.000256
761,0.060447,-0.084336,0.213656,0.031228,0.025106,0.000425
762,0.059537,-0.084669,0.213233,0.031303,0.024601,0.000282
763,0.042828,-0.081900,0.216268,0.031605,0.025333,0.000142
764,-0.017575,-0.069964,0.229385,0.032791,0.029933,0.000075
765,0.044146,-0.082747,0.215823,0.032280,0.025821,0.000349
766,0.059714,-0.086450,0.212016,0.032098,0.024344,0.000322
767,-1.037619,0.006719,1.898166,0.064999,0.027610,0.000196
768,0.288502,-0.292973,0.463556,0.028422,-0.005491,0.017401
769,0.055967,-0.095139,0.213785,0.036272,0.024687,0.014951
770,0.055250,-0.095773,0.213275,0.036486,0.024204,0.014704
771,-0.241278,-0.138321,0.378430,0.034970,0.042277,0.014160
772,0.017245,-0.217846,0.339215,0.028162,0.025731,0.016377
773,0.003335,-0.103172,0.258179,0.033117,0.031345,0.014215
774,0.004901,-0.179159,0.318378,0.027095,0.028604,0.013073
775,0.014261,-0.063714,0.342014,0.036546,0.026790,0.023908
776,-0.047718,-0.102745,0.258661,0.031907,0.037372,0.023442
777,0.070781,-0.088301,0.215241,0.031951,0.030423,0.026712
778,0.039724,-0.063192,0.264742,0.034173,0.030236,0.024535
779,0.070955,-0.088106,0.215117,0.031706,0.030318,0.024117
780,0.070673,-0.087277,0.215002,0.031156,0.030062,0.021471
781,0.070186,-0.086374,0.214867,0.030569,0.029719,0.018663
782,0.069518,-0.085414,0.214714,0.029958,0.029299,0.015783
783,-0.086351,-0.058072,0.275554,0.032285,0.039675,0.012908
784,0.061034,-0.082979,0.217429,0.031145,0.031190,0.014257
785,0.053523,-0.080045,0.219128,0.031032,0.031746,0.011470
786,-0.007534,-0.053683,0.353001,0.035043,0.029352,0.008782
787,0.053087,-0.081446,0.239601,0.032621,0.030322,0.010033
788,0.034251,-0.109228,0.259130,0.030477,0.030666,0.008136
789,-0.150799,-0.187758,0.172293,0.021921,0.051158,0.006685
790,0.069858,-0.086975,0.217117,0.030319,0.029994,0.018386
791,-0.161444,-0.110494,0.270421,0.028294,0.046835,0.016347
792,0.071224,-0.087442,0.214436,0.029888,0.030751,0.024672
793,0.056107,-0.084348,0.244730,0.029985,0.029897,0.022594
794,0.049611,-0.076297,0.242756,0.030284,0.030098,0.020730
795,0.050139,-0.076565,0.241508,0.030126,0.029663,0.018937
796,-0.211977,-0.199085,0.224059,0.019155,0.053424,0.017091
797,0.008194,-0.093159,0.265892,0.027676,0.033158,0.026785
798,0.072852,-0.081956,0.214984,0.027181,0.030140,0.026973
799,0.072006,-0.080995,0.214805,0.026608,0.029644,0.024147
800,0.007714,-0.055281,0.229365,0.028224,0.034269,0.021125
801,0.054861,-0.074112,0.218939,0.026774,0.031076,0.018381
802,0.072072,-0.079632,0.214574,0.025943,0.029428,0.015333
803,0.071011,-0.078848,0.214362,0.025471,0.028849,0.012242
804,0.001684,-0.232106,0.114575,0.010410,0.040200,0.009256
805,-0.025125,-0.062783,0.454422,0.029412,0.023253,0.027503
806,0.046085,-0.074189,0.247194,0.026203,0.027960,0.029221
807,0.048255,-0.070670,0.244999,0.026259,0.027286,0.027362
808,-0.212680,-0.138665,0.197791,0.019580,0.052076,0.024970
809,0.069831,-0.086432,0.219804,0.024200,0.027263,0.035591
810,0.038832,-0.069726,0.256526,0.025419,0.027174,0.032085
811,0.043424,-0.067122,0.248012,0.025465,0.026671,0.029552
812,0.045177,-0.076505,0.246115,0.024828,0.026037,0.026750
813,0.024143,-0.085969,0.268112,0.024188,0.026048,0.023490
814,0.013359,-0.153666,0.277384,0.018510,0.026194,0.020899
815,-0.472402,-0.146898,0.091297,0.015219,0.077930,0.024578
816,-0.176113,-0.222311,0.292232,0.012473,0.044845,0.052205
817,0.082882,-0.045469,0.244473,0.022666,0.025258,0.056926
818,0.068694,-0.069198,0.214641,0.020140,0.027596,0.054105
819,0.004142,-0.024140,0.227258,0.023399,0.032481,0.049250
820,0.077608,-0.065315,0.222519,0.020914,0.026985,0.044442
821,-0.013856,-0.003224,0.299962,0.026878,0.030009,0.038756
822,-0.026292,-0.059420,0.234268,0.022366,0.035113,0.034255
823,0.069041,-0.069755,0.214642,0.021336,0.028015,0.029475
824,0.068179,-0.069514,0.214478,0.021203,0.027592,0.023735
825,0.067171,-0.069269,0.214297,0.021068,0.027108,0.018180
826,0.066002,-0.069031,0.214095,0.020938,0.026553,0.012902
827,-0.109927,-0.029760,0.361635,0.026180,0.033904,0.007987
828,0.060654,-0.086932,0.216238,0.021468,0.028262,0.007826
829,0.122588,-0.274518,0.283961,0.007023,0.018725,0.003931
830,-0.078266,-0.109810,0.190474,0.018256,0.039634,0.028703
831,0.042822,-0.062370,0.247637,0.023131,0.026307,0.029107
832,0.045717,-0.063869,0.242189,0.023207,0.025853,0.026607
833,0.041364,-0.068563,0.243408,0.023085,0.025650,0.023494
834,0.029641,-0.102547,0.254862,0.020666,0.025650,0.020563
835,0.064313,-0.195941,0.267700,0.012779,0.021276,0.019934
836,-0.204458,-0.091518,0.162259,0.018292,0.049623,0.029358
837,0.063551,-0.071199,0.213351,0.021197,0.024773,0.037884
838,0.036446,-0.061976,0.219289,0.021769,0.026353,0.034111
839,0.021007,-0.065097,0.301270,0.022931,0.022777,0.030202
840,0.025687,-0.065754,0.237730,0.022302,0.025484,0.027695
841,0.051839,-0.151037,0.256612,0.015742,0.021835,0.024036
842,-0.001859,-0.047278,0.204031,0.022977,0.028692,0.029644
843,-0.013470,-0.050635,0.240171,0.023619,0.027569,0.027108
844,0.043439,-0.156833,0.260346,0.015380,0.021321,0.025176
845,-0.030599,-0.023436,0.200609,0.024938,0.030291,0.030630
846,-0.034120,-0.041274,0.238800,0.024841,0.028523,0.029285
847,-0.037443,-0.123529,0.228716,0.018137,0.029518,0.027577
848,-0.021111,-0.060917,0.235873,0.023260,0.027414,0.029615
849,-0.050086,-0.073178,0.235860,0.022493,0.029692,0.029009
850,-0.034297,-0.065147,0.226491,0.023274,0.028812,0.028919
851,-0.036426,-0.092409,0.233212,0.021545,0.028843,0.029319
852,-0.010476,-0.059948,0.241638,0.024675,0.026068,0.029911
853,-0.037034,-0.095471,0.226049,0.021884,0.029329,0.029948
854,-0.005050,-0.092950,0.244355,0.022497,0.025743,0.030030
855,0.026684,-0.064811,0.248628,0.025078,0.022724,0.030936
856,0.029007,-0.068603,0.235992,0.024975,0.023127,0.027396
857,0.042470,-0.116983,0.241113,0.021652,0.021518,0.025055
858,0.054945,-0.075024,0.212297,0.024607,0.021512,0.026510
859,-0.016755,-0.063208,0.254369,0.026191,0.025192,0.022305
860,-0.058985,-0.150438,0.204869,0.018613,0.031573,0.019772
861,-0.113315,-0.156740,0.242073,0.018699,0.034096,0.027255
862,-0.081860,-0.124941,0.209518,0.020574,0.033602,0.032760
863,0.032948,-0.065618,0.248467,0.025992,0.021805,0.035374
864,0.054833,-0.076094,0.212464,0.024967,0.021663,0.032435
865,-0.160509,-0.133816,0.258487,0.020575,0.037623,0.028205
866,0.034389,-0.030237,0.248959,0.029558,0.021890,0.033479
867,0.003887,-0.074730,0.238788,0.026331,0.025227,0.030799
868,-0.004925,-0.076315,0.230957,0.026086,0.026516,0.027058
869,0.030515,-0.092997,0.245957,0.025201,0.022761,0.026384
870,-0.048867,-0.126766,0.211042,0.021957,0.031411,0.025541
871,0.048523,-0.231274,0.279259,0.014264,0.019317,0.027813
872,0.023123,-0.017813,0.220383,0.029651,0.024265,0.040190
873,0.055966,-0.077599,0.212837,0.025569,0.022182,0.036156
874,0.055413,-0.077310,0.212418,0.025369,0.021823,0.031674
875,0.054574,-0.076999,0.212275,0.025180,0.021418,0.027047
876,0.053617,-0.076669,0.212120,0.024982,0.020965,0.022389
877,-0.336404,-0.185355,0.284023,0.016465,0.050584,0.017808
878,0.017581,-0.043982,0.272413,0.029400,0.022226,0.030365
879,-0.039118,-0.171617,0.178634,0.017776,0.032769,0.027702
880,-0.040651,-0.103984,0.274574,0.024154,0.027611,0.036692
881,0.056348,-0.077641,0.212880,0.025345,0.022535,0.037906
882,0.002928,-0.037434,0.276993,0.029364,0.023563,0.033514
883,0.031204,-0.065145,0.241539,0.027282,0.023476,0.030361
884,0.056774,-0.078205,0.212851,0.025914,0.022768,0.026513
885,-0.039483,-0.028476,0.241442,0.030317,0.029247,0.021844
886,-0.092292,-0.216127,0.179947,0.014432,0.037755,0.020672
887,0.039173,-0.061190,0.286344,0.028408,0.020801,0.032782
888,0.036200,-0.056359,0.257460,0.028348,0.022504,0.031997
889,0.012679,-0.077820,0.229637,0.026442,0.026045,0.028543
890,0.003151,-0.081942,0.235124,0.026322,0.026557,0.027531
891,-0.037172,-0.151731,0.224378,0.020375,0.030693,0.027051
892,0.034910,-0.107089,0.246388,0.024071,0.023354,0.031688
893,0.038925,-0.071791,0.217228,0.026219,0.024444,0.032773
894,0.027538,-0.075438,0.268198,0.026766,0.022663,0.028564
895,0.027892,-0.084570,0.242064,0.025825,0.023905,0.026505
896,0.021128,-0.135262,0.204723,0.021072,0.026518,0.024960
897,0.020641,-0.058395,0.260698,0.028076,0.023235,0.028853
898,0.022132,-0.091496,0.248818,0.025278,0.023596,0.026039
899,0.004277,-0.088982,0.222942,0.024977,0.026386,0.024212
900,-0.000305,-0.091455,0.237062,0.024872,0.025949,0.023531
901,-0.036612,-0.136611,0.207756,0.020618,0.030660,0.023523
902,-0.014861,-0.100827,0.258225,0.024158,0.025974,0.031861
903,0.017195,-0.067307,0.253323,0.026699,0.023274,0.030562
904,0.055729,-0.077383,0.212437,0.025011,0.021830,0.032709
905,-0.104466,-0.095961,0.243269,0.023549,0.033725,0.028584
906,0.055845,-0.077736,0.212532,0.025265,0.022006,0.030598
907,0.030634,-0.070361,0.218226,0.025706,0.023629,0.026348
908,0.008291,-0.082437,0.271688,0.025646,0.022708,0.022201
909,0.007850,-0.112413,0.253409,0.023413,0.023725,0.021976
910,0.010609,-0.057201,0.232054,0.027419,0.024385,0.022903
911,0.033515,-0.147259,0.227464,0.020075,0.022623,0.020304
912,-0.064337,-0.127240,0.226579,0.021202,0.030673,0.025624
913,-0.072072,-0.092763,0.249981,0.023960,0.029929,0.029293
914,-0.048961,-0.087159,0.219362,0.024050,0.029972,0.029584
915,0.016106,-0.053061,0.242500,0.027472,0.023384,0.028733
916,0.054416,-0.077790,0.212833,0.025281,0.021602,0.025776
917,-0.087456,-0.132814,0.251059,0.020959,0.031551,0.021769
918,-0.042170,-0.124047,0.213504,0.021089,0.030135,0.025459
919,-0.018210,-0.090054,0.247461,0.024156,0.026239,0.029201
920,0.022880,-0.042567,0.256036,0.028233,0.022269,0.029924
921,0.005195,-0.062551,0.235007,0.026732,0.025130,0.027165
922,0.027826,-0.082680,0.236905,0.025211,0.023137,0.024009
923,-0.056889,-0.136026,0.225309,0.020564,0.031065,0.022135
924,0.006653,-0.151547,0.221394,0.018940,0.026134,0.025312
925,0.040931,-0.060139,0.258502,0.026587,0.021074,0.031398
926,0.024166,-0.044120,0.242512,0.027859,0.023215,0.028266
927,-0.010369,-0.060953,0.233309,0.026626,0.026652,0.025830
928,0.030594,-0.091428,0.238939,0.024395,0.022911,0.023957
929,0.036376,-0.095403,0.238814,0.024154,0.022334,0.022876
930,-0.054154,-0.046899,0.219292,0.027851,0.031054,0.022287
931,0.055193,-0.077377,0.212640,0.025457,0.021998,0.020760
932,-0.002890,-0.069032,0.274158,0.026880,0.023584,0.017015
933,0.043471,-0.132577,0.222704,0.021202,0.022626,0.014597
934,-0.032082,-0.135132,0.227667,0.021008,0.028628,0.020952
935,0.035312,-0.067257,0.260246,0.026925,0.020911,0.026640
936,0.007025,-0.075693,0.237317,0.026008,0.024417,0.024142
937,-0.010930,-0.095675,0.231502,0.024353,0.026265,0.022349
938,0.005507,-0.097602,0.239301,0.024285,0.024399,0.021926
939,0.043328,-0.151755,0.255982,0.020159,0.020062,0.022692
940,0.017372,-0.063236,0.223869,0.026319,0.023583,0.028774
941,0.012824,-0.055914,0.232430,0.027365,0.023550,0.026363
942,0.013991,-0.061374,0.235667,0.027234,0.023161,0.024083
943,0.022785,-0.071974,0.245981,0.026683,0.021773,0.021486
944,-0.005911,-0.122554,0.221412,0.022170,0.025339,0.018127
945,-0.010158,-0.120233,0.237684,0.022537,0.024764,0.021933
946,-0.045257,-0.106796,0.232384,0.023279,0.028025,0.023512
947,-0.028268,-0.094768,0.233831,0.024191,0.026495,0.024548
948,-0.029363,-0.094196,0.239740,0.024347,0.026269,0.023857
949,0.012903,-0.084916,0.237511,0.025175,0.022755,0.023266
950,-0.028012,-0.111911,0.216163,0.022610,0.027412,0.022935
951,0.004582,-0.069718,0.247979,0.026438,0.022871,0.024278
952,0.013263,-0.062698,0.239057,0.027068,0.022625,0.022133
953,-0.021244,-0.113182,0.231502,0.022881,0.025964,0.019397
954,-0.004741,-0.099884,0.232790,0.023977,0.024532,0.021344
955,0.005112,-0.083728,0.240220,0.025316,0.023187,0.022675
956,-0.017019,-0.108791,0.217178,0.022909,0.026452,0.022132
957,-0.018580,-0.099095,0.255806,0.024180,0.024479,0.023841
958,0.016371,-0.059252,0.238385,0.027195,0.022413,0.023282
959,0.010275,-0.088927,0.234397,0.024915,0.023272,0.020966
960,-0.003023,-0.118796,0.204239,0.021919,0.026169,0.019985
961,0.039089,-0.072416,0.272895,0.026769,0.018654,0.024435
962,0.005398,-0.091256,0.233466,0.024564,0.023489,0.021994
963,-0.011440,-0.075715,0.236389,0.025944,0.024696,0.021250
964,0.014530,-0.082744,0.238390,0.025500,0.022391,0.021507
965,-0.013905,-0.109015,0.222185,0.023029,0.025721,0.019852
966,0.008573,-0.094929,0.247527,0.024576,0.022428,0.022477
967,0.009467,-0.091602,0.234916,0.024602,0.022966,0.021736
968,0.028130,-0.079973,0.239899,0.025677,0.020990,0.021182
969,-0.017800,-0.113618,0.223275,0.022628,0.025760,0.019417
970,0.001075,-0.053721,0.243730,0.027865,0.022944,0.022289
971,-0.007950,-0.061184,0.231141,0.027279,0.024430,0.020062
972,-0.005764,-0.059735,0.235845,0.027615,0.024059,0.018010
973,-0.077872,-0.152351,0.205599,0.019583,0.031949,0.016054
974,0.019590,-0.076432,0.236977,0.026209,0.022121,0.023042
975,0.012335,-0.048143,0.263896,0.029053,0.021245,0.020304
976,-0.003681,-0.066156,0.235302,0.027564,0.024228,0.018283
977,0.002386,-0.063658,0.239635,0.027989,0.023581,0.016549
978,0.017348,-0.130540,0.202638,0.022119,0.024433,0.014867
979,0.032634,-0.086273,0.248530,0.026559,0.020592,0.020958
980,0.005503,-0.097841,0.245129,0.025363,0.022939,0.018366
981,-0.006366,-0.046886,0.256111,0.030089,0.023181,0.020213
982,0.020538,-0.078819,0.239801,0.027538,0.021728,0.018408
983,-0.004722,-0.169695,0.202777,0.019523,0.026064,0.016232
984,0.046755,-0.078473,0.213328,0.026850,0.020949,0.025444
985,-0.005038,-0.084666,0.286898,0.027299,0.021157,0.022743
986,0.012405,-0.079461,0.242111,0.027251,0.022084,0.021595
987,-0.012343,-0.114267,0.219127,0.024120,0.025486,0.019657
988,0.042467,-0.076780,0.214094,0.026993,0.020979,0.022921
989,-0.008263,-0.079758,0.281175,0.027706,0.021444,0.019986
990,-0.032707,-0.050816,0.218026,0.029502,0.026950,0.018860
991,0.024587,-0.077855,0.234688,0.027751,0.021241,0.017426
992,0.039660,-0.077062,0.214562,0.027579,0.021031,0.014652
993,0.019063,-0.070900,0.263784,0.028832,0.020006,0.011732
994,0.050827,-0.080927,0.211769,0.027428,0.019967,0.009284
995,-0.002639,-0.247666,0.155260,0.012510,0.027461,0.006555
996,0.024188,-0.078977,0.280980,0.028051,0.017828,0.028799
997,-0.076262,-0.144518,0.309217,0.022929,0.024641,0.027879
998,0.023322,-0.059665,0.212883,0.027861,0.021346,0.030480
999,0.036951,-0.074363,0.214376,0.026936,0.020153,0.027812
1000,0.036901,-0.075095,0.214489,0.026780,0.020020,0.024796
1001,0.001689,-0.077451,0.299091,0.027774,0.018081,0.021585
1002,0.017393,-0.072569,0.245201,0.027912,0.019470,0.021223
1003,0.017429,-0.081683,0.242679,0.027369,0.019418,0.018834
1004,-0.032725,-0.052418,0.209870,0.029342,0.025314,0.016339
1005,-0.033026,-0.120063,0.223228,0.024072,0.024748,0.015532
1006,-0.024763,-0.107741,0.245970,0.025446,0.022838,0.018272
1007,-0.079952,-0.119062,0.227411,0.023857,0.028555,0.020867
1008,0.016202,-0.042743,0.241134,0.030476,0.019612,0.022895
1009,-0.003742,-0.066741,0.238989,0.028769,0.021422,0.021027
1010,0.018194,-0.075429,0.237972,0.028198,0.019675,0.019436
1011,-0.010060,-0.170495,0.213133,0.020044,0.023558,0.016995
1012,0.028374,-0.073070,0.236209,0.027944,0.018830,0.024901
1013,0.010834,-0.062273,0.257157,0.029270,0.019042,0.022487
1014,0.014860,-0.072617,0.240671,0.028268,0.019566,0.020914
1015,-0.021719,-0.057307,0.227622,0.029450,0.023436,0.018734
1016,-0.013639,-0.102384,0.221976,0.025803,0.023108,0.017475
1017,-0.017605,-0.036305,0.244973,0.031931,0.021985,0.018536
1018,-0.031085,-0.066803,0.236748,0.029771,0.023777,0.019153
1019,0.015214,-0.086591,0.243119,0.028373,0.019826,0.017490
1020,0.029058,-0.126887,0.214417,0.024532,0.020278,0.014924
1021,0.024636,-0.063971,0.260803,0.030476,0.017888,0.019431
1022,-0.005956,-0.088863,0.229793,0.028147,0.022195,0.017880
1023,0.009888,-0.066537,0.240576,0.030252,0.020184,0.017600
1024,-0.025140,-0.071256,0.224785,0.029859,0.024228,0.016902
1025,-0.018794,-0.055661,0.237001,0.031469,0.023123,0.015391
1026,-0.083133,-0.172071,0.184139,0.021274,0.031637,0.014409
1027,0.015180,-0.069384,0.281669,0.031084,0.018200,0.023640
1028,0.042350,-0.056933,0.243007,0.031764,0.018026,0.021290
1029,0.017028,-0.066756,0.241049,0.031264,0.020206,0.018870
1030,0.028892,-0.081647,0.215455,0.029885,0.020687,0.016782
1031,-0.003118,-0.158110,0.219116,0.023584,0.023342,0.014078
1032,0.042120,-0.062804,0.275857,0.032179,0.016210,0.022475
1033,0.034402,-0.080445,0.214768,0.029919,0.020116,0.020461
1034,-0.019066,-0.049619,0.253520,0.033063,0.022443,0.017791
1035,0.002695,-0.163687,0.203530,0.023197,0.023460,0.016275
1036,0.018415,-0.073774,0.267584,0.031350,0.018490,0.024948
1037,0.038974,-0.081608,0.214416,0.030045,0.019577,0.023577
1038,0.002952,-0.083467,0.275970,0.030673,0.019099,0.020732
1039,0.033719,-0.081315,0.214593,0.030114,0.019793,0.018954
1040,0.012785,-0.068434,0.249134,0.031651,0.019578,0.016016
1041,-0.202888,-0.205688,0.191964,0.019344,0.041273,0.013716
1042,-0.139014,-0.112567,0.269194,0.027990,0.031980,0.025541
1043,0.047124,-0.086376,0.211550,0.029607,0.019492,0.031785
1044,0.008673,-0.087179,0.218763,0.029156,0.022520,0.028810
1045,0.049466,-0.084661,0.211843,0.029087,0.019666,0.025760
1046,0.000570,-0.064728,0.276677,0.031434,0.020144,0.022385
1047,0.019257,-0.119887,0.247529,0.026978,0.020466,0.020822
1048,0.032378,-0.103796,0.240592,0.027758,0.019689,0.021071
1049,0.024478,-0.073950,0.242120,0.030085,0.020164,0.021310
1050,0.038446,-0.128945,0.240914,0.025655,0.018972,0.018945
1051,0.030892,-0.108033,0.236512,0.026750,0.019602,0.021218
1052,0.027657,-0.074860,0.237127,0.029207,0.019647,0.021870
1053,0.027555,-0.075127,0.237212,0.029269,0.019508,0.019492
1054,-0.012462,-0.075135,0.229470,0.029167,0.023332,0.017087
1055,0.025102,-0.079898,0.234164,0.028586,0.019888,0.015214
1056,-0.010024,-0.160236,0.219780,0.021535,0.023602,0.012339
1057,-0.012203,-0.113365,0.249589,0.025548,0.022008,0.021204
1058,-0.008947,-0.094912,0.224378,0.026184,0.023338,0.022023
1059,0.036594,-0.059290,0.261590,0.029190,0.017389,0.019957
1060,0.019092,-0.081812,0.235236,0.027324,0.020061,0.018690
1061,0.032066,-0.100510,0.234457,0.025727,0.018890,0.016945
1062,-0.004726,-0.093312,0.235190,0.026083,0.021778,0.017049
1063,-0.020261,-0.087997,0.229353,0.026258,0.023375,0.016809
1064,0.017792,-0.088119,0.246552,0.026488,0.019179,0.018291
1065,0.026674,-0.103752,0.238941,0.024848,0.018773,0.016475
1066,0.016630,-0.082517,0.233281,0.026235,0.019734,0.017436
1067,0.036085,-0.123470,0.244634,0.022947,0.017271,0.015867
1068,0.030717,-0.073686,0.230391,0.026462,0.018107,0.019148
1069,0.026607,-0.072376,0.235697,0.026648,0.017896,0.017089
1070,0.013998,-0.088862,0.253284,0.025583,0.017854,0.015126
1071,0.025598,-0.108069,0.220615,0.023300,0.018493,0.013445
1072,-0.001909,-0.086386,0.239373,0.025124,0.019544,0.015168
1073,-0.005084,-0.088365,0.234650,0.024781,0.019932,0.014466
1074,-0.012900,-0.099344,0.227328,0.023674,0.020913,0.014322
1075,0.006440,-0.075032,0.241631,0.025702,0.018335,0.016280
1076,-0.010753,-0.083851,0.226703,0.024713,0.020542,0.014742
1077,0.000702,-0.078831,0.243494,0.025340,0.018558,0.014406
1078,0.008360,-0.086339,0.235514,0.024642,0.018258,0.013574
1079,0.005346,-0.115791,0.217232,0.021863,0.019439,0.013450
1080,0.018922,-0.075596,0.257586,0.025676,0.015892,0.016923
1081,0.016054,-0.073908,0.235964,0.025487,0.017169,0.015254
1082,0.007874,-0.081394,0.235600,0.024886,0.017752,0.013581
1083,0.011947,-0.081778,0.238183,0.024948,0.017127,0.012899
1084,0.011028,-0.083218,0.235920,0.024890,0.017181,0.012678
1085,-0.312708,-0.078049,0.144187,0.023700,0.050155,0.012268
1086,0.016010,-0.068691,0.295825,0.027202,0.014014,0.023077
1087,-0.498936,0.123596,0.112890,0.040398,0.069152,0.021488
1088,0.045648,-0.102231,0.223036,0.025560,0.017777,0.018232
1089,-0.138685,-0.105979,0.320796,0.026475,0.029570,0.016521
1090,0.046648,-0.107341,0.216861,0.025399,0.019276,0.021899
1091,-0.530699,0.143423,0.149133,0.044473,0.074425,0.019845
1092,0.045856,-0.079235,0.216813,0.030028,0.023236,0.016494
1093,0.002471,-0.061420,0.280204,0.033092,0.024532,0.013837
1094,0.052309,-0.082288,0.214532,0.031656,0.024713,0.012817
1095,0.014505,-0.067073,0.264477,0.034142,0.025731,0.010186
1096,-0.014312,-0.138372,0.296604,0.029703,0.027649,0.009325
1097,0.059191,-0.084878,0.214655,0.032744,0.026433,0.008915
1098,0.035891,-0.079390,0.220131,0.033410,0.028608,0.006638
1099,0.042997,-0.080724,0.218896,0.033619,0.028653,0.004602
1100,0.043925,-0.080797,0.218847,0.033850,0.029050,0.002702
1101,0.006504,-0.238130,0.173630,0.020217,0.035424,0.000985
1102,0.065193,-0.087518,0.215802,0.033342,0.028411,0.022421
1103,-0.030023,-0.123697,0.378869,0.032420,0.027884,0.021064
1104,-0.011419,-0.100054,0.272328,0.032935,0.032484,0.025435
1105,0.067667,-0.087542,0.214766,0.032860,0.029221,0.028269
1106,0.022021,-0.062969,0.259451,0.035203,0.030710,0.025989
1107,0.068509,-0.088278,0.214685,0.033120,0.029439,0.025566
1108,0.068223,-0.087888,0.214560,0.032786,0.029195,0.022790
1109,0.020753,-0.083326,0.221200,0.032741,0.032990,0.019842
1110,0.068911,-0.087069,0.214477,0.032202,0.029299,0.016970
1111,-0.033484,-0.043598,0.319234,0.036990,0.032325,0.013939
1112,0.069689,-0.090555,0.215253,0.033922,0.029648,0.016360
1113,0.069431,-0.090286,0.214293,0.033664,0.029403,0.013359
1114,0.028605,-0.078760,0.223386,0.034337,0.032265,0.010399
1115,0.050763,-0.084745,0.218433,0.033835,0.030747,0.007792
1116,0.069264,-0.089890,0.213987,0.033157,0.029024,0.005225
1117,0.011567,-0.061395,0.302939,0.036562,0.028649,0.002769
1118,0.044560,-0.077893,0.259937,0.035610,0.028020,0.004418
1119,-0.012590,-0.559761,-0.072225,-0.009579,0.051449,0.004578
1120,0.010898,-0.119932,0.282830,0.028284,0.029445,0.054231
1121,0.071630,-0.084418,0.213420,0.028017,0.028373,0.053792
1122,-0.006472,-0.042360,0.379335,0.033002,0.025061,0.051215
1123,0.009950,-0.055221,0.335314,0.032747,0.025414,0.053056
1124,0.067469,-0.086224,0.213053,0.028918,0.026648,0.051751
1125,0.014372,-0.061388,0.298778,0.031581,0.025671,0.046906
1126,0.040651,-0.076901,0.248802,0.030055,0.025644,0.044021
1127,0.063444,-0.086024,0.212817,0.028601,0.024943,0.039536
1128,-0.198994,-0.147580,0.317969,0.024118,0.041478,0.033764
1129,0.063377,-0.084013,0.212926,0.027492,0.024985,0.037334
1130,-0.061739,-0.030230,0.244551,0.031676,0.033673,0.031636
1131,0.063033,-0.083435,0.213197,0.027485,0.024987,0.029675
1132,-0.091822,-0.024369,0.242883,0.032242,0.036246,0.024109
1133,0.061222,-0.083121,0.214270,0.027510,0.024891,0.023538
1134,0.061210,-0.082103,0.212812,0.027060,0.024267,0.018444
1135,0.032730,-0.235956,0.315835,0.015436,0.020347,0.013524
1136,-0.004339,-0.020790,0.246421,0.031589,0.026083,0.037293
1137,0.057677,-0.096396,0.216804,0.025593,0.022633,0.036167
1138,0.057245,-0.081217,0.212123,0.025894,0.022015,0.030944
1139,-0.266553,-0.086162,0.205279,0.024690,0.049905,0.025914
1140,-0.089737,0.111034,0.236108,0.042592,0.033698,0.037610
1141,-0.251235,-0.283615,0.253440,0.010915,0.049156,0.040041
1142,0.088324,0.026371,0.250030,0.032205,0.020485,0.040991
1143,0.061068,-0.077364,0.213228,0.025704,0.024523,0.042725
1144,0.008132,-0.046678,0.266372,0.028814,0.025935,0.037495
1145,0.035771,-0.065318,0.239754,0.028028,0.025220,0.034795
1146,0.048367,-0.080306,0.242887,0.027308,0.023765,0.030467
1147,0.053587,-0.174842,0.254941,0.019617,0.022224,0.026386
1148,0.058996,-0.079150,0.212736,0.026117,0.023357,0.031941
1149,0.002216,-0.067579,0.224726,0.026885,0.027470,0.026867
1150,0.024072,-0.060859,0.253630,0.028222,0.024232,0.022123
1151,0.025466,-0.072447,0.241648,0.027262,0.024606,0.018113
1152,0.001419,-0.259458,0.128940,0.009967,0.032905,0.014093
1153,0.023932,-0.163648,0.301167,0.019817,0.021043,0.035755
1154,0.020328,-0.028898,0.284832,0.029542,0.021430,0.043589
1155,0.041825,-0.071935,0.215796,0.025516,0.023278,0.040601
1156,0.056789,-0.078080,0.212096,0.024822,0.021742,0.036189
1157,0.055640,-0.077563,0.211903,0.024521,0.021191,0.031439
1158,0.010887,-0.064127,0.221865,0.025373,0.024178,0.026576
1159,-0.040699,-0.209619,0.271279,0.014254,0.025925,0.021989
1160,0.054653,-0.077934,0.211673,0.024212,0.020519,0.037863
1161,0.034105,-0.072627,0.215903,0.024326,0.021565,0.033408
1162,0.029635,-0.300241,0.323345,0.006751,0.015783,0.028880
1163,0.026781,-0.056618,0.213906,0.023339,0.021136,0.049627
1164,0.052151,-0.074873,0.211171,0.021783,0.018815,0.045249
1165,0.050887,-0.073905,0.211012,0.021299,0.018230,0.040226
1166,-0.015277,-0.049221,0.279068,0.023914,0.019497,0.034929
1167,0.025489,-0.068889,0.216174,0.022432,0.019418,0.032435
1168,-0.001527,-0.048569,0.305283,0.025555,0.016412,0.027063
1169,0.029000,-0.067885,0.237870,0.024146,0.017084,0.024365
1170,-0.187742,-0.312747,0.146199,0.002208,0.040710,0.019846
1171,0.026224,0.116864,0.256056,0.037371,0.015383,0.050450
1172,-0.714709,0.192274,0.012479,0.040807,0.093078,0.048728
1173,-0.567248,-0.065104,0.406841,0.027200,0.061620,0.038327
1174,0.048817,-0.071390,0.213134,0.024785,0.020645,0.055354
1175,0.049440,-0.071712,0.213159,0.024975,0.020926,0.049925
1176,0.065196,-0.047127,0.285447,0.028560,0.015272,0.044050
1177,0.051225,-0.074765,0.213247,0.026625,0.021813,0.040305
1178,0.051035,-0.075201,0.213190,0.026818,0.021746,0.034042
1179,0.050686,-0.075570,0.213116,0.026970,0.021608,0.027797
1180,-0.100818,-0.074429,0.238526,0.027198,0.034473,0.021685
1181,0.058217,-0.076260,0.213904,0.027617,0.024978,0.016498
1182,0.006726,-0.042124,0.280131,0.031846,0.025866,0.011009
1183,-0.019596,-0.153903,0.326121,0.026356,0.026401,0.021430
1184,0.090975,-0.087007,0.219952,0.030279,0.022511,0.020355
1185,-0.343632,-0.233841,0.158868,0.016914,0.063430,0.017692
1186,0.057835,-0.082760,0.219519,0.030274,0.027346,0.041259
1187,0.063072,-0.081938,0.214378,0.029894,0.027086,0.036978
1188,-0.302789,-0.177718,0.297787,0.022713,0.054574,0.032537
1189,0.055228,-0.117316,0.248299,0.027645,0.028089,0.038631
1190,0.066773,-0.082023,0.215077,0.029639,0.028874,0.041235
1191,-0.055657,-0.029955,0.282342,0.034652,0.036112,0.036353
1192,0.062564,-0.079776,0.233206,0.031254,0.029889,0.028725
1193,0.069738,-0.084129,0.215338,0.030791,0.030262,0.025655
1194,-0.095847,-0.152279,0.245874,0.025166,0.043439,0.020607
1195,0.096252,-0.137313,0.260803,0.026899,0.026922,0.028828
1196,-0.092538,-0.113874,0.214985,0.027190,0.045433,0.034441
1197,0.058173,-0.073090,0.229949,0.031079,0.032259,0.034550
1198,0.009583,-0.071942,0.267039,0.031685,0.034681,0.030760
1199,0.073388,-0.094042,0.240821,0.029652,0.030941,0.025261
1200,-0.067215,-0.147860,0.205362,0.024275,0.044951,0.024886
1201,-0.113274,-0.090204,0.237970,0.029087,0.047485,0.031716
1202,0.059086,-0.138265,0.242498,0.025783,0.033411,0.031826
1203,0.031665,-0.072063,0.239903,0.029824,0.035731,0.031273
1204,0.054162,-0.068703,0.240033,0.030247,0.034155,0.027694
1205,0.049046,-0.099760,0.263899,0.028200,0.033304,0.024348
1206,0.046004,-0.085535,0.221701,0.028228,0.035858,0.021838
1207,0.033334,-0.125157,0.222969,0.024584,0.037043,0.017555
1208,0.067763,-0.178040,0.265674,0.020696,0.031604,0.025669
1209,0.058579,-0.069936,0.236492,0.028004,0.033328,0.031949
1210,0.030565,-0.072449,0.251034,0.027828,0.034750,0.029015
1211,0.059374,-0.080452,0.218678,0.026613,0.033964,0.025742
1212,0.037869,-0.069981,0.271342,0.027910,0.032515,0.021704
1213,0.067596,-0.113496,0.246637,0.024190,0.030920,0.019943
1214,0.053608,-0.103590,0.242956,0.024340,0.031669,0.022897
1215,-0.035355,-0.118116,0.216864,0.022164,0.040344,0.023021
1216,0.059549,-0.070063,0.237782,0.026234,0.030983,0.024294
1217,-0.048136,-0.115898,0.221046,0.021867,0.040720,0.021926
1218,0.034655,-0.071867,0.246776,0.025503,0.032128,0.023321
1219,0.006153,-0.110855,0.246734,0.022049,0.034214,0.020754
1220,0.019054,-0.087188,0.239938,0.023568,0.033161,0.022427
1221,0.059329,-0.125135,0.248560,0.020292,0.028789,0.020097
1222,-0.068933,-0.101192,0.217477,0.021042,0.040993,0.022919
1223,0.046165,-0.097067,0.250823,0.021735,0.029214,0.024574
1224,0.053341,-0.067125,0.240287,0.023659,0.028488,0.024108
1225,0.069935,-0.074823,0.214238,0.022589,0.027741,0.021488
1226,0.030071,-0.056500,0.259413,0.024443,0.027880,0.017994
1227,0.034990,-0.112131,0.252477,0.020159,0.027470,0.016209
1228,0.044709,-0.102334,0.243027,0.020378,0.026511,0.016870
1229,0.048148,-0.064979,0.232272,0.022996,0.026019,0.017368
1230,0.038784,-0.077596,0.245644,0.022259,0.025393,0.015031
1231,0.044303,-0.127786,0.250910,0.018068,0.023898,0.012848
1232,-0.146631,-0.080216,0.150010,0.019765,0.045165,0.015864
1233,-0.201269,-0.118432,0.251757,0.018152,0.045016,0.023196
1234,-0.043773,-0.086699,0.236336,0.019935,0.033181,0.032960
1235,0.068282,-0.062210,0.223140,0.021373,0.024031,0.035465
1236,0.037999,-0.058499,0.258053,0.022064,0.023933,0.032823
1237,0.013726,-0.059093,0.234030,0.021928,0.026982,0.030492
1238,0.035868,-0.062817,0.244130,0.022258,0.024241,0.027874
1239,0.041604,-0.070271,0.215695,0.021536,0.024916,0.024954
1240,0.045053,-0.068689,0.215761,0.021722,0.024244,0.021193
1241,-0.004810,-0.080781,0.313068,0.022283,0.022799,0.017424
1242,0.024205,-0.133286,0.202102,0.016828,0.026012,0.016518
1243,-0.038207,-0.065342,0.236461,0.022733,0.028908,0.021191
1244,0.010041,-0.092571,0.240084,0.020649,0.024311,0.021889
1245,-0.086384,-0.111326,0.226029,0.018794,0.033104,0.020950
1246,-0.037421,-0.095373,0.234037,0.020325,0.028483,0.022913
1247,-0.018077,-0.048024,0.225774,0.024313,0.027158,0.022926
1248,0.023582,-0.072192,0.251089,0.023010,0.022024,0.021403
1249,-0.062770,-0.119508,0.221534,0.018975,0.030795,0.019669
1250,-0.081506,-0.109900,0.221578,0.019641,0.032420,0.022195
1251,-0.028959,0.001198,0.231510,0.029346,0.027189,0.023973
1252,-0.057538,-0.126639,0.241559,0.019868,0.029429,0.023016
1253,-0.047429,-0.082780,0.224859,0.022932,0.029688,0.023067
1254,0.053802,-0.073494,0.213940,0.023777,0.021762,0.025821
1255,-0.004570,-0.070237,0.264279,0.024740,0.023841,0.022518
1256,-0.010792,-0.140238,0.219565,0.018823,0.027084,0.020640
1257,0.036447,-0.071049,0.250357,0.024953,0.021161,0.026574
1258,0.026231,-0.066303,0.244650,0.025612,0.022094,0.024062
1259,0.029606,-0.081007,0.231067,0.024617,0.022536,0.021532
1260,-0.100665,-0.146435,0.210804,0.018756,0.034711,0.018175
1261,0.015180,-0.127742,0.255477,0.020986,0.022589,0.025208
1262,0.018775,-0.099905,0.239721,0.022865,0.022989,0.029007
1263,0.004771,-0.094992,0.243863,0.023259,0.023758,0.029880
1264,0.030727,-0.066691,0.226272,0.025420,0.022404,0.030282
1265,0.026086,-0.067495,0.246718,0.025947,0.021568,0.026951
1266,0.029668,-0.069647,0.241963,0.026117,0.021342,0.024070
1267,-0.018155,-0.134620,0.227469,0.020805,0.026091,0.021154
1268,0.021883,-0.069900,0.238549,0.026073,0.021877,0.025056
1269,0.004972,-0.091804,0.245639,0.024703,0.022828,0.022273
1270,-0.017970,-0.110236,0.219080,0.022764,0.026099,0.020333
1271,-0.041182,-0.119447,0.228466,0.022056,0.027641,0.022256
1272,-0.015649,-0.108976,0.223047,0.022701,0.025851,0.023911
1273,0.003397,-0.075874,0.258671,0.025881,0.022140,0.028107
1274,0.027308,-0.087875,0.238250,0.024860,0.021197,0.026325
1275,-0.001434,-0.085597,0.225141,0.024815,0.024197,0.024709
1276,-0.006871,-0.090112,0.230654,0.024582,0.024303,0.023819
1277,-0.000119,-0.089898,0.241933,0.024826,0.023100,0.024073
1278,-0.039058,-0.102033,0.230791,0.023666,0.026985,0.024047
1279,0.005486,-0.086664,0.239797,0.025110,0.022754,0.024403
1280,0.002148,-0.097406,0.235772,0.024295,0.023320,0.023275
1281,0.032987,-0.071394,0.232228,0.026357,0.020853,0.022919
1282,-0.009010,-0.099033,0.237078,0.024184,0.024003,0.019477
1283,-0.012424,-0.115944,0.232034,0.022940,0.024557,0.021222
1284,-0.006013,-0.107427,0.235512,0.023552,0.023773,0.022656
1285,0.000339,-0.094533,0.246304,0.024733,0.022599,0.024365
1286,-0.002843,-0.109736,0.223988,0.023031,0.024063,0.022989
1287,0.004412,-0.083388,0.241266,0.025407,0.022434,0.025670
1288,-0.005477,-0.102124,0.228835,0.023626,0.023999,0.024070
1289,-0.013000,-0.097947,0.240443,0.024010,0.023970,0.024094
1290,-0.000202,-0.099930,0.233429,0.023712,0.023268,0.024105
1291,0.019889,-0.057321,0.243720,0.027429,0.020842,0.024665
1292,-0.042003,-0.113503,0.218722,0.022517,0.027532,0.022298
1293,0.006932,-0.053215,0.250326,0.027895,0.021626,0.024291
1294,0.000901,-0.102855,0.238695,0.023807,0.022951,0.022454
1295,-0.015337,-0.099900,0.219426,0.023585,0.025392,0.022241
1296,0.025078,-0.072523,0.253166,0.026378,0.020122,0.023911
1297,0.030930,-0.083199,0.243733,0.025443,0.020088,0.021214
1298,-0.039923,-0.122995,0.208549,0.021612,0.028009,0.019677
1299,0.016455,-0.116030,0.245116,0.022544,0.021351,0.023562
1300,-0.007605,-0.074804,0.242109,0.025623,0.023444,0.024988
1301,0.024023,-0.071454,0.241104,0.026163,0.020821,0.023489
1302,0.008762,-0.102411,0.237302,0.023546,0.022343,0.020963
1303,-0.023290,-0.096973,0.232958,0.023799,0.025240,0.021682
1304,0.027991,-0.091256,0.236190,0.024344,0.020718,0.021790
1305,-0.000416,-0.072259,0.233231,0.025858,0.023165,0.021046
1306,-0.025329,-0.099410,0.225124,0.023575,0.025733,0.020955
1307,0.012240,-0.095157,0.248429,0.024261,0.021408,0.022508
1308,-0.005529,-0.086343,0.224782,0.024580,0.024136,0.021702
1309,-0.007506,-0.089589,0.236479,0.024583,0.023632,0.022591
1310,-0.003300,-0.084219,0.234828,0.025000,0.023373,0.022459
1311,0.010462,-0.090986,0.235472,0.024528,0.022184,0.022029
1312,0.017061,-0.085487,0.245202,0.025197,0.021049,0.022660
1313,-0.017589,-0.107997,0.234060,0.023135,0.024727,0.022737
1314,0.014011,-0.108542,0.231428,0.022736,0.022297,0.022141
1315,0.006103,-0.083375,0.246630,0.024940,0.022046,0.023801
1316,0.023501,-0.076307,0.243035,0.025565,0.020714,0.022661
1317,-0.005120,-0.083901,0.223141,0.024703,0.024158,0.020116
1318,-0.025073,-0.095440,0.227982,0.023810,0.025561,0.020855
1319,0.015684,-0.096047,0.249044,0.024137,0.021079,0.022423
1320,-0.003061,-0.084935,0.225111,0.024641,0.023891,0.021748
1321,0.001336,-0.088182,0.236846,0.024670,0.022842,0.022582
1322,-0.003674,-0.083404,0.235796,0.025072,0.023316,0.022712
1323,-0.015697,-0.098111,0.232817,0.023824,0.024559,0.021885
1324,-0.015446,-0.082685,0.235095,0.025088,0.024494,0.022169
1325,-0.007561,-0.094262,0.234531,0.024269,0.023974,0.022015
1326,0.018564,-0.097092,0.244023,0.024113,0.021392,0.022310
1327,0.005209,-0.088810,0.229920,0.024537,0.023180,0.021587
1328,0.022588,-0.089430,0.239391,0.024783,0.021085,0.023010
1329,0.010929,-0.096356,0.248603,0.024266,0.021664,0.023450
1330,0.007802,-0.061690,0.233276,0.026801,0.022622,0.021901
1331,-0.013209,-0.102537,0.224263,0.023507,0.024889,0.021163
1332,-0.006300,-0.095934,0.248119,0.024386,0.023124,0.023252
1333,0.017515,-0.111545,0.226644,0.022655,0.022386,0.022051
1334,0.009235,-0.086599,0.247282,0.024861,0.021874,0.023829
1335,0.020408,-0.076584,0.237071,0.025584,0.021405,0.022694
1336,0.032362,-0.085742,0.234563,0.024888,0.020435,0.021028
1337,0.023406,-0.092842,0.245862,0.024557,0.020430,0.019918
1338,-0.014292,-0.095307,0.232286,0.024097,0.024216,0.019649
1339,0.009324,-0.085740,0.232421,0.024942,0.022198,0.019479
1340,0.021566,-0.094352,0.234630,0.024385,0.020991,0.018350
1341,-0.016734,-0.108116,0.236695,0.023230,0.024022,0.018005
1342,0.025590,-0.076433,0.233226,0.025607,0.020547,0.021235
1343,0.013233,-0.081606,0.242508,0.025317,0.021005,0.018499
1344,-0.016376,-0.136724,0.217524,0.020485,0.024919,0.017570
1345,-0.018348,-0.086960,0.234070,0.024450,0.024116,0.022967
1346,0.014720,-0.074885,0.256287,0.025754,0.019962,0.022755
1347,0.021067,-0.073982,0.237142,0.025751,0.020367,0.020957
1348,-0.017243,-0.044722,0.226233,0.028215,0.024086,0.018664
1349,-0.044285,-0.115693,0.206339,0.022322,0.027738,0.017652
1350,0.027402,-0.082301,0.264993,0.025980,0.018477,0.021900
1351,0.036182,-0.074801,0.214838,0.025753,0.020326,0.019524
1352,0.036488,-0.074779,0.214778,0.025768,0.020216,0.016604
1353,0.011142,-0.198581,0.261984,0.016135,0.019815,0.013676
1354,0.049697,-0.077943,0.211676,0.024894,0.018936,0.027661
1355,-0.006275,-0.125314,0.279258,0.021678,0.019742,0.024928
1356,0.022520,-0.057284,0.247242,0.026615,0.018789,0.028422
1357,0.028468,-0.063962,0.241575,0.026311,0.018439,0.025701
1358,0.024718,-0.069905,0.240611,0.026014,0.018566,0.022923
1359,0.026388,-0.079964,0.239511,0.025392,0.018268,0.020319
1360,-0.036559,-0.143661,0.218330,0.019788,0.024628,0.017758
1361,0.022864,-0.071795,0.245303,0.025853,0.017927,0.024404
1362,0.021867,-0.070010,0.239351,0.025985,0.018172,0.021625
1363,-0.019107,-0.053751,0.226875,0.027373,0.022204,0.019033
1364,0.045812,-0.078354,0.211094,0.025326,0.017309,0.017569
1365,-0.028632,-0.059365,0.259062,0.027477,0.020886,0.014358
1366,-0.048586,-0.194516,0.180290,0.015337,0.027139,0.013067
1367,0.020035,-0.088244,0.262023,0.025058,0.016688,0.025940
1368,0.026925,-0.072131,0.243221,0.025954,0.016803,0.024905
1369,-0.127501,-0.096179,0.226029,0.023854,0.030813,0.022844
1370,0.019933,-0.132385,0.245420,0.021448,0.017798,0.029578
1371,0.037012,-0.073777,0.225959,0.025260,0.017127,0.034388
1372,0.022250,-0.067912,0.243331,0.026010,0.017165,0.031423
1373,0.021700,-0.068114,0.240949,0.026245,0.017169,0.028677
1374,-0.039724,-0.104570,0.254866,0.023599,0.021790,0.025776
1375,-0.006315,-0.087408,0.233391,0.024649,0.020267,0.024362
1376,0.027437,-0.075666,0.214736,0.025510,0.018484,0.022948
1377,-0.011894,-0.083925,0.254549,0.025453,0.019597,0.019192
1378,-0.029799,-0.165195,0.207036,0.018333,0.023910,0.018618
1379,0.023937,-0.068226,0.251394,0.026510,0.016667,0.025636
1380,-0.015049,-0.121056,0.227482,0.021973,0.021347,0.023119
1381,0.025487,-0.075611,0.246075,0.025748,0.016770,0.027279
1382,0.044575,-0.078300,0.211089,0.025086,0.016829,0.024613
1383,-0.071887,-0.131688,0.237223,0.020751,0.025315,0.021018
1384,-0.024374,-0.115705,0.235302,0.021985,0.021670,0.025161
1385,0.045035,-0.077634,0.211538,0.024659,0.017007,0.028526
1386,-0.062552,-0.105724,0.273701,0.022999,0.022753,0.024994
1387,-0.004034,-0.078528,0.233524,0.024920,0.020181,0.027586
1388,-0.001711,-0.047386,0.251801,0.027860,0.018996,0.026468
1389,-0.030229,-0.111787,0.222753,0.022239,0.023248,0.024022
1390,0.013379,-0.038252,0.243861,0.028708,0.018294,0.024640
1391,-0.044327,-0.110149,0.213065,0.022562,0.025295,0.023197
1392,0.025216,-0.107937,0.238127,0.023077,0.018258,0.022885
1393,0.008868,-0.085199,0.255964,0.025136,0.018546,0.025696
1394,0.011051,-0.090452,0.226787,0.024368,0.020018,0.025780
1395,0.009343,-0.098141,0.243934,0.023945,0.019271,0.025444
1396,0.016332,-0.090218,0.230952,0.024399,0.019390,0.025561
1397,0.016833,-0.129101,0.243408,0.021301,0.018847,0.025648
1398,0.026951,-0.070708,0.235610,0.025555,0.018405,0.027757
1399,0.029802,-0.066461,0.227150,0.025865,0.018646,0.024309
1400,0.024954,-0.095450,0.243808,0.023943,0.018148,0.021350
1401,0.002044,-0.134537,0.235364,0.020554,0.020523,0.020750
1402,-0.020196,-0.091864,0.238205,0.023756,0.022135,0.024909
1403,-0.010231,-0.090899,0.223865,0.023593,0.022080,0.023809
1404,0.017809,-0.089152,0.251621,0.024269,0.018121,0.024936
1405,0.000449,-0.100281,0.228508,0.022947,0.020940,0.025809
1406,0.001275,-0.086575,0.249154,0.024119,0.019782,0.025533
1407,0.010066,-0.116485,0.215853,0.021126,0.021028,0.024012
1408,0.030881,-0.069471,0.247746,0.025348,0.017362,0.027134
1409,-0.024981,-0.048247,0.247984,0.027284,0.021961,0.024319
1410,-0.027350,-0.101138,0.227066,0.022757,0.023408,0.022014
1411,0.020286,-0.118071,0.226443,0.021346,0.019612,0.022023
1412,0.024037,-0.067142,0.246777,0.025676,0.018090,0.023861
1413,0.019058,-0.123563,0.225504,0.020933,0.019752,0.021250
1414,0.007993,-0.097122,0.237192,0.023000,0.019892,0.023657
1415,0.006011,-0.098626,0.245958,0.022853,0.019512,0.024376
1416,0.010403,-0.054916,0.236172,0.026314,0.019581,0.024442
1417,0.022952,-0.107870,0.234024,0.022101,0.018689,0.022361
1418,0.026340,-0.071731,0.248773,0.025171,0.017500,0.023342
1419,-0.019216,-0.091072,0.226668,0.023230,0.022518,0.020375
1420,0.004461,-0.082241,0.243946,0.024273,0.019533,0.023012
1421,-0.004878,-0.116146,0.231831,0.021317,0.021080,0.020769
1422,0.028479,-0.068870,0.237446,0.025071,0.017787,0.026058
1423,0.011877,-0.077466,0.239417,0.024550,0.018997,0.023339
1424,0.001813,-0.082318,0.237578,0.024284,0.019919,0.020855
1425,0.026999,-0.085660,0.236525,0.024207,0.017790,0.019092
1426,0.021281,-0.065012,0.237089,0.025884,0.018022,0.017989
1427,0.022814,-0.094536,0.250844,0.024132,0.017066,0.015725
1428,0.033645,-0.114296,0.236957,0.022226,0.016662,0.014358
1429,-0.166886,-0.107058,0.166465,0.021475,0.037575,0.016016
1430,0.007267,-0.160837,0.263493,0.018824,0.018383,0.026146
1431,0.035614,-0.068806,0.240131,0.024796,0.016840,0.028929
1432,0.024272,-0.067107,0.240796,0.025044,0.017567,0.026457
1433,0.023933,-0.067101,0.237925,0.025263,0.017655,0.024020
1434,0.024799,-0.068071,0.237298,0.025500,0.017507,0.021487
1435,0.025350,-0.068929,0.236074,0.025798,0.017412,0.018923
1436,0.017814,-0.123047,0.248206,0.021793,0.017400,0.016352
1437,0.024336,-0.088688,0.234869,0.024131,0.017454,0.017516
1438,0.038876,-0.153575,0.251372,0.019035,0.015096,0.016433
1439,-0.169662,-0.088764,0.166866,0.022417,0.037202,0.022059
1440,0.024118,-0.111109,0.245758,0.022257,0.017207,0.032088
1441,0.020271,-0.068194,0.217217,0.024432,0.019000,0.031075
1442,0.015453,-0.062516,0.264919,0.025843,0.016839,0.027882
1443,0.024778,-0.068257,0.241523,0.025532,0.017219,0.025574
1444,-0.003474,-0.093431,0.263960,0.023993,0.018507,0.022691
1445,-0.009637,-0.048238,0.222169,0.027098,0.021269,0.019966
1446,0.022807,-0.129364,0.237494,0.020937,0.017813,0.018811
1447,-0.002436,-0.106423,0.233257,0.022485,0.020039,0.021592
1448,-0.008904,-0.082544,0.242833,0.024631,0.020039,0.025971
1449,0.008271,-0.049971,0.238685,0.027386,0.018752,0.024208
1450,-0.042185,-0.110577,0.214137,0.022196,0.024615,0.021752
1451,-0.000555,-0.100368,0.241841,0.023375,0.019674,0.022505
1452,0.013308,-0.090994,0.245000,0.024297,0.018284,0.024355
1453,-0.003266,-0.089622,0.229945,0.024202,0.020614,0.024461
1454,0.012960,-0.097682,0.237995,0.023660,0.018993,0.023432
1455,-0.004017,-0.092656,0.229842,0.024014,0.020828,0.023839
1456,-0.000846,-0.101789,0.241602,0.023370,0.019969,0.023416
1457,0.021811,-0.076683,0.242710,0.025543,0.017989,0.024054
1458,0.024809,-0.135756,0.222284,0.020418,0.018908,0.021381
1459,0.020752,-0.105486,0.234545,0.022686,0.018495,0.026457
1460,0.026726,-0.067737,0.249306,0.025851,0.016925,0.028718
1461,0.045415,-0.077485,0.211209,0.024722,0.017182,0.026113
1462,-0.079270,-0.107514,0.253032,0.022575,0.025547,0.022483
1463,-0.031375,-0.092606,0.228139,0.023692,0.023065,0.024002
1464,-0.030005,-0.096249,0.235856,0.023563,0.022659,0.024633
1465,-0.020784,-0.093486,0.240791,0.023863,0.021783,0.024678
1466,0.015049,-0.052978,0.244708,0.027412,0.018573,0.024459
1467,-0.022569,-0.111325,0.211738,0.022322,0.023811,0.022133
1468,0.019264,-0.103699,0.247432,0.023407,0.018489,0.023358
1469,0.034710,-0.100468,0.237832,0.023561,0.017710,0.024602
1470,0.020173,-0.099617,0.242112,0.023519,0.018679,0.025199
1471,0.030575,-0.071114,0.245707,0.025841,0.017518,0.025046
1472,-0.004952,-0.081104,0.230008,0.024805,0.021325,0.021935
1473,0.025435,-0.068638,0.237828,0.026150,0.018238,0.023701
1474,-0.021011,-0.044804,0.235282,0.028435,0.022233,0.021032
1475,0.003850,-0.111027,0.225069,0.023094,0.020973,0.019586
1476,-0.002393,-0.128445,0.234963,0.021644,0.021079,0.019834
1477,0.023586,-0.070584,0.243786,0.026242,0.018199,0.025171
1478,-0.013688,-0.041494,0.246995,0.028947,0.021137,0.022484
1479,-0.033381,-0.105701,0.225010,0.023569,0.024231,0.020801
1480,0.032890,-0.075425,0.214630,0.025949,0.019362,0.021232
1481,0.005637,-0.116391,0.249265,0.023111,0.019818,0.017998
1482,0.025580,-0.105266,0.248132,0.024118,0.018153,0.021740
1483,0.001304,-0.092712,0.236084,0.024796,0.020795,0.022902
1484,-0.003332,-0.095923,0.230061,0.024438,0.021545,0.022236
1485,0.006703,-0.083647,0.248190,0.025753,0.019675,0.022150
1486,0.021851,-0.085774,0.230866,0.025451,0.019317,0.020482
1487,-0.005995,-0.115050,0.233999,0.023157,0.021502,0.019416
1488,0.002838,-0.084136,0.245002,0.025692,0.020108,0.024070
1489,0.013079,-0.080316,0.235533,0.025924,0.019798,0.022212
1490,0.008256,-0.126928,0.221801,0.021935,0.020939,0.020075
1491,0.034245,-0.075491,0.214347,0.025839,0.019040,0.024934
1492,0.002553,-0.113041,0.262892,0.023377,0.019061,0.021840
1493,0.009911,-0.075844,0.249934,0.026121,0.019026,0.025718
1494,0.020277,-0.073509,0.235400,0.026270,0.018894,0.023642
1495,-0.002743,-0.141192,0.220074,0.020499,0.021761,0.021006
1496,0.012299,-0.074301,0.251047,0.026034,0.018592,0.025963
1497,0.020788,-0.074872,0.235884,0.025947,0.018583,0.023861
1498,-0.001986,-0.132600,0.222377,0.021020,0.021304,0.021257
1499,0.022910,-0.067603,0.246138,0.026433,0.017683,0.025234
1500,0.026118,-0.070414,0.239371,0.026368,0.017613,0.022559
1501,-0.038792,-0.060644,0.229596,0.027196,0.023643,0.019906
1502,-0.015668,-0.092934,0.242967,0.024718,0.020965,0.018561
1503,0.036828,-0.141392,0.247670,0.020931,0.016174,0.017909
1504,0.029830,-0.069656,0.225623,0.026085,0.017591,0.022626
1505,-0.049895,-0.084421,0.214536,0.024819,0.024998,0.020217
1506,0.009755,-0.108702,0.251474,0.023463,0.018269,0.021790
1507,0.026438,-0.070323,0.241529,0.026296,0.017243,0.022542
1508,0.021042,-0.082500,0.238834,0.025425,0.017761,0.020075
1509,0.027847,-0.082653,0.232427,0.025404,0.017415,0.017890
1510,0.030951,-0.129453,0.244904,0.021855,0.016326,0.016766
1511,-0.035416,-0.081499,0.219630,0.024979,0.023064,0.020041
1512,0.016947,-0.109039,0.244049,0.023198,0.017474,0.021154
1513,0.026364,-0.070622,0.240482,0.026074,0.016624,0.022252
1514,0.023662,-0.069784,0.235655,0.026266,0.016921,0.019898
1515,0.017571,-0.084484,0.243173,0.025388,0.016939,0.017579
1516,-0.181779,-0.151540,0.157868,0.018449,0.038537,0.015364
1517,-0.005899,-0.204374,0.287217,0.015780,0.017247,0.027850
1518,0.044956,-0.076723,0.211210,0.023814,0.016825,0.037184
1519,0.018075,-0.064945,0.252975,0.025095,0.016585,0.034172
1520,0.020380,-0.066260,0.241817,0.025020,0.016910,0.031796
1521,0.020912,-0.066569,0.239741,0.025175,0.016903,0.029035
1522,0.021524,-0.067180,0.238052,0.025399,0.016879,0.026147
1523,0.022410,-0.068146,0.236910,0.025651,0.016794,0.023142
1524,0.023207,-0.069241,0.235942,0.025933,0.016677,0.020095
1525,0.043000,-0.078579,0.210927,0.025173,0.016175,0.017052
1526,-0.119325,-0.137116,0.235159,0.020391,0.028811,0.013276
1527,0.025449,-0.151787,0.261427,0.019169,0.015361,0.019516
1528,0.026607,-0.069946,0.232999,0.025106,0.016540,0.026404
1529,0.021860,-0.068065,0.237549,0.025498,0.016574,0.023892
1530,-0.005689,-0.061272,0.244587,0.026419,0.018561,0.021444
1531,0.029994,-0.076827,0.237473,0.025256,0.016017,0.020167
1532,0.017027,-0.087827,0.236961,0.024335,0.017036,0.018127
1533,0.029977,-0.107917,0.237361,0.022805,0.015850,0.016964
1534,0.031269,-0.141692,0.250311,0.020060,0.014788,0.018092
1535,0.029374,-0.070010,0.223070,0.025138,0.016079,0.023080
1536,-0.059430,-0.067463,0.216906,0.025391,0.023800,0.020761
1537,0.004904,-0.113737,0.249128,0.022367,0.016970,0.023591
1538,0.022675,-0.069020,0.237422,0.025449,0.015958,0.023686
1539,0.021539,-0.068819,0.236584,0.025716,0.015975,0.021251
1540,0.024737,-0.119607,0.241565,0.021823,0.015370,0.018793
1541,0.023745,-0.100461,0.236935,0.023031,0.015512,0.020346
1542,-0.359766,0.069909,0.060072,0.034256,0.058114,0.020798
1543,-0.096902,-0.084647,0.354558,0.027511,0.020386,0.018196
1544,0.042271,-0.078540,0.211691,0.026539,0.016975,0.023321
1545,-0.182150,-0.133168,0.213747,0.021901,0.036389,0.020225
1546,0.028223,-0.122017,0.300012,0.024393,0.015164,0.030896
1547,0.017227,-0.056988,0.215843,0.027506,0.020957,0.031706
1548,0.047119,-0.077591,0.212089,0.026280,0.018985,0.028538
1549,-0.003797,-0.054087,0.269511,0.029091,0.020355,0.024972
1550,0.025523,-0.068967,0.238110,0.028471,0.020064,0.023434
1551,0.027046,-0.088408,0.256883,0.027628,0.019119,0.020620
1552,0.036829,-0.097405,0.230551,0.026611,0.019780,0.018052
1553,0.036667,-0.103218,0.235805,0.026320,0.019496,0.017438
1554,-0.004354,-0.104192,0.228931,0.026242,0.023534,0.018133
1555,0.028470,-0.089226,0.248883,0.027783,0.019805,0.019737
1556,0.020198,-0.119991,0.211109,0.024741,0.022751,0.018958
1557,0.032692,-0.084560,0.260105,0.028572,0.018970,0.022972
1558,0.015640,-0.070246,0.236956,0.029432,0.021550,0.020637
1559,0.028069,-0.123350,0.220133,0.024967,0.021503,0.020200
1560,0.020892,-0.078120,0.247862,0.028863,0.020533,0.023564
1561,0.001000,-0.045248,0.251773,0.031869,0.021941,0.021248
1562,0.020821,-0.086075,0.230393,0.028498,0.021522,0.019403
1563,0.020625,-0.086237,0.238632,0.028766,0.021206,0.017629
1564,-0.042738,-0.028569,0.230500,0.033793,0.026798,0.016730
1565,-0.103099,-0.153916,0.214685,0.023472,0.033173,0.016465
1566,0.015028,-0.018231,0.251273,0.035078,0.021370,0.019919
1567,0.012835,-0.083196,0.245306,0.030140,0.022089,0.018073
1568,-0.020704,-0.165218,0.193785,0.022623,0.028249,0.015835
1569,0.057292,-0.042252,0.267969,0.033754,0.017454,0.024141
1570,0.022209,-0.072784,0.241738,0.030994,0.021712,0.021137
1571,-0.009234,-0.049775,0.244479,0.033300,0.024296,0.018890
1572,0.030876,-0.074944,0.232886,0.031417,0.021496,0.017566
1573,-0.047974,-0.128485,0.216577,0.026942,0.029396,0.015534
1574,0.014374,-0.077873,0.243429,0.031571,0.022709,0.017712
1575,0.020378,-0.016495,0.243601,0.036903,0.021939,0.019296
1576,-0.006766,-0.109549,0.245966,0.029776,0.024475,0.017710
1577,0.023767,-0.048727,0.234957,0.034469,0.022348,0.018205
1578,-0.010576,-0.074175,0.225235,0.032739,0.025872,0.017124
1579,0.027589,-0.085798,0.220335,0.031824,0.023100,0.016034
1580,0.001323,-0.171863,0.230234,0.024799,0.025110,0.013474
1581,0.047276,-0.044309,0.268184,0.035812,0.018791,0.023174
1582,0.020652,-0.086977,0.230633,0.031964,0.022944,0.020857
1583,-0.010979,-0.058780,0.244363,0.034614,0.024846,0.018829
1584,-0.046237,-0.133594,0.218958,0.028252,0.029354,0.017058
1585,0.012515,-0.018127,0.246626,0.038352,0.022615,0.020569
1586,0.002275,-0.092592,0.247258,0.032864,0.023661,0.019509
1587,0.034875,-0.118532,0.239053,0.030435,0.021405,0.017773
1588,-0.006395,-0.032585,0.224845,0.037296,0.025300,0.019498
1589,0.000213,-0.155907,0.228550,0.027696,0.024910,0.019364
1590,0.023274,-0.041031,0.249048,0.037017,0.021649,0.023685
1591,-0.010405,-0.032296,0.233214,0.037829,0.025075,0.021154
1592,-0.040978,-0.050312,0.232292,0.037008,0.027795,0.019687
1593,-0.031058,-0.089985,0.235157,0.034072,0.027211,0.018649
1594,0.009825,-0.078745,0.243210,0.035045,0.023525,0.017760
1595,0.029070,-0.082756,0.234340,0.034717,0.022491,0.016254
1596,0.039903,-0.086474,0.214937,0.034193,0.022593,0.013737
1597,0.008323,-0.064748,0.259301,0.036650,0.022721,0.010983
1598,0.020467,-0.196371,0.166137,0.024655,0.026796,0.009398
1599,-0.046161,-0.126851,0.312669,0.032269,0.024072,0.023048
1600,0.021546,-0.078815,0.220365,0.034644,0.023275,0.025416
1601,0.037468,-0.085927,0.215274,0.033947,0.022221,0.022851
1602,0.037406,-0.086162,0.215217,0.033761,0.022154,0.020214
1603,0.043990,-0.087494,0.213760,0.033422,0.021461,0.017443
1604,0.031379,-0.083881,0.216335,0.033400,0.022214,0.014596
1605,-0.040090,-0.207850,0.225346,0.022898,0.027998,0.011843
1606,0.020127,-0.085955,0.282106,0.033514,0.019658,0.026055
1607,0.031114,-0.120757,0.288724,0.030374,0.017939,0.023692
1608,0.044104,-0.085885,0.212499,0.032080,0.020518,0.029303
1609,0.019708,-0.075064,0.275588,0.033563,0.018646,0.026320
1610,0.028362,-0.081927,0.216213,0.032287,0.020919,0.024618
1611,0.017048,-0.073938,0.263223,0.033521,0.019024,0.021357
1612,0.006485,-0.130975,0.206657,0.028017,0.022880,0.018959
1613,0.040058,-0.087774,0.212898,0.031240,0.019369,0.021342
1614,-0.007393,-0.094229,0.303781,0.031659,0.018080,0.018079
1615,0.005166,-0.074084,0.218822,0.032047,0.021404,0.017163
1616,0.011620,-0.154095,0.207045,0.025020,0.021310,0.015439
1617,-0.095121,-0.109326,0.245396,0.028605,0.028098,0.021773
1618,0.032057,-0.102426,0.230800,0.028467,0.018327,0.027014
1619,0.030078,-0.079009,0.243730,0.029974,0.017260,0.027748
1620,0.023658,-0.077577,0.241887,0.029877,0.017528,0.025160
1621,0.023307,-0.077333,0.239095,0.029786,0.017399,0.022574
1622,0.011755,-0.080528,0.238147,0.029509,0.018255,0.020039
1623,0.018359,-0.107085,0.249955,0.027385,0.016869,0.017245
1624,0.023082,-0.074714,0.224827,0.029282,0.017511,0.016477
1625,-0.027950,-0.116272,0.223774,0.025720,0.022204,0.014282
1626,0.008718,-0.094401,0.228048,0.026609,0.018636,0.012257
1627,-0.087119,-0.137620,0.234610,0.023175,0.026159,0.015955
1628,0.014555,-0.105570,0.241738,0.025536,0.017170,0.019641
1629,-0.324855,0.027636,0.135746,0.034438,0.052123,0.020300
1630,-0.264535,-0.060636,0.216654,0.029105,0.043466,0.020571
1631,0.043905,-0.092804,0.226916,0.026995,0.017119,0.025583
1632,-0.034867,-0.069859,0.288470,0.029511,0.021310,0.023299
1633,0.036988,-0.082304,0.218530,0.027676,0.018589,0.023886
1634,-0.391863,0.067388,0.186213,0.039488,0.058444,0.020906
1635,0.041160,-0.079976,0.220365,0.029402,0.020654,0.017511
1636,0.001265,-0.064161,0.282123,0.032030,0.021594,0.014502
1637,0.019123,-0.089251,0.237515,0.030184,0.023203,0.013053
1638,0.032439,-0.089093,0.216107,0.030040,0.023890,0.010905
1639,0.040868,-0.093974,0.224959,0.029735,0.023100,0.008021
1640,0.053648,-0.083916,0.213259,0.030134,0.022852,0.005310
1641,0.053739,-0.083876,0.213194,0.030051,0.022828,0.002770
1642,0.053679,-0.083767,0.213109,0.029933,0.022733,0.000472
1643,-0.020005,-0.188186,0.343062,0.023030,0.022064,-0.001558
1644,-0.140838,-0.129770,0.257078,0.027180,0.037680,0.019533
1645,-0.081191,-0.122606,0.246656,0.027337,0.034492,0.026284
1646,0.056963,-0.076289,0.235425,0.030158,0.023915,0.031734
1647,0.059174,-0.082887,0.213724,0.029051,0.024819,0.029984
1648,0.059100,-0.082226,0.213651,0.028654,0.024698,0.027344
1649,0.058841,-0.081517,0.213560,0.028231,0.024499,0.024414
1650,-0.018916,-0.048547,0.231463,0.030638,0.030593,0.021299
1651,0.061358,-0.081630,0.213711,0.028438,0.025542,0.018552
1652,0.028885,-0.069092,0.221016,0.029137,0.027989,0.015333
1653,-0.025553,-0.041917,0.381919,0.034079,0.023856,0.012361
1654,0.053476,-0.085670,0.214579,0.030510,0.026441,0.014697
1655,0.037701,-0.117985,0.252708,0.028235,0.025562,0.011603
1656,0.031517,-0.073992,0.247994,0.031939,0.026212,0.013922
1657,0.009960,-0.160606,0.210774,0.024338,0.030304,0.012125
1658,0.034892,-0.088135,0.268021,0.030605,0.024893,0.018045
1659,0.042790,-0.126954,0.251219,0.026942,0.024875,0.016551
1660,0.050017,-0.075976,0.222734,0.030371,0.025411,0.020003
1661,0.060682,-0.085328,0.213070,0.029313,0.024588,0.018099
1662,-0.124645,-0.131569,0.255521,0.025488,0.038114,0.015468
1663,-0.023602,-0.096966,0.236326,0.028060,0.031069,0.019967
1664,0.050052,-0.073381,0.223061,0.029848,0.025441,0.020296
1665,0.060915,-0.084407,0.213149,0.028679,0.024653,0.018519
1666,-0.183328,-0.152536,0.248234,0.022911,0.043575,0.015787
1667,0.032711,-0.038828,0.268772,0.032771,0.024276,0.022549
1668,0.024483,-0.094191,0.232363,0.028006,0.027224,0.021210
1669,0.033295,-0.053922,0.238928,0.030868,0.025896,0.020244
1670,0.001385,-0.088853,0.237999,0.028122,0.028651,0.018766
1671,0.028982,-0.081913,0.243987,0.028553,0.025943,0.019514
1672,0.007907,-0.091873,0.230242,0.027401,0.028393,0.017260
1673,-0.020919,-0.125373,0.226701,0.024405,0.031043,0.018049
1674,0.030190,-0.059740,0.249380,0.029937,0.025265,0.020951
1675,0.017806,-0.078485,0.236186,0.028292,0.026923,0.018846
1676,0.009396,-0.091534,0.242622,0.027173,0.027206,0.017175
1677,0.019239,-0.086581,0.226460,0.027234,0.027084,0.016990
1678,-0.006001,-0.089308,0.245615,0.027174,0.028064,0.016652
1679,0.004388,-0.113839,0.222284,0.024746,0.028383,0.016678
1680,0.011311,-0.057525,0.245109,0.029572,0.026281,0.018679
1681,0.032906,-0.080523,0.237771,0.027692,0.024781,0.018010
1682,0.013835,-0.092442,0.238285,0.026546,0.026155,0.015480
1683,-0.076307,-0.105215,0.213454,0.025069,0.035011,0.015774
1684,0.047672,-0.093840,0.236326,0.026510,0.023285,0.021087
1685,0.016662,-0.071323,0.245842,0.027899,0.025089,0.019688
1686,0.025766,-0.088717,0.263345,0.026929,0.023243,0.017815
1687,0.034577,-0.080737,0.238520,0.027073,0.023527,0.016073
1688,-0.219692,-0.193295,0.179210,0.016561,0.048565,0.014484
1689,0.046165,-0.075415,0.230191,0.026812,0.023346,0.025684
1690,0.037500,-0.072411,0.244202,0.027112,0.022931,0.023595
1691,0.002814,-0.069297,0.268507,0.027734,0.024468,0.021595
1692,0.024060,-0.069349,0.237099,0.027319,0.024406,0.019708
1693,0.022379,-0.066840,0.238401,0.027566,0.024329,0.017429
1694,0.020455,-0.070108,0.238009,0.027346,0.024443,0.015411
1695,0.000873,-0.141048,0.203996,0.020955,0.027900,0.013172
1696,-0.029792,-0.177366,0.232851,0.018048,0.028847,0.019343
1697,0.025258,-0.060422,0.270029,0.027524,0.021899,0.028446
1698,0.046512,-0.073452,0.234213,0.026014,0.021759,0.026264
1699,0.017134,-0.062609,0.241404,0.026898,0.023607,0.023808
1700,0.041629,-0.074048,0.215733,0.025723,0.022845,0.020979
1701,-0.009196,-0.084635,0.269593,0.025571,0.023914,0.017902
1702,0.005365,-0.102545,0.223171,0.023608,0.025028,0.017061
1703,0.002543,-0.103275,0.238762,0.023730,0.024235,0.018147
1704,-0.016487,-0.045416,0.226143,0.028247,0.026247,0.018633
1705,0.010256,-0.074132,0.243589,0.026327,0.022980,0.017772
1706,-0.013851,-0.126943,0.214681,0.021479,0.026575,0.015618
1707,0.021442,-0.072310,0.259325,0.026551,0.020967,0.019611
1708,-0.017907,-0.039458,0.225103,0.028851,0.025970,0.017429
1709,-0.040285,-0.122288,0.226266,0.022337,0.027897,0.016921
1710,0.022104,-0.073665,0.251589,0.026653,0.021111,0.018900
1711,-0.039423,-0.041695,0.218630,0.029028,0.027985,0.016911
1712,-0.014500,-0.098850,0.237872,0.024906,0.025001,0.016887
1713,0.025880,-0.071567,0.250308,0.027361,0.020792,0.017510
1714,-0.004898,-0.145964,0.214797,0.020871,0.025369,0.015660
1715,0.032521,-0.062378,0.259365,0.028249,0.019448,0.021400
1716,-0.018592,-0.034039,0.230722,0.030418,0.025067,0.019986
1717,0.018208,-0.091260,0.226432,0.026098,0.022329,0.019404
1718,0.017075,-0.062576,0.251168,0.028723,0.020967,0.016741
1719,-0.037413,-0.052198,0.223188,0.029478,0.027112,0.015151
1720,-0.105043,-0.135321,0.222256,0.022771,0.033174,0.014673
1721,0.016099,-0.076377,0.247253,0.028211,0.021658,0.018739
1722,0.013888,-0.062993,0.234856,0.029384,0.022351,0.018571
1723,0.018464,-0.068749,0.248698,0.029480,0.021179,0.018704
1724,-0.007291,-0.111724,0.228805,0.025837,0.024648,0.017166
1725,0.029456,-0.072049,0.238436,0.029209,0.020879,0.020122
1726,0.022954,-0.074957,0.243819,0.029374,0.021029,0.018012
1727,0.029291,-0.091345,0.223123,0.028011,0.021575,0.015983
1728,-0.022821,-0.117750,0.239333,0.026180,0.025029,0.015340
1729,0.006042,-0.047817,0.226907,0.031793,0.022952,0.019461
1730,0.020373,-0.093078,0.225962,0.028508,0.021909,0.018412
1731,-0.079744,-0.157221,0.241312,0.023185,0.029655,0.015833
1732,0.030192,-0.031285,0.243157,0.033648,0.020072,0.023356
1733,-0.017498,-0.051319,0.242788,0.032443,0.024180,0.020608
1734,-0.056620,-0.118213,0.227261,0.026824,0.028657,0.018627
1735,0.026724,-0.074016,0.244977,0.030841,0.020726,0.019803
1736,-0.006024,-0.084870,0.227301,0.029964,0.024443,0.017695
1737,0.018769,-0.087304,0.237994,0.030063,0.021794,0.017757
1738,0.001967,-0.059546,0.234833,0.032523,0.023320,0.016118
1739,0.009902,-0.079898,0.243939,0.031205,0.022192,0.014294
1740,0.007552,-0.063229,0.226418,0.032450,0.023401,0.012650
1741,0.006433,-0.133459,0.214541,0.026718,0.024240,0.011158
1742,-0.021643,-0.175429,0.233851,0.023504,0.025623,0.016945
1743,-0.001491,-0.117604,0.267267,0.028048,0.021832,0.024744
1744,0.009439,-0.054430,0.235787,0.032508,0.022411,0.026453
1745,0.030385,-0.067260,0.238262,0.032018,0.020561,0.024480
1746,0.029246,-0.076857,0.235286,0.031308,0.020778,0.021981
1747,-0.014174,-0.058681,0.227860,0.032747,0.024807,0.019317
1748,0.001101,-0.104530,0.233156,0.029234,0.023240,0.018011
1749,-0.066145,-0.130493,0.222835,0.026938,0.029708,0.019305
1750,0.035066,-0.076553,0.226760,0.031204,0.020881,0.021706
1751,-0.019599,-0.121162,0.246170,0.027767,0.024459,0.019088
1752,0.020560,-0.049760,0.252322,0.033838,0.020496,0.022340
1753,-0.008564,-0.133495,0.227840,0.026748,0.024370,0.020022
1754,-0.019785,-0.099878,0.234830,0.029227,0.025010,0.023163
1755,0.038466,-0.081654,0.214692,0.030326,0.021163,0.022264
1756,-0.023113,-0.119761,0.247543,0.027465,0.024523,0.019268
1757,0.027251,-0.083263,0.235109,0.030250,0.020934,0.022526
1758,0.007437,-0.099580,0.247294,0.028902,0.021847,0.019613
1759,0.001418,-0.060900,0.239704,0.032052,0.022639,0.020456
1760,0.006609,-0.100157,0.232392,0.028778,0.022618,0.018644
1761,0.036315,-0.086053,0.218499,0.029673,0.020822,0.018478
1762,-0.001969,-0.062211,0.258230,0.031991,0.021778,0.015492
1763,-0.007870,-0.143728,0.223005,0.024793,0.024308,0.013643
1764,0.019429,-0.102814,0.254871,0.028424,0.020093,0.019770
1765,-0.005611,-0.090918,0.230538,0.028750,0.023357,0.019517
1766,0.002349,-0.065945,0.238762,0.030885,0.022190,0.018538
1767,0.035661,-0.081047,0.214970,0.029273,0.020614,0.016462
1768,0.036542,-0.080930,0.214671,0.029097,0.020443,0.013720
1769,-0.007845,-0.166089,0.250362,0.022359,0.022147,0.011006
1770,0.029788,-0.118672,0.274391,0.026454,0.017354,0.021645
1771,0.033924,-0.076335,0.214591,0.028478,0.019956,0.023991
1772,0.036083,-0.079063,0.214355,0.028069,0.019632,0.021474
1773,-0.041021,-0.148525,0.265744,0.022785,0.023206,0.018795
1774,0.035180,-0.078245,0.214384,0.027543,0.019340,0.025966
1775,-0.014829,-0.045633,0.265066,0.030788,0.020578,0.023236
1776,-0.037403,-0.093910,0.237855,0.026560,0.024070,0.021501
1777,0.028218,-0.074326,0.238859,0.027900,0.018480,0.022654
1778,0.024971,-0.087780,0.241305,0.026895,0.018422,0.020412
1779,0.024836,-0.090239,0.238641,0.026552,0.018406,0.019190
1780,0.027346,-0.094122,0.239940,0.026136,0.017908,0.018197
1781,-0.039414,-0.104164,0.212465,0.024670,0.024890,0.017515
1782,-0.007400,-0.106916,0.245028,0.024786,0.020465,0.019474
1783,0.034270,-0.080826,0.213179,0.026119,0.018547,0.020902
1784,0.015479,-0.093857,0.255059,0.025401,0.017818,0.018041
1785,0.034574,-0.081560,0.250994,0.026455,0.016138,0.018616
1786,0.026030,-0.080051,0.214226,0.025873,0.018639,0.017440
1787,-0.050150,-0.117051,0.234062,0.022869,0.023926,0.014605
1788,-0.384646,-0.074723,0.113394,0.024185,0.059596,0.016969
1789,0.035097,-0.066211,0.262895,0.027691,0.015775,0.028485
1790,-0.029953,-0.097813,0.294567,0.025773,0.020137,0.026904
1791,0.047150,-0.079154,0.211845,0.025884,0.018534,0.025699
1792,0.046903,-0.078774,0.211774,0.025686,0.018389,0.022597
1793,-0.013749,-0.053666,0.289710,0.028760,0.019239,0.019370
1794,0.027568,-0.149521,0.253116,0.021323,0.018107,0.018708
1795,0.028982,-0.072872,0.231993,0.026723,0.019006,0.022749
1796,0.022825,-0.077652,0.246128,0.026648,0.018744,0.020476
1797,0.020747,-0.078176,0.244763,0.026680,0.019008,0.018166
1798,0.023695,-0.077166,0.237189,0.026805,0.019143,0.016078
1799,-0.030084,-0.117384,0.214333,0.023157,0.025209,0.013959
1800,0.019395,-0.090837,0.233733,0.025406,0.020030,0.016727
1801,0.017221,-0.058081,0.245277,0.028539,0.019326,0.017041
1802,-0.136161,-0.075845,0.214169,0.026718,0.034150,0.016951
1803,0.025196,-0.225231,0.277372,0.015753,0.017819,0.023359
1804,0.024665,-0.058069,0.210966,0.026731,0.021140,0.033416
1805,0.035627,-0.073249,0.215082,0.025774,0.020157,0.030777
1806,0.035751,-0.073799,0.215137,0.025679,0.020233,0.027741
1807,0.011697,-0.062011,0.276512,0.027571,0.018790,0.024450
1808,0.028303,-0.070633,0.240427,0.026903,0.019313,0.022490
1809,0.025555,-0.083051,0.249340,0.026246,0.018954,0.019733
1810,0.012041,-0.089217,0.253312,0.025774,0.019875,0.016955
1811,-0.001672,-0.108327,0.213651,0.023604,0.023222,0.015050
1812,-0.015519,-0.148301,0.221828,0.020324,0.024127,0.017088
1813,0.014668,-0.094585,0.239895,0.024421,0.020454,0.022776
1814,0.007737,-0.075734,0.258586,0.026075,0.019889,0.023036
1815,0.009002,-0.082563,0.236117,0.025350,0.021020,0.021354
1816,0.002066,-0.105671,0.223973,0.023274,0.022272,0.019673
1817,0.032339,-0.068998,0.244265,0.026521,0.018467,0.022974
1818,0.023879,-0.069741,0.233679,0.026264,0.019631,0.022114
1819,0.030183,-0.080973,0.221687,0.025297,0.019806,0.019446
1820,0.006581,-0.090309,0.254376,0.024907,0.019884,0.016360
1821,-0.037010,-0.052945,0.235037,0.027953,0.024606,0.017031
1822,-0.026780,-0.124153,0.213852,0.021792,0.024987,0.015759
1823,-0.014914,-0.044089,0.260717,0.029135,0.021371,0.019374
1824,-0.090231,-0.128514,0.218444,0.021678,0.030393,0.017630
1825,0.025067,-0.042498,0.240562,0.029175,0.019506,0.020359
1826,-0.036503,-0.122199,0.219514,0.022511,0.026157,0.018356
1827,0.031331,-0.071312,0.241839,0.027087,0.019238,0.021022
1828,0.011353,-0.051187,0.249879,0.029135,0.020364,0.018880
1829,-0.022011,-0.116817,0.216336,0.023340,0.025292,0.017033
1830,0.007455,0.010874,0.243492,0.034617,0.020834,0.018874
1831,-0.026241,-0.112315,0.242714,0.025156,0.024340,0.021507
1832,-0.000583,-0.036224,0.240410,0.031098,0.022524,0.018425
1833,0.000342,-0.092981,0.242722,0.026931,0.022534,0.016533
1834,0.006409,-0.102961,0.222383,0.025915,0.023346,0.015635
1835,0.018829,-0.071246,0.247474,0.029041,0.020907,0.018118
1836,0.006695,-0.164712,0.206551,0.021023,0.024387,0.016300
1837,0.036116,-0.074802,0.237523,0.028595,0.020004,0.024651
1838,-0.028549,-0.145056,0.256012,0.023093,0.024525,0.022608
1839,0.037868,-0.076336,0.215001,0.027862,0.021099,0.027934
1840,0.036521,-0.076236,0.215257,0.027840,0.021182,0.025175
1841,0.007650,-0.113045,0.283079,0.025770,0.019953,0.022215
1842,0.023676,-0.072828,0.245837,0.028634,0.020467,0.024651
1843,-0.016388,-0.047209,0.235995,0.030891,0.024268,0.022410
1844,0.028098,-0.079620,0.216009,0.028248,0.021652,0.020470
1845,0.012958,-0.084590,0.253357,0.028460,0.020952,0.017278
1846,-0.011757,-0.156866,0.216666,0.022241,0.025140,0.017063
1847,0.002952,-0.043888,0.259362,0.031733,0.021221,0.023129
1848,0.028720,-0.079361,0.215952,0.028440,0.021393,0.020938
1849,0.019928,-0.104083,0.237069,0.026722,0.020977,0.017939
1850,-0.002576,-0.055075,0.252319,0.031197,0.021860,0.019436
1851,0.029544,-0.081042,0.215241,0.028735,0.021125,0.017961
1852,-0.039437,-0.048660,0.253584,0.031992,0.024836,0.015024
1853,-0.090479,-0.135658,0.220315,0.024503,0.031175,0.014496
1854,-0.095424,-0.131472,0.240551,0.025125,0.030768,0.018299
1855,0.043856,-0.033890,0.230886,0.033158,0.019563,0.022528
1856,-0.000830,-0.032140,0.241783,0.033874,0.022791,0.019147
1857,0.014787,-0.090212,0.235984,0.029520,0.022044,0.017059
1858,-0.018407,-0.169545,0.208130,0.022424,0.026634,0.014620
1859,0.036531,-0.018944,0.260995,0.035451,0.018813,0.023053
1860,0.006837,-0.069906,0.246216,0.031515,0.022209,0.020350
1861,0.022409,-0.077777,0.237331,0.030851,0.021476,0.018133
1862,-0.008118,-0.070234,0.230816,0.031605,0.024494,0.015988
1863,0.032339,-0.081727,0.215886,0.030512,0.021937,0.014698
1864,-0.015529,-0.058358,0.256273,0.033125,0.023863,0.012058
1865,-0.006785,-0.067973,0.240294,0.032448,0.024120,0.011167
1866,0.035973,-0.082253,0.215395,0.031138,0.021928,0.010208
1867,0.037176,-0.081789,0.215244,0.031225,0.021808,0.007864
1868,-0.044568,-0.247095,0.142451,0.016298,0.032864,0.005622
1869,0.001243,-0.016468,0.353396,0.038429,0.017164,0.027424
1870,0.031466,-0.066879,0.254333,0.032947,0.019914,0.026869
1871,0.011180,-0.078786,0.232403,0.031762,0.022869,0.024596
1872,0.035012,-0.080169,0.218576,0.031644,0.021571,0.022970
1873,0.007559,-0.083859,0.266750,0.032087,0.021123,0.020356
1874,0.036671,-0.083610,0.214866,0.031631,0.021383,0.019361
1875,0.011204,-0.099181,0.248698,0.030797,0.021572,0.016548
1876,0.050393,-0.088023,0.211981,0.031433,0.020009,0.017618
1877,0.016194,-0.128505,0.264696,0.028591,0.019757,0.014781
1878,-0.048764,-0.030646,0.247685,0.036459,0.025904,0.019026
1879,-0.097483,-0.123411,0.208196,0.028479,0.032467,0.018526
1880,-0.043964,-0.097557,0.237924,0.030914,0.026587,0.021054
1881,0.027477,-0.071610,0.248372,0.033378,0.020001,0.021107
1882,0.008506,-0.071480,0.232227,0.033239,0.022501,0.019067
1883,0.026625,-0.084509,0.235724,0.032252,0.020786,0.016703
1884,0.033428,-0.124320,0.214295,0.028570,0.021287,0.014124
1885,-0.016858,-0.087827,0.254894,0.032205,0.023087,0.018516
1886,-0.032160,-0.085410,0.233454,0.032102,0.025494,0.019045
1887,-0.001999,-0.056826,0.240885,0.034667,0.022481,0.018831
1888,-0.020592,-0.070480,0.231248,0.033596,0.024704,0.017657
1889,-0.016149,-0.069128,0.233403,0.033785,0.024394,0.016940
1890,-0.008140,-0.066031,0.237228,0.034221,0.023613,0.016237
1891,-0.006536,-0.065167,0.236678,0.034486,0.023578,0.015531
1892,0.028983,-0.086130,0.215911,0.032629,0.021840,0.014982
1893,0.007884,-0.065627,0.257996,0.034977,0.021347,0.012494
1894,0.031010,-0.086722,0.215494,0.032829,0.021737,0.011188
1895,0.035659,-0.085535,0.214934,0.032865,0.021358,0.008812
1896,0.036074,-0.085248,0.214812,0.032805,0.021256,0.006520
1897,0.036287,-0.085062,0.214701,0.032721,0.021145,0.004363
1898,-0.039295,-0.308304,0.140247,0.012752,0.031907,0.002375
1899,0.004498,-0.163424,0.314153,0.026553,0.018682,0.032826
1900,0.051951,-0.084868,0.211453,0.028779,0.020062,0.032855
1901,0.051385,-0.083443,0.211345,0.028002,0.019713,0.030766
1902,0.050682,-0.081986,0.211227,0.027214,0.019312,0.028248
1903,-0.077426,-0.020535,0.437010,0.035085,0.017342,0.025409
1904,0.049424,-0.083844,0.211249,0.028345,0.018993,0.027618
1905,0.006071,-0.057626,0.258411,0.030792,0.019774,0.024478
1906,0.044328,-0.081363,0.213876,0.028811,0.018900,0.023376
1907,0.005635,-0.068143,0.262640,0.030392,0.019231,0.020211
1908,0.023525,-0.076156,0.238528,0.029827,0.018919,0.018327
1909,0.021446,-0.078500,0.237275,0.029738,0.018981,0.015837
1910,0.024182,-0.078593,0.238135,0.029862,0.018512,0.013246
1911,0.023993,-0.079666,0.237972,0.029916,0.018303,0.010790
1912,0.046185,-0.085642,0.210766,0.029142,0.017569,0.008430
1913,0.018556,-0.076246,0.264216,0.030564,0.016457,0.005616
1914,0.018829,-0.089944,0.209123,0.029099,0.019180,0.005299
1915,0.032241,-0.086055,0.212187,0.029299,0.017835,0.002997
1916,0.012309,-0.069600,0.260780,0.031305,0.016588,0.000837
1917,0.012073,-0.202104,0.137334,0.018750,0.023630,0.001259
1918,-0.330364,-0.125268,0.263230,0.026156,0.045424,0.009503
1919,-0.309332,0.097887,0.162341,0.044071,0.048907,0.025751
1920,-0.346857,0.069296,0.184254,0.046016,0.052241,0.032112
1921,-0.050144,-0.289069,0.341524,0.020542,0.021048,0.028912
1922,-0.433231,0.096506,0.091067,0.044032,0.068644,0.027768
1923,0.033290,-0.089916,0.226824,0.032511,0.022831,0.023774
1924,0.037912,-0.087721,0.216101,0.032534,0.024317,0.020884
1925,-0.013875,-0.110531,0.371452,0.032956,0.021108,0.017831
1926,0.055521,-0.087086,0.214066,0.032968,0.024533,0.020555
1927,0.013616,-0.109181,0.269409,0.031852,0.025628,0.017530
1928,0.057978,-0.087991,0.214171,0.033182,0.025438,0.020100
1929,0.017238,-0.127200,0.268854,0.030532,0.026338,0.017123
1930,0.038792,-0.127310,0.251319,0.030404,0.025951,0.021828
1931,0.046726,-0.076354,0.225992,0.034047,0.026878,0.024966
1932,0.061369,-0.088819,0.214060,0.032902,0.026426,0.022831
1933,0.061415,-0.088476,0.213993,0.032607,0.026351,0.019736
1934,0.007165,-0.072489,0.226842,0.033663,0.030634,0.016576
1935,-0.004469,-0.061282,0.315403,0.036249,0.027248,0.013703
1936,0.038413,-0.121486,0.246376,0.031506,0.027828,0.013836
1937,-0.137211,-0.173131,0.213467,0.026160,0.044781,0.013508
1938,0.000702,-0.110442,0.256063,0.031698,0.031340,0.025495
1939,0.063998,-0.088157,0.216719,0.032394,0.028171,0.027881
1940,0.037767,-0.072875,0.241380,0.033606,0.028953,0.025141
1941,0.042273,-0.077422,0.239979,0.033325,0.028677,0.023345
1942,0.025840,-0.082722,0.222343,0.032541,0.031273,0.021122
1943,0.047497,-0.084461,0.218616,0.032228,0.029923,0.018125
1944,0.067295,-0.088343,0.214260,0.031587,0.028312,0.015016
1945,0.012664,-0.142125,0.295281,0.027858,0.028388,0.011869
1946,0.067120,-0.088568,0.214049,0.031215,0.027899,0.022230
1947,0.008536,-0.094969,0.289171,0.031270,0.028541,0.019131
1948,0.037287,-0.134603,0.256807,0.027401,0.027825,0.018173
1949,0.046117,-0.077625,0.237030,0.031189,0.027812,0.020832
1950,0.033700,-0.098794,0.248145,0.029446,0.028066,0.018663
1951,-0.288903,-0.115829,0.164901,0.026333,0.059903,0.017918
1952,-0.079614,-0.156370,0.265489,0.024746,0.038533,0.037474
1953,0.069784,-0.083010,0.214568,0.027985,0.028824,0.037947
1954,0.058594,-0.077434,0.228478,0.027958,0.028679,0.034605
1955,0.017288,-0.056394,0.283870,0.030092,0.028914,0.031288
1956,0.044239,-0.070095,0.240726,0.028849,0.028982,0.029646
1957,0.045023,-0.070942,0.239954,0.028803,0.028762,0.026658
1958,0.045724,-0.071854,0.239163,0.028781,0.028491,0.023537
1959,0.046350,-0.072782,0.238226,0.028785,0.028176,0.020367
1960,0.047088,-0.073714,0.237072,0.028807,0.027806,0.017213
1961,0.013231,-0.113016,0.271850,0.026039,0.028670,0.014153
1962,0.067523,-0.151589,0.247356,0.022006,0.024867,0.012236
1963,0.053474,-0.070759,0.223229,0.027471,0.026498,0.016880
1964,0.046667,-0.070931,0.229745,0.027564,0.026157,0.014514
1965,0.045447,-0.072722,0.231543,0.027557,0.025599,0.012311
1966,0.014627,-0.119957,0.262187,0.024044,0.026251,0.010139
1967,-0.397504,-0.156735,0.133022,0.018248,0.068319,0.010530
1968,0.056597,-0.083704,0.215437,0.026250,0.026186,0.035949
1969,0.062934,-0.100562,0.225277,0.024089,0.024521,0.033573
1970,0.061599,-0.078812,0.213254,0.024934,0.024484,0.030415
1971,0.021353,-0.061007,0.266255,0.026884,0.024333,0.027177
1972,-0.611114,-0.167986,0.196730,0.016683,0.083915,0.025451
1973,0.101497,-0.108260,0.276355,0.023536,0.021810,0.053786
1974,0.067122,-0.073585,0.214420,0.023005,0.027263,0.048890
1975,0.020534,-0.051049,0.295134,0.025672,0.026512,0.044493
1976,0.039387,-0.060456,0.245033,0.024703,0.027622,0.041633
1977,0.040412,-0.066008,0.220550,0.024046,0.028933,0.037618
1978,0.048849,-0.068540,0.218414,0.023823,0.028378,0.032485
1979,0.066385,-0.073775,0.214142,0.023299,0.026877,0.027234
1980,0.065555,-0.073429,0.213983,0.023093,0.026461,0.021940
1981,-0.012150,-0.097370,0.302455,0.022220,0.028104,0.016814
1982,0.065469,-0.075711,0.213808,0.024123,0.026316,0.023700
1983,0.020840,-0.188649,0.296451,0.015740,0.025332,0.018995
1984,-0.019792,-0.035620,0.225332,0.026773,0.032078,0.028520
1985,-0.040718,0.007980,0.241950,0.031144,0.032644,0.029023
1986,-0.100402,-0.056545,0.212298,0.026207,0.039706,0.028381
1987,-0.059787,-0.103242,0.228271,0.022607,0.035687,0.029330
1988,0.021281,-0.116848,0.260398,0.021771,0.027254,0.033287
1989,-0.025553,-0.080178,0.241969,0.023900,0.032162,0.033334
1990,0.064363,-0.074646,0.214073,0.024360,0.026172,0.032850
1991,-0.078063,-0.119187,0.252397,0.020989,0.036140,0.028341
1992,-0.000708,-0.085055,0.240073,0.023877,0.030534,0.030458
1993,0.007944,-0.096883,0.232120,0.022907,0.030174,0.029041
1994,0.033641,-0.106162,0.248896,0.022402,0.027005,0.030961
1995,0.004951,-0.074522,0.232032,0.024652,0.030275,0.031388
1996,0.038591,-0.089054,0.243172,0.023838,0.026788,0.029372
1997,0.042464,-0.094373,0.240938,0.023487,0.026386,0.028247
1998,0.050604,-0.120850,0.244101,0.021351,0.025180,0.027312
1999,0.040894,-0.064240,0.238046,0.025689,0.025826,0.029094
2000,0.062379,-0.076337,0.213472,0.024674,0.024916,0.025738
2001,0.020521,-0.135068,0.272075,0.020452,0.024868,0.021360
2002,0.040298,-0.098248,0.239077,0.022926,0.024621,0.026184
2003,0.060734,-0.076317,0.212816,0.024260,0.023759,0.025510
2004,0.013643,-0.062625,0.265945,0.026045,0.024316,0.021383
2005,-0.267323,-0.158784,0.146541,0.016725,0.054916,0.019357
2006,0.018498,-0.112917,0.258775,0.022173,0.025310,0.035287
2007,0.042936,-0.028551,0.270870,0.028416,0.022294,0.039776
2008,0.009309,-0.044521,0.244264,0.027104,0.026548,0.036234
2009,0.020181,-0.060186,0.233731,0.025924,0.026070,0.032941
2010,0.015704,-0.081307,0.239775,0.024492,0.025899,0.029136
2011,-0.055460,-0.137738,0.219724,0.019690,0.032949,0.027231
2012,0.018206,-0.062359,0.241876,0.026135,0.025370,0.030284
2013,0.005437,-0.048664,0.234567,0.027385,0.026678,0.026414
2014,-0.052168,-0.201522,0.215499,0.014690,0.032805,0.023913
2015,0.002595,-0.028942,0.259391,0.029087,0.025441,0.034333
2016,0.032578,-0.067189,0.234222,0.026046,0.024092,0.031742
2017,-0.013601,-0.175135,0.216454,0.017005,0.029038,0.027970
2018,0.058060,-0.076272,0.212768,0.024647,0.022748,0.036236
2019,0.030036,-0.068094,0.218727,0.025157,0.024506,0.031910
2020,0.042251,-0.071691,0.215875,0.024956,0.023548,0.027571
2021,-0.064216,-0.252013,0.233212,0.010108,0.031511,0.023099
2022,0.010161,-0.039028,0.310685,0.028490,0.020561,0.042606
2023,-0.014928,-0.014673,0.248945,0.029903,0.025888,0.039228
2024,0.035350,-0.072061,0.216738,0.025142,0.023321,0.036609
2025,0.037034,-0.072491,0.220477,0.025200,0.022839,0.031913
2026,0.049080,-0.074667,0.213505,0.024952,0.021904,0.027108
2027,0.054526,-0.076341,0.211922,0.024727,0.021018,0.022224
2028,-0.061547,-0.227833,0.222868,0.012075,0.030050,0.017424
2029,0.056082,-0.083908,0.217502,0.024175,0.020040,0.037101
2030,-0.022779,-0.027790,0.343741,0.030258,0.019209,0.032765
2031,0.030814,-0.076346,0.215057,0.025150,0.021797,0.031547
2032,-0.174498,-0.331060,0.224074,0.003786,0.038976,0.027141
2033,0.026909,-0.008439,0.246480,0.029227,0.020190,0.050304
2034,0.021707,-0.067731,0.240245,0.024754,0.021090,0.046827
2035,0.052515,-0.075684,0.211695,0.023668,0.019845,0.042157
2036,0.006109,-0.053980,0.282845,0.026340,0.019459,0.036963
2037,0.051044,-0.076605,0.211531,0.024222,0.019292,0.033670
2038,0.050027,-0.076378,0.211387,0.024087,0.018836,0.028241
2039,0.048891,-0.076127,0.211289,0.023947,0.018344,0.022849
2040,-0.007345,-0.063453,0.223444,0.024892,0.022367,0.017608
2041,0.087243,-0.489404,0.364294,-0.007960,0.006407,0.012971
2042,-0.058876,0.067253,0.157897,0.031905,0.028622,0.055735
2043,0.048655,-0.076545,0.210768,0.023129,0.017457,0.055097
2044,0.039569,-0.074470,0.212354,0.023003,0.017645,0.050225
2045,0.033397,-0.072637,0.213501,0.022936,0.017744,0.044883
2046,0.000723,-0.050061,0.300372,0.026120,0.015230,0.039231
2047,0.033743,-0.076018,0.212039,0.023605,0.016973,0.035727
2048,0.008416,-0.057935,0.272563,0.026094,0.015305,0.029844
2049,-0.373743,-0.336107,0.163493,0.001449,0.054360,0.025770
2050,-0.320835,-0.161617,0.219152,0.014066,0.047697,0.036291
2051,0.004069,-0.054407,0.259052,0.023821,0.018691,0.040599
2052,-0.198699,-0.117893,0.198395,0.018053,0.039450,0.037482
2053,0.026614,-0.063132,0.236925,0.023282,0.018934,0.036696
2054,-0.162083,-0.289396,0.206313,0.004042,0.035444,0.032045
2055,-0.665691,0.416613,0.114267,0.058212,0.084499,0.078813
2056,0.052336,-0.141128,0.253459,0.020197,0.019157,0.067768
2057,0.027187,-0.060073,0.239444,0.025086,0.022160,0.060548
2058,0.075473,0.105664,0.316197,0.040812,0.013481,0.054639
2059,-0.376396,0.072259,0.166898,0.037768,0.062907,0.054825
2060,-0.228692,0.060201,0.259672,0.039758,0.048114,0.047171
2061,-0.581988,-0.274641,0.236896,0.012402,0.082756,0.039838
2062,-0.176310,0.121169,0.193055,0.044863,0.053070,0.066190
2063,-0.206635,0.172363,0.197373,0.052853,0.056920,0.059611
2064,-0.321433,-0.021248,0.223387,0.042053,0.068985,0.058688
2065,-0.264431,-0.074511,0.336294,0.040377,0.062057,0.051770
2066,0.042781,-0.192344,0.213250,0.029081,0.045828,0.046064
2067,0.088198,-0.078554,0.221686,0.037313,0.043063,0.038084
2068,0.055344,-0.036621,0.267824,0.042110,0.044793,0.030473
2069,0.085760,-0.075714,0.227329,0.040336,0.045835,0.025925
2070,0.072775,-0.064220,0.240053,0.042588,0.047251,0.019721
2071,0.078832,-0.100015,0.247228,0.041278,0.047436,0.015179
2072,-0.456403,-0.494971,0.187823,0.007172,0.099242,0.010559
2073,-0.113819,-0.266565,0.271998,0.025504,0.069155,0.036005
2074,0.131161,-0.111175,0.232956,0.037485,0.051887,0.047645
2075,0.114262,-0.088587,0.224035,0.038136,0.054264,0.044699
2076,0.082945,-0.052097,0.252199,0.041189,0.055968,0.039677
2077,0.096304,-0.071337,0.242489,0.040427,0.056184,0.037294
2078,0.094983,-0.074590,0.245927,0.040488,0.056550,0.033286
2079,0.096982,-0.077242,0.245501,0.040603,0.056708,0.029299
2080,-0.086144,-0.190640,0.271849,0.031301,0.072256,0.025207
2081,0.126352,-0.093082,0.223686,0.037939,0.058145,0.026921
2082,-0.003438,-0.118224,0.273510,0.035797,0.066899,0.021805
2083,0.094847,-0.099709,0.262631,0.037620,0.060126,0.026037
2084,0.125763,-0.091273,0.234764,0.037361,0.058930,0.024170
2085,0.128252,-0.091802,0.223277,0.036063,0.057974,0.019467
2086,-0.145799,-0.051593,0.243609,0.038610,0.080481,0.015047
2087,-0.115526,0.063735,0.211091,0.048780,0.081156,0.017253
2088,0.129806,-0.096203,0.225800,0.037874,0.059896,0.019657
2089,-0.149172,-0.106475,0.263551,0.036493,0.081993,0.015924
2090,-0.112249,-0.047652,0.238968,0.040137,0.081512,0.014196
2091,-0.035240,-0.050737,0.224718,0.039928,0.076428,0.014651
2092,0.013796,-0.079829,0.245922,0.038078,0.071470,0.015596
2093,-0.285693,-0.070543,0.245892,0.038467,0.097851,0.016017
2094,0.048034,-0.078825,0.228827,0.038106,0.071134,0.024244
2095,-0.019625,-0.031185,0.241574,0.042089,0.076631,0.023181
2096,0.012627,-0.046461,0.225808,0.041055,0.075190,0.020397
2097,0.014448,-0.067053,0.283938,0.040432,0.072348,0.017530
2098,-0.326905,0.050015,0.197435,0.048669,0.107020,0.015124
2099,0.070230,-0.076207,0.205747,0.039926,0.073552,0.012818
2100,0.021239,-0.072530,0.274102,0.041400,0.074422,0.012417
2101,0.005508,-0.094071,0.267047,0.039536,0.076755,0.010946
2102,0.012411,-0.044249,0.219899,0.042825,0.078898,0.010730
2103,0.011967,-0.080114,0.243747,0.040835,0.077850,0.010127
2104,-0.199064,-0.079370,0.243353,0.040805,0.096405,0.010709
2105,0.042241,-0.064759,0.252809,0.042726,0.075730,0.016700
2106,-0.097238,-0.026239,0.228513,0.045695,0.089453,0.014107
2107,0.058735,-0.073603,0.233381,0.042531,0.076209,0.012811
2108,0.048957,-0.084796,0.264651,0.042167,0.075423,0.011681
2109,-0.057776,-0.029607,0.204334,0.046049,0.087458,0.010871
2110,-0.288747,-0.029628,0.239068,0.047553,0.106423,0.013867
2111,0.048531,-0.071312,0.244441,0.044326,0.078040,0.011898
2112,-0.027080,-0.089908,0.281145,0.043412,0.082911,0.010821
2113,-0.004764,-0.015199,0.188290,0.048670,0.085675,0.011400
2114,-0.139546,-0.212985,0.251524,0.034302,0.094826,0.012010
2115,-0.008089,-0.001696,0.207530,0.049734,0.085572,0.014367
2116,0.047295,-0.127022,0.269696,0.041939,0.078018,0.018197
2117,0.023223,-0.045399,0.228727,0.047183,0.081955,0.014932
2118,0.082837,-0.128906,0.266070,0.041499,0.075074,0.015803
2119,0.109205,-0.086630,0.249793,0.043807,0.073216,0.013839
2120,0.023257,-0.090311,0.219857,0.042846,0.081627,0.012271
2121,-0.134440,-0.015484,0.259986,0.049499,0.092892,0.013218
2122,0.102337,-0.085345,0.241808,0.044074,0.073505,0.011972
2123,0.060456,-0.077194,0.237715,0.044511,0.076733,0.010499
2124,0.063975,-0.079922,0.249127,0.044410,0.075175,0.009856
2125,0.045971,-0.075157,0.250686,0.044735,0.075903,0.009028
2126,0.085779,-0.090310,0.238203,0.043276,0.072423,0.008591
2127,0.054943,-0.071703,0.253199,0.044784,0.073337,0.007731
2128,-0.018969,-0.129698,0.230266,0.039536,0.080046,0.007615
2129,0.031821,-0.105147,0.222464,0.041065,0.075407,0.010967
2130,0.016858,-0.091244,0.233934,0.041845,0.075141,0.010949
2131,0.022738,-0.053131,0.226850,0.044644,0.074141,0.011037
2132,0.004341,-0.061185,0.296916,0.045013,0.071116,0.009819
2133,0.008845,-0.147006,0.223106,0.036684,0.073963,0.008577
2134,0.024071,-0.040539,0.211285,0.044550,0.072085,0.013195
2135,-0.362647,0.062287,0.230637,0.053376,0.103784,0.011905
2136,0.023860,-0.073379,0.228063,0.043435,0.070939,0.009313
2137,-0.092064,-0.108922,0.227995,0.040276,0.080209,0.008685
2138,-0.174575,-0.138315,0.222207,0.037463,0.087264,0.011176
2139,-0.010397,-0.066949,0.228914,0.043592,0.072709,0.016788
2140,-0.132793,-0.134815,0.231320,0.037823,0.082810,0.016116
2141,-0.072902,-0.018029,0.216442,0.046776,0.078266,0.019544
2142,0.068042,-0.090832,0.278835,0.042471,0.062450,0.018657
2143,0.060458,-0.069809,0.241926,0.043355,0.064227,0.017827
2144,0.132788,-0.099216,0.221580,0.040660,0.058121,0.015744
2145,0.068292,-0.078383,0.288147,0.042698,0.058524,0.013504
2146,0.036909,-0.090681,0.220591,0.040865,0.064279,0.013404
2147,0.091343,-0.087380,0.229064,0.040974,0.058540,0.011534
2148,0.127393,-0.099397,0.219796,0.039641,0.054709,0.009553
2149,0.124383,-0.098715,0.219221,0.038913,0.053078,0.007386
2150,0.059268,-0.067306,0.291515,0.041854,0.052830,0.005314
2151,0.118772,-0.100073,0.218186,0.039014,0.050176,0.006869
2152,0.115134,-0.099391,0.217558,0.038292,0.048293,0.004977
2153,-0.678447,-0.182120,0.238674,0.029909,0.114819,0.003188
2154,-0.052472,-0.085774,0.255147,0.038403,0.063006,0.011122
2155,0.118061,-0.096037,0.218744,0.036846,0.050145,0.016516
2156,0.079365,-0.068006,0.259254,0.038960,0.049674,0.015099
2157,0.095618,-0.083110,0.242689,0.037728,0.047850,0.015401
2158,0.091984,-0.083458,0.241222,0.037402,0.046657,0.014693
2159,0.089547,-0.083686,0.239973,0.037070,0.045266,0.013819
2160,0.105341,-0.095822,0.216366,0.035464,0.043425,0.012976
2161,0.101863,-0.095027,0.215796,0.034755,0.041657,0.011070
2162,0.013435,-0.054693,0.229925,0.037363,0.047008,0.009146
2163,0.098966,-0.086589,0.295650,0.035655,0.035795,0.009268
2164,0.095638,-0.091155,0.226616,0.033239,0.037755,0.008263
2165,0.092651,-0.088684,0.226477,0.032570,0.035831,0.006542
2166,0.008614,-0.053958,0.325019,0.036171,0.035547,0.004798
2167,-0.207511,-0.095307,0.191150,0.031334,0.061254,0.007165
2168,0.060757,-0.063085,0.172543,0.034773,0.040973,0.012271
2169,0.054794,-0.143936,0.269305,0.029923,0.032684,0.025065
2170,-0.205747,-0.022564,0.226849,0.037697,0.056300,0.028371
2171,-0.125081,-0.021670,0.226951,0.037982,0.049115,0.032157
2172,-0.056540,-0.042069,0.234964,0.036562,0.042230,0.033858
2173,-0.103485,-0.028492,0.222238,0.037817,0.046282,0.033241
2174,-0.163665,-0.129372,0.218321,0.030038,0.051425,0.027499
2175,-0.015453,-0.139088,0.260310,0.029442,0.036554,0.034330
2176,0.001574,-0.074146,0.224016,0.033373,0.036178,0.037101
2177,0.047400,-0.124136,0.272809,0.030265,0.029007,0.034521
2178,0.050576,-0.075590,0.235327,0.033113,0.029571,0.035538
2179,0.019565,-0.072722,0.230208,0.033305,0.031655,0.031947
2180,0.047705,-0.079513,0.248010,0.033386,0.027418,0.028383
2181,0.029057,-0.080812,0.227149,0.033024,0.029194,0.024508
2182,-0.207122,-0.188532,0.143823,0.022799,0.053303,0.020863
2183,-0.067387,-0.150616,0.265839,0.026966,0.034756,0.031825
2184,0.043875,-0.079224,0.217406,0.031393,0.027453,0.038353
2185,0.025921,-0.075172,0.274039,0.032437,0.025105,0.034140
2186,-0.032381,-0.105825,0.237899,0.029362,0.031426,0.031050
2187,0.014739,-0.081356,0.246580,0.031271,0.026312,0.028878
2188,0.060648,-0.087914,0.211828,0.030275,0.023533,0.025786
2189,0.020284,-0.103743,0.264046,0.029244,0.023261,0.021183
2190,-0.231730,-0.133745,0.190630,0.025447,0.048564,0.024254
2191,-0.102601,-0.051803,0.243351,0.032891,0.034609,0.029334
2192,-0.086745,-0.017330,0.184606,0.035253,0.036287,0.030858
2193,0.057512,-0.096945,0.218225,0.029926,0.022046,0.031764
2194,-0.217660,-0.165055,0.238929,0.023494,0.044390,0.027345
2195,-0.120729,-0.104800,0.215555,0.027843,0.038037,0.034101
2196,0.015406,-0.002651,0.262121,0.037331,0.023782,0.037111
2197,-0.022475,-0.096825,0.241678,0.029770,0.028360,0.034527
2198,0.035001,-0.080051,0.217469,0.030365,0.024886,0.033397
2199,0.057059,-0.084910,0.213696,0.029844,0.023012,0.028903
2200,0.014419,-0.109242,0.266979,0.028190,0.023385,0.024196
2201,-0.024199,-0.030936,0.247865,0.034959,0.027465,0.026531
2202,-0.064718,-0.078273,0.222620,0.031204,0.032433,0.026434
2203,-0.126985,-0.214791,0.206534,0.019441,0.039065,0.027982
2204,0.043965,-0.007852,0.258607,0.036394,0.021614,0.038158
2205,0.009583,-0.022057,0.250929,0.035914,0.024962,0.034664
2206,-0.006424,-0.088317,0.238760,0.030762,0.027146,0.031668
2207,0.000827,-0.089353,0.233254,0.030449,0.026948,0.030054
2208,-0.000316,-0.088587,0.231158,0.030453,0.027199,0.028812
2209,-0.036139,-0.144417,0.217743,0.025563,0.031104,0.028259
2210,-0.015518,-0.123924,0.241461,0.027320,0.028041,0.032112
2211,0.004511,-0.036539,0.252487,0.034529,0.025554,0.033144
2212,0.006408,-0.087359,0.236895,0.030598,0.026486,0.030113
2213,-0.012560,-0.131886,0.224749,0.026529,0.028904,0.027384
2214,0.031079,-0.075464,0.251980,0.031517,0.023625,0.030076
2215,0.017729,-0.120002,0.222375,0.027321,0.026353,0.026766
2216,0.035366,-0.122461,0.250508,0.027393,0.023225,0.028367
2217,0.007545,-0.101820,0.229597,0.028262,0.026446,0.029017
2218,0.027438,-0.074456,0.249858,0.030702,0.023509,0.028027
2219,0.040525,-0.087894,0.249390,0.029583,0.022203,0.024505
2220,-0.021675,-0.061932,0.215391,0.031063,0.029144,0.022917
2221,-0.020256,-0.162239,0.213005,0.022669,0.029394,0.021492
2222,-0.002281,-0.048493,0.255312,0.032212,0.025318,0.027391
2223,-0.034860,-0.129098,0.224557,0.025197,0.029802,0.025184
2224,-0.010795,-0.112623,0.236846,0.026341,0.027103,0.027698
2225,0.039874,-0.078376,0.216437,0.028533,0.023848,0.028417
2226,-0.026328,-0.133808,0.239117,0.023975,0.028272,0.024588
2227,0.001576,-0.093724,0.258740,0.027323,0.024715,0.030257
2228,0.003184,-0.036654,0.241121,0.031664,0.025204,0.028292
2229,-0.016904,-0.064236,0.231034,0.029511,0.027498,0.026207
2230,-0.031734,-0.124778,0.232501,0.024371,0.028803,0.023752
2231,-0.015183,-0.131465,0.218419,0.023236,0.028322,0.025221
2232,0.031716,-0.072792,0.256171,0.028252,0.022229,0.027752
2233,0.049658,-0.148896,0.252929,0.021766,0.020632,0.024347
2234,0.026765,-0.064446,0.226633,0.027654,0.023682,0.029443
2235,0.030073,-0.066656,0.238253,0.027779,0.022765,0.025847
2236,-0.064730,-0.126072,0.228026,0.022753,0.031261,0.022986
2237,-0.011568,-0.106382,0.233907,0.024034,0.026415,0.024998
2238,0.017424,-0.061268,0.240669,0.027643,0.023532,0.024695
2239,0.031060,-0.099703,0.242289,0.024505,0.022245,0.021959
2240,-0.007947,-0.143667,0.209847,0.020051,0.027296,0.021549
2241,-0.006837,-0.084008,0.246586,0.024994,0.025006,0.027918
2242,0.054697,-0.078753,0.212575,0.024819,0.021346,0.026083
2243,-0.069884,-0.102903,0.267477,0.023172,0.028758,0.022392
2244,-0.038542,-0.108326,0.232906,0.022270,0.028198,0.023273
2245,0.042653,-0.070804,0.230650,0.025171,0.021296,0.023374
2246,0.021098,-0.100825,0.247131,0.022771,0.022095,0.020832
2247,0.038149,-0.117550,0.244868,0.021105,0.020603,0.020207
2248,-0.066424,-0.081666,0.210275,0.023083,0.031251,0.022306
2249,0.000294,-0.027493,0.237349,0.028196,0.024047,0.024590
2250,-0.057854,-0.010352,0.236789,0.030124,0.029046,0.023693
2251,-0.059175,-0.127550,0.219572,0.020496,0.030503,0.022167
2252,-0.028087,-0.099129,0.247735,0.022745,0.026621,0.024086
2253,-0.018177,-0.068410,0.225345,0.024916,0.027248,0.025294
2254,0.023293,-0.029883,0.248458,0.028798,0.022476,0.024258
2255,-0.004177,-0.070450,0.244090,0.025780,0.025280,0.022376
2256,-0.003796,-0.052853,0.233670,0.027046,0.025995,0.019480
2257,0.005587,-0.120784,0.230525,0.021667,0.025661,0.018367
2258,0.003962,-0.124981,0.225313,0.020923,0.026218,0.019983
2259,0.047198,-0.071939,0.254816,0.025782,0.020887,0.024274
2260,0.029183,-0.072835,0.243028,0.025611,0.022828,0.022994
2261,-0.050414,-0.098852,0.213010,0.023145,0.031221,0.021643
2262,-0.021391,-0.092121,0.239700,0.024275,0.027533,0.024766
2263,0.055382,-0.076477,0.213441,0.025189,0.022340,0.028492
2264,0.055008,-0.076557,0.212895,0.025090,0.022001,0.025230
2265,-0.101705,-0.100276,0.288023,0.023885,0.031434,0.021763
2266,0.000830,-0.089239,0.241564,0.024718,0.025857,0.022442
2267,0.016980,-0.086730,0.233760,0.025022,0.024910,0.022739
2268,-0.013823,-0.115965,0.234328,0.022729,0.027522,0.023096
2269,0.024342,-0.073825,0.244225,0.026301,0.023675,0.024379
2270,0.019662,-0.090714,0.236038,0.024952,0.024539,0.022597
2271,0.030691,-0.068488,0.244780,0.027038,0.023085,0.022061
2272,0.016849,-0.107168,0.226723,0.023670,0.025234,0.019205
2273,0.027784,-0.114321,0.241636,0.023435,0.023427,0.021453
2274,0.010737,-0.132485,0.220568,0.021331,0.025921,0.022863
2275,0.025406,-0.068628,0.257782,0.026780,0.022318,0.027733
2276,0.007404,-0.070770,0.236030,0.026345,0.024835,0.025266
2277,-0.009012,-0.082692,0.229776,0.025451,0.026523,0.022866
2278,0.000060,-0.092997,0.239403,0.024825,0.025203,0.022306
2279,0.012780,-0.109081,0.233172,0.023447,0.024376,0.022221
2280,0.032348,-0.115540,0.244716,0.022989,0.021947,0.023657
2281,0.054484,-0.078117,0.212945,0.025367,0.021406,0.025258
2282,0.007597,-0.071671,0.270147,0.026500,0.021928,0.021843
2283,-0.153981,-0.155193,0.193051,0.018704,0.040046,0.020211
2284,0.054261,-0.092359,0.272857,0.025110,0.018124,0.028829
2285,0.022721,-0.070275,0.219299,0.025614,0.023570,0.031260
2286,0.039520,-0.073593,0.215651,0.025357,0.022342,0.027887
2287,-0.027826,-0.101364,0.268172,0.023743,0.025041,0.024250
2288,0.040251,-0.068391,0.236020,0.026189,0.020869,0.024051
2289,0.029978,-0.067757,0.239499,0.026511,0.021243,0.021628
2290,0.028910,-0.139591,0.233002,0.020734,0.021593,0.018863
2291,-0.044711,-0.112454,0.232484,0.022365,0.027597,0.021737
2292,-0.049609,-0.104752,0.229474,0.022789,0.028195,0.022872
2293,-0.036047,-0.106740,0.231191,0.022596,0.027055,0.023366
2294,-0.009898,-0.086263,0.235402,0.024196,0.024596,0.023653
2295,-0.020253,-0.087112,0.237480,0.024096,0.025365,0.025480
2296,-0.030224,-0.097047,0.234716,0.023223,0.026465,0.024255
2297,0.003046,-0.083984,0.234101,0.024223,0.023740,0.023578
2298,0.028679,-0.067924,0.241101,0.025665,0.021198,0.022042
2299,-0.012103,-0.108494,0.227347,0.022102,0.025433,0.018681
2300,-0.007219,-0.108933,0.239631,0.022335,0.024306,0.020929
2301,0.026114,-0.115516,0.235196,0.021517,0.021671,0.022157
2302,-0.015869,-0.083829,0.236630,0.023870,0.025019,0.024213
2303,-0.023498,-0.093883,0.233446,0.023028,0.025887,0.023165
2304,0.013403,-0.072423,0.243589,0.024934,0.022223,0.022526
2305,0.011830,-0.084297,0.232826,0.023849,0.022975,0.021141
2306,0.011350,-0.091769,0.242844,0.023323,0.022401,0.019893
2307,-0.041526,-0.103187,0.213504,0.021908,0.028529,0.021077
2308,0.029481,-0.064364,0.251013,0.025743,0.020364,0.022774
2309,0.005524,-0.088792,0.238439,0.023602,0.023126,0.020769
2310,0.034921,-0.095503,0.235388,0.022891,0.020782,0.019500
2311,-0.001129,-0.069288,0.235114,0.025102,0.023685,0.020274
2312,-0.029662,-0.097711,0.225549,0.022729,0.026641,0.020093
2313,0.017352,-0.118044,0.240145,0.021240,0.022014,0.021666
2314,0.008131,-0.071197,0.245706,0.024905,0.022353,0.023435
2315,0.001883,-0.050482,0.235618,0.026761,0.023316,0.021878
2316,0.023583,-0.126743,0.237226,0.020744,0.021464,0.020220
2317,-0.007783,-0.082323,0.235812,0.024029,0.024094,0.023031
2318,0.027076,-0.087688,0.238582,0.023772,0.020982,0.021970
2319,-0.000865,-0.068580,0.229787,0.025251,0.023694,0.020925
2320,-0.035427,-0.098931,0.227049,0.022852,0.026765,0.020516
2321,-0.011146,-0.092846,0.238291,0.023615,0.024105,0.022158
2322,-0.000599,-0.087616,0.241218,0.024188,0.023136,0.023053
2323,0.016820,-0.120756,0.231193,0.021226,0.022339,0.021044
2324,-0.001273,-0.079599,0.244263,0.024578,0.023051,0.023666
2325,0.027104,-0.074566,0.244071,0.025175,0.020570,0.022380
2326,0.003527,-0.094707,0.228546,0.023347,0.023448,0.019996
2327,0.037542,-0.095451,0.238197,0.023376,0.019915,0.019643
2328,-0.019709,-0.098144,0.230918,0.023103,0.024997,0.020608
2329,-0.005910,-0.090331,0.242835,0.023964,0.023156,0.022799
2330,0.032171,-0.107891,0.239360,0.022457,0.020080,0.021657
2331,0.004621,-0.053625,0.227979,0.026641,0.022843,0.023095
2332,0.015385,-0.107293,0.238571,0.022626,0.021384,0.021158
2333,0.029473,-0.074772,0.249122,0.025390,0.019438,0.022216
2334,0.031901,-0.106612,0.229260,0.022540,0.020171,0.019864
2335,0.018892,-0.076406,0.241578,0.025146,0.020395,0.021553
2336,0.022886,-0.065571,0.245092,0.026191,0.019684,0.019401
2337,0.035472,-0.087259,0.243095,0.024846,0.018468,0.017332
2338,-0.040186,-0.054301,0.215909,0.027133,0.026203,0.016060
2339,0.028446,-0.077023,0.217293,0.025434,0.020341,0.014817
2340,-0.001613,-0.114076,0.233677,0.022672,0.022024,0.011975
2341,-0.009490,-0.195659,0.219389,0.015910,0.023577,0.016691
2342,0.032612,-0.073287,0.274517,0.025925,0.016531,0.027220
2343,0.030932,-0.061720,0.233442,0.026160,0.018490,0.026332
2344,0.012193,-0.050551,0.240811,0.027531,0.019460,0.024037
2345,0.047131,-0.078034,0.211313,0.025235,0.017843,0.021960
2346,0.018596,-0.073294,0.220029,0.025596,0.019575,0.018862
2347,0.005659,-0.051197,0.286927,0.028651,0.016934,0.015883
2348,0.008812,-0.156713,0.175879,0.018626,0.022664,0.013397
2349,0.014506,-0.107425,0.292317,0.024329,0.015528,0.022044
2350,-0.190423,-0.163369,0.183598,0.017532,0.038918,0.022931
2351,0.032954,-0.072142,0.235455,0.025843,0.017342,0.031780
2352,0.010639,-0.071393,0.247980,0.026069,0.018388,0.029346
2353,0.022300,-0.154744,0.262904,0.019522,0.016682,0.026886
2354,0.035231,-0.072220,0.232697,0.025288,0.016803,0.032486
2355,0.021897,-0.067669,0.241687,0.025797,0.017162,0.029441
2356,0.009325,-0.070893,0.240630,0.025734,0.018197,0.026630
2357,0.020603,-0.081429,0.242199,0.025167,0.017100,0.023723
2358,0.026607,-0.080163,0.233581,0.025244,0.016861,0.020827
2359,0.030980,-0.125739,0.244001,0.021798,0.015708,0.018663
2360,0.029607,-0.107549,0.236993,0.022844,0.015802,0.021313
2361,0.021853,-0.068248,0.233601,0.025944,0.016353,0.022261
2362,0.022930,-0.070425,0.236281,0.026110,0.015893,0.019620
2363,0.011035,-0.093652,0.253469,0.024704,0.015804,0.016936
2364,0.045343,-0.161794,0.251186,0.018954,0.012558,0.015032
2365,0.040400,-0.078491,0.210227,0.024504,0.014447,0.021984
2366,-0.051013,-0.008440,0.218076,0.030302,0.021325,0.018888
2367,0.004743,-0.113901,0.244541,0.022925,0.015646,0.020556
2368,0.007918,-0.082457,0.244329,0.025030,0.015256,0.020560
2369,0.018310,-0.087637,0.239491,0.024630,0.014493,0.018715
2370,0.020233,-0.088012,0.236891,0.024618,0.014236,0.017670
2371,0.018068,-0.068642,0.231922,0.026238,0.014442,0.016763
2372,0.016968,-0.080425,0.241384,0.025780,0.013850,0.014624
2373,0.029664,-0.117377,0.234462,0.022785,0.012871,0.012530
2374,-0.096144,-0.055425,0.187961,0.026958,0.025552,0.014056
2375,-0.006490,-0.127454,0.253864,0.022519,0.014777,0.020339
2376,0.018649,-0.071171,0.234989,0.026260,0.013467,0.021428
2377,0.016758,-0.070812,0.235663,0.026610,0.013415,0.019484
2378,-0.086135,-0.047633,0.207127,0.028444,0.023514,0.017466
2379,-0.007529,-0.119598,0.258303,0.023758,0.014662,0.022708
2380,0.017867,-0.071229,0.235624,0.026960,0.013678,0.023159
2381,0.013701,-0.074762,0.242116,0.027095,0.013605,0.020981
2382,0.009928,-0.094192,0.238979,0.025713,0.014142,0.018816
2383,0.019082,-0.099005,0.236821,0.025395,0.013489,0.018049
2384,0.002499,-0.098338,0.234159,0.025494,0.014962,0.018378
2385,-0.001248,-0.098175,0.230987,0.025495,0.015387,0.018558
2386,0.020298,-0.123557,0.244407,0.023595,0.012760,0.019256
2387,0.009642,-0.074116,0.235441,0.027358,0.014021,0.022305
2388,0.018223,-0.085852,0.238570,0.026659,0.013111,0.020043
2389,-0.014338,-0.096162,0.230068,0.025728,0.016263,0.018871
2390,0.014525,-0.090695,0.241615,0.026444,0.013166,0.018347
2391,0.004227,-0.089627,0.232273,0.026457,0.014479,0.017792
2392,-0.007122,-0.105604,0.229380,0.025160,0.015658,0.017213
2393,-0.021771,-0.105302,0.230521,0.025083,0.016835,0.018279
2394,0.016964,-0.122668,0.245223,0.023860,0.012763,0.019802
2395,0.012406,-0.074291,0.232306,0.027372,0.013733,0.022477
2396,0.007457,-0.077338,0.238936,0.027359,0.013827,0.020198
2397,0.026733,-0.118087,0.236989,0.024107,0.012278,0.018177
2398,0.005584,-0.082755,0.234278,0.026726,0.014069,0.020352
2399,0.021476,-0.109325,0.236465,0.024597,0.012601,0.019207
2400,0.008015,-0.076455,0.242012,0.027226,0.013336,0.020561
2401,-0.000070,-0.108749,0.223932,0.024372,0.015056,0.018323
2402,0.007260,-0.078213,0.244209,0.027108,0.013250,0.019442
2403,0.027069,-0.117263,0.236121,0.023857,0.011950,0.017414
2404,-0.006321,-0.109888,0.226889,0.023986,0.015149,0.019335
2405,0.002954,-0.082268,0.239033,0.026235,0.013674,0.021599
2406,0.008190,-0.086794,0.235750,0.025852,0.013420,0.019807
2407,-0.002588,-0.085507,0.235441,0.025932,0.014302,0.019123
2408,-0.009672,-0.095941,0.231661,0.025024,0.015167,0.017632
2409,0.000323,-0.088067,0.233308,0.025646,0.014251,0.017989
2410,-0.022105,-0.110109,0.228358,0.023766,0.016440,0.016962
2411,-0.000188,-0.104793,0.236177,0.024262,0.014218,0.019713
2412,0.006380,-0.100017,0.237074,0.024384,0.013666,0.020187
2413,0.009270,-0.074793,0.240413,0.026385,0.013268,0.020881
2414,0.009137,-0.079523,0.245979,0.026177,0.013038,0.018685
2415,0.005214,-0.090580,0.221624,0.024925,0.014780,0.016490
2416,0.001746,-0.103295,0.237838,0.024151,0.014216,0.016212
2417,-0.014750,-0.105605,0.223015,0.023512,0.016506,0.017242
2418,0.009632,-0.101285,0.242941,0.024061,0.013411,0.018767
2419,0.020083,-0.097541,0.239675,0.024160,0.012682,0.019995
2420,0.015389,-0.073761,0.235367,0.025926,0.013283,0.020812
2421,0.008157,-0.079308,0.248396,0.025740,0.013233,0.018650
2422,0.007094,-0.084789,0.226093,0.024988,0.014588,0.016521
2423,0.006319,-0.088947,0.239426,0.024905,0.013927,0.015217
2424,-0.001740,-0.138766,0.228011,0.020608,0.015360,0.015155
2425,0.009009,-0.091968,0.244734,0.024215,0.013522,0.020653
2426,0.012802,-0.075835,0.234035,0.025275,0.013790,0.020496
2427,0.014739,-0.083501,0.240125,0.024795,0.013300,0.018439
2428,0.007041,-0.087440,0.232420,0.024348,0.014412,0.017885
2429,-0.000621,-0.090009,0.236342,0.024177,0.014915,0.016727
2430,0.004937,-0.085997,0.231453,0.024414,0.014765,0.016849
2431,0.005614,-0.109525,0.228753,0.022450,0.014969,0.015987
2432,-0.025232,-0.002091,0.230102,0.031542,0.016918,0.018801
2433,0.034774,-0.093643,0.216016,0.024829,0.012705,0.020337
2434,-0.054373,-0.125146,0.267484,0.022252,0.018008,0.017470
2435,0.017444,-0.070059,0.237829,0.026052,0.013969,0.018476
2436,0.014645,-0.077900,0.242107,0.025735,0.014082,0.016520
2437,0.022490,-0.081414,0.240124,0.025603,0.013563,0.014796
2438,-0.097265,-0.030912,0.201968,0.029401,0.025707,0.013410
2439,0.035430,-0.087048,0.216022,0.025890,0.014140,0.016837
2440,-0.176561,-0.120061,0.247543,0.023023,0.030810,0.014158
2441,0.036865,-0.085316,0.217196,0.025870,0.015146,0.023166
2442,0.014526,-0.068267,0.241697,0.027358,0.015710,0.021451
2443,0.003638,-0.012234,0.271676,0.033022,0.015045,0.019712
2444,0.028296,-0.108146,0.224894,0.025299,0.016073,0.020192
2445,0.021097,-0.069572,0.229836,0.028065,0.016351,0.019241
2446,-0.051356,-0.058334,0.245550,0.029631,0.021962,0.017152
2447,0.018081,-0.117067,0.240216,0.025192,0.017113,0.019718
2448,0.022552,-0.021864,0.248424,0.033018,0.016049,0.020623
2449,-0.006364,-0.075469,0.240137,0.029257,0.019653,0.020340
2450,-0.028661,-0.116372,0.226883,0.025655,0.022857,0.018807
2451,-0.344800,0.168714,0.138067,0.048451,0.054821,0.021054
2452,-0.021652,-0.228755,0.291691,0.021671,0.020791,0.016823
2453,-0.126199,-0.185357,0.233986,0.021247,0.034502,0.014673
2454,-0.312449,-0.040458,0.191915,0.030329,0.053427,0.014357
2455,0.036013,-0.076542,0.216578,0.030821,0.022930,0.040052
2456,0.034121,-0.076180,0.217655,0.031197,0.024015,0.037490
2457,0.019626,-0.069528,0.255701,0.032607,0.023821,0.034386
2458,0.024187,-0.070989,0.250585,0.033013,0.024370,0.031707
2459,0.028936,-0.072906,0.243665,0.033387,0.024918,0.029075
2460,0.031282,-0.073744,0.240896,0.033881,0.025384,0.026180
2461,0.057403,-0.086865,0.213720,0.032952,0.024981,0.023191
2462,0.010424,-0.065286,0.266455,0.035626,0.026359,0.019167
2463,0.010489,-0.114837,0.283536,0.032773,0.026173,0.017354
2464,0.050704,-0.107306,0.232329,0.032535,0.025751,0.015028
2465,0.030151,-0.146829,0.235481,0.029298,0.027572,0.014764
2466,0.042869,-0.110256,0.235595,0.032049,0.026625,0.019164
2467,0.035251,-0.104730,0.245253,0.032611,0.027014,0.021435
2468,-0.007192,-0.130598,0.223252,0.029824,0.032002,0.020660
2469,0.043015,-0.083303,0.232117,0.033786,0.027402,0.025050
2470,0.028287,-0.085458,0.257623,0.033898,0.027365,0.022519
2471,0.047028,-0.111159,0.243323,0.031505,0.026677,0.020286
2472,0.015484,-0.090868,0.232100,0.032647,0.029965,0.022287
2473,0.043549,-0.095250,0.246512,0.032519,0.026858,0.020593
2474,0.043735,-0.100283,0.240489,0.031882,0.027082,0.019951
2475,-0.011842,-0.124357,0.226253,0.029174,0.032954,0.019547
2476,0.065967,-0.086830,0.213848,0.030726,0.027321,0.017748
2477,0.036467,-0.062152,0.253615,0.032922,0.027269,0.014569
2478,0.047659,-0.123553,0.249987,0.029026,0.026470,0.018001
2479,0.035924,-0.091191,0.254859,0.031369,0.026821,0.020539
2480,0.046716,-0.096986,0.241501,0.030482,0.026261,0.019197
2481,0.041841,-0.078543,0.239147,0.031729,0.026401,0.018850
2482,0.041966,-0.078862,0.237897,0.031665,0.026074,0.016762
2483,0.062323,-0.088106,0.213152,0.030506,0.025189,0.014659
2484,0.061335,-0.087494,0.212764,0.030079,0.024562,0.011739
2485,-0.026108,-0.148468,0.258307,0.025057,0.029432,0.008926
2486,-0.010870,-0.102971,0.264271,0.028734,0.027714,0.015994
2487,0.039395,-0.081322,0.217337,0.029525,0.025605,0.016153
2488,0.059936,-0.085920,0.212496,0.028765,0.023615,0.013797
2489,0.058726,-0.085197,0.212293,0.028306,0.022988,0.011331
2490,-0.177198,-0.174387,0.245560,0.020695,0.040889,0.008912
2491,-0.003607,-0.030282,0.274827,0.033312,0.024458,0.020208
2492,-0.034909,-0.011571,0.235320,0.034772,0.029303,0.021126
2493,0.010739,-0.100005,0.250470,0.027747,0.024842,0.020866
2494,-0.018168,-0.039887,0.235733,0.032042,0.027952,0.018855
2495,0.019262,-0.092150,0.226020,0.027789,0.025216,0.018541
2496,-0.011837,-0.060768,0.237418,0.030372,0.027111,0.016691
2497,0.003899,-0.066676,0.238603,0.029996,0.025583,0.016152
2498,0.031963,-0.080466,0.239001,0.028959,0.023100,0.015237
2499,0.013029,-0.086332,0.245557,0.028515,0.024060,0.012962
2500,-0.035234,-0.060898,0.223059,0.030393,0.029253,0.012758
2501,0.021769,-0.074695,0.244063,0.029587,0.023159,0.012476
2502,0.040408,-0.079191,0.215581,0.028868,0.023014,0.010849
2503,-0.000045,-0.050475,0.252536,0.031801,0.024124,0.008625
2504,0.036172,-0.081050,0.215589,0.029089,0.022888,0.007947
2505,-0.028102,-0.045775,0.247581,0.032504,0.026339,0.005955
2506,0.028181,-0.087064,0.226330,0.029180,0.022666,0.006445
2507,0.039491,-0.080084,0.214993,0.029519,0.022109,0.004745
2508,0.019994,-0.052569,0.291940,0.033060,0.019148,0.003132
2509,-0.001896,-0.071559,0.222833,0.030968,0.024599,0.002584
2510,0.051505,-0.084881,0.211583,0.029829,0.020304,0.002376
2511,0.050522,-0.084862,0.211342,0.029747,0.019789,0.001123
2512,0.049425,-0.084773,0.211136,0.029634,0.019233,-0.000009
2513,-0.025006,-0.450298,0.122458,-0.002662,0.030492,-0.001014
2514,0.040929,0.054421,0.399196,0.041553,0.008877,0.043403
2515,0.046048,0.054366,0.248097,0.040801,0.016568,0.044091
2516,0.025993,-0.037705,0.252413,0.033771,0.017949,0.040660
2517,0.019713,-0.029457,0.251524,0.034797,0.018177,0.038003
2518,-0.003169,-0.057829,0.237768,0.032888,0.020515,0.036296
2519,-0.008097,-0.058108,0.228490,0.033089,0.021181,0.033956
2520,0.028623,-0.083567,0.215642,0.031119,0.018571,0.031475
2521,-0.003068,-0.058666,0.257341,0.033898,0.018653,0.027610
2522,-0.011423,-0.066068,0.237720,0.033398,0.020229,0.024689
2523,0.032174,-0.083826,0.212902,0.031869,0.017686,0.021663
2524,0.003848,-0.058122,0.280314,0.035232,0.015952,0.017691
2525,0.025965,-0.195776,0.202936,0.023761,0.018154,0.016293
2526,0.013032,-0.106167,0.263019,0.031211,0.015344,0.024408
2527,0.030228,-0.123263,0.239106,0.029360,0.014697,0.024081
2528,-0.022165,-0.060878,0.211686,0.033899,0.020244,0.026152
2529,-0.006098,-0.093697,0.250856,0.032109,0.016659,0.024470
2530,-0.088753,-0.128567,0.209769,0.028250,0.026620,0.022201
2531,0.084927,-0.037389,0.245796,0.035635,0.009609,0.020048
2532,0.017975,-0.078638,0.244639,0.033592,0.014650,0.020950
2533,-0.168385,-0.226347,0.178400,0.020511,0.033908,0.018579
2534,0.038877,-0.119868,0.204882,0.028751,0.013664,0.034990
2535,0.030317,-0.085105,0.221004,0.031036,0.014173,0.032510
2536,-0.018321,-0.065735,0.288885,0.033440,0.014284,0.029020
2537,0.005147,-0.091918,0.257480,0.031476,0.014034,0.027233
2538,0.006288,-0.078530,0.237583,0.032250,0.014889,0.024209
2539,0.014737,-0.080149,0.237305,0.032391,0.014102,0.021267
2540,0.029140,-0.102754,0.197548,0.030016,0.014949,0.018140
2541,-0.102634,-0.160666,0.224757,0.024514,0.024056,0.015301
2542,-0.017019,-0.065893,0.281672,0.032869,0.014915,0.019704
2543,0.034834,-0.080050,0.239497,0.031710,0.012686,0.017800
2544,-0.128263,-0.215645,0.149911,0.018975,0.031397,0.014852
2545,0.036212,-0.112462,0.217294,0.027436,0.012847,0.029833
2546,0.001225,-0.072070,0.265967,0.030705,0.013875,0.027266
2547,-0.078729,-0.174741,0.219641,0.021482,0.023413,0.024957
2548,0.038048,-0.111773,0.210609,0.025333,0.013077,0.033149
2549,-0.020278,-0.060751,0.291075,0.029909,0.014513,0.030502
2550,0.016511,-0.075481,0.243753,0.028470,0.014122,0.028588
2551,0.015846,-0.075232,0.240389,0.028442,0.014333,0.025394
2552,0.025383,-0.108773,0.198031,0.024895,0.015989,0.022128
2553,-0.011047,-0.063646,0.292420,0.028908,0.012717,0.018723
2554,0.015959,-0.072491,0.251900,0.028497,0.012531,0.017609
2555,-0.001071,-0.104393,0.206047,0.025473,0.018177,0.018057
2556,0.043006,-0.100434,0.224434,0.025533,0.013447,0.014168
2557,0.000349,-0.055421,0.243304,0.028905,0.015883,0.010299
2558,0.023886,-0.115924,0.199251,0.023724,0.016684,0.008727
2559,-0.010890,-0.056781,0.299500,0.028838,0.012729,0.005816
2560,0.021809,-0.076485,0.231212,0.027147,0.013767,0.005133
2561,0.022786,-0.077214,0.230493,0.027261,0.013666,0.002979
2562,-0.094295,-0.069558,0.240822,0.028071,0.023108,0.001060
2563,0.002897,-0.079750,0.223118,0.026858,0.016836,0.003427
2564,0.020436,-0.075218,0.235571,0.027267,0.013828,0.003162
2565,0.023036,-0.076640,0.230597,0.027340,0.013850,0.002119
2566,-0.095303,0.010610,0.251850,0.035235,0.022243,0.001097
2567,-0.119393,-0.021010,0.202548,0.033035,0.028246,0.005945
2568,0.015244,-0.104035,0.225249,0.027232,0.016684,0.008996
2569,-0.072134,0.006587,0.280603,0.036584,0.020128,0.007357
2570,0.025024,-0.100579,0.216827,0.028153,0.016707,0.010443
2571,-0.293055,-0.017882,0.081019,0.032040,0.051357,0.008899
2572,-0.061827,0.049037,0.378566,0.043275,0.017056,0.008385
2573,-0.513672,0.119350,0.054810,0.046739,0.073979,0.010253
2574,-0.070571,-0.196985,0.353504,0.028707,0.023811,0.012222
2575,0.036044,-0.092752,0.234149,0.033011,0.022722,0.006655
2576,0.049020,-0.084911,0.213716,0.033199,0.022458,0.004975
2577,0.049855,-0.085506,0.213722,0.033442,0.022764,0.003637
2578,-0.625032,-0.230029,0.269115,0.021563,0.079686,0.002373
2579,-0.119983,0.155680,0.134263,0.053130,0.046436,0.015778
2580,-0.318420,-0.107028,0.223126,0.037584,0.060807,0.017346
2581,-0.000340,-0.204720,0.244905,0.029898,0.035532,0.018502
2582,-0.315777,0.018008,0.277412,0.046840,0.062751,0.016450
2583,-0.277468,0.074335,0.161102,0.051769,0.067607,0.012453
2584,0.006499,-0.124086,0.221049,0.039646,0.043033,0.011730
2585,0.057068,-0.171299,0.254474,0.036222,0.039471,0.010076
2586,0.082420,-0.093882,0.219332,0.040568,0.040151,0.007311
2587,0.036053,-0.095708,0.228004,0.040479,0.044940,0.005515
2588,0.063210,-0.094631,0.223948,0.040609,0.044358,0.003972
2589,0.004779,-0.042043,0.296842,0.046162,0.046584,0.002455
2590,0.072139,-0.090502,0.248937,0.043365,0.044881,0.005134
2591,0.073562,-0.090689,0.246002,0.043690,0.045612,0.004644
2592,0.059815,-0.116285,0.280262,0.042313,0.045577,0.004245
2593,0.051036,-0.104462,0.228504,0.042156,0.049963,0.004275
2594,0.045671,-0.143952,0.249975,0.038952,0.050156,0.003339
2595,0.072911,-0.102920,0.251139,0.042415,0.048447,0.011206
2596,0.103491,-0.100442,0.220580,0.041854,0.047689,0.011496
2597,0.077487,-0.086539,0.246331,0.042798,0.048379,0.010442
2598,0.024715,-0.085395,0.275480,0.043284,0.051788,0.010826
2599,0.083679,-0.091580,0.246117,0.042617,0.048726,0.011146
2600,0.041697,-0.100550,0.256602,0.041737,0.051940,0.010726
2601,0.080979,-0.100977,0.224433,0.040958,0.050597,0.010394
2602,0.108024,-0.100273,0.219706,0.040353,0.048258,0.009055
2603,0.042900,-0.077323,0.283970,0.042468,0.049869,0.007590
2604,0.107496,-0.100835,0.219386,0.040148,0.047635,0.009764
2605,-0.138560,-0.172717,0.273719,0.033867,0.065690,0.008286
2606,0.108681,-0.099271,0.219537,0.038779,0.047860,0.014991
2607,0.064193,-0.079707,0.267771,0.040204,0.048231,0.013522
2608,0.040262,-0.088282,0.246583,0.039069,0.051313,0.013811
2609,0.066624,-0.090882,0.249986,0.038601,0.048861,0.012851
2610,0.086125,-0.089555,0.247251,0.038221,0.046615,0.011718
2611,0.085013,-0.088418,0.242699,0.037751,0.045996,0.010680
2612,0.018886,-0.092535,0.239604,0.036722,0.051398,0.009730
2613,0.080747,-0.086491,0.256637,0.036997,0.044802,0.009027
2614,0.083954,-0.087628,0.241117,0.036290,0.044273,0.008231
2615,0.082495,-0.087112,0.239389,0.035859,0.043315,0.007305
2616,0.022544,-0.092946,0.236186,0.034714,0.048008,0.006449
2617,-0.013338,-0.133928,0.232200,0.030753,0.050669,0.005591
2618,-0.079454,-0.095671,0.225477,0.032917,0.055896,0.008078
2619,0.095233,-0.093162,0.218223,0.032804,0.041043,0.014723
2620,0.070684,-0.081472,0.253329,0.033331,0.039814,0.013528
2621,-0.013701,-0.098915,0.236881,0.030966,0.047453,0.012928
2622,0.095062,-0.088894,0.216196,0.030633,0.039022,0.012786
2623,0.092754,-0.087742,0.215790,0.029851,0.037797,0.011110
2624,0.090244,-0.086559,0.215368,0.029060,0.036491,0.009400
2625,-0.325907,-0.223075,0.246919,0.016808,0.069926,0.007683
2626,0.089859,-0.085256,0.215945,0.028059,0.036395,0.023004
2627,0.087775,-0.083851,0.215235,0.027149,0.035234,0.021310
2628,0.012436,-0.070185,0.297799,0.028637,0.035749,0.019363
2629,0.083724,-0.083450,0.214663,0.026782,0.033284,0.020576
2630,0.081153,-0.082270,0.214264,0.026045,0.031995,0.018192
2631,0.016366,-0.053270,0.289609,0.028851,0.032008,0.015703
2632,0.076831,-0.082702,0.213641,0.026170,0.029961,0.016658
2633,0.074035,-0.081861,0.213226,0.025618,0.028604,0.014009
2634,-1.016879,-0.510347,0.172725,-0.012444,0.124677,0.011355
2635,0.024267,-0.111589,0.277643,0.021216,0.033381,0.061168
2636,0.070860,-0.063548,0.240555,0.022610,0.030955,0.057306
2637,0.049411,-0.050888,0.242807,0.023063,0.031944,0.054668
2638,0.048751,-0.053235,0.245229,0.022671,0.031377,0.051221
2639,0.057541,-0.060762,0.259629,0.022152,0.029092,0.047227
2640,0.074730,-0.072022,0.214423,0.020274,0.029230,0.043011
2641,0.025413,-0.049287,0.280134,0.022583,0.028946,0.037571
2642,0.049651,-0.061307,0.241954,0.021649,0.028362,0.034218
2643,0.049526,-0.061873,0.239188,0.021651,0.027716,0.029513
2644,-0.019132,-0.109431,0.250579,0.017832,0.032466,0.024832
2645,0.052597,-0.139144,0.264137,0.015032,0.025363,0.022804
2646,0.052725,-0.059028,0.226901,0.020232,0.026365,0.029640
2647,0.047199,-0.059139,0.232567,0.020398,0.025683,0.025660
2648,-0.236573,-0.158380,0.157793,0.010794,0.053976,0.021852
2649,0.024225,-0.079760,0.294486,0.018825,0.024567,0.030957
2650,0.047243,-0.110096,0.245784,0.015365,0.024636,0.029357
2651,-0.128659,-0.061204,0.167693,0.017697,0.043409,0.030528
2652,0.037660,-0.079529,0.264809,0.018100,0.023996,0.035519
2653,0.042753,-0.057399,0.243396,0.019271,0.023962,0.032383
2654,0.021717,-0.089968,0.262518,0.017064,0.024269,0.028748
2655,0.040740,-0.055877,0.234790,0.019309,0.023572,0.026712
2656,0.036101,-0.110506,0.247235,0.015349,0.022830,0.023214
2657,0.034425,-0.068977,0.240103,0.018437,0.022733,0.023481
2658,-0.162494,0.017139,0.144442,0.024346,0.044338,0.020480
2659,0.000479,-0.135433,0.293510,0.014915,0.023017,0.028585
2660,0.039318,-0.057522,0.241151,0.019806,0.021903,0.029775
2661,-0.090550,0.054016,0.203841,0.029145,0.034274,0.026575
2662,-0.102426,0.053496,0.230482,0.031512,0.034181,0.032544
2663,-0.116006,-0.148783,0.245211,0.015739,0.035562,0.033000
2664,0.034438,-0.101214,0.243232,0.018903,0.023116,0.034930
2665,0.035429,-0.056904,0.238774,0.022629,0.022916,0.035658
2666,0.033778,-0.057096,0.238807,0.023397,0.022828,0.032134
2667,0.028966,-0.074870,0.246750,0.022853,0.022632,0.028558
2668,0.023872,-0.070422,0.245979,0.023750,0.022906,0.024871
2669,-0.137345,-0.085276,0.170193,0.022003,0.040707,0.021951
2670,-0.102243,0.010065,0.218006,0.031281,0.035213,0.029623
2671,0.050930,-0.080239,0.218285,0.025426,0.022358,0.034120
2672,-0.416628,-0.239957,0.223495,0.011473,0.062892,0.029683
2673,0.084541,0.024621,0.248949,0.034124,0.019999,0.046054
2674,0.056895,-0.074258,0.215477,0.026555,0.024220,0.042445
2675,-0.018728,-0.076944,0.295438,0.027609,0.026427,0.037673
2676,0.049744,-0.129478,0.245150,0.023558,0.023679,0.036222
2677,0.059269,-0.076882,0.213101,0.027537,0.024334,0.038667
2678,-0.045430,-0.005440,0.264989,0.034446,0.030332,0.033562
2679,0.058375,-0.079287,0.214321,0.029156,0.024758,0.033707
2680,0.059020,-0.079578,0.212929,0.029273,0.024373,0.028470
2681,-0.097544,-0.070873,0.285533,0.031135,0.034008,0.023274
2682,0.060550,-0.081326,0.213669,0.030400,0.025186,0.017080
2683,-0.062346,-0.240240,0.101337,0.015512,0.041841,0.012227
2684,-0.031537,-0.086567,0.374272,0.032564,0.023987,0.047568
2685,0.059703,-0.083264,0.213039,0.030629,0.024649,0.048915
2686,0.024305,-0.065010,0.252083,0.032604,0.025154,0.044333
2687,-0.184670,-0.134562,0.230194,0.026905,0.044728,0.040933
2688,0.060667,-0.084869,0.214340,0.031441,0.025566,0.041370
2689,-0.037227,-0.052483,0.278034,0.034858,0.030352,0.035963
2690,0.061397,-0.086404,0.213970,0.032125,0.025862,0.029462
2691,0.061275,-0.086213,0.213105,0.031975,0.025475,0.023962
2692,-0.025304,-0.065992,0.291135,0.034598,0.028725,0.018583
2693,0.109401,-0.311325,0.293829,0.015089,0.016973,0.014990
2694,-0.005511,-0.090948,0.172749,0.029754,0.032560,0.038476
2695,-0.184308,0.010317,0.227907,0.038910,0.044951,0.034566
2696,0.057617,-0.089280,0.216684,0.032607,0.025810,0.025650
2697,-0.040322,-0.015710,0.252484,0.038899,0.031629,0.020752
2698,0.038545,-0.175626,0.281646,0.026947,0.023556,0.021688
2699,-0.140320,-0.101586,0.160409,0.030136,0.045635,0.032756
2700,0.041552,0.010811,0.263844,0.041534,0.024908,0.037182
2701,0.014886,-0.031752,0.234623,0.038614,0.028993,0.036522
2702,0.011185,-0.044515,0.248753,0.037700,0.028468,0.032381
2703,-0.025680,-0.072892,0.239678,0.035637,0.032566,0.030609
2704,0.044918,-0.091365,0.245317,0.034463,0.026425,0.027108
2705,0.038072,-0.097507,0.244521,0.034103,0.026810,0.024418
2706,-0.109811,-0.171286,0.190469,0.026960,0.042564,0.022324
2707,0.006351,-0.108509,0.226247,0.032212,0.030748,0.027927
2708,-0.016221,-0.078316,0.251956,0.035174,0.031285,0.033007
2709,-0.016258,-0.100775,0.232791,0.033288,0.032539,0.031309
2710,-0.020390,-0.109609,0.226328,0.032360,0.033352,0.028628
2711,-0.011905,-0.104011,0.247931,0.033042,0.031493,0.030093
2712,-0.023322,-0.079499,0.248088,0.035035,0.032591,0.030179
2713,0.060212,-0.177421,0.256027,0.027067,0.025003,0.026762
2714,-0.179048,-0.122962,0.166041,0.029034,0.050124,0.033025
2715,0.020129,-0.105470,0.264622,0.032347,0.028869,0.035350
2716,0.039377,-0.076017,0.245000,0.033807,0.028213,0.031033
2717,0.045607,-0.076523,0.232729,0.033735,0.028258,0.027741
2718,0.051407,-0.124411,0.249361,0.029978,0.026696,0.024154
2719,0.009954,-0.068644,0.230057,0.033669,0.031023,0.026762
2720,0.041102,-0.107551,0.246615,0.030545,0.027334,0.023595
2721,0.040451,-0.081109,0.247045,0.032621,0.027098,0.023892
2722,0.055560,-0.156507,0.249379,0.026289,0.025311,0.020982
2723,0.063936,-0.088229,0.213202,0.030426,0.025845,0.024606
2724,0.022448,-0.064153,0.252777,0.032475,0.026698,0.020670
2725,-0.004832,-0.105963,0.239149,0.029156,0.029835,0.018804
2726,0.051545,-0.136047,0.246250,0.026418,0.024364,0.016975
2727,-0.237167,-0.129243,0.144531,0.024722,0.053961,0.019861
2728,0.062347,-0.109017,0.224558,0.028079,0.024584,0.035938
2729,0.047255,-0.079826,0.232268,0.029327,0.024628,0.032268
2730,-0.070246,-0.073472,0.300356,0.030451,0.030982,0.029240
2731,-0.015386,-0.000993,0.242257,0.035642,0.030054,0.029587
2732,-0.026600,0.007285,0.233637,0.036354,0.031330,0.027175
2733,-0.091056,-0.106753,0.215458,0.027143,0.038285,0.026222
2734,-0.002417,-0.087210,0.246043,0.028798,0.029528,0.029131
2735,0.022168,-0.069209,0.248310,0.030088,0.027356,0.030878
2736,0.034101,-0.061413,0.241519,0.030741,0.026632,0.028902
2737,0.020014,-0.068884,0.238107,0.030134,0.027929,0.025401
2738,-0.042212,-0.159859,0.200262,0.021934,0.035494,0.022360
2739,0.042008,-0.058554,0.272728,0.031132,0.024161,0.029697
2740,-0.028286,-0.140826,0.206875,0.023256,0.033769,0.026615
2741,0.046042,-0.074221,0.229911,0.028659,0.026065,0.030265
2742,-0.058839,-0.109477,0.259444,0.026030,0.033287,0.026638
2743,-0.001977,-0.140504,0.219549,0.022806,0.030801,0.027190
2744,-0.012406,-0.090618,0.248044,0.026866,0.030004,0.031380
2745,0.000865,-0.046633,0.250822,0.030538,0.028567,0.030069
2746,0.062203,-0.081409,0.213355,0.027270,0.025129,0.027638
2747,-0.043190,-0.096416,0.259748,0.026302,0.031419,0.023466
2748,-0.038914,-0.153741,0.198586,0.020732,0.034785,0.022597
2749,0.062527,-0.080719,0.213520,0.026618,0.025175,0.029667
2750,-0.065632,-0.116720,0.265715,0.023909,0.033036,0.025742
2751,-0.055372,-0.104059,0.249196,0.024550,0.033195,0.027110
2752,-0.058921,-0.104249,0.224393,0.024061,0.035058,0.027208
2753,0.036467,-0.104515,0.250689,0.024348,0.025673,0.027785
2754,0.004438,-0.085748,0.234423,0.025150,0.029147,0.027625
2755,0.021451,-0.055004,0.235424,0.027709,0.027570,0.026133
2756,-0.045997,-0.118410,0.229377,0.022405,0.033755,0.025737
2757,0.062003,-0.078197,0.214455,0.025192,0.025273,0.025552
2758,-0.090514,-0.115229,0.257856,0.022196,0.035834,0.021530
2759,-0.043722,-0.109062,0.229045,0.022394,0.033905,0.024508
2760,0.004868,-0.027503,0.245137,0.029306,0.028894,0.024971
2761,-0.049868,-0.125278,0.222945,0.021022,0.035042,0.022082
2762,0.015887,-0.015908,0.237912,0.030254,0.028495,0.023732
2763,0.003380,-0.062346,0.248630,0.027153,0.029177,0.023200
2764,-0.004967,-0.117367,0.223849,0.021993,0.031554,0.020018
2765,0.019473,-0.142287,0.219686,0.019671,0.029952,0.021950
2766,0.059921,-0.037186,0.272187,0.028722,0.023381,0.027279
2767,-0.012927,-0.096032,0.228657,0.023331,0.031895,0.024357
2768,-0.004078,-0.023109,0.237318,0.029569,0.030492,0.023454
2769,-0.037514,-0.139887,0.226175,0.020189,0.034229,0.021713
2770,0.017654,-0.136691,0.234998,0.020082,0.029242,0.024277
2771,0.051948,-0.071462,0.216921,0.024830,0.027184,0.028913
2772,0.000183,-0.108105,0.272572,0.022507,0.028420,0.025518
2773,0.046366,-0.069769,0.217995,0.024840,0.027352,0.027230
2774,0.030716,-0.061498,0.262096,0.026216,0.026003,0.023686
2775,-0.045224,-0.139021,0.233592,0.019643,0.033934,0.021243
2776,0.020610,-0.073377,0.234686,0.024636,0.028248,0.023665
2777,0.041822,-0.089528,0.250207,0.023774,0.025449,0.021296
2778,0.041100,-0.065298,0.237120,0.025493,0.025787,0.020671
2779,0.062466,-0.078776,0.214929,0.024401,0.024800,0.018161
2780,0.021186,-0.106717,0.260653,0.022503,0.025446,0.014647
2781,0.037624,-0.114463,0.249238,0.021733,0.024446,0.016091
2782,-0.101812,-0.096817,0.200274,0.022123,0.038710,0.018059
2783,0.019337,-0.166565,0.251871,0.016945,0.026161,0.024412
2784,0.025217,-0.035131,0.241257,0.026771,0.025830,0.030928
2785,0.046429,-0.068849,0.216478,0.023958,0.025178,0.028758
2786,0.034189,-0.065635,0.256888,0.024861,0.023580,0.025541
2787,-0.041565,-0.099297,0.225631,0.021802,0.031550,0.023218
2788,0.029274,-0.065810,0.248768,0.024848,0.024167,0.023258
2789,0.014451,-0.105025,0.230442,0.021420,0.026201,0.020016
2790,-0.009092,-0.093068,0.247350,0.022717,0.026958,0.022028
2791,0.043482,-0.073601,0.236623,0.024274,0.022682,0.021346
2792,-0.063039,-0.113910,0.232072,0.020753,0.031752,0.019184
2793,-0.069646,-0.122664,0.210761,0.019626,0.033574,0.020886
2794,-0.045286,-0.095860,0.232821,0.021985,0.030420,0.025382
2795,-0.032771,-0.092504,0.245204,0.022423,0.028760,0.024819
2796,0.020469,-0.057883,0.235975,0.025239,0.024617,0.024142
2797,0.022080,-0.058600,0.240750,0.025495,0.024064,0.021747
2798,0.032265,-0.111936,0.234934,0.021193,0.023416,0.019386
2799,0.021596,-0.059678,0.241124,0.025565,0.023698,0.021420
2800,0.015509,-0.063443,0.237888,0.025417,0.024223,0.019141
2801,-0.024371,-0.119591,0.223561,0.020670,0.028409,0.016940
2802,-0.020405,-0.145717,0.220596,0.018385,0.028295,0.019849
2803,0.040981,-0.085265,0.261174,0.023645,0.020546,0.025879
2804,0.009212,-0.044242,0.230689,0.026568,0.024512,0.025378
2805,0.000446,-0.062819,0.241191,0.025670,0.024634,0.023573
2806,0.028392,-0.067779,0.243775,0.025478,0.022037,0.021189
2807,-0.024276,-0.121065,0.225849,0.020902,0.027353,0.018108
2808,-0.030583,-0.115696,0.226757,0.021298,0.027782,0.021208
2809,-0.014935,-0.078639,0.238854,0.024431,0.025732,0.022814
2810,-0.006995,-0.099049,0.245573,0.023058,0.024618,0.022027
2811,-0.020319,-0.079901,0.227771,0.024431,0.026591,0.022480
2812,-0.017295,-0.088003,0.224316,0.023816,0.026606,0.021881
2813,-0.008237,-0.086991,0.234933,0.024258,0.025278,0.021930
2814,-0.018338,-0.084620,0.239397,0.024618,0.025884,0.021679
2815,0.004200,-0.083824,0.239066,0.024872,0.023986,0.022156
2816,-0.003685,-0.087904,0.229346,0.024518,0.025164,0.022251
2817,0.001151,-0.084458,0.242460,0.025107,0.024017,0.022196
2818,0.000023,-0.094021,0.229536,0.024193,0.024846,0.020912
2819,0.008735,-0.083696,0.240283,0.025344,0.023459,0.021616
2820,0.000838,-0.098754,0.229504,0.024054,0.024725,0.020743
2821,0.008375,-0.090194,0.242135,0.025024,0.023338,0.021768
2822,0.009702,-0.087015,0.239093,0.025327,0.023293,0.021888
2823,-0.018906,-0.124488,0.221271,0.021933,0.026685,0.020585
2824,0.020745,-0.068171,0.260880,0.027096,0.021014,0.024491
2825,0.005951,-0.092569,0.228541,0.024860,0.024004,0.022093
2826,0.025090,-0.082723,0.240124,0.025931,0.021667,0.021571
2827,-0.018814,-0.123186,0.209374,0.022105,0.027061,0.019871
2828,-0.000863,-0.087462,0.251622,0.025671,0.023110,0.024762
2829,-0.004440,-0.089547,0.246329,0.025385,0.023602,0.023062
2830,0.020427,-0.074136,0.235189,0.026613,0.022033,0.022018
2831,0.007928,-0.096189,0.234017,0.024844,0.023183,0.020086
2832,-0.007402,-0.111435,0.222893,0.023339,0.025006,0.019362
2833,0.004265,-0.093079,0.253314,0.025363,0.022266,0.022518
2834,0.030059,-0.074669,0.236317,0.026672,0.020877,0.021672
2835,-0.020044,-0.117513,0.222742,0.022980,0.025791,0.019493
2836,-0.003384,-0.091117,0.246576,0.025419,0.022970,0.022739
2837,-0.019083,-0.063253,0.228225,0.027450,0.025170,0.021491
2838,0.011833,-0.074413,0.242877,0.026993,0.021819,0.022779
2839,-0.005802,-0.059458,0.232389,0.028090,0.023946,0.020477
2840,-0.023241,-0.109188,0.232782,0.024142,0.025402,0.018250
2841,-0.021898,-0.110531,0.231963,0.024059,0.025398,0.020239
2842,0.000232,-0.055220,0.242242,0.028783,0.022945,0.021497
2843,-0.024451,-0.108059,0.229936,0.024450,0.025780,0.019238
2844,-0.013494,-0.104571,0.223915,0.024622,0.025303,0.020349
2845,0.004795,-0.093989,0.248313,0.025874,0.022502,0.021860
2846,0.006400,-0.096092,0.228134,0.025369,0.023487,0.020891
2847,0.037616,-0.065972,0.247885,0.028244,0.019637,0.021831
2848,-0.007991,-0.112812,0.226008,0.024098,0.024712,0.019168
2849,-0.003553,-0.128481,0.227369,0.022674,0.024319,0.021074
2850,0.040255,-0.076117,0.214805,0.026622,0.021191,0.024892
2851,0.019848,-0.053958,0.280338,0.029421,0.019132,0.021914
2852,-0.014414,-0.116172,0.218138,0.023604,0.025485,0.019329
2853,-0.011570,-0.124281,0.237075,0.023052,0.024223,0.021848
2854,0.037402,-0.075634,0.215297,0.026562,0.021148,0.024617
2855,0.018344,-0.050756,0.271538,0.029469,0.019474,0.021579
2856,0.006336,-0.061737,0.230404,0.028318,0.022651,0.018977
2857,-0.003824,-0.140350,0.208448,0.021551,0.024818,0.016769
2858,0.026219,-0.084421,0.262358,0.026833,0.019281,0.022309
2859,0.039173,-0.075639,0.214599,0.026616,0.020641,0.019570
2860,0.021674,-0.074297,0.249143,0.027163,0.020170,0.016530
2861,0.027121,-0.061020,0.256053,0.028416,0.019184,0.013685
2862,0.040775,-0.077071,0.213834,0.026689,0.020127,0.011078
2863,0.022270,-0.251263,0.150097,0.011079,0.025086,0.008240
2864,0.007511,-0.071014,0.323043,0.027827,0.016176,0.029282
2865,-0.001272,-0.086170,0.239421,0.025515,0.021398,0.028478
2866,0.005390,-0.044637,0.259707,0.029259,0.019480,0.026624
2867,0.025087,-0.074339,0.228464,0.026659,0.019357,0.024515
2868,-0.004055,-0.089636,0.254745,0.025819,0.020215,0.021708
2869,-0.035750,-0.121496,0.212270,0.022477,0.025120,0.019914
2870,0.024677,-0.079419,0.236323,0.026187,0.018545,0.024373
2871,-0.004714,-0.084898,0.254746,0.025926,0.019909,0.021501
2872,-0.029354,-0.095951,0.226686,0.024652,0.023436,0.019746
2873,-0.004599,-0.088547,0.237793,0.025388,0.020679,0.022044
2874,-0.004441,-0.050639,0.226032,0.028400,0.021184,0.020322
2875,-0.014625,-0.092783,0.244908,0.025422,0.021000,0.018698
2876,0.034906,-0.145018,0.251001,0.021253,0.016343,0.017481
2877,0.009254,-0.060361,0.220799,0.027300,0.019858,0.022893
2878,0.024172,-0.078077,0.238511,0.026366,0.017676,0.021017
2879,0.020927,-0.079321,0.237844,0.026318,0.017844,0.018734
2880,0.016994,-0.079121,0.247487,0.026646,0.017515,0.016702
2881,0.047376,-0.149531,0.244227,0.020945,0.014779,0.014823
2882,-0.174773,-0.104322,0.160609,0.022661,0.037969,0.020149
2883,0.019943,-0.245373,0.278918,0.013074,0.015812,0.029583
2884,0.031740,-0.071413,0.230247,0.024417,0.016821,0.039529
2885,0.044662,-0.076357,0.210996,0.023492,0.016475,0.037006
2886,-0.007080,-0.051994,0.268206,0.025968,0.017541,0.033517
2887,0.019832,-0.065011,0.237749,0.025143,0.017062,0.031869
2888,0.027483,-0.071612,0.214885,0.024448,0.017659,0.028871
2889,0.009865,-0.061410,0.264708,0.026186,0.016528,0.024901
2890,0.031270,-0.071129,0.237736,0.025617,0.015979,0.022243
2891,0.024109,-0.080279,0.210729,0.024651,0.017976,0.018843
2892,0.003188,-0.061485,0.264296,0.027031,0.016736,0.014903
2893,0.035795,-0.105850,0.249249,0.023919,0.014609,0.012690
2894,0.037396,-0.161930,0.251837,0.018844,0.013748,0.011135
2895,-0.096974,-0.142987,0.153844,0.018131,0.030311,0.016978
2896,0.051541,-0.087663,0.222341,0.023596,0.013168,0.025928
2897,0.030505,-0.073431,0.223565,0.024701,0.015326,0.023211
2898,-0.035434,-0.105218,0.306997,0.023100,0.016487,0.020437
2899,0.017300,-0.075331,0.243858,0.024529,0.015561,0.020523
2900,0.022004,-0.067008,0.229990,0.025133,0.015789,0.018307
2901,0.017940,-0.089371,0.246443,0.023776,0.015149,0.016007
2902,0.036663,-0.115845,0.235628,0.021320,0.013828,0.014100
2903,0.022991,-0.099334,0.233796,0.022388,0.014769,0.016448
2904,-0.019518,-0.005000,0.216075,0.029918,0.018681,0.017066
2905,-0.001666,-0.172280,0.271147,0.017579,0.014395,0.018868
2906,0.038828,-0.076662,0.210294,0.023631,0.013905,0.024643
2907,0.015475,-0.064692,0.233286,0.024820,0.014305,0.021887
2908,0.008982,-0.068928,0.233854,0.024856,0.014783,0.020028
2909,-0.049356,-0.036108,0.240561,0.028034,0.019240,0.017914
2910,0.036775,-0.079063,0.211315,0.024766,0.013901,0.017669
2911,-0.018987,-0.096320,0.274174,0.024073,0.015202,0.014672
2912,0.024734,-0.095931,0.230794,0.023602,0.013898,0.014196
2913,0.027713,-0.119812,0.243898,0.021884,0.012722,0.014439
2914,0.022781,-0.099287,0.233394,0.023203,0.013465,0.018072
2915,0.003548,-0.072079,0.225349,0.025214,0.015432,0.018870
2916,0.003841,-0.074591,0.240839,0.025526,0.014564,0.016900
2917,0.003009,-0.091458,0.228172,0.024226,0.015233,0.015251
2918,-0.011147,-0.095333,0.235587,0.024017,0.015979,0.014239
2919,-0.089452,-0.042088,0.205220,0.028199,0.024100,0.014641
2920,0.010584,-0.141881,0.249660,0.021385,0.013696,0.018076
2921,0.019106,-0.070145,0.229362,0.026114,0.013806,0.021888
2922,0.016550,-0.070278,0.236575,0.026508,0.013553,0.019960
2923,-0.012484,-0.080860,0.250144,0.026159,0.015449,0.018038
2924,0.010526,-0.084178,0.243036,0.026056,0.014022,0.016011
2925,-0.000553,-0.101087,0.227441,0.024541,0.015786,0.014116
2926,-0.023084,-0.128707,0.221539,0.022183,0.018119,0.014868
2927,0.002846,-0.092942,0.242713,0.025326,0.014741,0.018187
2928,0.019466,-0.122025,0.242772,0.022981,0.013372,0.019151
2929,-0.002715,-0.077910,0.232360,0.026147,0.015752,0.021691
2930,0.019229,-0.078227,0.239003,0.026426,0.013603,0.020157
2931,0.009111,-0.075279,0.237490,0.026774,0.014516,0.018479
2932,0.028067,-0.119339,0.237996,0.023373,0.012879,0.016685
2933,0.020020,-0.101337,0.235181,0.024559,0.013573,0.019080
2934,0.003575,0.052277,0.223867,0.037437,0.014674,0.019892
2935,-0.056755,-0.124326,0.237315,0.024213,0.020032,0.024021
2936,0.014543,-0.082491,0.245873,0.027191,0.013851,0.020871
2937,0.017329,-0.079542,0.235911,0.027525,0.014114,0.019572
2938,0.016208,-0.092284,0.236066,0.026733,0.014237,0.018171
2939,0.009623,-0.092553,0.233826,0.026788,0.014902,0.017511
2940,-0.017787,-0.011929,0.223754,0.033640,0.017424,0.017293
2941,0.008099,-0.128413,0.242282,0.025106,0.014617,0.019637
2942,0.015559,-0.076583,0.231547,0.028639,0.014473,0.020981
2943,-0.000781,-0.001677,0.243743,0.035529,0.014912,0.019076
2944,0.035840,-0.094734,0.214041,0.028674,0.013794,0.020115
2945,-0.021845,-0.090501,0.246930,0.028950,0.016974,0.016888
2946,0.009739,-0.137948,0.253097,0.025311,0.014471,0.014393
2947,-0.134152,-0.099293,0.202119,0.027421,0.029543,0.018036
2948,0.023438,-0.098957,0.232273,0.028435,0.015034,0.025711
2949,0.009365,-0.072544,0.233026,0.030277,0.016248,0.024648
2950,-0.137237,-0.147468,0.240992,0.024560,0.028452,0.022109
2951,0.042073,-0.142536,0.197369,0.024268,0.015240,0.032369
2952,-0.005443,-0.055713,0.252868,0.031034,0.017357,0.029878
2953,-0.017911,-0.086321,0.259024,0.029237,0.018713,0.028430
2954,0.034702,-0.095986,0.198619,0.027557,0.018079,0.026229
2955,0.012063,-0.059630,0.273593,0.031113,0.014864,0.023435
2956,0.019024,-0.070993,0.232294,0.030519,0.017263,0.022727
2957,0.002322,-0.077865,0.239614,0.030453,0.018510,0.019834
2958,0.021709,-0.075895,0.234380,0.030974,0.017494,0.016904
2959,-0.059635,-0.175224,0.240537,0.023011,0.024372,0.014023
2960,0.020870,-0.108998,0.239985,0.027695,0.017846,0.018454
2961,0.026623,-0.082330,0.240596,0.029838,0.017359,0.019053
2962,-0.111076,-0.166591,0.211809,0.022234,0.030997,0.017102
2963,-0.245640,-0.012124,0.228950,0.034879,0.042115,0.023300
2964,0.036693,-0.085745,0.213091,0.029628,0.019310,0.022896
2965,0.027972,-0.083649,0.215235,0.029788,0.020568,0.019915
2966,0.032215,-0.082677,0.215196,0.029810,0.020570,0.016839
2967,0.021203,-0.092354,0.234586,0.029168,0.020852,0.013759
2968,-0.022657,-0.193950,0.245262,0.020529,0.024486,0.010743
2969,0.045043,-0.096285,0.239699,0.028359,0.019248,0.024878
2970,0.024813,-0.078703,0.238055,0.029048,0.021131,0.022210
2971,0.017899,-0.089960,0.249745,0.028044,0.021401,0.019586
2972,0.051196,-0.083072,0.213577,0.028311,0.020645,0.020273
2973,0.051191,-0.082797,0.212271,0.027882,0.020563,0.017294
2974,-0.032668,-0.143729,0.274227,0.023279,0.024526,0.014291
2975,0.053157,-0.084692,0.213844,0.027663,0.020724,0.023933
2976,0.052079,-0.082411,0.212220,0.027356,0.020700,0.021046
2977,-0.020003,-0.150250,0.311014,0.022681,0.021631,0.018051
2978,0.054774,-0.084877,0.214942,0.026741,0.020561,0.028403
