Step,Fx(N),Fy(N),Fz(N),Tx(Nm),Ty(Nm),Tz(Nm)
1,0.000000,-0.000000,0.000000,0.000000,-0.000000,0.000000
2,-0.171363,-0.160190,0.856431,0.016373,-0.028292,0.000000
3,-0.174448,-0.163642,0.851886,0.018153,-0.029653,-0.000067
4,-0.177588,-0.167145,0.847243,0.019951,-0.031040,-0.000132
5,-0.180780,-0.170698,0.842507,0.021768,-0.032451,-0.000193
6,-0.184021,-0.174295,0.837682,0.023601,-0.033885,-0.000251
7,-0.187310,-0.177931,0.832775,0.025447,-0.035343,-0.000306
8,-0.190643,-0.181606,0.827788,0.027308,-0.036821,-0.000359
9,-0.194018,-0.185312,0.822728,0.029179,-0.038320,-0.000410
10,-0.197432,-0.189049,0.817597,0.031060,-0.039839,-0.000458
11,-0.200881,-0.192812,0.812404,0.032950,-0.041375,-0.000506
12,-0.204364,-0.196598,0.807150,0.034848,-0.042928,-0.000550
13,-0.207876,-0.200401,0.801841,0.036751,-0.044498,-0.000593
14,-0.211415,-0.204221,0.796483,0.038659,-0.046082,-0.000634
15,-0.214977,-0.208053,0.791083,0.040570,-0.047678,-0.000675
16,-0.218563,-0.211892,0.785639,0.042482,-0.049289,-0.000714
17,-0.222167,-0.215737,0.780162,0.044396,-0.050910,-0.000751
18,-0.225787,-0.219583,0.774653,0.046308,-0.052542,-0.000789
19,-0.229419,-0.223426,0.769121,0.048218,-0.054182,-0.000824
20,-0.233063,-0.227268,0.763566,0.050126,-0.055831,-0.000858
21,-0.236714,-0.231098,0.757995,0.052028,-0.057487,-0.000891
22,-0.240372,-0.234920,0.752410,0.053926,-0.059149,-0.000925
23,-0.244030,-0.238726,0.746820,0.055816,-0.060816,-0.000956
24,-0.247688,-0.242514,0.741229,0.057697,-0.062485,-0.000987
25,-0.251345,-0.246282,0.735636,0.059569,-0.064159,-0.001019
26,-0.254995,-0.250027,0.730052,0.061431,-0.065833,-0.001048
27,-0.258638,-0.253746,0.724476,0.063282,-0.067509,-0.001078
28,-0.262270,-0.257436,0.718916,0.065119,-0.069183,-0.001106
29,-0.265889,-0.261095,0.713374,0.066944,-0.070856,-0.001134
30,-0.269492,-0.264719,0.707856,0.068753,-0.072526,-0.001161
31,-0.273077,-0.268306,0.702366,0.070547,-0.074192,-0.001188
32,-0.276642,-0.271853,0.696907,0.072323,-0.075854,-0.001215
33,-0.280185,-0.275358,0.691482,0.074081,-0.077510,-0.001240
34,-0.283704,-0.278820,0.686096,0.075822,-0.079160,-0.001265
35,-0.287191,-0.282235,0.680755,0.077543,-0.080801,-0.001290
36,-0.290651,-0.285601,0.675461,0.079242,-0.082433,-0.001316
37,-0.294078,-0.288915,0.670216,0.080921,-0.084056,-0.001339
38,-0.297473,-0.292179,0.665023,0.082578,-0.085669,-0.001363
39,-0.300828,-0.295385,0.659888,0.084210,-0.087269,-0.001386
40,-0.304148,-0.298535,0.654813,0.085820,-0.088856,-0.001409
41,-0.307428,-0.301625,0.649799,0.087404,-0.090432,-0.001431
42,-0.310662,-0.304656,0.644854,0.088963,-0.091991,-0.001454
43,-0.313854,-0.307623,0.639978,0.090496,-0.093536,-0.001475
44,-0.316999,-0.310527,0.635172,0.092002,-0.095064,-0.001496
45,-0.320096,-0.313365,0.630442,0.093480,-0.096575,-0.001517
46,-0.323143,-0.316135,0.625788,0.094930,-0.098069,-0.001538
47,-0.326137,-0.318838,0.621213,0.096352,-0.099543,-0.001558
48,-0.329075,-0.321468,0.616724,0.097743,-0.100997,-0.001578
49,-0.331962,-0.324029,0.612313,0.099104,-0.102431,-0.001597
50,-0.334790,-0.326518,0.607992,0.100435,-0.103844,-0.001617
51,-0.337559,-0.328932,0.603757,0.101735,-0.105235,-0.001635
52,-0.340267,-0.331271,0.599613,0.103003,-0.106603,-0.001653
53,-0.342912,-0.333535,0.595561,0.104239,-0.107946,-0.001671
54,-0.345496,-0.335722,0.591599,0.105442,-0.109266,-0.001689
55,-0.348013,-0.337830,0.587733,0.106612,-0.110561,-0.001707
56,-0.350463,-0.339861,0.583964,0.107748,-0.111829,-0.001723
57,-0.352847,-0.341813,0.580290,0.108851,-0.113071,-0.001740
58,-0.355162,-0.343684,0.576713,0.109919,-0.114286,-0.001755
59,-0.357406,-0.345476,0.573234,0.110953,-0.115474,-0.001771
60,-0.359578,-0.347187,0.569856,0.111952,-0.116632,-0.001787
61,-0.361679,-0.348817,0.566575,0.112917,-0.117763,-0.001802
62,-0.363706,-0.350364,0.563395,0.113845,-0.118863,-0.001815
63,-0.365657,-0.351830,0.560318,0.114738,-0.119933,-0.001830
64,-0.367531,-0.353215,0.557340,0.115596,-0.120972,-0.001843
65,-0.369329,-0.354516,0.554464,0.116418,-0.121980,-0.001856
66,-0.371051,-0.355733,0.551686,0.117202,-0.122957,-0.001869
67,-0.372693,-0.356869,0.549011,0.117952,-0.123901,-0.001881
68,-0.374256,-0.357921,0.546436,0.118664,-0.124813,-0.001893
69,-0.375739,-0.358890,0.543961,0.119341,-0.125691,-0.001906
70,-0.377141,-0.359778,0.541585,0.119981,-0.126537,-0.001917
71,-0.378460,-0.360583,0.539309,0.120585,-0.127348,-0.001927
72,-0.379699,-0.361306,0.537131,0.121152,-0.128125,-0.001937
73,-0.380854,-0.361946,0.535052,0.121682,-0.128868,-0.001947
74,-0.381927,-0.362504,0.533068,0.122176,-0.129576,-0.001957
75,-0.382912,-0.362981,0.531184,0.122634,-0.130247,-0.001965
76,-0.383816,-0.363377,0.529393,0.123056,-0.130885,-0.001973
77,-0.384634,-0.363690,0.527697,0.123440,-0.131486,-0.001981
78,-0.385369,-0.363924,0.526093,0.123789,-0.132051,-0.001988
79,-0.386018,-0.364078,0.524581,0.124102,-0.132581,-0.001995
80,-0.386579,-0.364151,0.523161,0.124379,-0.133073,-0.002002
81,-0.387059,-0.364146,0.521826,0.124620,-0.133531,-0.002006
82,-0.387451,-0.364063,0.520581,0.124826,-0.133952,-0.002013
83,-0.387756,-0.363903,0.519424,0.124997,-0.134335,-0.002018
84,-0.387977,-0.363664,0.518349,0.125133,-0.134682,-0.002022
85,-0.388111,-0.363350,0.517359,0.125234,-0.134993,-0.002026
86,-0.388158,-0.362959,0.516451,0.125300,-0.135266,-0.002030
87,-0.388121,-0.362495,0.515622,0.125333,-0.135502,-0.002033
88,-0.387997,-0.361955,0.514871,0.125331,-0.135702,-0.002035
89,-0.387789,-0.361343,0.514197,0.125297,-0.135865,-0.002037
90,-0.387494,-0.360656,0.513598,0.125227,-0.135991,-0.002038
91,-0.387115,-0.359900,0.513071,0.125126,-0.136081,-0.002039
92,-0.386650,-0.359074,0.512617,0.124993,-0.136133,-0.002039
93,-0.386101,-0.358176,0.512232,0.124827,-0.136150,-0.002040
94,-0.385470,-0.357208,0.511913,0.124629,-0.136131,-0.002038
95,-0.384753,-0.356173,0.511661,0.124400,-0.136075,-0.002038
96,-0.383955,-0.355070,0.511472,0.124139,-0.135984,-0.002036
97,-0.383073,-0.353903,0.511344,0.123849,-0.135856,-0.002034
98,-0.382110,-0.352671,0.511277,0.123529,-0.135694,-0.002031
99,-0.381064,-0.351374,0.511267,0.123179,-0.135496,-0.002028
100,-0.379940,-0.350014,0.511313,0.122799,-0.135263,-0.002023
101,-0.378735,-0.348592,0.511413,0.122391,-0.134996,-0.002020
102,-0.377448,-0.347108,0.511568,0.121955,-0.134693,-0.002014
103,-0.376082,-0.345563,0.511772,0.121490,-0.134356,-0.002009
104,-0.374639,-0.343961,0.512025,0.120999,-0.133986,-0.002004
105,-0.373119,-0.342300,0.512324,0.120480,-0.133582,-0.001997
106,-0.371522,-0.340583,0.512668,0.119936,-0.133145,-0.001991
107,-0.369847,-0.338810,0.513056,0.119366,-0.132674,-0.001983
108,-0.368100,-0.336982,0.513484,0.118770,-0.132171,-0.001975
109,-0.366277,-0.335101,0.513952,0.118150,-0.131636,-0.001967
110,-0.364383,-0.333167,0.514456,0.117505,-0.131071,-0.001958
111,-0.362416,-0.331181,0.514997,0.116837,-0.130473,-0.001950
112,-0.360377,-0.329146,0.515572,0.116145,-0.129845,-0.001940
113,-0.358269,-0.327061,0.516177,0.115431,-0.129186,-0.001930
114,-0.356092,-0.324927,0.516814,0.114694,-0.128498,-0.001919
115,-0.353846,-0.322748,0.517479,0.113937,-0.127780,-0.001908
116,-0.351532,-0.320522,0.518172,0.113158,-0.127033,-0.001897
117,-0.349154,-0.318252,0.518889,0.112359,-0.126258,-0.001885
118,-0.346713,-0.315938,0.519628,0.111540,-0.125456,-0.001873
119,-0.344205,-0.313580,0.520391,0.110700,-0.124624,-0.001860
120,-0.341636,-0.311183,0.521173,0.109844,-0.123767,-0.001848
121,-0.339005,-0.308744,0.521974,0.108968,-0.122883,-0.001834
122,-0.336313,-0.306267,0.522792,0.108074,-0.121973,-0.001820
123,-0.333563,-0.303752,0.523626,0.107164,-0.121038,-0.001806
124,-0.330754,-0.301199,0.524474,0.106237,-0.120078,-0.001792
125,-0.327888,-0.298610,0.525335,0.105293,-0.119093,-0.001777
126,-0.324968,-0.295987,0.526206,0.104334,-0.118085,-0.001763
127,-0.321993,-0.293332,0.527087,0.103360,-0.117053,-0.001747
128,-0.318965,-0.290642,0.527977,0.102372,-0.115999,-0.001731
129,-0.315885,-0.287920,0.528874,0.101369,-0.114923,-0.001715
130,-0.312757,-0.285168,0.529774,0.100353,-0.113827,-0.001699
131,-0.309578,-0.282387,0.530681,0.099324,-0.112708,-0.001682
132,-0.306353,-0.279577,0.531590,0.098282,-0.111570,-0.001666
133,-0.303079,-0.276741,0.532500,0.097230,-0.110412,-0.001648
134,-0.299761,-0.273879,0.533412,0.096165,-0.109234,-0.001630
135,-0.296399,-0.270990,0.534321,0.095090,-0.108038,-0.001612
136,-0.292993,-0.268076,0.535230,0.094003,-0.106823,-0.001594
137,-0.289547,-0.265140,0.536136,0.092907,-0.105592,-0.001576
138,-0.286059,-0.262182,0.537037,0.091802,-0.104343,-0.001558
139,-0.282533,-0.259201,0.537934,0.090687,-0.103078,-0.001540
140,-0.278971,-0.256200,0.538822,0.089565,-0.101798,-0.001521
141,-0.275373,-0.253180,0.539704,0.088434,-0.100503,-0.001501
142,-0.271739,-0.250142,0.540579,0.087296,-0.099193,-0.001482
143,-0.268071,-0.247087,0.541444,0.086151,-0.097868,-0.001463
144,-0.264372,-0.244015,0.542297,0.084999,-0.096531,-0.001443
145,-0.260642,-0.240928,0.543140,0.083841,-0.095181,-0.001423
146,-0.256882,-0.237826,0.543970,0.082678,-0.093819,-0.001403
147,-0.253094,-0.234711,0.544786,0.081510,-0.092445,-0.001383
148,-0.249280,-0.231583,0.545589,0.080336,-0.091060,-0.001363
149,-0.245437,-0.228442,0.546378,0.079158,-0.089664,-0.001342
150,-0.241571,-0.225292,0.547151,0.077977,-0.088258,-0.001321
151,-0.237684,-0.222130,0.547907,0.076791,-0.086844,-0.001300
152,-0.233774,-0.218960,0.548646,0.075603,-0.085420,-0.001281
153,-0.229841,-0.215780,0.549368,0.074412,-0.083987,-0.001260
154,-0.225892,-0.212592,0.550069,0.073218,-0.082548,-0.001240
155,-0.221922,-0.209399,0.550753,0.072023,-0.081100,-0.001219
156,-0.217938,-0.206199,0.551416,0.070826,-0.079647,-0.001197
157,-0.213936,-0.202994,0.552059,0.069628,-0.078187,-0.001176
158,-0.209920,-0.199784,0.552680,0.068429,-0.076721,-0.001156
159,-0.205892,-0.196571,0.553280,0.067229,-0.075251,-0.001134
160,-0.201851,-0.193354,0.553856,0.066029,-0.073776,-0.001114
161,-0.197799,-0.190134,0.554410,0.064829,-0.072297,-0.001093
162,-0.193736,-0.186915,0.554942,0.063630,-0.070813,-0.001072
163,-0.189664,-0.183693,0.555448,0.062432,-0.069327,-0.001051
164,-0.185585,-0.180470,0.555932,0.061234,-0.067838,-0.001030
165,-0.181500,-0.177249,0.556390,0.060038,-0.066347,-0.001009
166,-0.177410,-0.174029,0.556821,0.058844,-0.064854,-0.000988
167,-0.173315,-0.170812,0.557227,0.057652,-0.063360,-0.000967
168,-0.169216,-0.167596,0.557608,0.056463,-0.061865,-0.000947
169,-0.165116,-0.164384,0.557961,0.055276,-0.060370,-0.000926
170,-0.161016,-0.161175,0.558287,0.054092,-0.058876,-0.000905
171,-0.156914,-0.157972,0.558587,0.052911,-0.057381,-0.000884
172,-0.152812,-0.154771,0.558859,0.051733,-0.055887,-0.000864
173,-0.148713,-0.151576,0.559103,0.050559,-0.054395,-0.000842
174,-0.144615,-0.148388,0.559320,0.049388,-0.052904,-0.000822
175,-0.140524,-0.145204,0.559507,0.048221,-0.051416,-0.000801
176,-0.136438,-0.142029,0.559664,0.047059,-0.049931,-0.000782
177,-0.132355,-0.138861,0.559794,0.045902,-0.048448,-0.000761
178,-0.128280,-0.135702,0.559894,0.044749,-0.046969,-0.000741
179,-0.124212,-0.132552,0.559964,0.043602,-0.045493,-0.000721
180,-0.120154,-0.129410,0.560004,0.042459,-0.044022,-0.000701
181,-0.116102,-0.126278,0.560016,0.041322,-0.042555,-0.000681
182,-0.112061,-0.123156,0.559997,0.040191,-0.041092,-0.000661
183,-0.108032,-0.120044,0.559948,0.039066,-0.039635,-0.000641
184,-0.104014,-0.116941,0.559869,0.037945,-0.038183,-0.000623
185,-0.100008,-0.113850,0.559760,0.036830,-0.036737,-0.000603
186,-0.096019,-0.110771,0.559617,0.035722,-0.035299,-0.000584
187,-0.092042,-0.107704,0.559446,0.034621,-0.033867,-0.000565
188,-0.088077,-0.104648,0.559246,0.033525,-0.032439,-0.000546
189,-0.084130,-0.101606,0.559012,0.032437,-0.031021,-0.000526
190,-0.080195,-0.098575,0.558751,0.031354,-0.029607,-0.000508
191,-0.076280,-0.095557,0.558456,0.030279,-0.028202,-0.000489
192,-0.072381,-0.092553,0.558132,0.029210,-0.026805,-0.000472
193,-0.068498,-0.089562,0.557778,0.028149,-0.025416,-0.000452
194,-0.064634,-0.086586,0.557392,0.027094,-0.024034,-0.000435
195,-0.060791,-0.083623,0.556975,0.026047,-0.022661,-0.000417
196,-0.056968,-0.080676,0.556527,0.025008,-0.021298,-0.000398
197,-0.053166,-0.077742,0.556048,0.023975,-0.019944,-0.000381
198,-0.049382,-0.074825,0.555539,0.022950,-0.018598,-0.000364
199,-0.045618,-0.071923,0.555000,0.021934,-0.017261,-0.000347
200,-0.041876,-0.069035,0.554430,0.020924,-0.015933,-0.000329
201,-0.038157,-0.066164,0.553829,0.019922,-0.014616,-0.000312
202,-0.034459,-0.063308,0.553199,0.018928,-0.013308,-0.000294
203,-0.030789,-0.060468,0.552536,0.017942,-0.012012,-0.000278
204,-0.027142,-0.057644,0.551843,0.016963,-0.010726,-0.000262
205,-0.023514,-0.054837,0.551121,0.015993,-0.009449,-0.000245
206,-0.019911,-0.052045,0.550370,0.015030,-0.008182,-0.000228
207,-0.016331,-0.049269,0.549590,0.014075,-0.006925,-0.000213
208,-0.012779,-0.046510,0.548778,0.013129,-0.005680,-0.000197
209,-0.009252,-0.043768,0.547937,0.012190,-0.004446,-0.000181
210,-0.005749,-0.041043,0.547067,0.011259,-0.003223,-0.000165
211,-0.002271,-0.038335,0.546168,0.010337,-0.002011,-0.000150
212,0.001179,-0.035644,0.545239,0.009423,-0.000810,-0.000134
213,0.004605,-0.032969,0.544282,0.008517,0.000380,-0.000120
214,0.008003,-0.030312,0.543295,0.007618,0.001559,-0.000103
215,0.011374,-0.027671,0.542281,0.006728,0.002725,-0.000089
216,0.014717,-0.025047,0.541237,0.005846,0.003880,-0.000074
217,0.018036,-0.022441,0.540166,0.004971,0.005024,-0.000060
218,0.021328,-0.019850,0.539067,0.004105,0.006157,-0.000046
219,0.024591,-0.017277,0.537940,0.003246,0.007277,-0.000032
220,0.027827,-0.014721,0.536786,0.002396,0.008387,-0.000016
221,0.031037,-0.012182,0.535605,0.001554,0.009485,-0.000003
222,0.034218,-0.009660,0.534396,0.000719,0.010571,0.000011
223,0.037371,-0.007156,0.533160,-0.000107,0.011644,0.000024
224,0.040494,-0.004668,0.531897,-0.000926,0.012705,0.000038
225,0.043592,-0.002198,0.530608,-0.001736,0.013756,0.000051
226,0.046663,0.000258,0.529294,-0.002540,0.014795,0.000065
227,0.049704,0.002697,0.527952,-0.003336,0.015821,0.000077
228,0.052719,0.005118,0.526586,-0.004124,0.016837,0.000090
229,0.055705,0.007523,0.525194,-0.004904,0.017841,0.000103
230,0.058663,0.009912,0.523776,-0.005677,0.018832,0.000115
231,0.061593,0.012285,0.522334,-0.006443,0.019812,0.000128
232,0.064494,0.014641,0.520867,-0.007201,0.020780,0.000140
233,0.067369,0.016979,0.519375,-0.007951,0.021737,0.000153
234,0.070217,0.019305,0.517860,-0.008695,0.022683,0.000165
235,0.073033,0.021613,0.516319,-0.009431,0.023615,0.000176
236,0.075826,0.023906,0.514756,-0.010160,0.024538,0.000189
237,0.078591,0.026184,0.513170,-0.010883,0.025449,0.000199
238,0.081327,0.028445,0.511559,-0.011598,0.026348,0.000211
239,0.084038,0.030691,0.509926,-0.012306,0.027237,0.000222
240,0.086719,0.032924,0.508270,-0.013008,0.028113,0.000234
241,0.089372,0.035140,0.506591,-0.013703,0.028978,0.000246
242,0.092000,0.037341,0.504890,-0.014391,0.029832,0.000257
243,0.094604,0.039528,0.503169,-0.015072,0.030677,0.000269
244,0.097179,0.041699,0.501424,-0.015747,0.031510,0.000280
245,0.099729,0.043859,0.499658,-0.016416,0.032332,0.000291
246,0.102254,0.046002,0.497871,-0.017078,0.033144,0.000301
247,0.104751,0.048132,0.496063,-0.017735,0.033945,0.000312
248,0.107220,0.050249,0.494233,-0.018385,0.034734,0.000322
249,0.109670,0.052352,0.492385,-0.019030,0.035516,0.000333
250,0.112088,0.054442,0.490515,-0.019668,0.036285,0.000343
251,0.114483,0.056518,0.488624,-0.020301,0.037043,0.000353
252,0.116855,0.058582,0.486715,-0.020928,0.037793,0.000362
253,0.119201,0.060634,0.484786,-0.021550,0.038533,0.000372
254,0.121524,0.062672,0.482838,-0.022166,0.039262,0.000382
255,0.123823,0.064698,0.480870,-0.022777,0.039983,0.000392
256,0.126098,0.066713,0.478883,-0.023383,0.040693,0.000401
257,0.128348,0.068714,0.476878,-0.023983,0.041394,0.000411
258,0.130578,0.070704,0.474854,-0.024578,0.042087,0.000421
259,0.132782,0.072683,0.472812,-0.025168,0.042769,0.000429
260,0.134965,0.074648,0.470751,-0.025753,0.043443,0.000440
261,0.137125,0.076604,0.468673,-0.026334,0.044107,0.000448
262,0.139263,0.078550,0.466577,-0.026910,0.044763,0.000458
263,0.141381,0.080486,0.464464,-0.027482,0.045411,0.000466
264,0.143477,0.082410,0.462334,-0.028049,0.046050,0.000476
265,0.145554,0.084324,0.460186,-0.028612,0.046682,0.000485
266,0.147608,0.086228,0.458021,-0.029171,0.047305,0.000493
267,0.149641,0.088121,0.455840,-0.029725,0.047920,0.000502
268,0.151653,0.090006,0.453641,-0.030277,0.048526,0.000511
269,0.153647,0.091880,0.451426,-0.030823,0.049125,0.000520
270,0.155620,0.093745,0.449194,-0.031366,0.049716,0.000529
271,0.157576,0.095603,0.446947,-0.031906,0.050300,0.000537
272,0.159514,0.097450,0.444684,-0.032441,0.050878,0.000546
273,0.161430,0.099288,0.442404,-0.032973,0.051447,0.000555
274,0.163330,0.101119,0.440109,-0.033502,0.052010,0.000564
275,0.165212,0.102943,0.437798,-0.034029,0.052566,0.000572
276,0.167074,0.104756,0.435470,-0.034550,0.053114,0.000580
277,0.168923,0.106563,0.433128,-0.035070,0.053658,0.000589
278,0.170754,0.108362,0.430771,-0.035587,0.054194,0.000598
279,0.172569,0.110153,0.428398,-0.036100,0.054725,0.000605
280,0.174366,0.111937,0.426009,-0.036611,0.055249,0.000613
281,0.176151,0.113715,0.423607,-0.037120,0.055768,0.000621
282,0.177919,0.115485,0.421188,-0.037625,0.056281,0.000629
283,0.179670,0.117247,0.418755,-0.038128,0.056788,0.000637
284,0.181408,0.119004,0.416306,-0.038628,0.057290,0.000645
285,2.827007,3.729195,22.243883,0.633301,-1.418830,-0.000106
286,-0.000317,0.009625,0.662900,0.058727,-0.021444,0.028552
287,-0.007557,-0.080224,0.382913,0.050032,-0.006680,0.026112
288,-0.005739,-0.052784,0.496736,0.055301,-0.014913,0.023315
289,-0.014678,-0.085021,0.381983,0.052383,-0.009482,0.021001
290,-0.014277,-0.054810,0.494142,0.057743,-0.017449,0.018680
291,-0.021513,-0.089495,0.381106,0.054560,-0.012185,0.016822
292,-0.024637,-0.090801,0.380797,0.055182,-0.013443,0.014896
293,-0.027699,-0.091992,0.380496,0.055743,-0.014680,0.013153
294,-0.030693,-0.093071,0.380202,0.056247,-0.015895,0.011578
295,-0.033618,-0.094037,0.379916,0.056692,-0.017086,0.010152
296,-0.072924,0.078313,0.805172,0.079190,-0.038678,0.008857
297,-0.039624,-0.085161,0.432451,0.064190,-0.021715,0.008927
298,-0.041943,-0.084023,0.441677,0.065396,-0.023389,0.007872
299,-0.043856,-0.087950,0.436119,0.065923,-0.024269,0.006943
300,-0.045956,-0.088674,0.439308,0.066764,-0.025609,0.006092
301,-0.047942,-0.091890,0.434693,0.067205,-0.026506,0.005326
302,-0.050074,-0.105309,0.400950,0.066138,-0.025744,0.004625
303,-0.054366,-0.110974,0.381032,0.065582,-0.025521,0.003917
304,-0.057100,-0.052177,0.561091,0.073864,-0.036525,0.003238
305,-0.059474,-0.115410,0.376381,0.066850,-0.027249,0.003041
306,-0.054416,-0.092776,0.459876,0.070220,-0.033531,0.002442
307,-0.060003,-0.085742,0.474495,0.071573,-0.035141,0.002067
308,-0.063295,-0.098735,0.438117,0.070492,-0.034024,0.001798
309,-0.068995,-0.118350,0.375430,0.067991,-0.031142,0.001478
310,-0.061535,-0.081378,0.501264,0.073156,-0.039889,0.001050
311,-0.068309,-0.102451,0.434308,0.070825,-0.036773,0.000940
312,-0.070203,-0.104396,0.428906,0.070649,-0.037390,0.000694
313,-0.078446,-0.063200,0.530572,0.075978,-0.043348,0.000463
314,-0.079588,-0.121846,0.374321,0.069298,-0.035459,0.000578
315,-0.078562,-0.078941,0.495786,0.074668,-0.043185,0.000257
316,-0.083073,-0.122318,0.374034,0.069353,-0.036895,0.000283
317,-0.078368,-0.082082,0.493398,0.074383,-0.044786,-0.000000
318,-0.084606,-0.113346,0.401669,0.070476,-0.040023,0.000041
319,-0.088870,-0.063715,0.533309,0.076677,-0.047726,-0.000146
320,-0.089988,-0.093965,0.453198,0.073554,-0.043883,0.000060
321,-0.090065,-0.102987,0.431308,0.072463,-0.043327,0.000032
322,-0.093043,-0.089172,0.465436,0.074047,-0.045600,-0.000059
323,-0.093216,-0.124008,0.373187,0.069537,-0.041043,-0.000023
324,-0.094232,-0.122716,0.373225,0.068787,-0.041501,-0.000249
325,-0.086918,-0.066394,0.531051,0.075622,-0.051513,-0.000448
326,-0.101086,-0.061842,0.525352,0.076438,-0.050555,-0.000229
327,-0.097680,-0.103893,0.424759,0.071787,-0.045666,0.000004
328,-0.098320,-0.123444,0.372904,0.068757,-0.043148,-0.000070
329,-0.099012,-0.121886,0.372980,0.067868,-0.043476,-0.000275
330,-0.099636,-0.120262,0.373056,0.066948,-0.043779,-0.000455
331,-0.100188,-0.118574,0.373135,0.065996,-0.044053,-0.000611
332,-0.107519,-0.001783,0.723518,0.081274,-0.063067,-0.000752
333,-0.101122,-0.088142,0.459391,0.071329,-0.049312,-0.000005
334,-0.103549,-0.086989,0.458871,0.071178,-0.049306,0.000040
335,-0.102339,-0.120333,0.372963,0.066495,-0.044825,0.000087
336,-0.102593,-0.118468,0.373085,0.065448,-0.044977,-0.000115
337,-0.136985,0.003640,0.655412,0.079772,-0.057507,-0.000292
338,-0.121569,-0.131260,0.383880,0.065436,-0.043229,0.000483
339,-0.102257,-0.085723,0.457872,0.069364,-0.048946,0.000228
340,-0.100954,-0.096484,0.431985,0.067578,-0.047662,0.000255
341,-0.101361,-0.116640,0.373606,0.064080,-0.044410,0.000219
342,-0.120041,-0.033009,0.571258,0.073503,-0.053579,0.000018
343,-0.103516,-0.093648,0.430024,0.066713,-0.046879,0.000446
344,-0.102590,-0.090355,0.436974,0.066407,-0.047211,0.000379
345,-0.099958,-0.093767,0.428531,0.065298,-0.046840,0.000335
346,-0.099026,-0.091332,0.434789,0.064836,-0.047153,0.000273
347,-0.097502,-0.091806,0.431490,0.063961,-0.046988,0.000237
348,-0.096358,-0.088451,0.438267,0.063544,-0.047351,0.000195
349,-0.095470,-0.085843,0.439889,0.062998,-0.047396,0.000172
350,-0.094455,-0.087730,0.432601,0.061921,-0.046943,0.000150
351,-0.138838,-0.025172,0.565261,0.068677,-0.049862,0.000106
352,-0.104294,-0.088405,0.424067,0.061703,-0.044182,0.000525
353,-0.104655,-0.083704,0.435062,0.061425,-0.044277,0.000453
354,-0.097794,-0.092809,0.409463,0.059407,-0.042987,0.000434
355,-0.146355,-0.043413,0.522625,0.064447,-0.044135,0.000323
356,-0.107148,-0.084719,0.426762,0.059691,-0.041047,0.000672
357,-0.104614,-0.083205,0.428697,0.059010,-0.040617,0.000628
358,-0.100347,-0.085802,0.420768,0.057786,-0.039812,0.000587
359,-0.101297,-0.078206,0.435980,0.057704,-0.039827,0.000517
360,-0.101371,-0.072274,0.449847,0.057613,-0.039778,0.000478
361,-0.092605,-0.079639,0.428479,0.055905,-0.038574,0.000477
362,-0.081338,-0.097534,0.377626,0.052510,-0.036110,0.000416
363,-0.095365,-0.054914,0.484760,0.056539,-0.040147,0.000234
364,-0.086108,-0.072673,0.437640,0.053793,-0.037542,0.000336
365,-0.077086,-0.093263,0.378361,0.050066,-0.034392,0.000307
366,-0.075851,-0.090863,0.378612,0.048744,-0.033933,0.000142
367,-0.074586,-0.088447,0.378861,0.047415,-0.033460,-0.000002
368,-0.091317,-0.011731,0.555076,0.055597,-0.041007,-0.000129
369,-0.075583,-0.068068,0.423606,0.049052,-0.034164,0.000240
370,-0.071006,-0.080024,0.392348,0.046479,-0.032126,0.000210
371,-0.073680,-0.051987,0.448905,0.048526,-0.034330,0.000102
372,-0.069653,-0.064062,0.419605,0.046334,-0.032290,0.000167
373,-0.067876,-0.062519,0.418842,0.045448,-0.031672,0.000143
374,-0.065574,-0.066113,0.407669,0.043949,-0.030519,0.000127
375,-0.062561,-0.077872,0.380742,0.041317,-0.028566,0.000083
376,-0.061105,-0.075503,0.380988,0.040015,-0.028012,-0.000034
377,-0.074082,0.007073,0.581703,0.049166,-0.037191,-0.000136
378,-0.057740,-0.074765,0.381435,0.039474,-0.026567,0.000258
379,-0.056243,-0.072449,0.381683,0.038199,-0.025994,0.000129
380,-0.054728,-0.070134,0.381928,0.036925,-0.025413,0.000016
381,0.015562,-0.009476,0.599095,0.044768,-0.043507,-0.000079
382,-0.054978,-0.068427,0.382003,0.035768,-0.025540,0.000113
383,-0.053497,-0.066157,0.382243,0.034519,-0.024969,0.000010
384,-0.051995,-0.063898,0.382481,0.033277,-0.024388,-0.000080
385,-0.051432,0.009659,0.533850,0.040855,-0.032145,-0.000158
386,-0.049069,-0.062732,0.382872,0.032511,-0.023142,0.000186
387,-0.047552,-0.060544,0.383105,0.031305,-0.022552,0.000084
388,-0.044226,-0.013566,0.470287,0.035505,-0.026997,-0.000004
389,0.041750,-0.003874,0.598828,0.038719,-0.041677,0.000173
390,-0.047092,-0.058698,0.383272,0.029970,-0.022357,0.000180
391,-0.045648,-0.056637,0.383498,0.028826,-0.021793,0.000087
392,-0.044179,-0.054574,0.383722,0.027684,-0.021217,0.000005
393,-0.042704,-0.052526,0.383940,0.026551,-0.020638,-0.000068
394,-0.041222,-0.050491,0.384154,0.025427,-0.020055,-0.000128
395,-0.009091,-0.014236,0.454392,0.028588,-0.026359,-0.000179
396,-0.039556,-0.047992,0.384407,0.023946,-0.019387,-0.000061
397,-0.038091,-0.046029,0.384608,0.022861,-0.018808,-0.000116
398,-0.036624,-0.044088,0.384804,0.021788,-0.018227,-0.000161
399,-0.035196,-0.042354,0.385311,0.020721,-0.017660,-0.000198
400,-0.033937,-0.041392,0.387350,0.019642,-0.017169,-0.000226
401,0.034996,0.039417,0.540374,0.028293,-0.031733,-0.000248
402,-0.033802,-0.040208,0.385184,0.019401,-0.017065,0.000071
403,-0.021969,-0.025878,0.408551,0.019924,-0.018817,0.000018
404,0.060241,-0.003494,0.511731,0.023075,-0.032028,0.000029
405,-0.027517,-0.034434,0.394170,0.017770,-0.018379,0.000055
406,-0.031921,-0.034931,0.386905,0.016555,-0.017028,0.000013
407,-0.026142,-0.031375,0.392914,0.015923,-0.017291,-0.000028
408,-0.030797,-0.032258,0.385601,0.014708,-0.015895,-0.000057
409,-0.029576,-0.030751,0.385969,0.013806,-0.015363,-0.000087
410,-0.028188,-0.029069,0.385881,0.012930,-0.014837,-0.000113
411,-0.026872,-0.027508,0.386014,0.012062,-0.014302,-0.000134
412,-0.025557,-0.025975,0.386142,0.011209,-0.013766,-0.000151
413,0.070325,-0.002071,0.491336,0.014372,-0.028237,-0.000158
414,-0.027352,-0.024184,0.386304,0.009893,-0.014471,-0.000188
415,0.101660,-0.046385,0.513616,0.009566,-0.033331,-0.000186
416,-0.030689,-0.019809,0.385587,0.007468,-0.016013,-0.000555
417,-0.029552,-0.018423,0.385688,0.006697,-0.015539,-0.000514
418,-0.028420,-0.017077,0.385783,0.005948,-0.015067,-0.000478
419,-0.027286,-0.015761,0.385872,0.005216,-0.014592,-0.000441
420,-0.026155,-0.014478,0.385956,0.004501,-0.014118,-0.000408
421,0.222205,-0.193989,0.746178,-0.005196,-0.057031,-0.000355
422,-0.030436,-0.121132,0.488188,-0.010193,-0.024171,-0.001940
423,-0.035379,0.004124,0.385025,-0.005542,-0.018427,-0.002727
424,-0.099759,-0.237048,0.527349,-0.025172,-0.018919,-0.002422
425,-0.031522,0.017969,0.385399,-0.012619,-0.017076,-0.003633
426,-0.266135,-0.139961,0.465380,-0.026577,0.002151,-0.003230
427,-0.020508,0.027384,0.386488,-0.017182,-0.012540,-0.003706
428,-0.267071,-0.032026,0.447618,-0.022923,0.008713,-0.003277
429,-0.008161,0.032399,0.387712,-0.019427,-0.007315,-0.003147
430,-0.006820,0.033693,0.387856,-0.020067,-0.006731,-0.002758
431,-0.347711,0.067626,0.549329,-0.016321,0.017923,-0.002415
432,0.009679,0.033897,0.389423,-0.019718,0.000396,-0.001773
433,0.011202,0.035013,0.389574,-0.020267,0.001048,-0.001520
434,0.012710,0.036087,0.389718,-0.020793,0.001695,-0.001289
435,-0.024424,0.140839,0.444043,-0.011541,0.002781,-0.001083
436,0.002082,0.090331,0.446493,-0.013128,0.001744,-0.000356
437,0.066953,0.106193,0.445261,-0.009911,-0.003426,-0.000550
438,0.018039,0.026969,0.392392,-0.016158,0.004207,-0.000033
439,0.019195,0.027608,0.390330,-0.016457,0.004867,0.000048
440,0.020497,0.028222,0.390408,-0.016770,0.005429,0.000105
441,0.021767,0.028792,0.390476,-0.017060,0.005978,0.000154
442,0.219702,0.032216,0.511807,-0.014607,-0.019165,0.000206
443,0.015418,0.029946,0.389859,-0.017915,0.003317,0.000083
444,0.016459,0.030383,0.389893,-0.018138,0.003777,0.000136
445,0.017473,0.030774,0.389916,-0.018338,0.004226,0.000180
446,0.018462,0.031123,0.389930,-0.018516,0.004666,0.000219
447,0.019429,0.031433,0.389936,-0.018674,0.005096,0.000255
448,0.069400,0.012100,0.426254,-0.019811,-0.001167,0.000285
449,0.076709,-0.065527,0.448493,-0.027021,-0.003665,0.000136
450,0.023605,0.022232,0.398314,-0.023269,0.002945,-0.000456
451,0.017446,0.038981,0.389420,-0.022680,0.004180,-0.000483
452,0.018219,0.039170,0.389387,-0.022764,0.004536,-0.000369
453,0.001020,-0.065222,0.427288,-0.031362,0.004789,-0.000266
454,0.020145,0.044287,0.389333,-0.025344,0.005282,-0.000813
455,0.016736,0.014856,0.400392,-0.027793,0.005482,-0.000661
456,0.021649,0.045843,0.389227,-0.026096,0.005946,-0.000697
457,0.022325,0.045908,0.389161,-0.026106,0.006264,-0.000555
458,0.022980,0.045932,0.389086,-0.026095,0.006573,-0.000427
459,-0.126881,-0.069605,0.445348,-0.035643,0.018538,-0.000313
460,0.030289,0.051144,0.389434,-0.028537,0.009603,-0.000834
461,0.030989,0.051116,0.389352,-0.028491,0.009929,-0.000674
462,0.031653,0.051053,0.389260,-0.028426,0.010241,-0.000530
463,0.032290,0.050948,0.389157,-0.028341,0.010542,-0.000398
464,0.032900,0.050803,0.389045,-0.028235,0.010831,-0.000281
465,0.033480,0.050619,0.388922,-0.028111,0.011107,-0.000177
466,-0.014428,-0.004786,0.406344,-0.032618,0.015204,-0.000084
467,0.004003,0.041752,0.394798,-0.029940,0.015155,-0.000294
468,0.028175,0.045521,0.394162,-0.029604,0.013854,-0.000234
469,0.039286,0.052872,0.388658,-0.029029,0.013607,-0.000179
470,0.039795,0.052550,0.388499,-0.028830,0.013853,-0.000085
471,-0.002202,-0.084116,0.603708,-0.037369,0.006528,0.000001
472,0.041211,0.058584,0.388204,-0.031825,0.014379,-0.001196
473,0.088487,0.003772,0.504396,-0.034499,0.003733,-0.000993
474,0.235989,0.104075,0.590551,-0.025649,-0.016928,-0.001434
475,-0.198914,0.212570,0.588059,-0.016200,0.019965,-0.000999
476,-1.099550,-0.374365,2.006674,-0.041668,0.026028,0.000301
477,-0.300951,0.098987,0.858714,-0.025260,0.024886,-0.012301
478,-0.251055,-0.251704,0.595499,-0.052333,0.039781,0.001143
479,-0.650033,0.036863,0.231115,-0.037660,0.094898,-0.005580
480,-0.563151,-0.148556,0.699347,-0.043327,0.066801,0.000651
481,-0.140617,0.004075,0.307414,-0.037920,0.054957,0.003934
482,-0.799676,0.380264,0.291882,-0.005272,0.113484,-0.001968
483,-0.991970,0.146284,0.372935,-0.017033,0.132038,-0.005316
484,-1.035981,0.138993,0.347599,-0.014322,0.144408,0.004739
485,-0.402641,0.039789,0.453526,-0.021804,0.089119,-0.004555
486,-0.132589,-0.153536,0.278672,-0.040272,0.078111,-0.004222
487,-0.384633,0.274256,0.511650,-0.006019,0.088386,-0.003439
488,-0.210663,-0.048407,0.534004,-0.028721,0.077359,-0.005348
489,-0.062429,-0.012369,0.511591,-0.027594,0.068649,-0.007775
490,0.095929,0.070736,0.336416,-0.023175,0.066246,-0.006451
491,0.138906,0.051691,0.396598,-0.023421,0.059749,-0.006729
492,0.102544,0.053811,0.403751,-0.022823,0.063089,-0.005926
493,0.109100,0.051593,0.402913,-0.022459,0.063498,-0.005165
494,0.098553,0.035049,0.407264,-0.023348,0.065163,-0.004485
495,0.144717,0.049608,0.397568,-0.022050,0.062396,-0.003970
496,0.144777,0.048973,0.397726,-0.021697,0.062466,-0.003440
497,0.144739,0.048322,0.397864,-0.021341,0.062493,-0.002965
498,0.144602,0.047657,0.397983,-0.020982,0.062477,-0.002540
499,-0.023860,0.035998,0.426621,-0.021576,0.076939,-0.002154
500,0.115160,0.044178,0.404616,-0.020362,0.068532,-0.001757
501,0.116369,0.043638,0.404739,-0.019983,0.069063,-0.001445
502,0.013561,-0.060080,0.701149,-0.024229,0.062904,-0.001167
503,0.156476,0.048671,0.399109,-0.021058,0.067605,-0.001450
504,0.096996,0.047293,0.409580,-0.020781,0.072484,-0.001186
505,0.116668,0.035373,0.406382,-0.021315,0.071802,-0.000920
506,0.116052,0.046198,0.408119,-0.020198,0.072280,-0.000759
507,0.122410,0.035347,0.406135,-0.020694,0.072375,-0.000549
508,0.129381,0.045618,0.405063,-0.019630,0.072135,-0.000427
509,0.122606,0.044582,0.406352,-0.019274,0.072961,-0.000265
510,0.123288,0.043801,0.406405,-0.018887,0.073258,-0.000117
511,0.123633,0.043031,0.406507,-0.018498,0.073552,0.000014
512,0.125057,0.042330,0.406340,-0.018106,0.073734,0.000128
513,0.124561,0.041569,0.406526,-0.017718,0.074014,0.000226
514,0.094204,-0.037495,0.455282,-0.023448,0.074561,0.000313
515,-0.445212,0.274073,1.006639,0.009015,0.091260,-0.000204
516,0.151198,0.038633,0.403635,-0.016147,0.076192,0.000057
517,0.130067,0.036891,0.407095,-0.015923,0.077847,0.000142
518,0.171432,0.039286,0.400727,-0.015318,0.074442,0.000221
519,0.088513,0.034063,0.413842,-0.015396,0.080919,0.000275
520,0.131311,0.035903,0.407330,-0.014794,0.078174,0.000354
521,0.172096,0.037264,0.400850,-0.014262,0.074737,0.000407
522,0.170538,0.036559,0.400773,-0.013946,0.074080,0.000432
523,0.034399,-0.015021,0.424117,-0.018017,0.085021,0.000455
524,0.172545,0.037243,0.400907,-0.014225,0.074884,0.000252
525,0.170836,0.036570,0.400790,-0.013928,0.074157,0.000288
526,0.052113,0.005855,0.419235,-0.016244,0.083575,0.000318
527,0.132146,0.026496,0.407110,-0.014685,0.078134,0.000226
528,0.133431,0.012908,0.417228,-0.015550,0.077340,0.000219
529,0.185669,-0.180254,0.767954,-0.026846,0.053378,0.000087
530,0.053052,0.060456,0.420040,-0.015663,0.083003,0.000590
531,0.169761,0.043340,0.406052,-0.016061,0.074088,0.000633
532,0.144320,0.036913,0.403300,-0.016373,0.075705,0.000628
533,0.141988,0.035784,0.402643,-0.016236,0.075398,0.000598
534,0.062253,0.048411,0.417852,-0.014885,0.081605,0.000566
535,0.118210,-0.048688,0.566010,-0.020036,0.069360,0.000636
536,0.172292,0.026697,0.421524,-0.017089,0.071697,0.000373
537,0.106151,0.188179,0.665572,0.000361,0.063285,0.000349
538,0.137075,0.029963,0.407317,-0.012897,0.075258,0.001209
539,0.133932,0.047549,0.476642,-0.009979,0.071272,0.001116
540,0.136091,0.026236,0.406585,-0.012030,0.074527,0.001225
541,0.134521,-0.059850,0.542013,-0.017063,0.067058,0.001139
542,0.132277,0.057580,0.446108,-0.010158,0.071648,0.001027
543,0.133265,0.035783,0.431912,-0.011175,0.071882,0.000971
544,0.132863,0.015268,0.424330,-0.012528,0.071844,0.000877
545,0.128726,-0.010220,0.519068,-0.013240,0.066528,0.000695
546,0.149643,0.009083,0.437492,-0.013149,0.068331,0.000918
547,0.113294,0.031353,0.414011,-0.011735,0.072022,0.000630
548,0.124721,0.007544,0.493134,-0.012027,0.066370,0.000488
549,-0.077500,0.043790,0.428649,-0.010017,0.086634,0.000230
550,0.157873,0.029829,0.398912,-0.010864,0.068043,-0.004633
551,0.087555,0.032403,0.418597,-0.010198,0.072204,-0.004136
552,0.110455,-0.028708,0.526061,-0.013118,0.064230,-0.003555
553,0.128805,0.012955,0.447192,-0.011258,0.066233,-0.002432
554,0.139365,0.021826,0.423955,-0.010727,0.065609,-0.002074
555,0.106474,-0.000595,0.452029,-0.012020,0.066190,-0.001697
556,0.118334,0.018276,0.458971,-0.010367,0.064155,-0.001891
557,-0.014535,-0.001186,0.449931,-0.011911,0.075462,-0.001531
558,0.123979,0.010999,0.423030,-0.010983,0.064847,-0.001839
559,0.121428,0.041724,0.428155,-0.008290,0.063771,-0.001690
560,-0.009703,-0.018031,0.461205,-0.012152,0.072507,-0.001436
561,0.082834,0.009788,0.444594,-0.010203,0.065153,-0.000723
562,0.079360,0.004949,0.445362,-0.010457,0.064755,-0.001007
563,-0.035079,-0.028094,0.441703,-0.013231,0.074210,-0.000927
564,0.090829,0.026818,0.421068,-0.008824,0.064267,-0.001293
565,-0.118283,-0.026234,0.449837,-0.012577,0.079996,-0.000539
566,0.091960,0.006032,0.432148,-0.010051,0.063028,-0.002353
567,0.027001,-0.013493,0.438496,-0.011464,0.067406,-0.001833
568,0.032780,0.006650,0.444266,-0.009714,0.066136,-0.001487
569,0.040013,-0.015455,0.446604,-0.011315,0.064960,-0.001039
570,-0.096552,-0.039719,0.424231,-0.013800,0.077238,-0.002678
571,-0.258082,-0.138168,0.421062,-0.022355,0.091410,-0.003559
572,-0.212497,-0.079901,0.413688,-0.018150,0.088762,-0.009521
573,-0.079712,0.009634,0.431002,-0.010503,0.076884,-0.011753
574,-0.101613,-0.064674,0.440077,-0.016211,0.078403,-0.004609
575,-0.032212,-0.002321,0.444798,-0.011098,0.072380,-0.007138
576,-0.120937,-0.211213,0.405371,-0.029027,0.081996,-0.005312
577,-0.109283,-0.093387,0.426717,-0.020360,0.079717,-0.000593
578,-0.078632,-0.073091,0.426006,-0.019050,0.077250,0.000268
579,-0.117166,-0.074340,0.420278,-0.019708,0.081017,-0.000878
580,0.024437,0.046647,0.454561,-0.009560,0.067139,-0.005085
581,-0.172582,-0.087111,0.414562,-0.020827,0.086016,-0.001622
582,0.044686,0.010531,0.460827,-0.012483,0.065191,-0.006036
583,-0.109074,-0.006831,0.427236,-0.014139,0.079919,-0.002996
584,-0.025554,-0.043424,0.431520,-0.017101,0.072746,-0.002572
585,0.090712,0.028439,0.450556,-0.010993,0.061524,-0.001617
586,-0.104248,-0.013045,0.427372,-0.014869,0.078858,-0.001299
587,-0.054751,-0.020047,0.426230,-0.015399,0.074933,-0.002117
588,-0.074841,-0.013255,0.434820,-0.014802,0.075981,-0.004787
589,-0.330841,-0.017846,0.405045,-0.015831,0.099535,-0.002473
590,-0.177763,-0.049341,0.418239,-0.017855,0.086909,-0.002529
591,-0.001690,-0.016752,0.448955,-0.014677,0.070928,-0.001356
592,-0.159777,-0.085338,0.419853,-0.020917,0.085874,-0.001816
593,0.072734,0.029014,0.457723,-0.011243,0.064400,-0.001347
594,-0.145316,-0.027714,0.412436,-0.016481,0.085046,-0.001901
595,0.073261,0.024623,0.458936,-0.011473,0.064249,-0.000985
596,-0.145603,-0.030272,0.409670,-0.016657,0.085154,-0.001753
597,0.070732,0.023445,0.460313,-0.011474,0.064332,-0.000961
598,-0.140963,-0.011788,0.407718,-0.015071,0.084801,-0.001726
599,0.046574,0.001854,0.458762,-0.013091,0.066410,-0.000911
600,0.070706,0.008485,0.442312,-0.012682,0.065000,-0.002241
601,-0.110799,0.022478,0.429794,-0.011845,0.080744,-0.002523
602,0.080091,0.010185,0.450497,-0.012103,0.063561,-0.001879
603,-0.140376,0.000784,0.408982,-0.013601,0.084035,-0.001842
604,0.061762,0.006460,0.454269,-0.012199,0.064681,-0.001862
605,0.023256,0.043554,0.433524,-0.009380,0.068704,-0.002351
606,-0.067489,-0.108185,0.427422,-0.021852,0.076479,-0.001205
607,-0.076470,-0.067940,0.433717,-0.019150,0.076871,-0.001160
608,-0.100490,0.075875,0.443566,-0.007433,0.078641,-0.001568
609,0.095500,0.009677,0.423557,-0.012376,0.063200,-0.001320
610,0.076963,0.016500,0.457487,-0.011440,0.062185,-0.002230
611,-0.004016,0.024019,0.440491,-0.010941,0.069483,-0.001758
612,-0.002218,0.013272,0.436472,-0.011698,0.069301,-0.003095
613,-0.043425,0.022136,0.431843,-0.010916,0.072829,-0.002633
614,-0.069828,0.009877,0.428021,-0.011748,0.075223,-0.003712
615,0.041076,0.000943,0.444405,-0.011985,0.064926,-0.004136
616,0.035563,0.007095,0.435047,-0.011560,0.065475,-0.002940
617,0.013628,0.011225,0.443140,-0.011024,0.066484,-0.003558
618,-0.252827,-0.021521,0.415929,-0.014299,0.090500,-0.002480
619,-0.094866,0.047839,0.429942,-0.008045,0.077044,-0.002733
620,-0.046392,-0.192782,0.424894,-0.027593,0.073315,-0.003088
621,-0.019847,-0.049901,0.433965,-0.016854,0.070410,-0.000923
622,0.014191,0.057542,0.448041,-0.008062,0.066584,-0.002242
623,0.047187,0.004039,0.448170,-0.012013,0.063674,-0.001900
624,0.054867,-0.005585,0.441880,-0.013024,0.062822,-0.004425
625,0.079823,0.031211,0.439294,-0.009820,0.060198,-0.005116
626,0.035941,0.012025,0.435115,-0.011328,0.063494,-0.005592
627,-0.065496,-0.019927,0.436188,-0.014032,0.071826,-0.002737
628,-0.019764,0.037141,0.441549,-0.009137,0.067666,0.000397
629,-0.068593,0.057647,0.429552,-0.007446,0.072266,-0.003147
630,-0.026425,-0.011535,0.421525,-0.012564,0.068957,-0.002432
631,-0.059920,0.016433,0.461409,-0.009721,0.069698,-0.010248
632,0.070163,0.035439,0.429492,-0.008284,0.060371,-0.008814
633,0.028054,0.036520,0.433458,-0.007890,0.063085,-0.006325
634,0.029223,0.020089,0.435711,-0.008859,0.062300,-0.004413
635,0.022610,0.027657,0.438643,-0.008122,0.062273,-0.005949
636,-0.029893,0.043090,0.437728,-0.006604,0.066708,-0.003238
637,0.107437,0.021481,0.426812,-0.007754,0.055320,0.000480
638,0.056142,0.013981,0.449436,-0.007949,0.057626,0.000420
639,0.086360,0.029773,0.431909,-0.006760,0.055331,0.001369
640,0.062275,0.017572,0.447218,-0.007204,0.055866,0.001767
641,0.091734,0.024334,0.433861,-0.006662,0.053314,0.002473
642,0.029987,0.014143,0.452465,-0.007089,0.056896,0.002809
643,0.054043,0.024575,0.429552,-0.006437,0.055551,0.003895
644,0.004756,0.009903,0.454334,-0.007088,0.057801,0.005025
645,0.047850,0.000848,0.440180,-0.007898,0.054438,0.001814
646,0.045111,0.014234,0.431047,-0.006909,0.054400,0.001009
647,0.057012,0.006354,0.450875,-0.007050,0.051716,0.000711
648,0.078771,0.016557,0.419694,-0.006549,0.050671,0.000902
649,-0.294637,-0.297540,0.395670,-0.033378,0.083525,0.000602
650,0.114544,0.010440,0.415221,-0.009510,0.047663,-0.021579
651,0.111609,0.052106,0.494953,-0.004722,0.041957,-0.019215
652,-0.009418,0.014365,0.451376,-0.007769,0.054143,-0.015236
653,0.060612,0.008555,0.436082,-0.007888,0.048943,-0.009331
654,0.038889,0.002068,0.445892,-0.008235,0.049570,-0.006651
655,0.062737,-0.009257,0.430384,-0.009515,0.047671,-0.004706
656,-0.028077,0.006071,0.473007,-0.008052,0.052332,-0.004592
657,0.106316,0.019834,0.392550,-0.007376,0.044727,-0.000482
658,-0.055183,-0.019003,0.483484,-0.009308,0.052744,-0.000315
659,0.095010,0.018713,0.390691,-0.007680,0.044528,0.000249
660,0.035155,0.018189,0.447949,-0.006810,0.045600,0.000323
661,-0.023317,0.013419,0.476140,-0.006687,0.048658,0.001603
662,0.019984,0.002464,0.446143,-0.007771,0.046224,-0.000092
663,0.035718,-0.029408,0.424216,-0.010667,0.045183,0.000199
664,-0.121118,-0.103862,0.475135,-0.016497,0.055426,-0.001536
665,0.102977,0.032884,0.391146,-0.006753,0.040494,-0.004863
666,0.095376,0.019344,0.391246,-0.007499,0.039774,-0.003777
667,0.092824,0.018967,0.390920,-0.007375,0.038647,-0.003288
668,-0.189885,-0.033002,0.553800,-0.009476,0.053671,-0.002848
669,0.096899,0.018917,0.398270,-0.007378,0.037878,-0.001398
670,0.023365,0.002233,0.432618,-0.008195,0.041183,-0.000975
671,-0.004536,0.006799,0.449726,-0.007497,0.042086,0.000899
672,-1.636613,-0.477526,0.173959,-0.053329,0.196949,0.000892
673,-0.071343,0.012492,0.531365,-0.008061,0.049389,0.000095
674,-0.019736,0.024973,0.463702,-0.007419,0.049003,0.000288
675,-1.545916,0.357301,0.132262,0.014478,0.197933,-0.000987
676,-1.589119,-0.148586,0.510041,-0.017541,0.189803,-0.000814
677,0.143653,-0.011808,0.463553,-0.004264,0.050987,-0.004403
678,-0.589089,-0.561905,0.456689,-0.051537,0.114256,-0.004457
679,0.134027,0.021951,0.396707,-0.007994,0.057430,-0.067691
680,0.175922,0.062213,0.463647,-0.003118,0.048552,-0.060614
681,0.127997,0.019575,0.396095,-0.006753,0.054900,-0.049516
682,0.107162,0.020411,0.400849,-0.006499,0.055507,-0.044181
683,-0.007976,0.018213,0.497757,-0.005104,0.060418,-0.037045
684,0.094383,0.016237,0.415032,-0.005894,0.056654,-0.027969
685,0.127606,0.019801,0.400557,-0.005571,0.053808,-0.021637
686,-0.066771,0.195031,0.469667,0.009908,0.066565,-0.018842
687,0.120461,0.014594,0.396701,-0.004303,0.055148,-0.010978
688,0.128474,0.017185,0.420852,-0.003581,0.052043,-0.009501
689,-0.203843,0.051828,0.514996,0.000387,0.075385,-0.007985
690,0.128280,0.015485,0.405076,-0.003314,0.053916,-0.010850
691,0.087608,0.012193,0.436227,-0.003076,0.054854,-0.009335
692,0.082516,0.013686,0.444354,-0.002701,0.054375,-0.007845
693,0.098865,0.015535,0.428416,-0.002624,0.053256,-0.007061
694,0.067171,0.011767,0.454153,-0.002466,0.054089,-0.006526
695,0.073606,0.002275,0.458488,-0.003093,0.053026,-0.005819
696,0.096151,0.005835,0.398274,-0.003867,0.053855,-0.005916
697,0.127176,0.019301,0.433274,-0.002133,0.048178,-0.005012
698,-0.139163,0.007652,0.490710,-0.002447,0.067373,-0.004315
699,-0.121601,0.011504,0.462134,-0.002466,0.068478,-0.009468
700,0.120873,0.012070,0.394742,-0.002509,0.051739,-0.008988
701,0.118386,0.011780,0.394523,-0.002469,0.050783,-0.007753
702,-0.171278,-0.078966,0.514703,-0.008511,0.068720,-0.006646
703,0.105862,0.012371,0.396684,-0.002867,0.051936,-0.007575
704,0.121626,0.016031,0.422009,-0.002020,0.048039,-0.006485
705,-0.265018,-0.083926,0.501506,-0.009515,0.076622,-0.005488
706,-0.059883,-0.017683,0.435412,-0.005178,0.063950,-0.007728
707,0.118497,0.013062,0.394472,-0.003137,0.050627,-0.008654
708,0.118821,0.016167,0.416328,-0.002463,0.048129,-0.007466
709,-0.228540,-0.066718,0.492039,-0.008521,0.073514,-0.006227
710,0.119672,0.015002,0.402440,-0.002851,0.049285,-0.007609
711,-0.440548,-0.031248,0.477434,-0.006097,0.093121,-0.006546
712,0.129974,0.020745,0.400136,-0.002085,0.050095,-0.009561
713,0.118809,0.014003,0.405369,-0.002410,0.049456,-0.008214
714,0.038832,-0.001130,0.469103,-0.002783,0.052169,-0.006999
715,0.070659,0.005262,0.442867,-0.002622,0.050632,-0.006495
716,-0.116478,-0.031891,0.458231,-0.005676,0.065558,-0.006040
717,0.118519,0.013865,0.401591,-0.002600,0.048484,-0.007835
718,0.047621,0.004055,0.455417,-0.002663,0.050816,-0.006714
719,0.112561,0.012004,0.393719,-0.002780,0.047958,-0.006141
720,0.115653,-0.016243,0.435967,-0.004506,0.044161,-0.005233
721,0.107680,0.012758,0.393163,-0.003297,0.045786,-0.004468
722,-0.793509,-0.416660,0.399497,-0.039676,0.122417,-0.003738
723,-0.276652,0.322360,0.429964,0.021285,0.079784,0.000129
724,0.097986,0.003013,0.455723,-0.002468,0.047290,-0.006174
725,-0.893777,-0.277900,0.213864,-0.030198,0.144393,-0.004811
726,-0.065934,-0.083739,0.646340,-0.007284,0.054678,-0.002906
727,-0.849988,-0.116086,0.161257,-0.018982,0.148256,-0.005381
728,-0.173061,-0.210881,0.623794,-0.019228,0.069518,-0.002234
729,0.099862,0.045412,0.462753,-0.002100,0.056015,-0.014468
730,0.110230,0.068524,0.433653,-0.000132,0.056346,-0.010665
731,0.130782,0.017805,0.412809,-0.004084,0.054973,-0.008851
732,0.132581,0.004973,0.418772,-0.005038,0.053318,-0.007444
733,-0.016874,0.047530,0.506131,-0.000744,0.061262,-0.006574
734,0.101856,0.035324,0.439414,-0.002436,0.055231,-0.006907
735,0.092279,0.029582,0.445473,-0.002584,0.055248,-0.006822
736,0.129113,0.018029,0.411454,-0.003840,0.053131,-0.007130
737,0.042600,0.023628,0.479280,-0.002527,0.056342,-0.006253
738,0.124873,0.015431,0.395335,-0.004299,0.053506,-0.007286
739,0.125585,0.019527,0.428347,-0.003423,0.050375,-0.006265
740,-0.173947,0.472125,0.432810,0.033951,0.075467,-0.005284
741,0.127931,0.020489,0.442755,0.000047,0.049920,-0.003413
742,-0.096871,-0.130495,0.480872,-0.012036,0.066856,-0.002761
743,-0.205843,-0.393589,0.479637,-0.034605,0.077058,-0.012908
744,0.128946,0.022401,0.403062,-0.003770,0.052443,-0.019916
745,-0.032542,0.247800,0.438377,0.015435,0.064122,-0.017036
746,-0.134695,-0.176507,0.395615,-0.018469,0.076131,-0.009159
747,0.155648,0.040507,0.461782,-0.000120,0.047140,-0.030510
748,0.122291,0.013354,0.397908,-0.002862,0.051947,-0.022945
749,-0.475015,0.148211,0.474547,0.008872,0.099207,-0.020126
750,-0.027241,0.147085,0.415174,0.009980,0.066642,-0.012083
751,0.127105,0.013329,0.418956,-0.000050,0.052805,-0.009928
752,0.124707,0.011502,0.412426,-0.000183,0.052100,-0.008423
753,0.121225,0.008749,0.394799,-0.000630,0.052110,-0.007154
754,-0.030147,-0.166023,0.537248,-0.013352,0.057160,-0.006090
755,0.063059,-0.078400,0.446110,-0.008590,0.054387,-0.008611
756,-0.183324,-0.316902,0.385609,-0.030210,0.078265,-0.009424
757,0.077450,0.013915,0.401257,-0.004422,0.055373,-0.008364
758,0.059976,0.005096,0.528145,-0.003169,0.049620,-0.007161
759,0.120485,0.011902,0.414878,-0.004367,0.049768,-0.010260
760,0.057659,0.013665,0.403174,-0.004705,0.055023,-0.009508
761,0.086726,0.017678,0.432220,-0.003772,0.050671,-0.008183
762,-0.112338,-0.040959,0.481316,-0.007994,0.064213,-0.007271
763,-1.183947,0.287485,0.164287,0.013348,0.173689,-0.009045
764,0.152860,-0.104009,0.587598,-0.006815,0.041352,0.014333
765,-0.179287,-0.204688,0.439573,-0.020367,0.077148,0.012227
766,-0.039014,-0.143591,0.476914,-0.015846,0.064277,-0.007734
767,0.024709,-0.085128,0.451786,-0.012248,0.060276,-0.008701
768,0.112102,0.008992,0.416009,-0.005369,0.054312,-0.009896
769,0.077810,-0.005052,0.459229,-0.006199,0.054252,-0.009368
770,0.047390,0.005505,0.441077,-0.005965,0.057421,-0.009027
771,-0.025140,-0.037048,0.453350,-0.009488,0.062725,-0.009812
772,0.123634,0.017981,0.395213,-0.005918,0.052800,-0.013679
773,-0.265586,-0.226922,0.414978,-0.026278,0.083769,-0.011990
774,-0.428113,0.772445,0.422701,0.055335,0.098684,-0.011352
775,-0.091855,0.328806,0.432701,0.025298,0.072833,-0.010227
776,0.137863,0.006281,0.471408,0.001534,0.051241,-0.007283
777,0.014664,0.076108,0.443248,0.006648,0.062851,-0.007866
778,0.138307,0.005809,0.446675,0.001572,0.051778,-0.007884
779,0.072904,-0.035484,0.474432,-0.001502,0.055059,-0.007219
780,0.130884,0.000014,0.409141,0.000494,0.052967,-0.006816
781,0.070553,-0.079801,0.456098,-0.005738,0.054847,-0.006444
782,0.124894,0.004562,0.421142,0.000427,0.051372,-0.007668
783,0.053120,0.005668,0.441888,0.000587,0.055650,-0.007607
784,-0.381565,-0.556725,0.344049,-0.047962,0.097853,-0.007824
785,-0.768081,-0.339382,0.396748,-0.033214,0.129285,-0.010846
786,0.128136,0.016549,0.395809,-0.004785,0.055023,-0.005517
787,-0.200883,-0.153741,0.460516,-0.018394,0.079287,-0.004658
788,0.040399,-0.206253,0.508280,-0.022573,0.057422,-0.008151
789,0.129514,0.020410,0.395952,-0.007069,0.055408,-0.008920
790,0.127270,0.020450,0.395703,-0.007156,0.054415,-0.007713
791,0.126924,0.011934,0.445262,-0.007170,0.050435,-0.006629
792,0.123074,0.018128,0.411995,-0.007481,0.051174,-0.007444
793,0.120534,0.018578,0.410361,-0.007611,0.050139,-0.007005
794,-0.507141,-0.565754,0.456265,-0.056125,0.100096,-0.006581
795,-0.434407,-0.179396,0.502242,-0.027275,0.094248,-0.018494
796,-0.728622,0.293009,0.429577,0.009196,0.126963,-0.005914
797,0.144216,0.039056,0.407979,-0.008817,0.056778,-0.009564
798,0.144746,0.051582,0.422351,-0.007321,0.054615,-0.008088
799,0.130823,0.025004,0.396294,-0.009536,0.056018,-0.006291
800,-0.301404,0.260339,0.475302,0.010719,0.088790,-0.005355
801,0.134782,0.033847,0.434947,-0.005934,0.055414,-0.006172
802,0.131846,0.021324,0.396321,-0.007427,0.056583,-0.005133
803,-0.134314,0.120000,0.506349,0.001978,0.073604,-0.004321
804,0.084837,0.089064,0.449453,-0.000177,0.059421,0.000260
805,0.138445,0.022510,0.405392,-0.005789,0.056491,-0.003720
806,0.134754,0.021211,0.407637,-0.005844,0.055347,-0.003317
807,-0.101535,0.336794,0.503758,0.021420,0.070279,-0.002877
808,0.102186,0.051017,0.452607,-0.000936,0.056485,-0.003391
809,0.117360,0.023498,0.431231,-0.002773,0.055613,-0.003169
810,0.129022,0.015006,0.395757,-0.003886,0.055447,-0.003005
811,-0.047921,0.060558,0.501102,0.001248,0.064364,-0.002465
812,-0.048960,-0.001976,0.453295,-0.004327,0.067698,-0.009576
813,0.130460,0.015003,0.404936,-0.003048,0.054889,-0.006946
814,0.126822,0.013732,0.395386,-0.003265,0.054416,-0.005969
815,0.070943,0.013281,0.471644,-0.002220,0.054283,-0.005122
816,-0.318035,0.263778,0.494682,0.018864,0.086872,-0.004029
817,0.136573,0.010699,0.403890,-0.000578,0.054453,-0.009622
818,0.128920,0.009238,0.411422,-0.000553,0.053265,-0.008277
819,-2.010813,-1.266735,0.190826,-0.112109,0.248059,-0.006943
820,0.139093,0.020514,0.422461,-0.007727,0.057662,-0.006085
821,-0.222021,-0.653300,0.582611,-0.062229,0.080574,-0.006049
822,0.141496,0.030605,0.397449,-0.012358,0.060546,-0.008458
823,-0.170363,-0.240429,0.438704,-0.034567,0.084255,-0.007345
824,0.095365,0.018308,0.427608,-0.014022,0.062727,-0.011816
825,0.126928,0.026684,0.405120,-0.013988,0.060506,-0.012205
826,0.091254,0.031166,0.404846,-0.013887,0.062948,-0.010949
827,0.096091,0.075089,0.584132,-0.007397,0.052444,-0.009541
828,0.105322,0.025399,0.400021,-0.014062,0.061221,-0.007059
829,0.104436,0.028577,0.401312,-0.013906,0.060631,-0.006073
830,0.155422,0.043640,0.422362,-0.012206,0.053949,-0.005177
831,-0.267526,0.280498,0.558337,0.008948,0.083136,-0.005005
832,0.138426,0.029398,0.396845,-0.011730,0.059096,0.010942
833,0.146512,0.035617,0.411847,-0.010960,0.056217,0.010061
834,0.138804,0.032352,0.405893,-0.011291,0.055746,0.008860
835,0.132219,-0.031608,0.487280,-0.015464,0.050539,0.007914
836,-0.142395,-0.035032,0.492302,-0.017718,0.073821,0.006964
837,0.132331,0.033896,0.396223,-0.014283,0.056210,-0.001723
838,0.136121,0.081147,0.481956,-0.008855,0.049758,-0.001381
839,0.064839,0.052844,0.446841,-0.010835,0.057090,-0.000339
840,0.138367,0.025507,0.421078,-0.012789,0.051498,0.000043
841,0.096360,0.022691,0.442395,-0.013062,0.052719,-0.000350
842,-0.164286,0.527083,0.465100,0.028868,0.073914,0.000313
843,0.017636,0.187635,0.424142,0.004207,0.061799,-0.002684
844,0.128215,0.018937,0.418237,-0.008487,0.051915,-0.003882
845,0.093198,0.005160,0.426944,-0.009540,0.053344,-0.003058
846,-0.036707,0.026004,0.492543,-0.007101,0.060565,-0.002510
847,0.124939,0.011575,0.413355,-0.008744,0.050892,-0.003873
848,-0.028551,0.035373,0.469219,-0.006203,0.060333,-0.003496
849,0.109107,0.013552,0.423998,-0.007890,0.050877,-0.004388
850,0.055997,0.005332,0.437114,-0.008667,0.053787,-0.003429
851,-0.152290,-0.122280,0.355906,-0.020743,0.075422,-0.003741
852,0.016082,0.038513,0.548816,-0.005193,0.050689,-0.024768
853,-0.486588,0.434190,0.466426,0.026782,0.099269,-0.018451
854,0.128785,0.013172,0.401424,-0.003367,0.053133,-0.013388
855,0.155752,-0.042906,0.422503,-0.007654,0.048048,-0.011688
856,0.120159,0.000971,0.415630,-0.005735,0.049453,-0.010936
857,0.117461,0.001119,0.415292,-0.005916,0.048329,-0.009577
858,-0.063635,-0.044465,0.459345,-0.009446,0.060820,-0.008344
859,0.088894,0.014971,0.398095,-0.005161,0.051251,-0.001727
860,0.023373,-0.021656,0.498000,-0.006608,0.050713,-0.001334
861,-0.065043,-0.013332,0.432606,-0.007218,0.061478,-0.003518
862,0.053853,-0.005361,0.433325,-0.006108,0.051180,-0.001580
863,-0.023336,-0.034328,0.426393,-0.008819,0.057460,-0.002297
864,-0.313677,-0.071157,0.425572,-0.012255,0.082400,-0.001218
865,-1.441176,-0.059464,0.252347,-0.014667,0.190559,-0.001917
866,-0.972892,-0.267992,0.478035,-0.027874,0.144810,-0.004353
867,-0.237682,0.270096,0.361299,0.015005,0.091984,-0.008511
868,-0.009148,0.190951,0.452684,0.012738,0.068705,-0.004465
869,0.136985,0.011328,0.396532,-0.001258,0.059185,-0.003334
870,0.078975,-0.035974,0.494005,-0.003694,0.058000,-0.002822
871,0.097201,0.017507,0.420969,-0.000482,0.059980,-0.003564
872,-0.192773,-0.055993,0.467241,-0.005922,0.082407,-0.002752
873,0.137305,0.013406,0.406141,-0.000874,0.058040,-0.004140
874,0.099151,-0.038025,0.478239,-0.003986,0.056459,-0.003387
875,0.101460,0.004219,0.398256,-0.002040,0.059972,-0.004140
876,0.041313,-0.128741,0.492551,-0.011776,0.059550,-0.003582
877,0.111866,0.009879,0.396892,-0.002530,0.058196,-0.006582
878,0.103936,0.006956,0.397547,-0.002780,0.058052,-0.005757
879,-0.414928,-0.446299,0.431040,-0.040645,0.101005,-0.005029
880,0.193442,0.063345,0.502907,0.001096,0.045403,-0.051910
881,0.129013,0.014805,0.398562,-0.003634,0.054714,-0.039263
882,-0.022165,-0.068453,0.520249,-0.009113,0.060999,-0.034800
883,-0.148524,0.070903,0.382097,-0.001001,0.079693,-0.022448
884,0.097642,0.008793,0.439720,-0.003993,0.056049,-0.009130
885,-0.054974,-0.016738,0.442190,-0.006310,0.068481,-0.007722
886,0.085312,0.022240,0.445532,-0.003018,0.056305,-0.008582
887,-0.125926,0.005501,0.435575,-0.004623,0.074576,-0.008838
888,0.128419,0.014975,0.395627,-0.003929,0.055064,-0.009053
889,0.063434,0.006358,0.474368,-0.003560,0.055555,-0.007830
890,-0.164254,0.138814,0.401971,0.006196,0.078578,-0.006519
891,-0.255958,-0.030162,0.470854,-0.005852,0.083781,-0.007554
892,0.147906,-0.000210,0.416079,-0.003504,0.052836,-0.008957
893,0.050152,0.007742,0.447043,-0.002721,0.058611,-0.007538
894,0.066431,-0.097836,0.436615,-0.011527,0.057459,-0.007269
895,0.086582,0.008871,0.428369,-0.003505,0.055517,-0.007353
896,0.126261,0.008768,0.437995,-0.003293,0.050576,-0.006511
897,0.122045,0.011647,0.413097,-0.003564,0.050851,-0.007177
898,0.003024,0.017927,0.487009,-0.002188,0.056683,-0.006815
899,0.123173,0.013529,0.406802,-0.002970,0.050677,-0.007545
900,0.120401,0.014395,0.412552,-0.002791,0.049180,-0.006477
901,-0.547499,-0.605667,0.453590,-0.054582,0.103899,-0.005476
902,-0.247317,-0.341840,0.393071,-0.037624,0.083335,-0.003330
903,-0.264198,-0.178649,0.447540,-0.025513,0.082918,-0.007410
904,-0.049415,-0.003032,0.435775,-0.012066,0.065638,-0.013106
905,-0.009985,0.542519,0.459738,0.033834,0.061475,-0.011735
906,0.150772,0.041057,0.430940,-0.004534,0.049405,-0.007983
907,-0.993477,0.767472,0.214187,0.052075,0.157896,-0.007929
908,-0.148772,-0.419741,0.554294,-0.034309,0.072403,-0.005753
909,-0.139877,-0.433254,0.457869,-0.040043,0.077794,-0.006615
910,-0.395824,0.710710,0.337946,0.050309,0.106630,-0.006120
911,-0.015342,0.236759,0.506009,0.019956,0.068073,-0.009093
912,0.117562,0.055034,0.448141,0.005682,0.060206,-0.007751
913,0.083275,-0.307563,0.462482,-0.024012,0.061439,-0.007648
914,0.136632,0.011064,0.396575,-0.001198,0.059043,-0.004653
915,0.135917,0.009451,0.420171,-0.000964,0.056529,-0.003900
916,0.132450,0.009899,0.408215,-0.001160,0.056129,-0.004086
917,-0.058070,-0.321989,0.549144,-0.026971,0.064792,-0.003832
918,0.132566,0.012873,0.396146,-0.002649,0.057066,-0.012014
919,0.069732,-0.079895,0.478065,-0.009333,0.057404,-0.010517
920,0.130416,0.014153,0.395870,-0.003414,0.056026,-0.008358
921,-0.259154,-0.153748,0.439882,-0.017142,0.086268,-0.007232
922,0.130737,0.013863,0.408876,-0.004253,0.054998,-0.007497
923,-0.200781,-0.332262,0.433125,-0.033221,0.081578,-0.006935
924,0.131449,0.015150,0.424172,-0.006283,0.053866,-0.007982
925,0.127145,0.019450,0.395629,-0.006543,0.054420,-0.007862
926,-0.359333,-0.508837,0.429891,-0.050613,0.093967,-0.006785
927,-0.452656,-0.000898,0.542087,-0.009887,0.098011,-0.008371
928,-0.017439,-0.001140,0.427722,-0.010992,0.069089,-0.007802
929,0.134032,0.025088,0.396485,-0.009558,0.057290,-0.009539
930,0.131696,0.025075,0.396229,-0.009619,0.056258,-0.008281
931,0.134514,0.027769,0.429988,-0.008879,0.052787,-0.007152
932,-0.447144,0.450902,0.472279,0.026344,0.100149,-0.006094
933,-0.248510,0.045906,0.453407,-0.004075,0.087338,-0.010172
934,0.136692,0.017658,0.407906,-0.006028,0.057793,-0.008087
935,0.034448,-0.080673,0.479076,-0.013376,0.061982,-0.007400
936,0.092944,0.045997,0.438832,-0.004000,0.058944,-0.008426
937,0.107477,0.016714,0.401406,-0.006794,0.059151,-0.007011
938,0.097837,0.026097,0.479356,-0.004779,0.055089,-0.006060
939,0.065565,0.019348,0.437351,-0.005936,0.059588,-0.005452
940,0.076033,0.048882,0.454106,-0.003360,0.057253,-0.008316
941,0.073588,0.026364,0.443189,-0.005072,0.057581,-0.008704
942,-0.055624,-0.002964,0.422046,-0.007857,0.069189,-0.007941
943,0.066392,0.039869,0.449416,-0.003792,0.057297,-0.008535
944,-0.056139,0.066887,0.435319,-0.001635,0.068233,-0.006534
945,-0.063189,-0.051576,0.415081,-0.011184,0.070012,-0.007415
946,0.131361,0.033864,0.431483,-0.004077,0.051966,-0.007767
947,0.124487,0.017895,0.395169,-0.005729,0.053214,-0.006682
948,-0.142008,0.077492,0.494249,0.000316,0.070737,-0.005728
949,-0.105291,-0.263420,0.431122,-0.028009,0.071958,0.007654
950,0.126252,0.020235,0.410069,-0.006976,0.052409,-0.006832
951,0.061072,0.018790,0.406008,-0.007321,0.057513,-0.006354
952,-0.069292,-0.054041,0.500533,-0.011675,0.063362,-0.005882
953,0.064502,0.025071,0.467900,-0.005751,0.053696,-0.007496
954,0.093022,0.019261,0.413373,-0.007033,0.053627,-0.007604
955,0.047457,0.030812,0.454708,-0.005456,0.054629,-0.006638
956,-0.048549,0.056040,0.448305,-0.003306,0.062839,-0.003110
957,0.007436,0.018732,0.437534,-0.006040,0.058606,-0.007314
958,0.097202,0.015701,0.397439,-0.006764,0.052649,-0.007398
959,0.069946,0.025045,0.473281,-0.004858,0.050089,-0.006397
960,0.076834,0.018537,0.441297,-0.005876,0.050586,-0.005219
961,-0.069289,0.041829,0.455767,-0.003835,0.061801,-0.004298
962,0.084918,-0.003735,0.425024,-0.007425,0.050166,-0.007154
963,0.077760,0.019751,0.399804,-0.006295,0.051243,-0.006059
964,0.047930,0.025921,0.469802,-0.004547,0.049375,-0.005176
965,0.104923,0.026039,0.428062,-0.004853,0.045977,-0.002238
966,-0.391002,-0.149981,0.260513,-0.022588,0.096924,-0.002034
967,-1.502501,0.684385,0.292331,0.045275,0.191237,-0.042573
968,-1.211321,-0.106878,0.638039,-0.008078,0.156807,-0.003370
969,-0.235008,0.187279,0.356153,0.014022,0.094714,-0.008300
970,0.148036,0.016503,0.407615,0.002988,0.059670,-0.007088
971,0.112368,-0.044774,0.479862,-0.000841,0.057786,-0.005938
972,0.104980,0.000917,0.398500,0.000979,0.062051,-0.005885
973,0.142476,0.003650,0.455610,0.002216,0.054703,-0.005075
974,0.133189,0.004744,0.410206,0.001653,0.056565,-0.005227
975,0.130725,0.004607,0.409093,0.001628,0.055535,-0.004927
976,-0.521713,-1.281778,0.216217,-0.109160,0.121098,-0.004638
977,0.134071,0.004079,0.507093,-0.005533,0.049504,-0.002722
978,-0.800810,-1.154891,0.302866,-0.106673,0.140413,-0.006094
979,-0.909214,-0.125595,0.560256,-0.024718,0.140322,-0.010932
980,0.149042,0.026913,0.431113,-0.013261,0.061010,-0.010439
981,-0.215856,-0.360104,0.496439,-0.045149,0.088349,-0.010083
982,0.147840,0.036036,0.398284,-0.015518,0.063254,-0.014153
983,0.153764,0.058614,0.497886,-0.012109,0.056047,-0.012459
984,-0.216271,0.190679,0.510468,-0.001406,0.088031,-0.010237
985,0.171458,0.004063,0.418638,-0.015674,0.061830,-0.008875
986,0.156991,0.038371,0.419020,-0.013632,0.061430,-0.008574
987,0.145606,0.033906,0.397964,-0.014397,0.062275,-0.007144
988,0.143358,0.033831,0.397736,-0.014432,0.061284,-0.006148
989,0.036790,-0.048837,0.504830,-0.020150,0.064388,-0.005255
990,0.142345,0.036943,0.397588,-0.016061,0.060706,-0.006347
991,0.130775,-0.028037,0.466408,-0.020643,0.057003,-0.005437
992,0.053637,0.029404,0.442289,-0.017897,0.064291,-0.003865
993,0.051235,0.176858,0.495852,-0.004655,0.061556,-0.004273
994,0.096193,0.102410,0.467655,-0.009747,0.059251,-0.004442
995,0.096595,0.103716,0.440920,-0.009581,0.060270,-0.006673
996,0.103045,0.031942,0.401926,-0.015738,0.061371,-0.006792
997,0.018261,0.123212,0.463815,-0.007210,0.064615,-0.005838
998,0.091088,0.263177,0.474316,0.005143,0.057802,-0.005821
999,0.102472,0.049735,0.438420,-0.011331,0.058533,-0.007435
1000,0.101002,0.041079,0.440738,-0.012036,0.057767,-0.006652
1001,0.047640,0.159662,0.429226,-0.002237,0.062232,-0.006545
1002,0.024730,0.086970,0.454163,-0.007003,0.062701,-0.007007
1003,0.084135,0.042932,0.432885,-0.010292,0.058585,-0.003768
1004,0.032538,0.036666,0.444470,-0.010506,0.061839,-0.002879
1005,0.101529,0.020053,0.444014,-0.011524,0.055473,-0.002373
1006,0.066786,0.011697,0.434391,-0.012461,0.058265,-0.002834
1007,-0.077116,0.032733,0.446052,-0.010740,0.069485,-0.003408
1008,0.060847,0.013723,0.434345,-0.011913,0.058489,-0.005445
1009,-0.059616,0.025075,0.461136,-0.010810,0.066886,-0.006765
1010,0.110010,0.005428,0.403989,-0.012691,0.055420,-0.007176
1011,0.129564,0.020181,0.428688,-0.011379,0.051044,-0.006478
1012,-0.326108,0.082560,0.506346,-0.005439,0.085652,-0.005380
1013,0.136417,0.010927,0.403734,-0.010983,0.053110,-0.009860
1014,0.087021,0.018422,0.429661,-0.010318,0.054589,-0.008712
1015,0.068182,0.012331,0.431445,-0.010870,0.055325,-0.006780
1016,-0.021110,0.047463,0.448666,-0.007727,0.061533,-0.006490
1017,0.000240,0.010570,0.432578,-0.010480,0.060476,-0.003292
1018,0.002220,0.041035,0.438114,-0.007716,0.059715,-0.004480
1019,0.119970,0.025266,0.404214,-0.009003,0.050879,-0.002112
1020,0.119203,0.024607,0.397098,-0.008976,0.049955,-0.001791
1021,0.118985,0.025097,0.413410,-0.008471,0.047621,-0.001361
1022,-0.184929,-0.000436,0.552566,-0.008768,0.065975,-0.000989
1023,0.066157,0.017654,0.430925,-0.008663,0.052019,-0.003904
1024,-0.467313,0.053491,0.485936,-0.005290,0.094872,-0.002310
1025,0.137488,0.012643,0.406001,-0.007987,0.049268,-0.009456
1026,-0.114312,-0.065011,0.384775,-0.015092,0.070546,-0.008634
1027,0.121232,0.013752,0.420226,-0.008383,0.047873,-0.006349
1028,0.042398,0.010359,0.467253,-0.008043,0.051250,-0.005764
1029,0.050248,-0.023659,0.434415,-0.011092,0.052119,-0.005649
1030,-0.350436,-0.257864,0.427305,-0.031425,0.086345,-0.006352
1031,-0.325634,-0.182066,0.423498,-0.026773,0.085621,-0.006426
1032,-0.256370,-0.079422,0.406912,-0.019413,0.081667,-0.006397
1033,-0.187212,0.020124,0.407497,-0.011272,0.076515,-0.006511
1034,0.122237,0.019878,0.412375,-0.010458,0.049964,-0.005810
1035,0.117907,0.025645,0.394497,-0.010201,0.049986,-0.005177
1036,-0.383792,-0.010264,0.424219,-0.013224,0.090790,-0.004428
1037,-0.322799,-0.126760,0.454662,-0.022819,0.085624,-0.000226
1038,-0.241005,0.119895,0.387801,-0.003187,0.083633,-0.003843
1039,0.126268,0.015210,0.424930,-0.010056,0.050673,-0.001818
1040,-0.569354,0.110320,0.408633,-0.003092,0.110843,-0.001694
1041,0.131150,0.012745,0.430374,-0.008826,0.051986,-0.000870
1042,-0.387038,-0.156479,0.421375,-0.023539,0.096359,-0.000892
1043,-0.207526,-0.093405,0.476564,-0.017524,0.080230,-0.003588
1044,-0.135356,0.155469,0.409422,0.002067,0.078687,-0.005449
1045,0.043850,-0.020866,0.464320,-0.010157,0.061175,-0.008386
1046,0.050356,-0.046820,0.454506,-0.012475,0.061065,-0.006302
1047,0.113207,0.012741,0.429924,-0.008173,0.056517,-0.006419
1048,0.091320,0.007123,0.444072,-0.008448,0.056924,-0.005817
1049,0.090422,0.025873,0.435618,-0.007014,0.056902,-0.005360
1050,0.130805,-0.002492,0.430932,-0.009107,0.052899,-0.004750
1051,0.126992,0.006738,0.417519,-0.008966,0.052638,-0.004013
1052,-0.107565,0.047086,0.488652,-0.005026,0.068525,-0.003340
1053,0.076453,0.010946,0.434465,-0.007881,0.056525,-0.008217
1054,-0.328828,-0.010419,0.455677,-0.009481,0.090081,-0.005455
1055,0.129497,0.000346,0.411537,-0.008210,0.054402,-0.007068
1056,0.098758,0.001903,0.429032,-0.008244,0.055037,-0.006673
1057,0.064195,0.003085,0.450402,-0.008020,0.056180,-0.005704
1058,0.036226,-0.016683,0.445216,-0.009664,0.058472,-0.005233
1059,0.099592,0.009076,0.432312,-0.007783,0.053285,-0.004733
1060,0.122959,0.021063,0.397323,-0.007270,0.052135,-0.004142
1061,-0.167294,-0.053991,0.494805,-0.012284,0.071234,-0.003473
1062,0.040420,0.005321,0.430185,-0.008363,0.057582,-0.004604
1063,-0.047349,-0.013196,0.434719,-0.009760,0.064491,-0.004504
1064,0.064971,0.000908,0.441226,-0.008373,0.054431,-0.004197
1065,-0.054268,-0.011925,0.432865,-0.009760,0.064604,-0.004842
1066,0.125272,0.006013,0.418613,-0.008223,0.049649,-0.004076
1067,-0.116161,-0.017329,0.434809,-0.010377,0.068650,-0.003556
1068,0.122212,0.003360,0.421011,-0.008508,0.049049,-0.002279
1069,-0.083547,0.000283,0.465607,-0.008563,0.063541,-0.001881
1070,-0.091325,-0.012294,0.438286,-0.009683,0.066199,-0.003982
1071,0.048983,0.006258,0.441338,-0.007788,0.054149,-0.003439
1072,-0.597022,-0.130239,0.355246,-0.021167,0.114110,-0.005277
1073,0.128982,0.000593,0.428690,-0.008908,0.049863,-0.004885
1074,-0.319586,0.131470,0.451040,0.001605,0.086465,-0.004320
1075,0.125691,0.006745,0.428098,-0.007062,0.050841,-0.004420
1076,0.123120,0.004633,0.416880,-0.007550,0.050364,-0.003474
1077,-0.179940,-0.011311,0.468014,-0.008686,0.073174,-0.002925
1078,-0.403698,0.024669,0.469915,-0.005487,0.093729,-0.002802
1079,-0.144417,0.072381,0.360432,-0.001629,0.079356,-0.006579
1080,-0.827386,-0.109789,0.383794,-0.016717,0.137668,-0.003704
1081,-0.273112,0.186629,0.419569,0.009000,0.091709,-0.006639
1082,0.080562,0.239430,0.441931,0.015240,0.061254,-0.002704
1083,0.096099,0.027015,0.440618,-0.000015,0.059989,-0.001460
1084,0.058499,-0.006754,0.439869,-0.002407,0.062804,-0.000358
1085,0.117998,0.026364,0.426811,0.000392,0.057860,-0.001296
1086,0.061465,-0.021679,0.443580,-0.003028,0.061241,-0.000712
1087,0.080247,0.005648,0.445357,-0.000972,0.059172,-0.001114
1088,0.078254,0.007497,0.458365,-0.000512,0.058372,-0.001294
1089,0.131446,0.024406,0.424079,0.000640,0.054969,-0.000327
1090,0.129255,0.020514,0.419514,0.000630,0.054187,-0.000041
1091,0.096746,-0.037888,0.482445,-0.003091,0.052596,0.000208
1092,-0.002080,-0.092925,0.462680,-0.008621,0.061895,-0.000445
1093,0.097046,0.001073,0.396068,-0.002142,0.057113,-0.005050
1094,0.103759,0.004689,0.395706,-0.001960,0.055811,-0.004439
1095,0.081066,0.010703,0.402115,-0.001462,0.056740,-0.003876
1096,0.086217,0.055799,0.553669,0.004901,0.047518,-0.003325
1097,0.123177,0.014190,0.418494,0.000194,0.050856,-0.002349
1098,-0.610219,-0.502197,0.389366,-0.044296,0.115615,-0.001887
1099,-0.080693,-0.057931,0.509190,-0.009282,0.066226,-0.036142
1100,0.127888,0.015316,0.395557,-0.004355,0.054677,-0.037670
1101,-0.018338,0.112273,0.471625,0.004907,0.061953,-0.033616
1102,0.134372,0.018366,0.425342,-0.002134,0.050847,-0.011330
1103,0.122559,0.014256,0.411037,-0.002505,0.051172,-0.008555
1104,0.120441,0.006446,0.433694,-0.002734,0.048734,-0.007142
1105,-0.010864,-0.010371,0.494406,-0.003692,0.056399,-0.007443
1106,-0.530376,-0.757512,0.364674,-0.068326,0.108168,-0.007791
1107,0.125709,0.022178,0.422108,-0.006393,0.049734,-0.006561
1108,-0.007884,0.005356,0.477353,-0.007322,0.057686,-0.005875
1109,-0.336131,0.398294,0.344593,0.022680,0.093002,-0.008473
1110,0.124515,0.011557,0.456366,-0.004599,0.048406,-0.002640
1111,0.119774,0.015004,0.413003,-0.005105,0.049735,-0.004299
1112,-0.102076,0.106142,0.508591,0.003636,0.063419,-0.004254
1113,0.121450,0.003330,0.434510,-0.004068,0.049076,-0.005538
1114,-0.569862,-0.300112,0.393787,-0.030973,0.109926,-0.006335
1115,0.122309,0.017832,0.395013,-0.005703,0.052274,-0.004276
1116,0.121541,0.011687,0.435881,-0.005583,0.048787,-0.003605
1117,-0.303532,0.580014,0.504023,0.041928,0.082283,-0.004505
1118,0.159735,0.003019,0.470140,-0.001158,0.046540,-0.003292
1119,0.088966,0.009184,0.400819,-0.001945,0.054947,-0.004943
1120,0.122905,0.005390,0.454522,-0.001173,0.048235,-0.004405
1121,0.118723,0.008517,0.413524,-0.001639,0.049376,-0.005741
1122,0.116152,0.008373,0.412960,-0.001683,0.048261,-0.005573
1123,0.113566,0.008444,0.411488,-0.001731,0.047167,-0.005410
1124,-1.135786,-1.888330,0.061332,-0.166473,0.172883,-0.005241
1125,0.103604,0.085560,0.712871,-0.003483,0.033640,0.005394
1126,-1.944714,-0.680399,0.392483,-0.073581,0.228569,0.004400
1127,0.101532,0.111226,0.479750,-0.008865,0.056730,-0.001001
1128,0.137936,0.045513,0.430602,-0.013881,0.055591,0.000416
1129,-0.008548,0.116684,0.455033,-0.007862,0.066749,0.000497
1130,0.118086,0.051496,0.432123,-0.012450,0.057701,0.006729
1131,0.099491,0.029032,0.401586,-0.014752,0.060345,0.005842
1132,0.102777,0.031267,0.401395,-0.014672,0.059586,0.005434
1133,-0.164423,0.927650,0.561442,0.062085,0.074421,0.005059
1134,0.156421,0.028817,0.420574,-0.007443,0.056459,-0.002712
1135,0.143316,-0.020143,0.421679,-0.011666,0.056153,-0.001697
1136,0.137302,0.014314,0.423017,-0.009925,0.055058,-0.001321
1137,0.082043,0.007793,0.437585,-0.010552,0.058225,-0.001177
1138,0.086143,0.037979,0.421885,-0.008455,0.058392,-0.000693
1139,0.140656,0.058546,0.474826,-0.005368,0.050043,-0.000443
1140,0.127068,0.023924,0.395645,-0.008974,0.054262,-0.000149
1141,0.001847,0.022599,0.514254,-0.007517,0.058291,0.000009
1142,0.092755,0.018950,0.402495,-0.009329,0.056795,-0.001335
1143,0.055482,0.204443,0.498932,0.007544,0.054391,-0.001229
1144,-0.011622,-0.142884,0.423851,-0.021097,0.064205,-0.005592
1145,0.084867,-0.003048,0.429844,-0.010827,0.055041,-0.013278
1146,0.084703,0.011277,0.443631,-0.009665,0.053587,-0.011795
1147,0.087681,0.009106,0.442549,-0.009809,0.052711,-0.010235
1148,-0.192834,0.085738,0.430644,-0.003863,0.076845,-0.008991
1149,-0.069986,0.150597,0.416477,0.002362,0.067712,0.000815
1150,-0.045514,0.039799,0.447715,-0.005343,0.064345,-0.004567
1151,0.135813,-0.000155,0.430442,-0.008108,0.049607,0.004801
1152,0.120493,0.020848,0.394700,-0.007313,0.051344,0.004063
1153,0.010845,0.038999,0.502470,-0.004280,0.054434,0.003792
1154,0.124137,0.025474,0.420329,-0.005892,0.048922,0.001287
1155,0.025823,0.013600,0.467236,-0.006239,0.054128,0.000761
1156,0.066988,0.024993,0.436686,-0.005642,0.052054,0.001415
1157,0.077138,0.020420,0.445483,-0.005730,0.050118,0.002162
1158,0.073144,0.023377,0.438947,-0.005458,0.050018,0.000966
1159,0.064728,0.027837,0.442935,-0.004943,0.049930,-0.000652
1160,0.065486,0.000069,0.452690,-0.006802,0.048776,-0.000304
1161,-0.155018,0.034778,0.479683,-0.003977,0.065952,0.000046
1162,0.113406,0.017254,0.393633,-0.005694,0.048084,-0.004021
1163,0.118520,0.015497,0.411231,-0.005427,0.045250,-0.003507
1164,0.039295,0.008849,0.457069,-0.005402,0.048646,-0.002665
1165,0.063406,0.025503,0.434087,-0.004249,0.047314,-0.002160
1166,-0.142713,0.076533,0.451947,0.000257,0.063705,-0.001146
1167,-0.107062,-0.093574,0.474732,-0.012429,0.059819,0.001718
1168,0.108172,0.013258,0.392971,-0.003907,0.045798,-0.008535
1169,0.057886,-0.111965,0.401995,-0.014428,0.048640,-0.007566
1170,0.057955,0.014708,0.400460,-0.006344,0.047671,-0.010515
1171,0.101366,0.017015,0.392712,-0.006019,0.043605,-0.009236
1172,0.005167,0.041774,0.545546,-0.001631,0.042566,-0.008164
1173,-0.342244,-0.208180,0.407868,-0.024929,0.080162,-0.004686
1174,0.135009,0.043387,0.452821,-0.004086,0.037091,-0.022102
1175,-0.673128,0.221236,0.330960,0.008741,0.112120,-0.015467
1176,-0.354081,0.067800,0.468805,0.000361,0.080821,-0.003044
1177,-0.185523,-0.188760,0.460318,-0.020369,0.068558,-0.003145
1178,-0.097693,-0.061600,0.416034,-0.011329,0.063894,-0.006864
1179,0.075942,0.003794,0.424973,-0.005610,0.048441,-0.005185
1180,0.090375,0.007590,0.426826,-0.005024,0.046316,-0.006567
1181,0.058263,-0.012849,0.446468,-0.006399,0.047312,-0.005925
1182,-0.024913,-0.040885,0.438269,-0.008993,0.054401,-0.006797
1183,-0.042825,-0.031615,0.440767,-0.008503,0.055677,-0.005932
1184,0.053673,-0.011948,0.423299,-0.007194,0.048198,-0.005581
1185,-0.016055,-0.054192,0.438085,-0.010639,0.052715,-0.006469
1186,-0.035046,-0.072927,0.445233,-0.012483,0.053720,-0.008839
1187,-0.016432,-0.035772,0.428550,-0.010241,0.052811,-0.006641
1188,0.104779,0.019761,0.416826,-0.005759,0.042467,-0.008625
1189,0.102033,0.019623,0.412970,-0.005685,0.041644,-0.006818
1190,0.099809,0.019253,0.412969,-0.005560,0.040565,-0.005580
1191,-0.450424,0.107453,0.300150,-0.000284,0.092679,-0.004530
1192,-0.697838,-0.183405,0.529444,-0.020664,0.104358,0.000317
1193,0.109677,0.022667,0.434328,-0.004396,0.043423,-0.004458
1194,0.111648,-0.002651,0.429689,-0.006382,0.042285,-0.003509
1195,-1.019972,-0.155191,0.200161,-0.023502,0.150406,-0.003127
1196,-0.496271,0.294923,0.474805,0.019145,0.095454,-0.007820
1197,0.121824,-0.017664,0.468906,-0.004707,0.045147,-0.000337
1198,0.104120,0.035758,0.483667,-0.000442,0.044551,-0.000884
1199,-1.954759,1.440549,0.168958,0.110671,0.238797,0.000324
1200,0.145823,-0.048535,0.505062,0.006393,0.050507,0.004362
1201,-0.801887,-0.273544,0.495110,-0.014153,0.133177,0.002958
1202,0.152242,0.006012,0.432414,0.009531,0.059193,-0.014387
1203,-0.199527,-0.234817,0.558574,-0.008859,0.083695,-0.010871
1204,0.147271,-0.002676,0.397411,0.007102,0.064362,-0.022576
1205,0.150082,-0.006698,0.408320,0.006999,0.062475,-0.020070
1206,0.144494,0.025979,0.435347,0.010203,0.060345,-0.017859
1207,0.138853,0.008018,0.422975,0.009271,0.060583,-0.014156
1208,0.117719,-0.061199,0.462838,0.004257,0.059554,-0.011516
1209,0.042109,-0.023415,0.503985,0.006763,0.063714,-0.009405
1210,0.111766,-0.027318,0.439394,0.005982,0.061581,-0.008950
1211,0.109376,-0.042877,0.447861,0.004735,0.060927,-0.008391
1212,0.109096,-0.026770,0.443046,0.005719,0.060722,-0.008862
1213,0.125496,-0.013051,0.412435,0.006389,0.060299,-0.008324
1214,0.043518,-0.289760,0.537674,-0.014946,0.060141,-0.007522
1215,0.119892,-0.002764,0.392106,0.004780,0.061114,-0.013129
1216,0.108330,-0.002894,0.401720,0.004811,0.060902,-0.011498
1217,0.107234,-0.003303,0.401611,0.004723,0.060435,-0.010053
1218,0.106506,-0.003190,0.401401,0.004663,0.059921,-0.008780
1219,0.114842,-0.109008,0.541993,-0.001950,0.050916,-0.007649
1220,-0.017270,-0.225541,0.461516,-0.013687,0.065964,-0.007234
1221,0.101102,-0.005196,0.400522,0.002157,0.058892,-0.011293
1222,0.103840,-0.000419,0.400810,0.002354,0.058019,-0.009795
1223,0.096269,-0.074000,0.514605,-0.002132,0.051905,-0.008516
1224,0.108976,-0.005329,0.412800,0.001315,0.055592,-0.007867
1225,0.007021,-0.102836,0.444466,-0.006606,0.061804,-0.007408
1226,0.083447,-0.000502,0.445740,0.001237,0.054871,-0.007662
1227,0.096282,0.002805,0.400603,0.000709,0.055683,-0.008428
1228,-0.127836,0.006228,0.462535,0.001715,0.070923,-0.007362
1229,0.092925,0.001826,0.400986,0.000719,0.055646,-0.007625
1230,-0.146827,0.002298,0.468030,0.001534,0.072017,-0.006663
1231,-0.027887,0.007015,0.444064,0.001756,0.063513,-0.007473
1232,-0.171746,-0.059058,0.415867,-0.004280,0.077393,-0.008078
1233,-0.044351,0.008639,0.436756,0.001436,0.065834,-0.007016
1234,-0.085562,-0.058749,0.411341,-0.004497,0.070791,-0.008036
1235,0.022644,0.006099,0.459424,0.001348,0.059072,-0.008014
1236,0.035950,0.020387,0.445936,0.002176,0.058368,-0.008671
1237,0.031988,0.015965,0.443566,0.001889,0.058538,-0.008633
1238,0.032023,0.012631,0.439568,0.001608,0.058433,-0.008542
1239,0.029274,0.011733,0.437601,0.001499,0.058414,-0.008505
1240,-0.120192,-0.033970,0.418844,-0.002719,0.071918,-0.008571
1241,0.023674,0.016790,0.447430,0.001932,0.058322,-0.007347
1242,0.054349,0.014291,0.435502,0.001573,0.055994,-0.008485
1243,0.052572,0.000547,0.440557,0.000466,0.055361,-0.008906
1244,-0.020120,0.017863,0.431604,0.001604,0.061609,-0.009101
1245,-0.124634,-0.037232,0.427914,-0.002993,0.070690,-0.009208
1246,0.010351,0.012363,0.440638,0.001318,0.058733,-0.007695
1247,0.023063,0.013741,0.440681,0.001386,0.057345,-0.008876
1248,0.021765,0.011716,0.437492,0.001204,0.057289,-0.008962
1249,-0.193364,-0.032964,0.440185,-0.002638,0.075381,-0.009053
1250,0.080421,0.007313,0.416356,0.000588,0.053709,-0.006949
1251,0.054873,0.014929,0.442079,0.001381,0.053781,-0.008323
1252,-0.104405,0.001546,0.443618,0.000147,0.066983,-0.009358
1253,-0.119167,-0.030687,0.420528,-0.002741,0.069821,-0.008360
1254,0.089193,0.008358,0.392972,0.000153,0.053637,-0.007926
1255,-0.014688,0.018285,0.490579,0.002316,0.056635,-0.007116
1256,-0.029289,0.007837,0.433902,0.000591,0.060822,-0.008969
1257,-0.073650,-0.022864,0.420654,-0.002173,0.065228,-0.008939
1258,0.051345,0.012077,0.440146,0.001064,0.053478,-0.008466
1259,0.081648,0.010298,0.387391,-0.000039,0.053204,-0.009503
1260,0.092761,0.004616,0.398367,-0.000370,0.050983,-0.008170
1261,0.091764,0.004721,0.398092,-0.000475,0.050312,-0.007096
1262,-0.565694,-0.119963,0.546114,-0.009188,0.098194,-0.006132
1263,0.077625,0.014693,0.390769,-0.000406,0.053512,-0.004957
1264,-0.251645,-0.049943,0.481041,-0.004555,0.076555,-0.004652
1265,0.088705,0.014189,0.389754,-0.000646,0.053057,-0.006407
1266,0.115913,0.008729,0.394090,-0.000938,0.049577,-0.005704
1267,-0.243604,-0.066191,0.464123,-0.006681,0.075996,-0.004860
1268,0.083016,0.009116,0.400560,-0.001863,0.052269,-0.011542
1269,-0.045288,-0.005430,0.488991,-0.001750,0.057889,-0.010085
1270,0.079653,0.006585,0.395116,-0.002115,0.052230,-0.012009
1271,-0.240164,-0.038168,0.462716,-0.005188,0.075573,-0.009996
1272,0.090403,0.008350,0.395502,-0.002288,0.051587,-0.015111
1273,0.070272,0.052072,0.527976,0.003344,0.045422,-0.012915
1274,-0.098494,-0.016933,0.408776,-0.003908,0.065957,-0.008980
1275,-0.113597,0.003186,0.454096,-0.001700,0.065067,-0.011855
1276,0.093378,0.011895,0.389815,-0.001573,0.051023,-0.009528
1277,0.011937,0.060637,0.483140,0.003794,0.052293,-0.008230
1278,0.085535,0.012926,0.394560,-0.001167,0.050492,-0.009726
1279,0.030217,0.009801,0.477669,-0.000189,0.049999,-0.008444
1280,0.044110,0.022937,0.443528,0.000373,0.050225,-0.010446
1281,-0.002704,0.032888,0.440375,0.001148,0.054043,-0.009018
1282,0.041790,0.035704,0.434825,0.001415,0.050273,-0.009622
1283,0.083568,0.007715,0.393364,-0.001171,0.048441,-0.009214
1284,0.029647,0.039285,0.479384,0.002679,0.047585,-0.008109
1285,0.020074,0.028301,0.442855,0.001409,0.050083,-0.008502
1286,-0.082234,-0.023174,0.426793,-0.003051,0.059439,-0.008883
1287,-0.011912,-0.005135,0.444287,-0.001412,0.052389,-0.011236
1288,0.055411,0.017840,0.431140,0.000289,0.047057,-0.011385
1289,-0.067343,0.048598,0.447543,0.003136,0.056301,-0.009125
1290,0.011509,-0.013499,0.425847,-0.001750,0.050728,-0.009136
1291,0.036972,0.010467,0.438437,0.000235,0.047369,-0.009863
1292,0.048079,0.007368,0.435777,-0.000093,0.046072,-0.008155
1293,-0.092630,0.068548,0.440365,0.004829,0.057557,-0.008134
1294,0.067690,-0.015311,0.432220,-0.001031,0.044404,-0.008671
1295,-0.038951,0.034281,0.437222,0.002425,0.052464,-0.008116
1296,0.057156,0.008034,0.426520,0.000547,0.044604,-0.008232
1297,0.064048,0.009896,0.385136,-0.000066,0.045601,-0.007500
1298,-0.037176,0.010757,0.511446,0.001899,0.046921,-0.006524
1299,0.011305,0.022172,0.426273,0.001482,0.047151,-0.009632
1300,0.018927,0.022794,0.432727,0.001969,0.045757,-0.008178
1301,-0.080128,0.020002,0.428802,0.001671,0.054083,-0.009707
1302,-0.058361,0.059030,0.426730,0.005105,0.052382,-0.006258
1303,0.063717,0.003545,0.435243,0.001305,0.041327,-0.003928
1304,-0.068136,0.031833,0.440271,0.003589,0.051824,-0.003689
1305,-0.058303,0.031531,0.428469,0.003681,0.051633,-0.003993
1306,-0.944870,0.012153,0.285068,-0.000637,0.135934,-0.004467
1307,0.037539,0.046367,0.561307,0.008347,0.040449,-0.046861
1308,0.067313,0.011880,0.421158,0.004005,0.045138,-0.032323
1309,0.063292,0.015359,0.423869,0.004391,0.044682,-0.026153
1310,0.056159,0.003362,0.440079,0.003752,0.043951,-0.020649
1311,0.049975,0.012086,0.433422,0.004343,0.044362,-0.015934
1312,0.020329,0.034384,0.426419,0.006167,0.046769,-0.012135
1313,0.047072,0.017558,0.433201,0.005348,0.043757,-0.009522
1314,0.071637,0.014759,0.422235,0.005256,0.041523,-0.008317
1315,0.030288,0.019007,0.453464,0.006107,0.042876,-0.007051
1316,0.066596,0.008813,0.434854,0.005239,0.040415,-0.006546
1317,0.049355,0.016287,0.430987,0.005894,0.041344,-0.005959
1318,-0.035940,-0.023861,0.492419,0.003390,0.045065,-0.005011
1319,-0.082965,0.010273,0.393150,0.004128,0.054139,-0.010929
1320,0.096344,-0.021555,0.426913,0.002659,0.036595,-0.009225
1321,-0.003781,0.012698,0.449742,0.005268,0.043268,-0.008017
1322,0.047121,-0.023827,0.437909,0.002555,0.039609,-0.009398
1323,-0.020373,0.014910,0.450118,0.005497,0.044222,-0.009214
1324,-0.164708,0.018405,0.415411,0.005433,0.058347,-0.009530
1325,-0.019930,0.026828,0.438123,0.006990,0.045169,-0.009738
1326,0.060266,-0.007791,0.430636,0.004489,0.038410,-0.009577
1327,-0.176556,0.034907,0.424617,0.007383,0.058421,-0.008745
1328,-0.062232,-0.154198,0.454421,-0.007402,0.047491,-0.010428
1329,-0.135054,-0.071125,0.427818,-0.002077,0.055073,-0.007765
1330,-0.023442,0.016318,0.435703,0.005109,0.045344,-0.007381
1331,-0.067348,-0.038460,0.422927,0.000622,0.049711,-0.008619
1332,-0.068440,-0.013131,0.437170,0.002627,0.049032,-0.007489
1333,-0.152397,0.004323,0.396546,0.003438,0.058550,-0.007966
1334,-0.124080,-0.032866,0.412134,0.001239,0.055672,-0.008361
1335,-0.267097,0.032740,0.389258,0.005888,0.069678,-0.009027
1336,-0.468431,0.125225,0.441787,0.014516,0.085372,-0.011780
1337,-0.092476,-0.164345,0.421551,-0.008280,0.056039,-0.013036
1338,-0.210608,-0.002841,0.417486,0.004261,0.066666,-0.011871
1339,0.219885,-0.208728,0.422682,-0.011814,0.030150,-0.011614
1340,-0.080157,-0.071116,0.420290,-0.003038,0.054654,-0.010566
1341,-0.180065,0.018561,0.435764,0.004091,0.062652,-0.010512
1342,0.096827,0.001262,0.393502,0.002592,0.041608,-0.010314
1343,0.048339,-0.093429,0.479515,-0.004211,0.040516,-0.008921
1344,-0.129553,0.020247,0.413910,0.003526,0.059052,-0.006546
1345,-0.102933,0.016397,0.470998,0.004359,0.054178,-0.008331
1346,0.001302,-0.109032,0.405807,-0.006528,0.049260,-0.007683
1347,-0.101641,0.028190,0.437033,0.003889,0.056010,-0.010652
1348,-0.091776,0.023312,0.444895,0.004082,0.055183,-0.008192
1349,0.066025,-0.128991,0.412798,-0.008410,0.043746,-0.007006
1350,-0.061485,0.042405,0.468301,0.004918,0.051003,-0.010416
1351,-0.119617,-0.047656,0.381725,-0.003250,0.061137,-0.009581
1352,-0.266966,0.099642,0.424139,0.008916,0.071497,-0.009593
1353,0.087945,-0.138115,0.451511,-0.009103,0.040748,-0.007557
1354,0.096192,-0.092714,0.439394,-0.006872,0.040135,-0.011972
1355,-0.061797,0.018282,0.455513,0.001826,0.052329,-0.005512
1356,-0.040710,0.016451,0.431707,0.001715,0.052143,-0.004613
1357,-0.266094,0.012489,0.427969,0.001164,0.072076,-0.004747
1358,-0.098482,0.023908,0.413693,0.002020,0.059515,-0.013908
1359,0.004480,0.001061,0.447080,0.001331,0.049225,-0.012621
1360,0.209657,-0.153589,0.415236,-0.012253,0.033035,-0.010447
1361,0.108088,-0.006941,0.422669,-0.001797,0.039702,-0.008325
1362,0.097042,0.008505,0.392192,-0.001449,0.041161,-0.007443
1363,0.098624,0.025724,0.499083,0.001556,0.034055,-0.006364
1364,-0.627140,0.456696,0.386336,0.035117,0.102255,-0.005685
1365,-0.230148,0.119639,0.502385,0.012876,0.066426,-0.003140
1366,0.199991,-0.114755,0.406419,-0.006369,0.036150,-0.008816
1367,0.005048,-0.018424,0.452417,0.001139,0.049117,-0.009722
1368,0.213980,-0.132797,0.423692,-0.008832,0.032473,-0.010121
1369,0.100651,0.014586,0.456270,0.002718,0.038842,-0.009470
1370,0.047734,-0.073526,0.452528,-0.004785,0.042918,-0.008208
1371,-0.056748,0.068474,0.427630,0.005823,0.052928,-0.010358
1372,0.097416,0.005038,0.392583,0.000573,0.041530,-0.008023
1373,-0.095434,0.184362,0.468217,0.016340,0.053247,-0.006887
1374,-0.077940,0.145921,0.468614,0.014277,0.052918,-0.008156
1375,0.108473,0.013125,0.419775,0.004177,0.040090,-0.007443
1376,0.139049,-0.139488,0.433914,-0.008298,0.035866,-0.007118
1377,-0.182480,0.013997,0.409377,0.002591,0.064174,-0.011390
1378,-0.152879,0.060686,0.450294,0.007459,0.060006,-0.010106
1379,0.084095,-0.125766,0.417081,-0.007826,0.042011,-0.008628
1380,-0.084854,0.061429,0.459189,0.007234,0.053642,-0.010638
1381,0.130733,-0.108437,0.434452,-0.006574,0.036814,-0.008999
1382,-0.193896,0.166574,0.419314,0.015051,0.064804,-0.006584
1383,0.097420,0.001275,0.393093,0.002566,0.041752,-0.009059
1384,-0.030314,-0.273675,0.454304,-0.019563,0.048177,-0.007818
1385,-0.077723,0.028932,0.472352,0.003671,0.051307,-0.010229
1386,0.096868,0.010319,0.423494,0.001658,0.039219,-0.009130
1387,-0.203342,0.011674,0.392662,0.000905,0.066345,-0.007913
1388,-0.398990,0.319125,0.439709,0.027546,0.081742,-0.009508
1389,-0.054855,-0.282442,0.453746,-0.019682,0.053560,-0.007415
1390,0.100743,0.004279,0.393429,0.001356,0.043236,-0.008950
1391,-0.101604,0.183217,0.491636,0.017388,0.055045,-0.007709
1392,-0.773647,-0.059580,0.247694,-0.005780,0.127696,-0.008217
1393,0.170691,0.063616,0.538178,0.009327,0.033250,-0.044590
1394,0.087370,-0.004016,0.396580,0.003233,0.047312,-0.019572
1395,0.084987,-0.003471,0.397029,0.003116,0.047024,-0.017097
1396,0.071121,0.012336,0.536300,0.006490,0.040160,-0.014910
1397,0.077001,0.000215,0.449906,0.004311,0.044064,-0.009401
1398,0.083253,-0.003028,0.396590,0.003042,0.045972,-0.009365
1399,0.074766,0.010747,0.490166,0.005490,0.041139,-0.008080
1400,0.072687,-0.001835,0.446568,0.003702,0.043289,-0.009324
1401,0.100893,0.000944,0.392445,0.002957,0.043100,-0.009702
1402,0.053175,0.012320,0.489925,0.005163,0.041340,-0.008352
1403,0.069363,0.001932,0.441832,0.003681,0.042337,-0.009697
1404,0.063419,0.006631,0.439661,0.003949,0.042470,-0.009681
1405,-0.337633,0.056383,0.398508,0.007052,0.078975,-0.009942
1406,0.084919,0.005510,0.456927,0.004690,0.040770,-0.013074
1407,0.073621,-0.001371,0.437069,0.003893,0.042273,-0.010674
1408,0.065947,0.001279,0.440922,0.004139,0.042224,-0.009243
1409,0.011122,-0.027056,0.446016,0.001708,0.046233,-0.009413
1410,0.098544,0.001742,0.424449,0.003508,0.039312,-0.010874
1411,-0.025883,-0.016012,0.451666,0.002130,0.047973,-0.009583
1412,0.019652,-0.000478,0.436738,0.003131,0.044936,-0.010628
1413,0.023681,0.028639,0.432959,0.005503,0.044484,-0.010598
1414,-0.477296,0.105964,0.409004,0.011335,0.088909,-0.010174
1415,0.031994,-0.072823,0.408795,-0.002057,0.047112,-0.012793
1416,-0.060345,-0.038575,0.451815,0.000939,0.052350,-0.011743
1417,0.068843,0.010018,0.440641,0.004602,0.041900,-0.011653
1418,0.026742,0.020877,0.436017,0.005643,0.045341,-0.010587
1419,0.073273,-0.012868,0.437325,0.002987,0.040956,-0.010179
1420,-0.002412,0.020758,0.442090,0.005465,0.046665,-0.011066
1421,0.058977,0.013874,0.437118,0.005092,0.041541,-0.010445
1422,-0.020317,-0.009751,0.443219,0.003241,0.047642,-0.009874
1423,0.030623,0.010680,0.429089,0.004576,0.043798,-0.012806
1424,0.099324,-0.008045,0.408841,0.002831,0.038300,-0.010738
1425,-0.072545,-0.000831,0.468610,0.003821,0.049325,-0.009478
1426,-0.639610,-0.502701,0.308878,-0.041243,0.108530,-0.009054
1427,0.085231,0.148156,0.509712,0.012474,0.036641,-0.068547
1428,-0.071583,0.083661,0.436487,0.008258,0.053396,-0.045187
1429,-0.048016,-0.019527,0.417354,0.000170,0.052704,-0.020666
1430,-0.146457,0.004044,0.422625,0.001767,0.060944,-0.017773
1431,0.108980,-0.019814,0.431385,0.000731,0.038772,-0.013757
1432,-0.122835,-0.011179,0.410033,0.000219,0.059170,-0.012229
1433,-0.097252,-0.003042,0.453238,0.001530,0.055395,-0.011937
1434,0.081847,0.001632,0.395635,0.000992,0.043427,-0.017842
1435,-0.224782,0.051702,0.467850,0.005881,0.065500,-0.015502
1436,-0.004517,-0.024172,0.437403,-0.000100,0.049147,-0.014472
1437,0.040390,-0.050940,0.433725,-0.002576,0.045343,-0.013943
1438,-0.161847,-0.023026,0.445563,-0.000725,0.061812,-0.014180
1439,0.007582,0.002206,0.410551,0.001002,0.049742,-0.016909
1440,-0.047038,-0.035142,0.424393,-0.001960,0.053541,-0.011686
1441,-0.096180,0.030682,0.428666,0.003075,0.057599,-0.013504
1442,-0.013255,-0.031442,0.440963,-0.001552,0.050182,-0.013074
1443,0.023335,-0.013662,0.439038,-0.000676,0.047050,-0.014376
1444,-0.287135,0.044758,0.440635,0.004014,0.073340,-0.013720
1445,0.070997,-0.031565,0.425574,-0.002075,0.044608,-0.011493
1446,0.113828,-0.041223,0.442328,-0.002635,0.039793,-0.014959
1447,-0.021650,-0.008679,0.431332,-0.000667,0.051494,-0.012981
1448,0.000106,0.028683,0.434441,0.002314,0.049422,-0.013837
1449,-0.051002,-0.000417,0.435625,0.000026,0.053734,-0.013260
1450,-0.069156,0.029908,0.433668,0.002421,0.055553,-0.013783
1451,0.062203,-0.008052,0.458249,0.000004,0.043137,-0.013313
1452,0.083700,0.003587,0.395869,-0.000045,0.044254,-0.012837
1453,0.051303,-0.004313,0.474813,0.000375,0.042233,-0.011119
1454,0.084434,0.003097,0.395008,-0.000189,0.043328,-0.011217
1455,0.071055,0.017006,0.486830,0.002227,0.038921,-0.009666
1456,0.086866,0.015268,0.432451,0.001302,0.039854,-0.008287
1457,0.055661,0.005270,0.394616,-0.000327,0.044055,-0.006773
1458,-0.257340,0.034239,0.482388,0.003113,0.066130,-0.006164
1459,0.078145,0.008356,0.393580,-0.000174,0.043008,-0.011290
1460,0.050411,0.047159,0.490945,0.004553,0.039579,-0.009962
1461,0.046294,0.026858,0.442005,0.002447,0.042284,-0.012213
1462,0.016666,0.052712,0.437452,0.004559,0.044726,-0.012119
1463,0.016141,0.035058,0.437946,0.003394,0.044565,-0.013211
1464,0.098128,0.010324,0.425247,0.001467,0.037689,-0.012819
1465,-0.013747,0.032103,0.452684,0.003427,0.045278,-0.011600
1466,0.048485,0.013373,0.435977,0.001950,0.040868,-0.013088
1467,0.064531,0.005469,0.442013,0.001349,0.038697,-0.012343
1468,0.069295,0.005850,0.394480,0.000479,0.040290,-0.011837
1469,0.003329,0.042537,0.481653,0.004801,0.040713,-0.010194
1470,0.051190,0.014479,0.432813,0.002131,0.038981,-0.012765
1471,0.092090,0.009273,0.425425,0.001676,0.035042,-0.012139
1472,-0.032056,0.030939,0.456267,0.003657,0.043573,-0.010960
1473,-0.199229,-0.034523,0.399982,-0.002503,0.061237,-0.012761
1474,0.042299,0.022307,0.455831,0.002955,0.037895,-0.010687
1475,-0.203229,-0.033058,0.400331,-0.002420,0.061765,-0.010825
1476,-0.279683,-0.024347,0.422001,-0.001762,0.067864,-0.009247
1477,0.090615,0.004781,0.392201,0.000630,0.038441,-0.008384
1478,-0.420581,-0.190405,0.464413,-0.015084,0.078018,-0.007124
1479,-0.146874,0.066604,0.398320,0.004841,0.059827,-0.027523
1480,-0.188276,-0.021553,0.424369,-0.001563,0.062617,-0.012786
1481,-0.154283,-0.008460,0.413543,-0.000904,0.061025,-0.011575
1482,-0.169205,0.004475,0.434359,0.000468,0.061772,-0.010339
1483,-0.056365,0.137036,0.447285,0.012185,0.051997,-0.010070
1484,0.097407,0.003171,0.393649,0.001642,0.041744,-0.011438
1485,-0.349091,-0.126680,0.468507,-0.008592,0.075673,-0.009867
1486,-0.218408,-0.026008,0.402415,-0.001758,0.069940,-0.019487
1487,-0.113207,-0.000758,0.412095,0.000543,0.061377,-0.015497
1488,-0.144444,0.008382,0.434881,0.001588,0.063287,-0.013007
1489,0.057752,0.085867,0.455553,0.008832,0.045406,-0.011290
1490,-0.110802,-0.031393,0.406729,-0.001114,0.062599,-0.011670
1491,0.022801,0.004763,0.476117,0.002773,0.047774,-0.010116
1492,0.105015,0.003422,0.393088,0.001754,0.044961,-0.009794
1493,0.109006,0.012878,0.429156,0.003000,0.041637,-0.008385
1494,0.004769,0.023892,0.486852,0.004525,0.047294,-0.007939
1495,0.045418,0.066356,0.444060,0.007700,0.046558,-0.008762
1496,0.079884,0.038405,0.438592,0.005810,0.043620,-0.011974
1497,0.068617,-0.011960,0.443549,0.001751,0.043842,-0.011655
1498,0.072174,0.014854,0.435808,0.003695,0.043532,-0.010531
1499,0.105082,0.009823,0.423322,0.003303,0.040658,-0.010207
1500,-0.004035,0.052282,0.460145,0.007146,0.047601,-0.009423
1501,0.072879,0.011285,0.436317,0.003794,0.042409,-0.011753
1502,0.067384,0.006724,0.443514,0.003615,0.042039,-0.010643
1503,0.043810,0.002878,0.443058,0.003164,0.043647,-0.010733
1504,0.065897,0.019981,0.435156,0.004276,0.041767,-0.011140
1505,0.066813,-0.017635,0.445736,0.001601,0.040711,-0.010451
1506,0.058678,0.013366,0.436188,0.003691,0.041369,-0.009728
1507,0.033404,0.010284,0.443060,0.003630,0.042768,-0.010267
1508,0.099196,0.003876,0.422146,0.002834,0.037592,-0.010511
1509,0.096808,-0.006154,0.408400,0.001699,0.037376,-0.009482
1510,0.090441,0.011916,0.441639,0.003478,0.034910,-0.008305
1511,0.087165,0.001976,0.390803,0.001902,0.036885,-0.007389
1512,0.085171,0.002103,0.390558,0.001776,0.035999,-0.006260
1513,0.090333,-0.029490,0.456780,0.000015,0.030788,-0.005251
1514,0.075152,-0.040747,0.453641,-0.001839,0.031138,-0.005106
1515,0.078897,0.005133,0.389834,0.000039,0.033161,-0.003786
1516,0.074814,-0.026935,0.436730,-0.002133,0.029961,-0.003050
1517,0.085128,0.048377,0.465578,0.003996,0.026187,-0.002143
1518,-4.516517,-1.169558,0.406319,-0.102431,0.429872,-0.000718
1519,0.158270,0.048291,0.443737,0.000739,0.047562,-0.062085
1520,0.126119,0.015678,0.402003,-0.001996,0.051430,-0.051921
1521,0.130126,0.019081,0.403731,-0.001679,0.050075,-0.045776
1522,-0.220665,0.020836,0.347846,-0.002433,0.082573,-0.040098
1523,0.128406,0.019745,0.410327,-0.001057,0.049553,-0.010166
1524,-0.002309,0.202930,0.484510,0.014937,0.056849,-0.009139
1525,0.135353,0.023373,0.417557,0.000788,0.049163,-0.011858
1526,0.076483,0.013848,0.421647,-0.000098,0.053391,-0.010812
1527,0.086518,0.008001,0.400862,-0.000961,0.053536,-0.009827
1528,0.123349,-0.034490,0.466671,-0.003577,0.046270,-0.008339
1529,0.115716,0.010673,0.394531,-0.001980,0.049690,-0.008120
1530,0.124536,0.029499,0.480850,0.000838,0.043077,-0.006836
1531,-0.167602,-0.035981,0.497274,-0.004735,0.067725,-0.007021
1532,0.118329,0.011358,0.419083,-0.001105,0.048885,-0.016377
1533,0.066600,0.001690,0.399995,-0.002479,0.053863,-0.013902
1534,0.067229,-0.020552,0.488873,-0.003275,0.048912,-0.012043
1535,0.089931,0.053649,0.467172,0.001770,0.047713,-0.013675
1536,0.087344,-0.006707,0.419184,-0.003562,0.050230,-0.012669
1537,0.057606,0.049087,0.467269,0.001298,0.049800,-0.011978
1538,0.124684,0.019304,0.420415,-0.001247,0.046121,-0.012607
1539,0.057037,0.039653,0.466197,0.000869,0.048872,-0.011658
1540,0.078263,-0.005028,0.424055,-0.003517,0.049253,-0.012774
1541,0.095954,0.089642,0.455918,0.004432,0.045448,-0.012417
1542,0.081009,0.042182,0.447926,0.001160,0.046816,-0.012578
1543,0.068720,-0.001961,0.431750,-0.002815,0.048357,-0.013155
1544,0.067418,0.001971,0.440186,-0.002836,0.047513,-0.012825
1545,0.063865,0.001465,0.442160,-0.003025,0.047262,-0.012191
1546,0.083692,0.068198,0.456522,0.002635,0.044272,-0.011746
1547,0.073928,0.057801,0.442107,0.002009,0.045444,-0.013261
1548,0.069968,0.049892,0.441562,0.001637,0.045388,-0.013412
1549,0.062718,0.039775,0.437725,0.000954,0.045765,-0.013496
1550,0.049356,0.032104,0.441649,0.000588,0.046250,-0.013567
1551,-0.110210,-0.039108,0.413752,-0.005842,0.060747,-0.013637
1552,-0.034706,0.026447,0.444587,-0.000308,0.052962,-0.021995
1553,-0.028324,-0.019963,0.421300,-0.004231,0.054034,-0.012794
1554,0.047221,0.036292,0.456721,0.000821,0.045510,-0.018847
1555,0.080189,-0.011160,0.423438,-0.003340,0.044040,-0.014443
1556,0.044970,0.041822,0.454621,0.001042,0.044677,-0.013065
1557,0.055579,0.022879,0.438065,-0.000317,0.044355,-0.013023
1558,-0.052798,-0.024404,0.434319,-0.004319,0.053427,-0.012468
1559,-0.049070,-0.004614,0.431674,-0.003054,0.053189,-0.013729
1560,-0.045111,-0.001935,0.431091,-0.002851,0.052868,-0.013780
1561,0.008272,0.099226,0.443364,0.005784,0.047745,-0.013697
1562,0.067045,0.010338,0.430040,-0.000830,0.043263,-0.014950
1563,0.014483,-0.027361,0.441614,-0.003927,0.046558,-0.013337
1564,0.053209,-0.002573,0.436620,-0.002244,0.043150,-0.013768
1565,0.023086,0.025360,0.441305,0.000021,0.045016,-0.013142
1566,0.044370,0.000489,0.442252,-0.001846,0.042843,-0.013467
1567,0.048570,-0.001069,0.437036,-0.002151,0.042287,-0.012967
1568,0.036397,-0.018125,0.432541,-0.003745,0.042982,-0.012717
1569,0.000252,-0.035243,0.427669,-0.005530,0.045820,-0.013156
1570,-0.026985,0.043047,0.458618,0.001058,0.046344,-0.014413
1571,0.062497,0.011631,0.424441,-0.001567,0.040375,-0.015188
1572,0.045964,0.007015,0.439552,-0.001739,0.040295,-0.013558
1573,0.001332,-0.032886,0.427823,-0.005369,0.044244,-0.012830
1574,0.021415,0.024467,0.445339,-0.000609,0.041234,-0.013379
1575,-0.301428,0.229583,0.435642,0.016136,0.070210,-0.013569
1576,-0.137594,-0.122055,0.348559,-0.011383,0.062310,-0.002191
1577,-0.091400,-0.071088,0.438167,-0.007638,0.053036,-0.027665
1578,0.059787,0.072762,0.493176,0.004661,0.036803,-0.033889
1579,0.025629,0.039627,0.436370,0.002414,0.042561,-0.025628
1580,-0.038935,-0.025685,0.439500,-0.002997,0.047625,-0.018845
1581,-0.032442,-0.005810,0.432979,-0.001856,0.047283,-0.020324
1582,0.028379,0.003157,0.429500,-0.001114,0.042158,-0.019704
1583,0.023367,-0.000935,0.432290,-0.001434,0.041946,-0.015287
1584,-0.034879,-0.017415,0.433459,-0.002808,0.046540,-0.015838
1585,0.000297,-0.004078,0.429978,-0.001823,0.043607,-0.018848
1586,-0.016484,-0.010342,0.446465,-0.002145,0.043894,-0.019977
1587,-0.036253,-0.019374,0.436069,-0.003107,0.046029,-0.018585
1588,-0.002758,-0.008362,0.433312,-0.002354,0.043172,-0.019092
1589,0.007422,0.011434,0.432737,-0.000839,0.042090,-0.018931
1590,0.033997,0.045592,0.424409,0.001786,0.039771,-0.015487
1591,0.017466,0.004085,0.437770,-0.000886,0.040077,-0.014384
1592,0.023567,0.019617,0.433244,0.000352,0.039376,-0.012872
1593,-0.000049,-0.004475,0.431098,-0.001578,0.041165,-0.016042
1594,-0.007028,-0.002469,0.459877,-0.001100,0.039952,-0.016602
1595,-0.042454,-0.007307,0.435059,-0.001915,0.044133,-0.016094
1596,-0.063953,-0.006422,0.406398,-0.002325,0.047431,-0.015839
1597,-0.099949,-0.020741,0.413799,-0.003445,0.050072,-0.016222
1598,-0.064578,-0.051692,0.461468,-0.005344,0.044647,-0.016805
1599,-0.086935,-0.016410,0.404017,-0.003544,0.049769,-0.014971
1600,-0.133727,-0.110911,0.393376,-0.011794,0.054398,-0.017283
1601,-0.196396,-0.012027,0.406035,-0.004129,0.059394,-0.015099
1602,-0.256614,-0.060101,0.388408,-0.008593,0.066195,-0.017622
1603,-0.294568,-0.140424,0.386002,-0.015665,0.070340,-0.017823
1604,-0.164866,0.041270,0.536730,0.001454,0.052379,-0.016106
1605,-0.049323,0.029187,0.394650,-0.001101,0.051013,-0.012287
1606,-0.139244,-0.133465,0.392867,-0.014442,0.058888,-0.017913
1607,-0.153977,-0.023165,0.438754,-0.005717,0.058072,-0.016078
1608,-0.068917,0.016798,0.471600,-0.001792,0.049741,-0.016374
1609,-0.096546,-0.057613,0.385561,-0.009207,0.056950,-0.013068
1610,-0.069481,0.013655,0.464562,-0.002401,0.050647,-0.017602
1611,-0.057542,0.009515,0.432753,-0.003151,0.051622,-0.016911
1612,-0.008317,0.097437,0.449876,0.004458,0.046646,-0.014183
1613,-0.014431,0.079590,0.425208,0.003481,0.048474,-0.015508
1614,-0.063754,0.044696,0.423942,0.000958,0.052891,-0.015485
1615,-0.046526,-0.027614,0.428009,-0.004264,0.051752,-0.016428
1616,-0.053756,-0.015775,0.430229,-0.003614,0.052415,-0.015611
1617,-0.027575,-0.110398,0.432661,-0.011536,0.049712,-0.015806
1618,-0.201871,-0.024952,0.418790,-0.005606,0.065842,-0.018809
1619,-0.074142,0.023554,0.436681,-0.001183,0.055023,-0.016172
1620,-0.023663,0.008203,0.432053,-0.001875,0.051349,-0.014284
1621,-0.001658,-0.027642,0.444792,-0.004713,0.048853,-0.012972
1622,-0.090415,0.008677,0.427326,-0.002921,0.057270,-0.012107
1623,-0.009741,0.020339,0.443438,-0.001319,0.049865,-0.011068
1624,-0.002185,0.009077,0.428018,-0.002107,0.050181,-0.010803
1625,0.108702,-0.014489,0.438905,-0.003612,0.039748,-0.010029
1626,-0.014456,-0.104576,0.444669,-0.011788,0.049398,-0.009240
1627,0.102108,0.004487,0.408816,-0.003908,0.041101,-0.015292
1628,-0.056538,0.000772,0.464197,-0.003844,0.051371,-0.013458
1629,0.053975,0.018459,0.447268,-0.002647,0.043216,-0.015397
1630,0.050912,0.016371,0.446436,-0.002596,0.043249,-0.014933
1631,0.049534,0.015211,0.439492,-0.002787,0.043445,-0.012817
1632,0.049472,0.014210,0.437192,-0.002911,0.043246,-0.014593
1633,0.042663,0.011084,0.441308,-0.003128,0.043263,-0.012579
1634,0.034040,0.009450,0.439508,-0.003378,0.043776,-0.011176
1635,0.047243,0.018342,0.438424,-0.002582,0.042413,-0.010104
1636,0.022995,-0.004959,0.429700,-0.004546,0.044632,-0.012094
1637,0.045292,-0.004593,0.441428,-0.004475,0.041816,-0.015526
1638,0.040357,0.016940,0.446984,-0.002838,0.041579,-0.015125
1639,0.093776,0.012468,0.391871,-0.003873,0.039455,-0.013002
1640,0.099571,-0.008202,0.440961,-0.004865,0.035202,-0.011196
1641,-0.099347,-0.030956,0.462633,-0.007110,0.050734,-0.010287
1642,-0.051372,-0.045279,0.437319,-0.008537,0.048699,-0.016475
1643,0.035770,-0.010646,0.434298,-0.006020,0.041317,-0.020243
1644,-0.094120,-0.014200,0.431700,-0.006615,0.052202,-0.018444
1645,-0.054704,0.139498,0.422414,0.006070,0.049265,-0.018070
1646,-0.077448,-0.009956,0.433116,-0.005708,0.050986,-0.012504
1647,-0.034185,-0.026220,0.420992,-0.006881,0.048401,-0.016009
1648,-0.117573,0.156582,0.453771,0.008615,0.053824,-0.016442
1649,-0.058339,-0.026961,0.419206,-0.005875,0.051135,-0.014668
1650,-0.038544,-0.012634,0.427992,-0.004737,0.049135,-0.016526
1651,-0.034683,0.021551,0.441780,-0.001781,0.047908,-0.014711
1652,-0.049850,-0.005086,0.420325,-0.004270,0.050518,-0.013674
1653,-0.007523,-0.015043,0.441620,-0.004667,0.045972,-0.012746
1654,-0.038673,-0.034508,0.416757,-0.006791,0.049831,-0.013186
1655,-0.044127,-0.009929,0.444989,-0.004500,0.048849,-0.017297
1656,-0.020023,0.011058,0.444589,-0.002762,0.046684,-0.015465
1657,-0.077010,-0.022973,0.411376,-0.006111,0.053375,-0.013958
1658,-0.005658,-0.040542,0.433513,-0.007256,0.046384,-0.014500
1659,-0.003661,-0.024674,0.436516,-0.006127,0.045967,-0.015470
1660,-0.012678,-0.013030,0.437917,-0.005359,0.046505,-0.015088
1661,0.007654,0.073091,0.459433,0.002103,0.043505,-0.015425
1662,-0.040120,0.022880,0.426649,-0.002107,0.049235,-0.014810
1663,-0.082263,0.049603,0.428256,0.000103,0.052864,-0.014184
1664,-0.053564,-0.017239,0.415368,-0.005030,0.051601,-0.014752
1665,-0.052091,-0.001817,0.437644,-0.003707,0.050306,-0.013177
1666,-0.133985,-0.019159,0.420338,-0.005437,0.058516,-0.011886
1667,-0.038336,-0.004019,0.441798,-0.003847,0.049554,-0.011588
1668,-0.042297,-0.049798,0.415939,-0.007889,0.051360,-0.012498
1669,-0.084606,-0.062711,0.421296,-0.009234,0.054925,-0.016422
1670,-0.042453,0.001188,0.411247,-0.004463,0.052115,-0.018099
1671,-0.022460,-0.021409,0.472205,-0.005120,0.047163,-0.017249
1672,-0.096255,-0.012606,0.427745,-0.005559,0.055886,-0.015387
1673,0.011452,0.015780,0.453742,-0.002778,0.045518,-0.014088
1674,-0.023827,-0.009445,0.416681,-0.005178,0.050504,-0.012509
1675,-0.023328,0.012323,0.443305,-0.003188,0.048997,-0.012374
1676,-0.032406,-0.006431,0.426035,-0.004832,0.050807,-0.011487
1677,-0.034882,0.013296,0.437798,-0.003196,0.050371,-0.011165
1678,-0.062204,-0.034302,0.416458,-0.007154,0.053948,-0.011507
1679,-0.052369,-0.014238,0.436204,-0.005330,0.052464,-0.016666
1680,-0.018182,-0.000541,0.447199,-0.004110,0.049168,-0.016286
1681,-0.027244,0.023022,0.432547,-0.002515,0.050632,-0.014654
1682,-0.035230,0.004569,0.433055,-0.003771,0.051357,-0.013080
1683,-0.003589,0.005033,0.439353,-0.003660,0.048271,-0.011807
1684,-0.022724,-0.006976,0.432875,-0.004594,0.050325,-0.013131
1685,-0.020657,0.002802,0.431790,-0.004019,0.050231,-0.011949
1686,-0.000249,0.001101,0.427574,-0.004164,0.048660,-0.012070
1687,-0.010793,-0.026028,0.432069,-0.006375,0.049294,-0.012630
1688,0.006083,-0.001233,0.449400,-0.004072,0.046925,-0.014861
1689,-0.034897,-0.005870,0.421604,-0.005028,0.051859,-0.013929
1690,0.011742,0.019167,0.449740,-0.002675,0.046288,-0.012620
1691,-0.015774,0.001298,0.433099,-0.004119,0.049505,-0.013419
1692,-0.041974,0.008072,0.428306,-0.003775,0.051981,-0.012910
1693,-0.002109,0.020763,0.449577,-0.002341,0.047491,-0.012626
1694,-0.027131,-0.000329,0.427969,-0.004201,0.050806,-0.012306
1695,0.022396,-0.003434,0.427771,-0.004446,0.046531,-0.011392
1696,0.103165,-0.001012,0.426823,-0.004083,0.039097,-0.011807
1697,-0.109105,-0.069270,0.425555,-0.010280,0.056821,-0.010598
1698,0.100945,0.003067,0.417821,-0.004523,0.039336,-0.017004
1699,0.024992,0.013160,0.414001,-0.004092,0.045648,-0.015101
1700,-0.548628,-0.517007,0.467056,-0.047579,0.092080,-0.013266
1701,-0.115838,0.080235,0.434770,-0.000955,0.058649,-0.016284
1702,-0.080825,0.294803,0.442760,0.017743,0.056348,-0.016764
1703,0.074021,0.066718,0.426511,0.000784,0.044387,-0.010438
1704,-0.013410,0.001324,0.429087,-0.004890,0.051207,-0.011434
1705,-0.004567,0.010930,0.442174,-0.003907,0.049803,-0.010293
1706,-0.005644,0.031797,0.458610,-0.001758,0.048962,-0.010024
1707,0.001128,-0.005665,0.410477,-0.005085,0.051088,-0.010006
1708,0.003383,-0.116759,0.439105,-0.014339,0.049243,-0.010292
1709,-0.011739,0.010544,0.428193,-0.004684,0.050932,-0.013352
1710,-0.020086,0.008369,0.440173,-0.004711,0.050962,-0.012722
1711,-0.010689,0.013128,0.434913,-0.004367,0.050459,-0.011591
1712,0.101069,0.014568,0.393232,-0.004669,0.042828,-0.010726
1713,0.099416,0.014464,0.392609,-0.004689,0.042029,-0.009197
1714,0.101415,0.003346,0.454738,-0.004667,0.037368,-0.007830
1715,-0.703348,-0.462675,0.553063,-0.043564,0.102400,-0.008960
1716,0.176773,0.043761,0.391068,-0.005871,0.038328,-0.007577
1717,0.108449,0.035238,0.410741,-0.006038,0.041359,-0.006193
1718,-0.501171,0.443247,0.364099,0.027065,0.096298,-0.005093
1719,0.138720,-0.037207,0.499899,-0.005457,0.036679,0.003617
1720,0.103429,0.013848,0.393084,-0.004094,0.043931,-0.001892
1721,-0.089048,-0.082292,0.405910,-0.012152,0.059384,-0.001321
1722,-0.243361,-0.104203,0.427764,-0.014471,0.072920,-0.014634
1723,0.119085,0.077561,0.532424,0.001617,0.036765,-0.033795
1724,0.033909,0.056469,0.419928,-0.000949,0.049506,-0.025582
1725,0.077448,0.055508,0.436095,-0.000410,0.044754,-0.013933
1726,0.020972,-0.001367,0.434423,-0.004954,0.049328,-0.009455
1727,0.079686,0.030878,0.432695,-0.002382,0.044098,-0.008826
1728,0.102775,0.013341,0.393272,-0.003969,0.043618,-0.007118
1729,0.107532,-0.003254,0.445337,-0.004558,0.039257,-0.005990
1730,0.099673,0.027689,0.424353,-0.002723,0.039809,-0.007383
1731,0.098860,0.001315,0.418957,-0.004745,0.039115,-0.006115
1732,0.097303,0.005343,0.410848,-0.004746,0.038510,-0.005469
1733,-0.120543,-0.044817,0.630693,-0.006217,0.045981,-0.004799
1734,-1.419068,0.171131,0.409059,0.007471,0.171866,-0.005512
1735,-0.581993,0.240529,0.398600,0.015453,0.108592,-0.057563
1736,0.253916,0.007118,0.364567,0.000593,0.041329,-0.032241
1737,0.114654,0.006216,0.394289,0.000428,0.049236,-0.028564
1738,0.045327,-0.003609,0.426811,-0.000019,0.052938,-0.025182
1739,0.086463,0.019512,0.431023,0.001880,0.049029,-0.017854
1740,0.032702,-0.056779,0.515030,-0.002900,0.048967,-0.015193
1741,0.112882,0.006097,0.394017,0.000476,0.048390,-0.016318
1742,0.099121,-0.017640,0.419143,-0.001178,0.047362,-0.014168
1743,0.051602,-0.022897,0.475741,-0.001318,0.047901,-0.013069
1744,0.066409,-0.070188,0.433395,-0.006107,0.048747,-0.011911
1745,0.051158,-0.030539,0.457790,-0.002988,0.048340,-0.013114
1746,0.112681,0.000165,0.409856,-0.001101,0.045099,-0.013962
1747,0.111393,-0.000621,0.412497,-0.001262,0.043922,-0.012189
1748,0.104287,0.008213,0.393071,-0.000984,0.044465,-0.010635
1749,0.015756,0.002235,0.409138,-0.001513,0.051106,-0.009076
1750,0.104328,0.008046,0.392961,-0.000909,0.044411,-0.008308
1751,0.054725,0.043212,0.576168,0.004718,0.038131,-0.006999
1752,0.102538,0.007190,0.392679,-0.000510,0.043610,-0.006532
1753,0.111025,0.016476,0.439530,0.001022,0.039094,-0.005421
1754,0.101450,-0.033600,0.470064,-0.002679,0.036961,-0.005124
1755,0.096444,-0.003347,0.415617,-0.001773,0.039015,-0.005168
1756,-1.082044,-0.231137,0.423845,-0.022162,0.140640,-0.004515
1757,-0.288260,0.058493,0.435909,0.002379,0.077391,-0.019355
1758,-0.270544,0.087407,0.416361,0.005565,0.078706,-0.012614
1759,0.130229,-0.015485,0.461782,-0.000630,0.042842,-0.008744
1760,0.086907,-0.030012,0.435199,-0.002683,0.047089,-0.008116
1761,0.111083,-0.003307,0.417142,-0.001099,0.045256,-0.010525
1762,0.061066,-0.046836,0.475246,-0.004238,0.045974,-0.009377
1763,0.107877,0.008517,0.393394,-0.001084,0.046008,-0.013093
1764,0.065705,-0.017460,0.477229,-0.002098,0.044406,-0.011348
1765,0.072379,-0.009181,0.440929,-0.002108,0.045430,-0.011865
1766,0.106150,-0.002932,0.420073,-0.001979,0.042877,-0.012032
1767,-0.024384,-0.051166,0.439398,-0.006109,0.052353,-0.010691
1768,-0.008513,-0.047027,0.436513,-0.006039,0.051294,-0.013314
1769,0.104709,-0.002678,0.424437,-0.002845,0.041776,-0.014548
1770,-0.080987,-0.066505,0.434175,-0.008526,0.056636,-0.012846
1771,0.024687,-0.007956,0.458006,-0.003572,0.046630,-0.016609
1772,0.061407,0.029498,0.447441,-0.000585,0.043715,-0.015559
1773,-0.046972,0.064208,0.432707,0.002165,0.053558,-0.012112
1774,0.117411,-0.009681,0.433021,-0.003135,0.039169,-0.006774
1775,-0.087058,-0.055136,0.413244,-0.007950,0.056874,-0.006929
1776,0.027249,0.022975,0.464254,-0.000912,0.044628,-0.018042
1777,0.104717,-0.001030,0.421268,-0.003337,0.039781,-0.011690
1778,-0.156442,-0.048461,0.441995,-0.007484,0.060441,-0.010272
1779,-0.039221,0.012573,0.424330,-0.002757,0.051826,-0.012600
1780,0.099488,0.021119,0.416443,-0.001896,0.039965,-0.011445
1781,-0.331648,0.099980,0.450643,0.004859,0.075019,-0.009773
1782,-0.094455,0.028691,0.435600,0.000273,0.057440,-0.009711
1783,-0.063223,-0.111711,0.412302,-0.011676,0.056249,-0.009172
1784,0.043963,0.041571,0.448059,0.000714,0.044846,-0.015698
1785,0.101822,0.019401,0.416688,-0.001087,0.040927,-0.010670
1786,0.099718,0.018290,0.415257,-0.001064,0.040084,-0.009127
1787,0.097420,-0.016034,0.442035,-0.003441,0.037712,-0.007736
1788,0.097784,-0.002575,0.417832,-0.003213,0.037745,-0.007140
1789,-0.724617,-0.357809,0.383344,-0.034286,0.109344,-0.006148
1790,0.096054,0.014003,0.392305,-0.004693,0.040614,-0.027241
1791,-0.894546,-0.066359,0.369670,-0.012787,0.126872,-0.024052
1792,-1.261903,0.414574,0.486891,0.028484,0.158963,-0.002408
1793,0.133841,-0.121763,0.538986,-0.007364,0.044110,0.003286
1794,0.121393,0.009532,0.393722,-0.000671,0.051685,-0.010864
1795,0.118581,0.008782,0.394689,-0.000769,0.050932,-0.009411
1796,0.123499,0.000461,0.413655,-0.001214,0.048463,-0.008051
1797,0.114644,0.009033,0.394304,-0.001017,0.049198,-0.007074
1798,0.038214,0.007939,0.405142,-0.001206,0.054903,-0.005962
1799,0.121896,-0.040726,0.508918,-0.003404,0.041735,-0.004941
1800,-0.112116,-0.141098,0.493864,-0.013282,0.062513,-0.005497
1801,0.125404,0.003466,0.413051,-0.002673,0.047099,-0.014960
1802,0.113531,0.000079,0.419063,-0.003078,0.046625,-0.013098
1803,0.110476,0.011689,0.393840,-0.002758,0.047175,-0.011574
1804,-0.140895,-0.074793,0.502673,-0.008734,0.062829,-0.010012
1805,0.114311,0.001754,0.419965,-0.003633,0.046065,-0.017057
1806,-0.013636,-0.012845,0.482729,-0.004342,0.053215,-0.014996
1807,0.104185,0.005043,0.414934,-0.003782,0.046825,-0.014941
1808,0.026646,0.095910,0.470706,0.004372,0.049905,-0.013287
1809,0.057360,-0.013954,0.432193,-0.004493,0.049275,-0.009826
1810,0.041403,-0.021605,0.433520,-0.005422,0.050082,-0.012133
1811,0.078112,0.002481,0.444965,-0.003545,0.045903,-0.012801
1812,0.076094,0.022503,0.444515,-0.001961,0.045576,-0.011926
1813,0.106041,0.012561,0.393191,-0.003462,0.045021,-0.010147
1814,-0.115876,-0.083487,0.452411,-0.010868,0.060290,-0.008718
1815,0.115157,0.025101,0.436264,-0.002295,0.041327,-0.015389
1816,0.106249,0.000699,0.416035,-0.004547,0.041999,-0.012793
1817,-0.520286,0.286587,0.437405,0.018667,0.094936,-0.011411
1818,0.154179,-0.024583,0.477322,-0.002405,0.037411,0.002549
1819,0.104402,0.009740,0.392960,-0.001819,0.044453,-0.000013
1820,0.109071,-0.008103,0.434544,-0.002719,0.040640,0.000352
1821,-0.033230,0.026339,0.470532,-0.000048,0.050974,0.000035
1822,-0.335930,-0.064866,0.392962,-0.008389,0.081909,-0.003433
1823,-0.242954,-0.057690,0.428235,-0.007260,0.073225,-0.017704
1824,0.112194,-0.009470,0.424635,-0.003099,0.043558,-0.016209
1825,0.104983,0.010549,0.393111,-0.002394,0.044674,-0.014671
1826,-0.210236,0.172448,0.496632,0.012138,0.066187,-0.012817
1827,-0.066470,-0.063850,0.439606,-0.006949,0.058322,-0.003606
1828,-0.065971,-0.056488,0.456649,-0.006219,0.057547,-0.014768
1829,0.110292,0.020177,0.408098,-0.001190,0.044759,-0.015255
1830,0.107167,0.017798,0.409044,-0.001160,0.043870,-0.013065
1831,-0.425814,0.201267,0.444649,0.014196,0.088021,-0.011169
1832,0.030050,0.043007,0.439367,0.003961,0.051951,0.000240
1833,-0.391026,-0.269156,0.424871,-0.022284,0.088436,0.000022
1834,-0.316670,-0.171429,0.445039,-0.015894,0.082172,-0.024575
1835,0.113820,0.012120,0.394224,-0.002719,0.048741,-0.023562
1836,0.042892,0.023872,0.401484,-0.001812,0.054032,-0.020770
1837,0.087575,0.012764,0.397670,-0.002279,0.050419,-0.018202
1838,0.078359,0.058813,0.531021,0.003760,0.043428,-0.015934
1839,0.077994,-0.019451,0.445924,-0.003223,0.047834,-0.012452
1840,0.056883,-0.002282,0.449953,-0.002259,0.048878,-0.011358
1841,0.075611,-0.006123,0.441650,-0.002698,0.047377,-0.011414
1842,0.083662,-0.002113,0.428724,-0.002780,0.046834,-0.010686
1843,0.017244,-0.016869,0.443252,-0.004015,0.051165,-0.009597
1844,-0.028011,-0.067063,0.427165,-0.008560,0.055802,-0.012479
1845,0.083536,0.001788,0.430913,-0.003373,0.045820,-0.015165
1846,-0.007065,-0.005572,0.458434,-0.003744,0.051431,-0.013446
1847,-0.008693,0.059557,0.427077,0.001060,0.053065,-0.012890
1848,-0.031659,0.008970,0.435310,-0.002451,0.054612,-0.011854
1849,-0.019653,0.010976,0.431376,-0.002273,0.053806,-0.011918
1850,-0.023680,0.053109,0.441417,0.001560,0.053681,-0.011802
1851,0.005596,0.044837,0.434096,0.001212,0.051634,-0.009597
1852,-0.294004,0.190075,0.416694,0.013063,0.078808,-0.007602
1853,0.127848,-0.035566,0.461958,-0.002207,0.041209,0.001945
1854,0.024339,-0.067280,0.415320,-0.006699,0.051220,-0.001617
1855,0.057021,0.006753,0.399105,-0.001315,0.049102,-0.007793
1856,0.049801,-0.028692,0.490246,-0.002814,0.044439,-0.006668
1857,0.036542,-0.034117,0.434187,-0.004412,0.048061,-0.009179
1858,-0.058514,-0.116297,0.430627,-0.011663,0.056165,-0.010886
1859,0.029837,-0.024540,0.445195,-0.004715,0.047732,-0.013208
1860,0.045516,-0.001983,0.434235,-0.003137,0.046570,-0.011984
1861,0.073494,-0.003642,0.429901,-0.003378,0.043949,-0.011752
1862,-0.002339,-0.039466,0.434046,-0.006594,0.049637,-0.010585
1863,0.064893,0.002331,0.444566,-0.003261,0.042960,-0.012558
1864,-0.019617,-0.043665,0.431949,-0.007406,0.050453,-0.011628
1865,0.052875,0.000362,0.449001,-0.003831,0.043116,-0.013674
1866,0.041265,-0.005652,0.438547,-0.004580,0.044201,-0.012737
1867,0.036974,-0.006971,0.438522,-0.004849,0.044090,-0.012208
1868,0.035604,-0.007244,0.438241,-0.005036,0.043757,-0.011941
1869,0.027425,-0.010546,0.437524,-0.005483,0.044032,-0.011800
1870,-0.036336,-0.048239,0.433254,-0.008913,0.049367,-0.011817
1871,0.097796,0.001653,0.413157,-0.005361,0.038478,-0.013790
1872,0.094197,0.002022,0.420678,-0.005521,0.037120,-0.012126
1873,-0.224725,-0.109133,0.444900,-0.015066,0.062898,-0.010734
1874,-0.900266,0.495197,0.396133,0.033438,0.126179,-0.018512
1875,0.147471,-0.122589,0.507042,-0.009250,0.034604,0.022755
1876,-0.495938,-0.175368,0.291427,-0.020433,0.099988,0.009919
1877,0.111501,-0.008558,0.432116,-0.004620,0.041887,-0.037114
1878,0.103418,0.012185,0.394479,-0.003861,0.043483,-0.033403
1879,0.121059,0.069973,0.521865,0.003130,0.033674,-0.029619
1880,0.098273,0.010596,0.392339,-0.002692,0.041604,-0.020301
1881,0.094073,0.019068,0.443904,-0.001151,0.038047,-0.017806
1882,0.094183,0.010015,0.391833,-0.002484,0.039821,-0.014329
1883,-0.044392,0.012263,0.410320,-0.002371,0.050923,-0.012436
1884,-0.051483,0.034611,0.540337,0.002047,0.045057,-0.010602
1885,-1.114399,0.433971,0.396282,0.032242,0.145958,-0.010043
1886,0.185028,-0.051969,0.480186,-0.001057,0.035043,0.008352
1887,0.104222,0.005457,0.392875,0.000867,0.044554,0.003985
1888,-0.488731,-0.361670,0.380560,-0.030616,0.096188,0.003953
1889,-0.228897,0.178670,0.442593,0.013631,0.072876,-0.027867
1890,0.126510,0.017476,0.415959,0.002564,0.044785,-0.002806
1891,0.108442,0.004579,0.393383,0.001291,0.046466,-0.002096
1892,0.106555,0.004557,0.393170,0.001241,0.045633,-0.001531
1893,-0.396256,-0.361344,0.464095,-0.028922,0.084942,-0.001033
1894,-0.390022,-0.372233,0.557184,-0.031900,0.082410,-0.022827
1895,0.203832,0.054171,0.400109,-0.001055,0.040784,-0.039115
1896,0.110965,0.013891,0.394038,-0.004033,0.047264,-0.034360
1897,0.120845,0.058668,0.473666,0.001050,0.040912,-0.030435
1898,0.035091,0.027659,0.445053,-0.001222,0.049520,-0.023412
1899,0.108328,0.017175,0.416862,-0.001858,0.044543,-0.018834
1900,0.009535,0.103568,0.464298,0.005922,0.050145,-0.015554
1901,0.107132,0.010168,0.393350,-0.002126,0.045611,-0.014757
1902,0.108430,0.017451,0.452142,-0.000619,0.041160,-0.012797
1903,-0.928554,0.447355,0.386038,0.033086,0.135321,-0.011234
1904,0.198755,-0.122208,0.538875,-0.005124,0.035040,0.025821
1905,0.047187,-0.025123,0.426928,-0.001993,0.051825,0.014529
1906,0.084867,0.001902,0.419473,-0.000151,0.048600,0.008553
1907,0.075194,-0.008941,0.423648,-0.001087,0.048693,0.006428
1908,0.064547,-0.000750,0.443119,-0.000459,0.048089,0.004766
1909,0.075881,0.012804,0.396026,-0.000070,0.049315,0.003674
1910,0.056300,-0.021283,0.489403,-0.001365,0.045494,0.003667
1911,-0.603139,-0.186206,0.248515,-0.019685,0.115140,0.000536
1912,0.112103,0.009205,0.394100,-0.001609,0.047887,-0.057945
1913,-0.233977,-0.143616,0.558447,-0.012537,0.069561,-0.051705
1914,0.198899,0.099995,0.536735,0.007224,0.033863,-0.060013
1915,0.111029,0.007909,0.393905,-0.000965,0.047425,-0.044196
1916,0.039821,0.017254,0.463111,0.000717,0.049293,-0.039221
1917,0.078204,0.011356,0.425257,-0.000059,0.047947,-0.031790
1918,0.099667,0.011558,0.426508,0.000137,0.045308,-0.025082
1919,0.106645,0.007710,0.393291,-0.000808,0.045471,-0.020625
1920,0.019398,0.024239,0.495026,0.001872,0.047138,-0.018001
1921,0.030949,0.069108,0.448517,0.005220,0.048926,-0.015338
1922,0.108949,0.008411,0.424913,0.000364,0.043080,-0.017749
1923,0.105325,0.010514,0.422881,0.000459,0.042292,-0.015288
1924,0.054473,0.002008,0.398978,-0.000770,0.047277,-0.013364
1925,0.049340,0.036016,0.500519,0.003566,0.042078,-0.011471
1926,0.030559,0.016939,0.445109,0.001493,0.046534,-0.009531
1927,0.071729,0.016993,0.439249,0.001315,0.042931,-0.007505
1928,0.072227,0.015766,0.439127,0.001334,0.042337,-0.006611
1929,0.105842,0.014636,0.420956,0.001142,0.039519,-0.005802
1930,0.012326,-0.039657,0.503509,-0.002333,0.042417,-0.005525
1931,-0.122103,-0.066034,0.385284,-0.007152,0.060244,-0.007754
1932,0.056373,0.017543,0.452462,0.000647,0.041356,-0.022337
1933,-0.033026,-0.001397,0.453465,-0.000777,0.048716,-0.016136
1934,0.083960,0.017921,0.417639,0.000277,0.040326,-0.015218
1935,-0.355970,0.201212,0.440791,0.015617,0.077347,-0.013289
1936,0.122245,0.010848,0.414322,0.002707,0.039702,0.003132
1937,0.140417,-0.026055,0.425425,-0.000238,0.035763,0.003425
1938,0.127438,-0.014518,0.459717,0.000368,0.032817,0.003238
1939,-0.222234,-0.037269,0.468066,-0.002325,0.061947,0.001986
1940,0.077252,0.009131,0.391284,0.000482,0.041487,-0.013324
1941,-0.158616,-0.070523,0.422306,-0.005853,0.059504,-0.011507
1942,0.068901,0.008727,0.394226,-0.000134,0.041734,-0.022832
1943,0.071549,0.006666,0.394058,-0.000222,0.040890,-0.019996
1944,0.069660,0.006018,0.394009,-0.000264,0.040378,-0.017492
1945,-0.319932,0.399641,0.580569,0.035072,0.063910,-0.015246
1946,0.145289,-0.018980,0.416592,0.002303,0.034315,-0.005190
1947,-0.131958,-0.130790,0.421827,-0.007916,0.056460,-0.004518
1948,0.091841,0.001766,0.391273,0.002053,0.038858,-0.022335
1949,-0.297213,0.048775,0.472016,0.006784,0.067306,-0.019639
1950,0.092339,0.001076,0.391312,0.002579,0.039151,-0.013712
1951,0.037543,0.001964,0.398833,0.002571,0.042882,-0.011889
1952,0.070505,0.001040,0.393977,0.002582,0.040056,-0.010226
1953,-0.026597,-0.015629,0.579785,0.004002,0.037698,-0.008753
1954,0.068438,0.000425,0.403089,0.002816,0.038964,-0.008369
1955,0.056330,0.000438,0.425506,0.003120,0.038160,-0.007100
1956,-0.028619,-0.061715,0.468778,-0.001444,0.042525,-0.005965
1957,-0.618906,-0.232676,0.295856,-0.019408,0.102800,-0.009808
1958,0.036054,0.101217,0.489709,0.010663,0.038029,-0.064419
1959,-0.254479,0.210130,0.494784,0.021812,0.063310,-0.056282
1960,0.099978,-0.000328,0.413578,0.004780,0.038182,-0.023478
1961,-0.024019,0.039904,0.456115,0.008478,0.046010,-0.019571
1962,-0.014205,-0.007522,0.447339,0.004402,0.045384,-0.016019
1963,0.070987,-0.006524,0.392907,0.003934,0.040651,-0.013736
1964,0.065999,-0.011563,0.395370,0.003367,0.040392,-0.011835
1965,-0.049740,-0.025543,0.510677,0.003625,0.043555,-0.010171
1966,-0.070093,-0.084519,0.417439,-0.002912,0.050523,-0.009867
1967,-0.071088,-0.090826,0.379919,-0.004569,0.052644,-0.019806
1968,-0.058770,0.021141,0.479425,0.005358,0.045961,-0.030842
1969,0.077154,-0.001728,0.405923,0.003006,0.038265,-0.025173
1970,-0.050808,-0.049568,0.446115,-0.000567,0.046554,-0.022373
1971,0.065750,-0.001753,0.394045,0.002590,0.039332,-0.019285
1972,0.068135,-0.000746,0.393546,0.002575,0.038596,-0.016776
1973,-0.166227,-0.039812,0.533628,0.001144,0.050693,-0.014523
1974,0.064926,0.011436,0.414446,0.003428,0.037675,-0.012946
1975,-0.077525,-0.087763,0.435970,-0.004494,0.048193,-0.011538
1976,-0.115718,-0.164185,0.414791,-0.011839,0.052612,-0.012910
1977,-0.008166,-0.017260,0.465376,0.000042,0.040975,-0.024919
1978,-0.191335,0.015946,0.407838,0.001423,0.059754,-0.025353
1979,-0.167960,-0.045177,0.411438,-0.003341,0.058223,-0.020202
1980,0.092853,0.005268,0.414170,0.000582,0.035717,-0.018625
1981,-0.262966,0.004954,0.455690,0.000743,0.063560,-0.016527
1982,-0.225784,-0.058457,0.352415,-0.005350,0.067312,-0.015433
1983,0.108301,-0.023865,0.456602,-0.000688,0.033226,-0.016170
1984,-0.363374,-0.097474,0.391694,-0.008870,0.076695,-0.014572
1985,-0.164763,0.016935,0.480994,0.002300,0.056567,-0.027058
1986,-0.102842,-0.061855,0.370339,-0.005232,0.058122,-0.016703
1987,0.110214,-0.031031,0.457356,-0.001872,0.034860,-0.013668
1988,-0.321497,0.246709,0.442105,0.019783,0.071717,-0.012185
1989,-0.264101,0.048072,0.440751,0.004859,0.068978,-0.019169
1990,-0.018119,0.106625,0.446078,0.011135,0.049477,-0.016528
1991,0.098661,0.001308,0.393380,0.002622,0.042391,-0.016091
1992,-0.071294,-0.024725,0.476151,0.001363,0.052127,-0.013886
1993,0.077437,0.045056,0.416202,0.006350,0.042893,-0.013069
1994,0.088236,-0.004848,0.402724,0.002414,0.042312,-0.013091
1995,-0.021425,-0.082646,0.520633,-0.002569,0.044891,-0.010875
1996,-0.005307,-0.064846,0.369135,-0.003699,0.051920,-0.016486
1997,-0.035085,-0.029800,0.480615,0.000433,0.048382,-0.015046
1998,-0.002274,-0.017852,0.433275,0.000138,0.048196,-0.012562
1999,0.073867,0.004359,0.395666,0.001297,0.043580,-0.011570
2000,0.075147,0.003794,0.395285,0.001174,0.043052,-0.009840
2001,-0.119999,-0.024564,0.518366,0.000436,0.052775,-0.008297
2002,-0.037479,-0.070244,0.416059,-0.005019,0.051589,-0.008080
2003,-0.016812,-0.015098,0.452130,-0.000431,0.047826,-0.011561
2004,0.102025,-0.016154,0.428427,-0.000566,0.038704,-0.013371
2005,-0.167425,-0.110323,0.414334,-0.009473,0.062156,-0.011621
2006,-0.020099,0.013704,0.454548,0.000978,0.048128,-0.022173
2007,-0.039327,0.000783,0.421824,-0.000731,0.051571,-0.018088
2008,0.013374,0.009399,0.445120,0.000258,0.045800,-0.015230
2009,-0.006791,0.014273,0.425124,0.000332,0.048434,-0.013922
2010,-0.046916,-0.014496,0.417979,-0.002010,0.052276,-0.014395
2011,-0.035874,0.019218,0.462350,0.001162,0.049032,-0.014166
2012,0.035105,-0.007820,0.451591,-0.001008,0.043671,-0.011490
2013,-0.227634,-0.162012,0.407177,-0.014894,0.068533,-0.013522
2014,-0.039044,-0.073108,0.395142,-0.008781,0.053648,-0.013619
2015,0.034862,0.011675,0.475579,-0.001014,0.042958,-0.019969
2016,-0.044383,0.031517,0.418314,-0.000394,0.052741,-0.016855
2017,-0.065953,0.027932,0.426095,-0.000221,0.054388,-0.017319
2018,-0.029922,0.034047,0.442856,0.000715,0.050669,-0.017733
2019,-0.016312,0.030528,0.428685,0.000429,0.050375,-0.017307
2020,-0.066036,0.006221,0.417670,-0.001890,0.055241,-0.017307
2021,0.004520,0.016818,0.460237,-0.000374,0.047077,-0.016943
2022,0.048480,0.011220,0.442771,-0.000975,0.044105,-0.016730
2023,-0.043703,-0.014650,0.442391,-0.003079,0.051966,-0.014723
2024,0.046006,0.032232,0.435772,0.000456,0.044622,-0.020789
2025,0.042507,0.012148,0.442598,-0.000799,0.044256,-0.017112
2026,0.032458,0.012922,0.435645,-0.000985,0.045180,-0.014355
2027,0.022617,0.011441,0.436340,-0.001101,0.045744,-0.012404
2028,0.036364,0.008697,0.441314,-0.001281,0.044046,-0.011523
2029,0.031814,0.001870,0.436999,-0.001936,0.044428,-0.011055
2030,0.033602,0.018628,0.439309,-0.000727,0.043834,-0.011347
2031,0.031735,0.006120,0.432341,-0.001666,0.044064,-0.011300
2032,-0.053313,0.012882,0.447669,-0.001032,0.050417,-0.010821
2033,0.037929,0.014576,0.428524,-0.001106,0.043712,-0.014886
2034,0.039116,0.010660,0.431304,-0.001368,0.043074,-0.012751
2035,0.030480,0.003567,0.440673,-0.001847,0.042926,-0.011097
2036,0.019371,0.003255,0.437214,-0.002014,0.043779,-0.012760
2037,0.028771,0.009629,0.438705,-0.001534,0.042652,-0.014444
2038,-0.015232,0.003381,0.435512,-0.002184,0.046325,-0.012417
2039,-0.023340,0.008322,0.436769,-0.001799,0.046814,-0.011047
2040,0.035543,0.018378,0.433818,-0.000875,0.041778,-0.010522
2041,-0.026451,0.020313,0.434708,-0.000606,0.046827,-0.011455
2042,0.021863,0.031778,0.436075,0.000422,0.042508,-0.014769
2043,-0.031817,0.010910,0.432026,-0.001087,0.047122,-0.015446
2044,-0.037101,-0.008201,0.419591,-0.002836,0.048245,-0.016734
2045,0.093307,0.004723,0.423542,-0.001795,0.036433,-0.015075
2046,-0.120519,-0.023716,0.442215,-0.004325,0.053294,-0.013936
2047,0.093025,0.001834,0.429531,-0.002022,0.035903,-0.015194
2048,-0.168463,-0.050243,0.434900,-0.006864,0.057583,-0.014271
2049,-0.062952,-0.000627,0.445942,-0.002527,0.048720,-0.014933
2050,-0.058988,0.002840,0.430679,-0.002558,0.049321,-0.015331
2051,0.092646,0.004725,0.418335,-0.002399,0.036755,-0.015367
2052,-0.301436,-0.221686,0.403089,-0.022140,0.071005,-0.014099
2053,0.098060,-0.005117,0.430067,-0.004636,0.036018,-0.016678
2054,0.091121,0.008702,0.415841,-0.004102,0.036223,-0.014956
2055,0.089171,0.009225,0.415320,-0.004246,0.035326,-0.013723
2056,-0.066029,0.022591,0.538531,-0.001751,0.042047,-0.012638
2057,0.096291,0.021384,0.420511,-0.002959,0.035005,-0.010335
2058,0.089164,0.005614,0.418893,-0.004297,0.034586,-0.008864
2059,-0.010069,0.013614,0.488728,-0.003044,0.038989,-0.008698
2060,0.021296,0.002465,0.422928,-0.004772,0.040034,-0.010561
2061,-0.216716,-0.129063,0.494602,-0.015274,0.056931,-0.012334
2062,0.101982,0.027029,0.403827,-0.004758,0.034978,-0.012969
2063,-0.429746,0.235162,0.328405,0.011334,0.083364,-0.010918
2064,-0.461495,0.188695,0.412468,0.011080,0.083711,-0.010294
2065,-0.727721,0.459583,0.378803,0.035366,0.112099,-0.015780
2066,-0.066753,-0.224599,0.421575,-0.014206,0.056515,0.002273
2067,-0.148576,-0.159062,0.376875,-0.013507,0.065284,-0.016991
2068,-0.057474,-0.189116,0.512193,-0.014604,0.050911,-0.016592
2069,-0.055491,-0.120352,0.381745,-0.011929,0.058058,-0.016118
2070,-0.099940,-0.046026,0.459380,-0.005563,0.057959,-0.015148
2071,-0.091049,-0.219036,0.420008,-0.021116,0.059223,-0.013264
2072,-0.239807,-0.042123,0.403458,-0.008050,0.073684,-0.015819
2073,-0.125245,-0.146229,0.423821,-0.016759,0.064030,-0.013439
2074,0.106640,0.014218,0.395434,-0.004428,0.045866,-0.014368
2075,0.118435,-0.010950,0.446095,-0.005802,0.041060,-0.012448
2076,-0.568047,0.255407,0.464689,0.015528,0.099049,-0.011135
2077,0.116104,0.020740,0.428963,-0.000751,0.045418,-0.006623
2078,0.109756,0.010596,0.393840,-0.002108,0.046970,-0.005602
2079,0.114403,-0.009189,0.440415,-0.003134,0.043063,-0.004624
2080,0.109651,0.002920,0.411245,-0.003178,0.043911,-0.005964
2081,-0.063863,-0.033871,0.571847,-0.004444,0.050551,-0.005110
2082,0.112899,0.006145,0.409131,-0.003379,0.044937,-0.005204
2083,0.054716,0.017507,0.401656,-0.002841,0.049835,-0.004457
2084,0.083660,0.014265,0.397072,-0.002936,0.047506,-0.003569
2085,-0.296044,-0.156101,0.398773,-0.017598,0.079899,-0.002816
2086,0.108287,0.015530,0.393779,-0.005070,0.046065,-0.033249
2087,0.115854,0.001483,0.427980,-0.005718,0.042521,-0.029474
2088,-1.964628,0.290529,0.670753,0.019263,0.210433,-0.026409
2089,0.150267,0.552183,0.240778,0.039495,0.060780,-0.030233
2090,0.126512,0.012512,0.409396,0.003647,0.052918,-0.007388
2091,0.123396,0.014480,0.414676,0.004123,0.051952,-0.005937
2092,0.004110,0.008445,0.411728,0.003458,0.062578,-0.004715
2093,0.095113,0.003283,0.399383,0.003413,0.056237,-0.003724
2094,0.070240,0.054373,0.570735,0.010411,0.048762,-0.002896
2095,0.078868,-0.038082,0.492085,0.002383,0.052367,-0.006436
2096,0.096809,-0.002745,0.437497,0.003955,0.053384,-0.006829
2097,0.084850,0.002280,0.400250,0.003860,0.056131,-0.006205
2098,0.081260,-0.029504,0.476349,0.002391,0.052048,-0.005154
2099,0.082543,-0.024441,0.439603,0.001724,0.053593,-0.005248
2100,0.092592,0.006939,0.397864,0.003366,0.054626,-0.006946
2101,0.102044,0.009759,0.468602,0.004846,0.049406,-0.005834
2102,0.051134,-0.159575,0.484624,-0.009018,0.052617,-0.006099
2103,0.100030,0.007750,0.391514,0.002369,0.053134,-0.008470
2104,0.088931,0.003913,0.398111,0.002171,0.053177,-0.007121
2105,-0.248275,-0.700260,0.439924,-0.056133,0.079064,-0.006000
2106,0.029527,-0.045617,0.466874,-0.006334,0.054265,-0.007795
2107,0.094606,0.012724,0.397534,-0.002711,0.052506,-0.009508
2108,0.120409,-0.012005,0.457379,-0.003858,0.046134,-0.008159
2109,0.030565,-0.004988,0.480734,-0.003599,0.052047,-0.007704
2110,-0.495003,0.151507,0.394208,0.007698,0.101942,-0.007587
2111,0.059414,0.055828,0.450099,0.002328,0.053604,-0.008287
2112,-0.075266,0.001720,0.445605,-0.001559,0.065555,-0.008275
2113,0.110752,0.035941,0.427751,0.000954,0.050716,-0.008601
2114,0.123595,0.014215,0.411456,-0.000731,0.049596,-0.008469
2115,0.058305,0.044190,0.486991,0.002672,0.050729,-0.007612
2116,0.119755,-0.005073,0.422213,-0.001987,0.048709,-0.009214
2117,0.057400,-0.034878,0.467522,-0.004305,0.051005,-0.008362
2118,0.116749,0.000578,0.415729,-0.002335,0.048235,-0.010340
2119,0.068796,-0.015470,0.452582,-0.003521,0.049605,-0.009204
2120,0.080114,-0.007660,0.445056,-0.003246,0.048736,-0.009658
2121,0.117468,0.002598,0.422510,-0.002877,0.045895,-0.009072
2122,-0.009139,0.084659,0.462431,0.004159,0.053864,-0.008291
2123,-0.077636,-0.040534,0.428602,-0.006151,0.061985,-0.009471
2124,0.115553,0.027800,0.436679,-0.000480,0.044802,-0.011313
2125,0.111053,0.012576,0.408779,-0.001974,0.045507,-0.009615
2126,-0.357196,0.482765,0.481330,0.037664,0.082354,-0.008303
2127,0.139438,0.002353,0.426546,0.002128,0.045110,-0.010150
2128,0.128284,-0.034352,0.444559,-0.000975,0.043445,-0.009299
2129,0.108936,0.002314,0.418169,0.000675,0.044976,-0.010123
2130,-0.107645,-0.206695,0.432501,-0.016945,0.062177,-0.009569
2131,0.107608,0.002497,0.430443,-0.000656,0.043731,-0.009312
2132,-0.059365,-0.043007,0.467178,-0.004346,0.055624,-0.009244
2133,-0.081684,-0.316307,0.403586,-0.028181,0.061204,-0.011124
2134,0.106335,0.011687,0.393112,-0.003052,0.045137,-0.012928
2135,0.020625,0.005918,0.515036,-0.001920,0.045299,-0.011267
2136,-0.208627,-0.128146,0.427727,-0.014716,0.069646,-0.009598
2137,0.061008,0.031967,0.448406,-0.001987,0.045954,-0.009826
2138,0.065214,0.030277,0.432101,-0.002190,0.046030,-0.008808
2139,0.066051,0.022805,0.443982,-0.002466,0.044810,-0.007392
2140,0.040124,0.145811,0.441572,0.007712,0.046668,-0.007538
2141,0.049606,0.020909,0.442127,-0.001532,0.045581,-0.012220
2142,0.079554,0.001598,0.417245,-0.003621,0.043685,-0.011539
2143,0.001722,0.061711,0.465247,0.001819,0.047182,-0.010369
2144,0.030550,0.047195,0.435812,0.000661,0.046234,-0.011822
2145,0.081032,0.001324,0.423741,-0.003044,0.041962,-0.009523
2146,0.054177,0.000053,0.440912,-0.003117,0.042528,-0.008753
2147,-0.008937,0.069755,0.454639,0.002703,0.046837,-0.008556
2148,0.067453,-0.011360,0.422069,-0.003781,0.041827,-0.012317
2149,-0.025722,0.090658,0.450918,0.004679,0.047690,-0.011663
2150,0.020726,-0.021181,0.441381,-0.003932,0.044177,-0.010442
2151,-0.805044,-0.230850,0.183198,-0.026769,0.129552,-0.012326
2152,0.100134,0.176914,0.642431,0.013175,0.028853,-0.080529
2153,0.102993,0.011891,0.403814,-0.000656,0.040780,-0.059187
2154,-0.355508,0.249512,0.457384,0.019464,0.077548,-0.051922
2155,0.118554,0.009727,0.407861,0.001661,0.041394,-0.025228
2156,0.100197,0.003964,0.392306,0.000942,0.042533,-0.021936
2157,0.054719,-0.000415,0.476736,0.001715,0.041073,-0.019190
2158,-0.153973,0.021959,0.418020,0.002061,0.061839,-0.016278
2159,0.065601,0.030733,0.442363,0.003208,0.042001,-0.008008
2160,0.111541,-0.016925,0.430248,-0.000474,0.037786,-0.007173
2161,0.098809,-0.008640,0.415214,-0.000542,0.038301,-0.006350
2162,-0.059646,0.041215,0.473585,0.003944,0.048516,-0.005303
2163,0.102426,0.014305,0.416653,0.002106,0.038061,-0.002902
2164,0.097651,0.013024,0.418319,0.002132,0.037103,-0.002320
2165,-0.508523,-0.102381,0.402058,-0.008137,0.089171,-0.001741
2166,-0.175349,0.008644,0.480091,0.002306,0.058887,-0.022624
2167,-0.326388,0.022127,0.336575,0.001357,0.080032,-0.014797
2168,-0.073287,-0.103185,0.502683,-0.005918,0.050729,-0.014194
2169,0.017353,-0.044009,0.450070,-0.002391,0.046361,-0.019366
2170,0.035787,0.004100,0.432660,0.000849,0.045313,-0.019371
2171,-0.013633,-0.019190,0.423339,-0.001287,0.049677,-0.015947
2172,0.098751,0.021134,0.431599,0.002251,0.039126,-0.018047
2173,-0.102604,0.111408,0.461260,0.010105,0.054753,-0.015380
2174,0.122709,-0.013133,0.438146,0.000810,0.036867,-0.009875
2175,0.046487,0.003740,0.398780,0.000991,0.044504,-0.009917
2176,0.117390,-0.016464,0.446767,0.000282,0.035014,-0.008428
2177,-0.372479,-0.050666,0.398282,-0.004296,0.079327,-0.007961
2178,0.038524,0.050214,0.491884,0.006248,0.040695,-0.036158
2179,0.102743,0.008383,0.413897,0.002387,0.038766,-0.024549
2180,-0.222225,-0.043729,0.391366,-0.002597,0.066851,-0.021202
2181,-0.173735,0.474363,0.453494,0.040974,0.060758,-0.019239
2182,0.080825,-0.058051,0.471977,0.001212,0.039312,-0.015140
2183,0.073251,-0.010416,0.396014,0.003415,0.043219,-0.016401
2184,0.012539,-0.061172,0.459339,-0.000070,0.044362,-0.014268
2185,0.052110,-0.010080,0.443918,0.003639,0.041515,-0.018662
2186,0.049027,-0.010588,0.440487,0.003469,0.041544,-0.014652
2187,-0.214310,-0.127764,0.416082,-0.006960,0.064927,-0.013096
2188,0.037321,-0.021526,0.443333,0.001951,0.042523,-0.021984
2189,-0.022035,0.172564,0.436183,0.017688,0.047931,-0.015535
2190,0.030182,-0.004922,0.422630,0.004354,0.044138,-0.016335
2191,0.062247,-0.009542,0.396779,0.003475,0.042256,-0.013967
2192,0.072326,-0.005912,0.394475,0.003549,0.041010,-0.012069
2193,-0.080911,-0.000981,0.514912,0.005607,0.047081,-0.010353
2194,-0.092310,-0.025900,0.436609,0.002839,0.052625,-0.009990
2195,-0.068696,-0.029050,0.442539,0.002621,0.050404,-0.010287
2196,-0.052620,0.038920,0.433098,0.008163,0.049418,-0.010632
2197,-0.078810,-0.058040,0.422612,0.000760,0.052619,-0.009001
2198,0.044590,-0.016191,0.404072,0.003124,0.042838,-0.010321
2199,-0.106518,-0.105956,0.407377,-0.004509,0.055086,-0.011403
2200,0.010963,-0.053337,0.494906,0.000208,0.040653,-0.026010
2201,0.036225,0.010715,0.436783,0.004060,0.041302,-0.023587
2202,0.017848,-0.021932,0.433951,0.001592,0.042634,-0.020012
2203,-0.018876,-0.048239,0.419949,-0.001073,0.046185,-0.016962
2204,0.003682,0.002086,0.443798,0.003028,0.042711,-0.020998
2205,-0.026795,-0.037855,0.423711,-0.000521,0.046187,-0.018021
2206,-0.032013,0.008043,0.445435,0.003262,0.045330,-0.021795
2207,-0.007338,-0.045775,0.429703,-0.001227,0.044065,-0.019573
2208,0.019648,-0.011099,0.435677,0.001376,0.041155,-0.020541
2209,0.053431,-0.013775,0.415533,0.000620,0.038961,-0.017661
2210,0.027827,-0.004155,0.478788,0.002024,0.037219,-0.016355
2211,0.048278,0.006120,0.439504,0.002394,0.037241,-0.016769
2212,-0.210877,-0.100662,0.360358,-0.008017,0.063570,-0.015747
2213,-0.087997,0.028118,0.461380,0.003412,0.047998,-0.036021
2214,-0.199476,-0.023998,0.411178,-0.001343,0.060589,-0.028892
2215,-0.172431,0.030579,0.430625,0.003516,0.057784,-0.024591
2216,-0.122044,-0.017669,0.433876,0.000744,0.054172,-0.019052
2217,-0.128312,0.010761,0.426103,0.002289,0.055425,-0.014507
2218,-0.125643,-0.015306,0.407973,0.000015,0.056655,-0.011344
2219,-0.083023,-0.030501,0.447960,-0.000728,0.051228,-0.010127
2220,-0.077830,-0.110573,0.408756,-0.008110,0.053100,-0.010277
2221,-0.182344,-0.068733,0.394392,-0.005399,0.063078,-0.019818
2222,0.107553,-0.030387,0.437791,-0.001041,0.036258,-0.027801
2223,0.091838,0.004604,0.391613,0.000284,0.038856,-0.024737
2224,-0.384917,0.123506,0.466822,0.010720,0.075551,-0.021639
2225,0.094387,0.003242,0.392516,0.001314,0.040220,-0.003413
2226,-0.110892,-0.050576,0.512949,-0.001746,0.050919,-0.002512
2227,-0.190351,-0.463227,0.432791,-0.037910,0.062894,-0.020253
2228,-0.038998,-0.054003,0.370352,-0.008365,0.053433,-0.016303
2229,-0.084899,0.016778,0.480105,-0.000711,0.051647,-0.015303
2230,-0.157678,0.015010,0.411467,-0.002115,0.061956,-0.009989
2231,-0.186351,-0.074083,0.443399,-0.008382,0.063204,-0.005926
2232,-0.181880,0.143227,0.409848,0.007977,0.065202,-0.022111
2233,-0.014663,-0.109243,0.447766,-0.011457,0.050144,-0.012157
2234,0.121894,0.033455,0.427911,-0.000575,0.039122,-0.012547
2235,0.026384,0.000979,0.435300,-0.003304,0.046478,-0.011854
2236,-0.078159,0.321177,0.483946,0.023797,0.053446,-0.012372
2237,0.043509,-0.019391,0.400319,-0.002602,0.048350,-0.016601
2238,0.102443,0.003547,0.416077,-0.001075,0.041417,-0.016228
2239,0.100330,0.004500,0.412089,-0.001325,0.040757,-0.014913
2240,-0.080437,0.155884,0.503570,0.012176,0.051146,-0.013622
2241,0.100564,0.004636,0.405587,-0.000348,0.041541,-0.017432
2242,0.054762,-0.004889,0.399274,-0.001561,0.045261,-0.015535
2243,-0.168064,-0.182373,0.520931,-0.014955,0.057786,-0.013477
2244,0.099328,0.009346,0.392534,-0.001922,0.042117,-0.014154
2245,0.097575,0.009461,0.392333,-0.002027,0.041340,-0.012182
2246,-0.005004,0.008602,0.512766,-0.000542,0.043177,-0.010415
2247,-0.335236,0.167778,0.400708,0.010745,0.077926,-0.010519
2248,-0.002612,0.080419,0.446854,0.005628,0.048344,-0.013967
2249,0.002186,0.001199,0.437277,-0.000060,0.048737,-0.017452
2250,0.105097,-0.002437,0.412164,-0.000592,0.040918,-0.014978
2251,0.101989,0.012965,0.429805,0.000756,0.039096,-0.013107
2252,-0.038814,0.163040,0.445577,0.013258,0.050177,-0.011576
2253,-0.096292,-0.022402,0.453134,-0.000385,0.055745,-0.014810
2254,0.036293,-0.021356,0.434596,-0.000723,0.045440,-0.012093
2255,0.043136,-0.023555,0.454023,-0.000782,0.043485,-0.015495
2256,0.005033,-0.045063,0.427260,-0.003290,0.047874,-0.014449
2257,0.033194,0.000622,0.449038,0.000554,0.044114,-0.018942
2258,0.074716,-0.000288,0.422886,0.000030,0.041620,-0.016145
2259,-0.001553,-0.061042,0.448308,-0.004799,0.046396,-0.014428
2260,0.080298,-0.002256,0.423261,-0.000767,0.040417,-0.017965
2261,0.000008,-0.043328,0.442111,-0.004126,0.045745,-0.015958
2262,0.002709,0.013335,0.452387,0.000324,0.044801,-0.019356
2263,0.070771,0.002961,0.417292,-0.000893,0.040615,-0.016186
2264,0.006242,-0.000279,0.459129,-0.000688,0.043449,-0.014828
2265,-0.037868,0.001347,0.424724,-0.001184,0.048947,-0.013482
2266,0.003976,0.004392,0.446726,-0.000525,0.044163,-0.018078
2267,-0.035048,0.012518,0.422115,-0.000313,0.048654,-0.015290
2268,0.020712,-0.000328,0.443962,-0.000862,0.042675,-0.016774
2269,0.025515,0.009213,0.436096,-0.000355,0.042363,-0.014511
2270,-0.022304,-0.002623,0.437052,-0.001360,0.046168,-0.014182
2271,0.035476,0.005780,0.434673,-0.000666,0.041217,-0.018774
2272,-0.016486,0.007577,0.432397,-0.000718,0.045429,-0.016339
2273,-0.004132,0.010535,0.435591,-0.000377,0.044091,-0.016983
2274,0.005643,-0.001219,0.432173,-0.001293,0.043283,-0.019691
2275,-0.043952,0.011018,0.427840,-0.000550,0.047489,-0.016710
2276,0.089930,0.005591,0.399688,-0.001116,0.037267,-0.016285
2277,0.022541,0.027699,0.487878,0.001827,0.037648,-0.014376
2278,0.089491,0.001525,0.423180,-0.001028,0.035008,-0.014023
2279,0.087571,0.003519,0.412956,-0.001271,0.034556,-0.013240
2280,0.085308,0.003914,0.412650,-0.001432,0.033633,-0.012244
2281,-0.268167,-0.079271,0.469841,-0.008168,0.061045,-0.011334
2282,0.079843,-0.013197,0.417606,-0.003209,0.035407,-0.030248
2283,-0.365204,0.316781,0.448964,0.023954,0.071287,-0.026806
2284,0.090685,0.003163,0.418327,0.000615,0.035255,-0.015627
2285,0.087208,0.011397,0.425755,0.001331,0.034026,-0.014446
2286,-0.676981,0.516843,0.480487,0.043371,0.098011,-0.012439
2287,-0.283062,0.379434,0.354128,0.035853,0.075312,-0.020319
2288,-0.020536,-0.227892,0.401483,-0.009665,0.051009,-0.016318
2289,-0.047430,-0.144036,0.469565,-0.004383,0.048787,-0.021067
2290,-0.034402,-0.142465,0.411674,-0.005796,0.051179,-0.022192
2291,0.048035,-0.082384,0.433005,-0.001342,0.042687,-0.023316
2292,-0.031725,-0.171031,0.440141,-0.009221,0.048537,-0.022094
2293,-0.036425,-0.211081,0.405436,-0.014089,0.050510,-0.015509
2294,-0.038196,-0.097732,0.471487,-0.005101,0.047120,-0.015302
2295,-0.045250,-0.047863,0.432434,-0.002485,0.049922,-0.016589
2296,-0.018322,-0.018052,0.441245,-0.000033,0.047273,-0.017108
2297,-0.008411,-0.001439,0.434383,0.000861,0.046718,-0.017227
2298,-0.049765,-0.007709,0.424217,0.000148,0.050719,-0.017323
2299,-0.014550,-0.005458,0.446717,0.000859,0.046683,-0.017345
2300,-0.037116,-0.014136,0.426992,-0.000480,0.049623,-0.017014
2301,-0.012162,0.010294,0.438704,0.001646,0.046907,-0.017431
2302,-0.057717,-0.052887,0.423605,-0.003817,0.051589,-0.017061
2303,-0.068288,-0.036864,0.427621,-0.002662,0.052462,-0.017500
2304,-0.036224,-0.009066,0.437681,-0.000356,0.049351,-0.018382
2305,-0.048125,0.002288,0.423218,0.000329,0.051221,-0.017062
2306,0.005153,-0.023489,0.451998,-0.001312,0.045233,-0.017638
2307,-0.040783,0.009113,0.430943,0.000477,0.050141,-0.015179
2308,0.008195,-0.025666,0.419724,-0.002445,0.046516,-0.013148
2309,0.006397,-0.011906,0.437124,-0.001233,0.045464,-0.014077
2310,-0.056535,-0.039925,0.434183,-0.003791,0.051039,-0.014307
2311,-0.059240,-0.005763,0.409432,-0.001624,0.052711,-0.017714
2312,-0.041909,0.012960,0.463583,0.000636,0.048552,-0.020188
2313,-0.005464,0.032250,0.431732,0.001791,0.047317,-0.016128
2314,-0.027571,0.017065,0.432019,0.000824,0.049158,-0.012620
2315,-0.000971,-0.001837,0.462368,-0.000068,0.045382,-0.017310
2316,-0.035532,0.006846,0.414332,-0.000433,0.050751,-0.015186
2317,-0.028935,-0.005351,0.433501,-0.000913,0.049258,-0.013118
2318,-0.001240,0.009005,0.439062,0.000101,0.046605,-0.012361
2319,-0.018547,-0.007854,0.423519,-0.001478,0.048898,-0.012566
2320,0.006917,-0.009276,0.445903,-0.001356,0.045472,-0.014794
2321,-0.027338,-0.007894,0.430268,-0.001653,0.049131,-0.014029
2322,0.003615,0.004524,0.444390,-0.000454,0.045696,-0.013813
2323,-0.014758,0.007326,0.429419,-0.000408,0.047998,-0.013630
2324,0.011005,0.003875,0.426635,-0.000788,0.045811,-0.012123
2325,-0.080051,-0.029462,0.413927,-0.003952,0.054230,-0.011854
2326,0.016974,0.019384,0.464043,0.000657,0.043394,-0.018996
2327,0.026639,0.019843,0.440121,0.000621,0.043730,-0.017080
2328,0.020201,0.004186,0.436537,-0.000674,0.044306,-0.015065
2329,0.022509,0.017132,0.438809,0.000209,0.043701,-0.013255
2330,-0.006318,0.009582,0.439658,-0.000185,0.045996,-0.013441
2331,-0.029525,0.000601,0.424572,-0.001174,0.048754,-0.015428
2332,-0.070870,-0.044060,0.411317,-0.005223,0.052968,-0.013179
2333,0.004211,0.014243,0.455660,0.000001,0.044243,-0.016750
2334,0.007764,0.043993,0.433573,0.002334,0.044995,-0.015286
2335,0.015772,0.003852,0.443882,-0.000394,0.043698,-0.016494
2336,0.022830,0.019521,0.435161,0.000554,0.043318,-0.016091
2337,-0.078810,-0.063197,0.402806,-0.006804,0.053579,-0.015992
2338,-0.022302,0.006745,0.456101,-0.000657,0.045989,-0.016091
2339,-0.001131,0.003844,0.441871,-0.000971,0.045006,-0.016210
2340,0.018997,0.021572,0.429774,0.000267,0.043735,-0.013647
2341,-0.082400,-0.015149,0.408225,-0.003159,0.053468,-0.015664
2342,-0.094506,0.006728,0.434483,-0.001388,0.053302,-0.014828
2343,0.000701,0.020500,0.445988,0.000214,0.044779,-0.013505
2344,-0.004023,-0.005465,0.439716,-0.001627,0.045455,-0.012803
2345,-0.047780,0.022082,0.419902,0.000163,0.050143,-0.012130
2346,-0.022190,0.004114,0.451000,-0.000688,0.046378,-0.016877
2347,-0.031794,-0.026320,0.421356,-0.003595,0.048770,-0.015185
2348,-0.102472,-0.040099,0.411621,-0.005067,0.055422,-0.016022
2349,-0.044756,-0.000834,0.439258,-0.001786,0.049266,-0.016040
2350,-0.000221,0.027601,0.447201,0.000690,0.045081,-0.014255
2351,0.071425,0.007445,0.395171,-0.001356,0.041666,-0.016117
2352,0.072538,0.007398,0.394755,-0.001397,0.041107,-0.013957
2353,-0.122273,-0.016382,0.523835,-0.001640,0.050487,-0.012019
2354,-0.147329,-0.140501,0.422859,-0.013718,0.058521,-0.010372
2355,0.095940,0.005240,0.417308,-0.002310,0.037984,-0.012298
2356,-0.056316,0.037167,0.457925,0.000543,0.048402,-0.011619
2357,-0.014051,0.023498,0.435775,-0.000436,0.046401,-0.016286
2358,-0.043034,0.012129,0.400574,-0.001835,0.050657,-0.015629
2359,-0.088435,-0.010549,0.431614,-0.003366,0.053035,-0.016131
2360,-0.034733,-0.006396,0.447942,-0.002791,0.047907,-0.016063
2361,0.096544,0.007938,0.421024,-0.002001,0.037759,-0.015973
2362,0.093416,0.007034,0.415987,-0.002267,0.037218,-0.014532
2363,-0.212077,-0.190675,0.454724,-0.018652,0.061127,-0.013329
2364,-0.054718,0.009356,0.454716,-0.002739,0.048778,-0.015903
2365,-0.016026,0.057229,0.444750,0.001106,0.046183,-0.017163
2366,-0.009981,0.018629,0.407190,-0.002348,0.047665,-0.018210
2367,-0.030036,0.017841,0.461322,-0.001665,0.046380,-0.017523
2368,-0.028179,-0.022097,0.397699,-0.005815,0.049766,-0.015955
2369,0.003954,0.040509,0.433286,-0.000470,0.044856,-0.017557
2370,-0.133472,-0.169149,0.392904,-0.017957,0.058836,-0.017134
2371,-0.027599,0.034105,0.483044,-0.001031,0.045175,-0.015257
2372,-0.105995,-0.087643,0.395230,-0.012174,0.056832,-0.017232
2373,-0.182040,0.032743,0.429668,-0.002347,0.061763,-0.015486
2374,-0.124101,0.035055,0.469676,-0.001024,0.055376,-0.016794
2375,0.086301,0.269740,0.417807,0.018037,0.040342,-0.015125
2376,-0.018751,-0.004406,0.456387,-0.002332,0.047436,-0.014283
2377,-0.097275,-0.022877,0.399441,-0.004937,0.057570,-0.013801
2378,-0.005431,0.045946,0.469492,0.001503,0.046123,-0.013341
2379,0.048889,0.021370,0.435243,-0.000349,0.043381,-0.014742
2380,-0.090851,-0.142465,0.400843,-0.014544,0.056987,-0.015393
2381,0.018242,0.024620,0.464555,-0.000677,0.044310,-0.015590
2382,-0.066507,-0.160991,0.370819,-0.017372,0.056403,-0.014959
2383,-0.095211,-0.008386,0.450254,-0.004781,0.054676,-0.016301
2384,0.026267,0.030981,0.489102,-0.000925,0.042593,-0.015906
2385,-0.006678,-0.003662,0.404819,-0.004720,0.049926,-0.013871
2386,0.034881,0.025406,0.464308,-0.001616,0.043018,-0.014378
2387,0.045807,0.006282,0.436372,-0.003310,0.043437,-0.012914
2388,0.052549,0.008148,0.439167,-0.003236,0.042388,-0.011397
2389,0.037304,0.004298,0.439161,-0.003626,0.043356,-0.010325
2390,0.047410,0.012269,0.436073,-0.003067,0.042342,-0.009497
2391,0.034500,-0.002173,0.441013,-0.004134,0.042876,-0.008754
2392,0.102252,0.000703,0.422489,-0.004256,0.037396,-0.008322
2393,0.096013,0.003251,0.414277,-0.004431,0.037218,-0.007638
2394,-0.257779,-0.090857,0.443119,-0.012551,0.066099,-0.006746
2395,0.027879,-0.003787,0.451105,-0.005273,0.042478,-0.027453
2396,0.103688,0.027906,0.440259,-0.002482,0.035893,-0.024768
2397,0.091690,0.015737,0.419098,-0.003564,0.036994,-0.019352
2398,-0.237939,-0.116642,0.423603,-0.015002,0.065021,-0.016059
2399,-0.042789,0.241893,0.455724,0.014558,0.047444,-0.026633
2400,-0.110771,0.115216,0.426747,0.005383,0.055256,-0.015147
2401,-0.118436,-0.018619,0.397536,-0.005376,0.058281,-0.014757
2402,-0.060052,-0.107655,0.455502,-0.011668,0.050314,-0.014841
2403,-0.041472,0.143472,0.445150,0.008121,0.049274,-0.013969
2404,-0.069705,-0.017218,0.415654,-0.004572,0.053801,-0.015075
2405,-0.061903,-0.031773,0.426561,-0.005898,0.052665,-0.013762
2406,0.024532,-0.005508,0.450642,-0.003237,0.044059,-0.017142
2407,-0.039490,0.117989,0.431521,0.006701,0.050505,-0.014893
2408,-0.026637,-0.023574,0.424032,-0.004269,0.050124,-0.015149
2409,-0.051030,-0.083020,0.431690,-0.009482,0.051865,-0.012885
2410,-0.044382,-0.016105,0.435321,-0.004256,0.051114,-0.015338
2411,-0.069360,-0.076204,0.424021,-0.009776,0.053943,-0.013896
2412,0.018041,-0.032440,0.426939,-0.006330,0.046320,-0.017586
2413,0.014267,0.071599,0.467826,0.002669,0.044165,-0.017023
2414,-0.034320,-0.033021,0.410495,-0.006385,0.051462,-0.014930
2415,-0.079616,-0.026173,0.429465,-0.005807,0.054453,-0.015143
2416,0.011191,0.002559,0.438808,-0.003609,0.046248,-0.013136
2417,-0.016280,-0.019453,0.429440,-0.005526,0.048996,-0.012569
2418,-0.024878,-0.010004,0.446234,-0.004516,0.048837,-0.013725
2419,-0.009368,-0.025352,0.416832,-0.006455,0.049131,-0.013654
2420,0.004153,-0.009352,0.435140,-0.004903,0.046863,-0.015655
2421,0.013514,-0.004967,0.447279,-0.004446,0.045235,-0.016271
2422,-0.003623,0.003575,0.439375,-0.003984,0.047004,-0.015514
2423,0.007947,0.014450,0.439674,-0.003184,0.045877,-0.013808
2424,0.006812,0.008275,0.434008,-0.003741,0.046144,-0.012432
2425,-0.072662,0.042997,0.432445,-0.000971,0.052919,-0.011554
2426,-0.066715,0.023123,0.430543,-0.001894,0.052901,-0.012031
2427,-0.019197,0.032698,0.463699,-0.000272,0.047237,-0.013253
2428,0.006135,-0.003488,0.413639,-0.003619,0.047927,-0.013950
2429,0.035724,-0.002938,0.442387,-0.003373,0.043564,-0.013250
2430,-0.039701,0.003836,0.430126,-0.003296,0.050337,-0.013080
2431,-0.027802,0.000982,0.430700,-0.003517,0.049378,-0.012780
2432,-0.027869,0.006950,0.422614,-0.003279,0.049820,-0.012956
2433,-0.037640,-0.038379,0.441508,-0.006704,0.049655,-0.013538
2434,-0.031048,-0.004393,0.437860,-0.003841,0.049441,-0.016526
2435,-0.017354,0.011220,0.431552,-0.002857,0.048701,-0.015096
2436,-0.053422,-0.023652,0.424324,-0.005687,0.052256,-0.013863
2437,0.029130,0.007321,0.448522,-0.002876,0.043792,-0.015638
2438,-0.077011,0.008137,0.423321,-0.003236,0.054051,-0.014020
2439,-0.026231,-0.005062,0.437677,-0.003903,0.049142,-0.012425
2440,-0.069115,0.004638,0.425810,-0.003526,0.053483,-0.012183
2441,-0.068806,-0.018091,0.426563,-0.005324,0.053582,-0.011874
2442,-0.058852,-0.005244,0.435826,-0.003980,0.052527,-0.016461
2443,-0.044741,-0.002948,0.437464,-0.003902,0.051321,-0.015672
2444,-0.002281,-0.047236,0.437552,-0.007332,0.047862,-0.016088
2445,0.026168,-0.003927,0.440340,-0.003919,0.045176,-0.015475
2446,-0.009455,-0.001303,0.426031,-0.004212,0.048766,-0.014166
2447,0.022395,0.013627,0.444324,-0.002774,0.044899,-0.012670
2448,-0.008537,-0.000119,0.428274,-0.004045,0.048274,-0.012864
2449,-0.013241,0.007272,0.438031,-0.003435,0.048135,-0.011979
2450,0.007368,0.010681,0.438799,-0.002935,0.046254,-0.014204
2451,-0.064089,0.000749,0.418976,-0.004093,0.053337,-0.015099
2452,-0.049525,0.017511,0.433673,-0.002638,0.051439,-0.014927
2453,-0.019557,0.023572,0.440089,-0.001804,0.048647,-0.014584
2454,0.007021,-0.015438,0.431898,-0.004843,0.046835,-0.014233
2455,-0.060773,-0.009499,0.434364,-0.004452,0.052431,-0.014338
2456,-0.069287,0.004882,0.430965,-0.003499,0.053459,-0.013052
2457,-0.008752,-0.004070,0.439209,-0.003904,0.047994,-0.012285
2458,-0.016128,-0.073123,0.417456,-0.009894,0.049827,-0.014012
2459,-0.012729,0.003867,0.451189,-0.003575,0.047575,-0.015887
2460,-0.067731,-0.006414,0.423059,-0.004826,0.053823,-0.015088
2461,-0.037416,0.014597,0.438015,-0.003023,0.050571,-0.013605
2462,-0.049893,0.013960,0.430875,-0.002951,0.052147,-0.012096
2463,-0.001754,-0.001373,0.438907,-0.003817,0.047691,-0.011338
2464,-0.044123,-0.008494,0.430970,-0.004580,0.051732,-0.013563
2465,0.023157,-0.002052,0.437359,-0.004088,0.045640,-0.012650
2466,0.017564,0.007874,0.439780,-0.003154,0.045735,-0.012555
2467,0.024009,0.006266,0.447653,-0.003074,0.044617,-0.012349
2468,0.011344,0.003472,0.435085,-0.003445,0.046198,-0.011776
2469,0.100722,-0.002577,0.419877,-0.003959,0.038888,-0.011087
2470,0.099262,-0.000629,0.422828,-0.004036,0.037693,-0.009917
2471,0.095808,0.002696,0.414845,-0.004120,0.037272,-0.008909
2472,0.090169,0.012436,0.391486,-0.003848,0.037945,-0.007873
2473,-0.874979,-0.945937,0.327346,-0.085395,0.124151,-0.006637
2474,-0.620998,-0.153320,0.551904,-0.020750,0.094518,-0.027123
2475,-0.153256,0.377746,0.446628,0.021218,0.063809,-0.016260
2476,0.019549,0.122391,0.397566,0.001829,0.052402,-0.005419
2477,0.039840,0.145190,0.432768,0.005022,0.048346,-0.007026
2478,0.040766,-0.014086,0.456714,-0.007240,0.046923,-0.008814
2479,-0.038427,0.009597,0.424864,-0.006453,0.055222,-0.008507
2480,0.104851,0.017457,0.393695,-0.006123,0.044489,-0.008168
2481,-0.041948,-0.040000,0.478945,-0.009781,0.051995,-0.006899
2482,0.104257,0.017165,0.393278,-0.006161,0.044134,-0.014600
2483,0.029262,0.027184,0.511221,-0.003720,0.043812,-0.012679
2484,0.072722,0.022897,0.438064,-0.005133,0.044083,-0.010745
2485,0.066413,0.039308,0.438939,-0.003715,0.044202,-0.009239
2486,0.066662,0.017559,0.441973,-0.005330,0.043690,-0.008063
2487,0.070394,0.007147,0.442151,-0.006218,0.042906,-0.007001
2488,-0.506278,-0.273229,0.433163,-0.030464,0.093159,-0.007698
2489,-0.103412,0.062537,0.389308,-0.003865,0.062930,-0.011662
2490,0.114856,0.022916,0.423767,-0.005811,0.042209,-0.013572
2491,-0.099957,0.112487,0.435987,0.001591,0.059504,-0.011382
2492,-0.126101,0.095025,0.444821,0.001240,0.062323,-0.012545
2493,0.113131,0.013238,0.398792,-0.005294,0.044733,-0.012838
2494,-0.094188,-0.159890,0.477086,-0.019058,0.057967,-0.011219
2495,-0.106905,-0.126879,0.414736,-0.019221,0.062513,-0.016775
2496,0.114736,0.018302,0.438795,-0.006792,0.042124,-0.013641
2497,0.107098,0.012257,0.405872,-0.007883,0.043498,-0.011731
2498,-0.231502,0.135334,0.472503,0.002820,0.068694,-0.010310
2499,0.107542,0.015239,0.402018,-0.006929,0.044493,-0.011525
2500,0.104475,0.018589,0.393301,-0.006818,0.044230,-0.010059
2501,-0.292907,-0.132925,0.456155,-0.018948,0.074858,-0.008619
2502,-0.166743,0.136093,0.499895,0.003520,0.063585,-0.025499
2503,0.122462,0.020400,0.405646,-0.005305,0.044812,-0.016172
2504,0.090663,0.007321,0.437549,-0.005934,0.044879,-0.013781
2505,0.110657,-0.000354,0.425530,-0.006946,0.042897,-0.012120
2506,-0.028747,-0.031920,0.459868,-0.009656,0.052569,-0.010944
2507,0.018897,-0.004057,0.446497,-0.007885,0.049519,-0.013874
2508,0.026608,-0.028393,0.441934,-0.009997,0.049082,-0.015338
2509,0.086686,0.005443,0.428320,-0.007687,0.044289,-0.015843
2510,-0.006659,-0.010891,0.458614,-0.008827,0.050254,-0.014253
2511,0.106934,0.010767,0.411063,-0.007719,0.042801,-0.014975
2512,0.041667,0.008523,0.459683,-0.007409,0.045108,-0.013228
2513,0.053400,0.016079,0.443022,-0.007012,0.044807,-0.012878
2514,0.044559,0.030763,0.446592,-0.005685,0.044959,-0.013200
2515,0.046764,0.004942,0.432599,-0.007795,0.045229,-0.011477
2516,0.041163,0.006876,0.435011,-0.007796,0.045133,-0.013148
2517,0.036156,-0.003311,0.438507,-0.008537,0.045026,-0.014056
2518,0.022070,0.028783,0.435508,-0.006006,0.046041,-0.014706
2519,0.054836,0.003612,0.446350,-0.007716,0.042328,-0.012807
2520,-0.032485,0.062199,0.429610,-0.003324,0.050321,-0.012349
2521,-0.555091,-0.147421,0.386655,-0.021239,0.097746,-0.007734
2522,0.031360,0.084412,0.450793,-0.000715,0.046129,-0.014963
2523,0.103696,0.026537,0.412401,-0.005801,0.041444,-0.012715
2524,-0.084177,-0.017732,0.457644,-0.008830,0.054675,-0.010767
2525,-0.012784,0.021603,0.435814,-0.005860,0.050149,-0.011541
2526,0.012186,0.025433,0.441432,-0.005254,0.047652,-0.013186
2527,-0.013672,-0.017521,0.428417,-0.008865,0.050412,-0.011581
2528,0.005395,0.035498,0.443445,-0.004372,0.047846,-0.013242
2529,-0.025442,0.007144,0.431654,-0.006619,0.051019,-0.012121
2530,0.013033,0.026754,0.435456,-0.004816,0.047454,-0.012884
2531,-0.027493,-0.000631,0.429677,-0.006999,0.051027,-0.012014
2532,-0.028804,0.012763,0.435287,-0.005786,0.050772,-0.013198
2533,-0.061955,0.101470,0.436535,0.001735,0.053761,-0.013466
2534,-0.016749,-0.041966,0.418965,-0.009577,0.051038,-0.010779
2535,-0.021536,-0.053551,0.431990,-0.010691,0.050485,-0.013305
2536,0.106762,0.001826,0.428383,-0.006289,0.039205,-0.013880
2537,0.102126,0.007053,0.415196,-0.006262,0.039100,-0.012615
2538,-0.339888,-0.216649,0.444679,-0.025078,0.075312,-0.011278
2539,-0.608062,-0.132766,0.426164,-0.019725,0.101396,-0.016868
2540,-0.105655,-0.106162,0.413942,-0.017517,0.061399,-0.011845
2541,-0.136080,0.177420,0.444068,0.005787,0.063059,-0.013123
2542,0.078316,-0.012842,0.410510,-0.008767,0.047105,-0.006533
2543,0.111405,0.008283,0.420858,-0.007199,0.042588,-0.012398
2544,-0.120305,-0.049889,0.460877,-0.011913,0.059998,-0.011154
2545,0.005427,0.145221,0.456257,0.004189,0.050303,-0.015387
2546,0.023080,-0.000162,0.425962,-0.007016,0.050467,-0.012097
2547,-0.033298,-0.200584,0.434916,-0.023833,0.054492,-0.012149
2548,-0.043201,-0.003396,0.429977,-0.008901,0.055449,-0.012840
2549,-0.229167,0.080930,0.411093,-0.002369,0.072618,-0.013230
2550,0.050283,0.027698,0.450815,-0.005272,0.047452,-0.012125
2551,0.000452,-0.052725,0.433902,-0.011970,0.052482,-0.010071
2552,0.035276,0.033659,0.437968,-0.005023,0.049104,-0.012878
2553,0.070349,0.003690,0.443871,-0.007148,0.045562,-0.011206
2554,0.110686,0.009728,0.416524,-0.007192,0.042836,-0.010767
2555,0.108122,0.010633,0.414162,-0.007255,0.042044,-0.009641
2556,-0.276928,-0.105319,0.466082,-0.016716,0.072263,-0.008592
2557,-0.027696,0.108324,0.437370,0.000499,0.053870,-0.020607
2558,-0.043153,0.051073,0.441986,-0.003358,0.055212,-0.010374
2559,0.078228,-0.022862,0.437761,-0.008902,0.045164,-0.011901
2560,0.065174,0.016380,0.443022,-0.005933,0.045367,-0.012216
2561,0.056746,0.005627,0.435468,-0.006849,0.046066,-0.010608
2562,0.060085,0.002219,0.439376,-0.007066,0.045160,-0.012181
2563,0.047621,-0.014423,0.437771,-0.008559,0.045884,-0.012030
2564,0.051745,0.015495,0.444179,-0.006146,0.044800,-0.012907
2565,0.057380,0.011188,0.443100,-0.006424,0.043984,-0.011197
2566,0.053413,0.010633,0.436780,-0.006544,0.044219,-0.010169
2567,0.104464,0.003895,0.424100,-0.007135,0.039795,-0.010295
2568,0.102325,0.009833,0.413584,-0.006963,0.039337,-0.009317
2569,-0.297201,-0.107798,0.425612,-0.017152,0.072860,-0.008315
2570,0.118098,0.034791,0.457244,-0.004702,0.036466,-0.023098
2571,0.100422,0.023183,0.410195,-0.006094,0.039266,-0.019135
2572,0.096781,0.010202,0.407320,-0.007039,0.038623,-0.016506
2573,0.096036,0.006406,0.416227,-0.007256,0.037022,-0.014599
2574,-1.127742,-1.085462,0.286597,-0.101442,0.149094,-0.013027
2575,-0.694536,0.077211,0.581560,-0.006655,0.101216,-0.018181
2576,-0.492100,0.308932,0.418068,0.011445,0.097097,-0.011199
2577,-0.199317,-0.181365,0.346151,-0.028405,0.077544,-0.010180
2578,-0.172965,0.256204,0.489408,0.010014,0.068984,-0.017165
2579,-0.031254,0.108060,0.427785,-0.001199,0.061716,-0.012749
2580,0.078393,-0.009291,0.456483,-0.010095,0.050708,-0.012895
2581,0.111124,0.025248,0.392071,-0.008343,0.050786,-0.013256
2582,0.078919,0.038078,0.449645,-0.006295,0.049897,-0.011457
2583,0.091183,-0.001393,0.433307,-0.009478,0.049447,-0.011039
2584,0.120636,0.011119,0.418729,-0.008910,0.046856,-0.010039
2585,-0.003919,0.011864,0.492993,-0.008039,0.053169,-0.008765
2586,0.089125,0.004253,0.428448,-0.009276,0.049037,-0.010663
2587,0.031872,0.000214,0.434414,-0.009782,0.053162,-0.009503
2588,0.089929,-0.001566,0.434349,-0.009859,0.047975,-0.012422
2589,0.073403,0.000568,0.453766,-0.009710,0.047817,-0.011010
2590,0.032862,0.021642,0.445062,-0.008221,0.051403,-0.010322
2591,0.085584,-0.000205,0.428261,-0.009934,0.047631,-0.013077
2592,-0.011821,-0.086709,0.446474,-0.017317,0.054647,-0.011785
2593,0.096619,0.014165,0.425710,-0.009909,0.046191,-0.015051
2594,0.028024,0.171369,0.461394,0.003696,0.049612,-0.013374
2595,-0.017076,0.227087,0.443453,0.009555,0.054706,-0.012099
2596,0.119891,-0.008799,0.434091,-0.007844,0.043550,-0.015462
2597,0.072385,0.014629,0.398491,-0.007021,0.048614,-0.014236
2598,0.116531,-0.008893,0.458099,-0.007868,0.040750,-0.012334
2599,-0.075333,-0.096227,0.460890,-0.015792,0.056553,-0.011536
2600,0.109544,0.012536,0.413803,-0.007863,0.043279,-0.017052
2601,0.107438,0.010453,0.416743,-0.007986,0.042087,-0.015086
2602,-0.269776,-0.217111,0.416001,-0.027299,0.073639,-0.013399
2603,0.103319,0.020359,0.395611,-0.008662,0.043206,-0.017121
2604,-0.481505,-0.233836,0.414354,-0.030092,0.091635,-0.014958
2605,-0.369398,0.591907,0.402995,0.036515,0.084634,-0.009332
2606,-0.163381,0.233898,0.503469,0.013785,0.064943,-0.010996
2607,-0.104868,-0.170961,0.453281,-0.018611,0.064352,-0.012137
2608,0.123203,0.009168,0.427941,-0.004855,0.046054,-0.014261
2609,-0.091104,-0.188377,0.472143,-0.020854,0.061566,-0.012667
2610,0.076516,-0.005993,0.424898,-0.007319,0.050059,-0.020593
2611,0.062618,0.003670,0.438762,-0.006300,0.050062,-0.017634
2612,0.112066,0.017100,0.394033,-0.005730,0.047631,-0.015933
2613,0.030669,-0.025447,0.478828,-0.008098,0.049537,-0.013826
2614,0.113387,0.023190,0.420591,-0.005133,0.045101,-0.013931
2615,0.058322,0.017656,0.402083,-0.005767,0.050205,-0.012074
2616,0.020799,-0.056647,0.475912,-0.010584,0.049039,-0.010332
2617,0.005784,-0.064667,0.459047,-0.012007,0.050956,-0.015424
2618,0.112861,0.007049,0.416740,-0.006955,0.043546,-0.015113
2619,-0.063794,-0.025837,0.450892,-0.009500,0.056171,-0.013284
2620,-0.054867,-0.042037,0.425042,-0.011343,0.057002,-0.014972
2621,-0.060416,-0.000308,0.456912,-0.007670,0.056037,-0.014818
2622,0.106763,0.018512,0.393381,-0.006749,0.045140,-0.014283
2623,0.033629,-0.016231,0.497304,-0.008133,0.045151,-0.012348
2624,-0.009151,-0.009778,0.421870,-0.008930,0.052660,-0.012565
2625,0.061814,0.002778,0.435703,-0.007677,0.045605,-0.014902
2626,-0.064540,0.055305,0.459738,-0.003025,0.054986,-0.014300
2627,0.033389,-0.045656,0.418904,-0.011238,0.048945,-0.015968
2628,0.051741,-0.003312,0.428836,-0.008201,0.046120,-0.014926
2629,0.045871,0.000549,0.452846,-0.007561,0.044880,-0.015177
2630,0.105490,0.008146,0.417381,-0.007333,0.040989,-0.014555
2631,-0.179551,-0.024392,0.465799,-0.009779,0.062493,-0.012933
2632,0.042025,0.043145,0.429068,-0.004404,0.046281,-0.015286
2633,0.108866,0.018637,0.408652,-0.006304,0.040856,-0.015127
2634,0.038797,-0.012313,0.457209,-0.008209,0.043408,-0.012954
2635,0.098111,0.018001,0.392272,-0.006768,0.041198,-0.013242
2636,-0.100735,-0.067460,0.455151,-0.013040,0.054019,-0.011408
2637,0.037629,0.003621,0.461026,-0.007401,0.042136,-0.013680
2638,0.043162,0.003702,0.447806,-0.007491,0.042139,-0.012556
2639,-0.031951,-0.056317,0.409501,-0.013152,0.050258,-0.013049
2640,0.054934,0.011907,0.456870,-0.007136,0.039917,-0.017182
2641,-0.164697,0.195758,0.458336,0.008163,0.058822,-0.014530
2642,-0.016697,-0.061778,0.388168,-0.011876,0.050616,-0.018609
2643,-0.024116,0.055133,0.440281,-0.002242,0.047417,-0.013684
2644,-0.044806,-0.068829,0.443137,-0.011850,0.049138,-0.017057
2645,-0.033620,0.000614,0.422060,-0.007206,0.049158,-0.020370
2646,0.094021,0.017095,0.413336,-0.005630,0.038270,-0.018195
2647,-0.282899,0.165900,0.468814,0.007254,0.067514,-0.015338
2648,0.023142,0.038919,0.417077,-0.002231,0.045361,-0.015768
2649,-0.039457,-0.057872,0.401470,-0.009925,0.051024,-0.012294
2650,0.041721,-0.033652,0.472935,-0.007133,0.040130,-0.019257
2651,-0.168463,-0.159523,0.413865,-0.019449,0.060873,-0.014510
2652,-0.297567,-0.010835,0.431530,-0.007621,0.071876,-0.026168
2653,0.042787,-0.023254,0.424108,-0.007848,0.044186,-0.017857
2654,-0.413558,-0.534377,0.329282,-0.052763,0.087741,-0.014387
2655,-0.293081,0.280918,0.486614,0.014231,0.070247,-0.020267
2656,0.108347,0.020955,0.421721,-0.005706,0.040728,-0.015001
2657,-0.231493,-0.265285,0.406385,-0.030032,0.070035,-0.013321
2658,0.025269,0.174971,0.469101,0.006113,0.045294,-0.018937
2659,0.050865,0.010084,0.443093,-0.007085,0.044607,-0.015000
2660,-0.279176,0.014589,0.393653,-0.007682,0.075279,-0.013118
2661,0.047868,-0.001030,0.461500,-0.007349,0.044749,-0.012090
2662,0.058796,0.016677,0.443077,-0.006372,0.044517,-0.012946
2663,0.031104,-0.010951,0.426823,-0.008719,0.047409,-0.012170
2664,0.049518,-0.021922,0.447556,-0.009368,0.044474,-0.015707
2665,0.060532,0.015074,0.448640,-0.006485,0.043068,-0.014590
2666,-0.001072,0.023046,0.434272,-0.005969,0.048657,-0.013089
2667,0.008700,-0.013911,0.421028,-0.008938,0.048483,-0.011682
2668,0.032431,0.016358,0.455752,-0.006138,0.044343,-0.016265
2669,0.067475,0.002802,0.436389,-0.007435,0.042092,-0.013817
2670,-0.123516,-0.060401,0.401695,-0.013549,0.059880,-0.013125
2671,-0.056341,-0.056100,0.436414,-0.013075,0.052642,-0.016619
2672,-0.129744,0.116952,0.428352,0.000958,0.059420,-0.019348
2673,-0.121412,0.029112,0.418131,-0.005445,0.059641,-0.014648
2674,-0.089432,0.035433,0.439135,-0.004241,0.056411,-0.013005
2675,-0.177279,0.019187,0.420758,-0.005283,0.065658,-0.014902
2676,-0.039485,-0.045206,0.439341,-0.010017,0.053350,-0.014971
2677,0.045519,-0.004373,0.454567,-0.006506,0.045306,-0.016907
2678,-0.041056,0.190409,0.444499,0.009259,0.053362,-0.015064
2679,0.076422,-0.000074,0.427196,-0.004681,0.044539,-0.017553
2680,0.067228,-0.021130,0.444704,-0.006657,0.043509,-0.016038
2681,0.050593,-0.026174,0.437722,-0.007486,0.044835,-0.014594
2682,0.071225,0.004420,0.437289,-0.005171,0.042618,-0.014108
2683,-0.021840,0.040019,0.412640,-0.002575,0.051540,-0.012772
2684,0.023551,-0.008443,0.439187,-0.005498,0.046090,-0.011988
2685,-0.058952,0.046025,0.442742,-0.000979,0.052666,-0.016648
2686,-0.007178,-0.063375,0.434190,-0.009555,0.049072,-0.014818
2687,-0.077960,0.053276,0.437797,-0.000588,0.054622,-0.016576
2688,-0.042272,0.000790,0.434912,-0.004086,0.052026,-0.014253
2689,-0.017969,0.000199,0.435304,-0.004121,0.050024,-0.013309
2690,-0.060976,-0.099483,0.412546,-0.012954,0.055069,-0.012472
2691,-0.008899,-0.080686,0.464164,-0.011455,0.047920,-0.018466
2692,0.017835,-0.064439,0.429622,-0.011146,0.047390,-0.020356
2693,0.105279,0.008674,0.414366,-0.005657,0.040059,-0.021487
2694,0.040225,-0.006391,0.470973,-0.006202,0.041886,-0.018919
2695,0.035358,0.021333,0.433786,-0.004437,0.044072,-0.016748
2696,0.016449,-0.001574,0.437205,-0.006090,0.045178,-0.015078
2697,0.053226,-0.000453,0.446486,-0.005913,0.041198,-0.015125
2698,0.049822,0.001142,0.446514,-0.005839,0.041050,-0.014421
2699,0.038711,-0.003688,0.428052,-0.006547,0.042537,-0.013796
2700,0.004945,-0.019932,0.422602,-0.008079,0.045363,-0.015076
2701,0.008574,-0.013881,0.425931,-0.007761,0.044605,-0.018611
2702,-0.009093,-0.040009,0.454182,-0.009595,0.044260,-0.021384
2703,-0.003006,0.005098,0.436182,-0.006416,0.044451,-0.015281
2704,0.023332,0.037627,0.435698,-0.003480,0.042093,-0.018055
2705,0.036391,0.005393,0.439280,-0.005801,0.040490,-0.014431
2706,0.039256,0.010739,0.438515,-0.005503,0.039786,-0.013008
2707,0.020111,0.014518,0.433466,-0.005212,0.041280,-0.011687
2708,-0.029707,-0.010671,0.442702,-0.007191,0.044796,-0.011352
2709,-0.019239,0.015229,0.427953,-0.005328,0.044543,-0.013399
2710,-0.022787,-0.025059,0.422990,-0.008527,0.044941,-0.013364
2711,-0.021437,-0.015467,0.430795,-0.007714,0.044187,-0.014914
2712,-0.045717,0.011160,0.442606,-0.005281,0.045567,-0.015138
2713,-0.034246,-0.016904,0.423210,-0.007846,0.045389,-0.013758
2714,-0.062136,-0.004075,0.431453,-0.006772,0.047101,-0.015004
2715,-0.044910,-0.034964,0.432315,-0.009317,0.045563,-0.014729
2716,-0.083210,0.053545,0.426850,-0.002271,0.049235,-0.016463
2717,-0.061519,-0.059088,0.425349,-0.011129,0.047796,-0.011434
2718,-0.053819,-0.000048,0.441620,-0.006290,0.046170,-0.016059
2719,0.090512,0.024407,0.417901,-0.004354,0.034765,-0.015976
2720,-0.144777,0.003564,0.442170,-0.005756,0.053039,-0.013550
2721,0.088889,0.026293,0.416733,-0.004023,0.034520,-0.017531
2722,-0.346515,0.012874,0.417247,-0.005246,0.071399,-0.014974
2723,-0.209539,-0.034619,0.424490,-0.008614,0.060824,-0.015596
2724,-0.198388,-0.148329,0.419118,-0.018086,0.061242,-0.017174
2725,-0.326593,0.055650,0.438416,-0.001797,0.072392,-0.013027
2726,-0.043535,-0.102351,0.392175,-0.014420,0.052104,-0.016405
2727,0.095765,-0.002040,0.427033,-0.006142,0.037773,-0.023666
2728,-0.290189,-0.052604,0.436136,-0.010810,0.069719,-0.021135
2729,-0.160320,0.011794,0.447813,-0.005415,0.059554,-0.014030
2730,0.022237,-0.020026,0.443014,-0.007419,0.045158,-0.017767
2731,0.002198,-0.076413,0.425178,-0.012677,0.047677,-0.015453
2732,-0.001287,-0.058988,0.437377,-0.011784,0.047199,-0.016549
2733,-0.060234,-0.051032,0.422743,-0.011913,0.052809,-0.016629
2734,0.047566,0.038014,0.461535,-0.003847,0.041514,-0.020290
2735,0.030138,0.024083,0.423214,-0.005600,0.044712,-0.015491
2736,-0.038372,0.100874,0.443106,0.001471,0.049629,-0.016184
2737,-0.033559,-0.007363,0.432161,-0.006930,0.050043,-0.013254
2738,0.026642,-0.037439,0.426872,-0.009556,0.045138,-0.011139
2739,0.023188,-0.013865,0.443602,-0.007840,0.044209,-0.012952
2740,-0.026494,-0.010806,0.434800,-0.007798,0.048774,-0.013676
2741,-0.007311,0.005554,0.435790,-0.006535,0.047109,-0.016170
2742,0.022971,0.003975,0.429901,-0.006814,0.044700,-0.014493
2743,0.017380,0.007664,0.443076,-0.006226,0.044253,-0.014560
2744,0.015643,0.008490,0.435752,-0.006291,0.044614,-0.013743
2745,-0.000155,-0.017035,0.433194,-0.008460,0.045922,-0.013337
2746,0.019830,0.008968,0.450340,-0.006075,0.043184,-0.017138
2747,0.023685,0.012243,0.437450,-0.005976,0.043369,-0.014852
2748,0.020580,0.014022,0.437752,-0.005781,0.043385,-0.012988
2749,-0.032732,0.008437,0.423996,-0.006444,0.048522,-0.011915
2750,-0.128827,0.011209,0.427189,-0.006176,0.056669,-0.011782
2751,0.094172,0.015573,0.392749,-0.005644,0.039668,-0.012167
2752,-0.118737,-0.031318,0.482165,-0.008469,0.052788,-0.010429
2753,0.094131,0.016576,0.393099,-0.005950,0.039674,-0.011848
2754,-0.231060,-0.061779,0.474400,-0.011505,0.062685,-0.010143
2755,0.007750,0.013688,0.420433,-0.006035,0.046025,-0.016506
2756,-0.002385,0.012716,0.435570,-0.005833,0.045897,-0.014428
2757,-0.017791,0.015917,0.439987,-0.005411,0.046875,-0.012610
2758,-0.033218,0.011007,0.427951,-0.005862,0.048862,-0.011800
2759,-0.027635,0.011692,0.438427,-0.005529,0.047859,-0.011752
2760,-0.003311,0.036360,0.433705,-0.003294,0.045963,-0.012317
2761,-0.047827,-0.014156,0.433584,-0.006917,0.049923,-0.012556
2762,-0.072254,-0.039166,0.425877,-0.009576,0.052485,-0.012206
2763,0.011038,-0.018424,0.432681,-0.007817,0.045117,-0.016243
2764,0.020039,-0.008318,0.436902,-0.007012,0.043938,-0.016026
2765,-0.021730,0.001217,0.437762,-0.006276,0.047308,-0.016605
2766,0.015284,0.001645,0.432521,-0.006355,0.044340,-0.014945
2767,0.013084,-0.004219,0.435341,-0.006681,0.044169,-0.014647
2768,-0.044397,-0.003148,0.443034,-0.006568,0.048569,-0.014306
2769,-0.039769,0.004984,0.428571,-0.006188,0.049029,-0.012842
2770,0.007623,-0.002327,0.422536,-0.006750,0.045246,-0.012158
2771,0.000077,-0.028646,0.438522,-0.008676,0.044890,-0.013366
2772,-0.003192,-0.032988,0.435169,-0.009268,0.045237,-0.014649
2773,-0.085502,-0.051791,0.424332,-0.011324,0.052756,-0.014568
2774,-0.012573,0.008535,0.454743,-0.006141,0.045062,-0.017922
2775,-0.041778,-0.005163,0.429147,-0.007532,0.048943,-0.015548
2776,-0.054642,0.003312,0.433297,-0.006761,0.049944,-0.014674
2777,-0.095480,0.004823,0.421430,-0.006881,0.054220,-0.011902
2778,-0.060643,0.014580,0.437695,-0.005742,0.050671,-0.010185
2779,-0.032178,-0.023220,0.418067,-0.008887,0.049430,-0.009444
2780,-0.010828,0.001308,0.434999,-0.006569,0.046743,-0.013620
2781,-0.058609,-0.039209,0.434946,-0.009956,0.050808,-0.013053
2782,-0.007816,0.005133,0.446414,-0.006365,0.045938,-0.015848
2783,0.023326,-0.018043,0.410607,-0.008791,0.045125,-0.014049
2784,-0.068053,-0.029588,0.448629,-0.009346,0.050704,-0.015549
2785,-0.051517,0.009515,0.436027,-0.006494,0.050180,-0.016257
2786,-0.047820,0.015238,0.432301,-0.006021,0.050213,-0.013000
2787,0.000928,0.006215,0.436195,-0.006515,0.045914,-0.010420
2788,-0.044185,-0.032308,0.424900,-0.009858,0.050280,-0.010596
2789,-0.010752,0.011250,0.432282,-0.006226,0.047147,-0.014185
2790,-0.049351,-0.034746,0.441556,-0.009783,0.049964,-0.012556
2791,-0.004872,0.015647,0.425324,-0.006081,0.047113,-0.014782
2792,-0.045873,-0.029597,0.440126,-0.009470,0.049781,-0.012833
2793,0.000762,-0.005001,0.432915,-0.007758,0.046194,-0.014668
2794,-0.002364,-0.012787,0.430512,-0.008494,0.046470,-0.013638
2795,0.016270,0.001591,0.438273,-0.007266,0.044316,-0.013066
2796,-0.057436,-0.043692,0.423481,-0.011311,0.051212,-0.013175
2797,-0.029146,0.004973,0.449977,-0.007195,0.047476,-0.016297
2798,-0.005725,-0.004767,0.427682,-0.008168,0.046814,-0.014519
2799,-0.015969,-0.000595,0.438389,-0.007696,0.046992,-0.013107
2800,-0.054130,-0.034302,0.424129,-0.010810,0.051004,-0.014020
2801,-0.011013,0.005811,0.439934,-0.007568,0.046517,-0.015568
2802,-0.046972,0.004207,0.437777,-0.007590,0.049763,-0.013965
2803,-0.047040,0.011356,0.436144,-0.007026,0.049988,-0.011558
2804,-0.031851,0.014295,0.432485,-0.006689,0.048978,-0.009808
2805,0.013129,-0.013775,0.422518,-0.009012,0.045663,-0.009349
2806,-0.003128,0.011424,0.445711,-0.006654,0.045628,-0.013115
2807,0.013417,0.039788,0.436044,-0.004272,0.044607,-0.012811
2808,0.009270,-0.022141,0.422568,-0.009071,0.045698,-0.012477
2809,-0.061080,0.008361,0.449849,-0.006677,0.050077,-0.014683
2810,-0.064483,0.086645,0.422928,-0.000393,0.051869,-0.013233
2811,-0.054501,-0.022659,0.436140,-0.008132,0.050796,-0.010712
2812,-0.006443,0.039252,0.439777,-0.003522,0.046493,-0.011017
2813,-0.016727,-0.027431,0.435332,-0.008561,0.047676,-0.012169
2814,0.015136,-0.025645,0.423887,-0.008996,0.045516,-0.014324
2815,-0.011389,-0.008206,0.447364,-0.007315,0.046317,-0.015675
2816,0.009137,-0.017068,0.416797,-0.008605,0.046075,-0.016142
2817,-0.045418,-0.005211,0.450364,-0.007208,0.048803,-0.015170
2818,-0.055878,-0.057817,0.419638,-0.012185,0.051410,-0.012086
2819,-0.011653,-0.013613,0.437348,-0.008621,0.046707,-0.015012
2820,-0.049373,-0.001977,0.440964,-0.007577,0.049776,-0.014173
2821,-0.054596,0.009456,0.431505,-0.006841,0.050865,-0.012194
2822,-0.039920,0.011883,0.436419,-0.006384,0.049436,-0.010296
2823,-0.002569,0.018242,0.439324,-0.005603,0.046153,-0.009662
2824,-0.024771,-0.058810,0.405449,-0.012371,0.049888,-0.008787
2825,0.005856,0.001895,0.450736,-0.006981,0.044788,-0.012726
2826,0.018395,0.013865,0.444104,-0.006037,0.043962,-0.013376
2827,0.002989,0.002153,0.437511,-0.007023,0.045464,-0.012818
2828,0.006288,-0.050186,0.412599,-0.011742,0.046252,-0.012728
2829,-0.029441,0.008264,0.455419,-0.006673,0.046799,-0.014560
2830,0.006113,0.007621,0.436875,-0.006917,0.044912,-0.013098
2831,0.013899,0.005413,0.439833,-0.006975,0.043942,-0.012226
2832,0.029861,0.020691,0.432044,-0.005781,0.042687,-0.011857
2833,0.095114,-0.000079,0.430412,-0.007252,0.036575,-0.010955
2834,-0.081034,-0.031949,0.415264,-0.010549,0.051885,-0.009860
2835,-0.111408,-0.070775,0.437207,-0.013667,0.053905,-0.015978
2836,-0.043723,0.011233,0.446190,-0.007255,0.047917,-0.017022
2837,-0.051179,-0.011344,0.432809,-0.008917,0.049430,-0.016087
2838,-0.017441,0.014207,0.423320,-0.006973,0.047180,-0.015532
2839,-0.041434,-0.031098,0.431214,-0.010566,0.048824,-0.012665
2840,-0.062250,0.012143,0.435617,-0.007477,0.050452,-0.015508
2841,-0.030489,-0.011836,0.437593,-0.008918,0.047844,-0.014034
2842,-0.044848,-0.002372,0.436818,-0.008262,0.048998,-0.016035
2843,-0.029285,-0.010286,0.430927,-0.008925,0.048071,-0.014143
2844,-0.068081,-0.033368,0.424400,-0.011145,0.051705,-0.011693
2845,-0.077785,-0.010974,0.424600,-0.009376,0.052782,-0.015161
2846,-0.045690,0.003889,0.439413,-0.008077,0.049401,-0.012330
2847,-0.027706,0.006338,0.437377,-0.007715,0.048056,-0.010809
2848,-0.023231,-0.003066,0.421223,-0.008730,0.048684,-0.009345
2849,-0.029068,0.012205,0.444828,-0.007076,0.047993,-0.009923
2850,-0.029137,-0.027154,0.418762,-0.010464,0.049256,-0.009659
2851,-0.023933,-0.001786,0.438527,-0.007854,0.047743,-0.015224
2852,-0.006771,-0.027220,0.445270,-0.009791,0.046049,-0.014105
2853,-0.057348,0.012404,0.434464,-0.007482,0.050823,-0.012637
2854,-0.012361,0.010953,0.437166,-0.007395,0.046951,-0.010516
2855,0.004367,-0.015083,0.423588,-0.009631,0.046217,-0.010656
2856,-0.043710,0.018236,0.438808,-0.006804,0.049421,-0.011816
2857,-0.043298,0.022976,0.431470,-0.006396,0.049930,-0.011283
2858,-0.002786,-0.012215,0.424743,-0.009175,0.046931,-0.011269
2859,-0.030046,0.018461,0.445545,-0.006291,0.048076,-0.013176
2860,0.008997,-0.000578,0.426875,-0.008054,0.045756,-0.013330
2861,-0.026591,0.021616,0.443353,-0.005935,0.047801,-0.013870
2862,0.010325,0.004021,0.432246,-0.007382,0.045255,-0.013706
2863,-0.064435,0.004424,0.434837,-0.007235,0.051469,-0.013910
2864,-0.017907,0.015207,0.440786,-0.006203,0.047334,-0.012791
2865,-0.016836,-0.029158,0.418426,-0.010013,0.048450,-0.011692
2866,-0.065133,-0.000652,0.444495,-0.007440,0.051160,-0.013207
2867,-0.027277,0.007286,0.428816,-0.006993,0.049058,-0.012380
2868,0.008775,-0.045939,0.445406,-0.010882,0.045066,-0.011877
2869,-0.016766,-0.002874,0.432711,-0.007718,0.047760,-0.013695
2870,-0.008592,-0.020650,0.419674,-0.009616,0.047675,-0.012442
2871,0.003184,-0.027703,0.430505,-0.010076,0.045965,-0.013338
2872,-0.065157,0.001923,0.443832,-0.007679,0.051004,-0.014117
2873,0.000667,-0.011891,0.425474,-0.009114,0.046526,-0.012490
2874,-0.058446,0.004844,0.441414,-0.007474,0.050665,-0.013355
2875,-0.008380,-0.011484,0.425823,-0.009063,0.047331,-0.011850
2876,-0.050697,0.007966,0.446948,-0.007091,0.049786,-0.013652
2877,-0.025966,0.012360,0.435942,-0.006866,0.048383,-0.012049
2878,0.026033,-0.015990,0.421961,-0.009273,0.044668,-0.010864
2879,-0.002231,0.009426,0.454382,-0.006635,0.045116,-0.014082
2880,0.007535,-0.000490,0.431925,-0.007816,0.045360,-0.012878
2881,-0.003574,-0.006716,0.413770,-0.008606,0.047222,-0.013215
2882,-0.028811,0.012622,0.446397,-0.006581,0.047659,-0.013635
2883,0.016071,-0.015826,0.434078,-0.008936,0.044474,-0.012240
2884,-0.028704,-0.000016,0.444292,-0.007638,0.047414,-0.013533
2885,-0.021915,-0.004889,0.422041,-0.008411,0.048193,-0.013304
2886,-0.001220,0.015666,0.452567,-0.006103,0.044690,-0.013729
2887,-0.015521,0.018280,0.431479,-0.006174,0.046851,-0.012004
2888,-0.021450,-0.012225,0.415391,-0.008797,0.048164,-0.010859
2889,-0.080125,0.005474,0.440580,-0.007004,0.051859,-0.014164
2890,-0.022339,-0.015272,0.433086,-0.008806,0.047650,-0.013134
2891,-0.013103,0.014453,0.446609,-0.006030,0.046074,-0.014113
2892,-0.030291,0.011917,0.432607,-0.006352,0.048219,-0.012719
2893,-0.022335,-0.048533,0.418443,-0.011439,0.048259,-0.011684
2894,-0.036627,0.007121,0.430393,-0.006833,0.048807,-0.014354
2895,-0.009624,-0.059900,0.441309,-0.012165,0.045970,-0.012929
2896,-0.047778,0.001163,0.433418,-0.007683,0.049679,-0.013760
2897,-0.003369,-0.007580,0.435432,-0.008263,0.045811,-0.012573
2898,-0.035472,0.007436,0.442427,-0.007039,0.048015,-0.011717
2899,-0.086190,-0.062227,0.411373,-0.013274,0.054077,-0.010356
2900,-0.047396,0.007119,0.445885,-0.007291,0.049167,-0.015821
2901,-0.068483,0.010752,0.429552,-0.007198,0.052052,-0.013779
2902,-0.043984,0.011706,0.434323,-0.006918,0.049912,-0.011656
2903,-0.071381,0.011128,0.427582,-0.006958,0.052754,-0.010179
2904,-0.028288,-0.033133,0.398785,-0.010805,0.050547,-0.009436
2905,-0.028634,-0.004519,0.458774,-0.007680,0.047401,-0.013830
2906,-0.002494,-0.022370,0.431051,-0.009529,0.046866,-0.013886
2907,0.003039,-0.010506,0.432209,-0.008696,0.046235,-0.014272
2908,-0.024668,0.004254,0.449922,-0.007300,0.047544,-0.014697
2909,0.004477,-0.010433,0.425431,-0.008906,0.046358,-0.013104
2910,-0.004833,-0.031892,0.429801,-0.010614,0.046811,-0.012874
2911,0.000192,0.017489,0.456409,-0.006410,0.044787,-0.013018
2912,0.003439,-0.006626,0.424297,-0.008735,0.046225,-0.011315
2913,-0.074169,0.002169,0.438934,-0.007835,0.052008,-0.012628
2914,-0.041076,0.000534,0.436609,-0.008007,0.049457,-0.011345
2915,-0.004568,-0.024171,0.412760,-0.010330,0.047747,-0.011713
2916,-0.027184,0.017451,0.456145,-0.006452,0.047190,-0.013282
2917,-0.042371,-0.029029,0.425407,-0.010581,0.050368,-0.012249
2918,-0.082812,0.018818,0.425509,-0.006378,0.053908,-0.013443
2919,-0.000886,-0.027724,0.432579,-0.009564,0.046749,-0.011754
2920,-0.078741,0.007816,0.440734,-0.006945,0.052852,-0.012428
2921,-0.007534,-0.007283,0.442003,-0.007913,0.046924,-0.011320
2922,-0.030840,-0.033263,0.413476,-0.010694,0.050388,-0.011115
2923,-0.061547,0.009281,0.439044,-0.006929,0.051706,-0.014023
2924,-0.001835,-0.001553,0.445601,-0.007439,0.046485,-0.012233
2925,-0.035949,-0.018449,0.427937,-0.009368,0.050282,-0.011387
2926,0.011521,0.017718,0.447120,-0.006589,0.045067,-0.010054
2927,0.007161,0.017217,0.432751,-0.006655,0.046100,-0.009155
2928,0.021927,0.007266,0.419888,-0.007477,0.045259,-0.009064
2929,-0.027060,-0.000285,0.447280,-0.007557,0.047923,-0.013761
2930,0.036989,-0.000857,0.424666,-0.008062,0.043673,-0.012706
2931,-0.007079,0.009344,0.448610,-0.006870,0.045900,-0.012985
2932,-0.006832,0.019003,0.423392,-0.006313,0.047024,-0.011696
2933,0.027038,-0.036693,0.433350,-0.010232,0.043648,-0.011682
2934,-0.018332,-0.003474,0.453581,-0.007900,0.046170,-0.011867
2935,-0.015662,0.003024,0.435004,-0.007729,0.046909,-0.010251
2936,-0.009663,0.003592,0.435461,-0.007618,0.046270,-0.009310
2937,-0.009618,-0.040480,0.402376,-0.011757,0.047997,-0.009216
2938,-0.088975,-0.001962,0.449349,-0.008113,0.052227,-0.014437
2939,-0.080144,0.010900,0.430205,-0.007402,0.052800,-0.012826
2940,-0.046199,0.010461,0.431070,-0.007220,0.050116,-0.011302
2941,-0.069452,0.009875,0.436406,-0.007058,0.051920,-0.010131
2942,-0.001069,-0.053826,0.411307,-0.012527,0.047655,-0.009687
2943,-0.037306,0.012962,0.455425,-0.006664,0.048206,-0.014193
2944,-0.022830,0.008442,0.435849,-0.007070,0.048125,-0.013164
2945,-0.000876,-0.050634,0.407879,-0.012323,0.047732,-0.011826
2946,-0.062000,-0.005469,0.455723,-0.008193,0.050254,-0.013086
2947,-0.003476,-0.040826,0.412335,-0.011859,0.047764,-0.011241
2948,-0.064264,-0.003456,0.455875,-0.008292,0.050555,-0.012899
2949,0.097303,0.016149,0.401857,-0.007398,0.039471,-0.010655
2950,-0.055845,-0.025069,0.470258,-0.009956,0.048432,-0.009305
2951,0.015707,-0.029724,0.424905,-0.010990,0.044912,-0.015680
2952,-0.067342,-0.027957,0.432576,-0.010932,0.051495,-0.014590
2953,-0.006815,-0.028365,0.437486,-0.010976,0.046247,-0.015400
2954,-0.033608,-0.010455,0.446342,-0.009679,0.047884,-0.014203
2955,-0.041883,0.026188,0.425354,-0.006798,0.049763,-0.014718
2956,-0.090889,-0.031022,0.427356,-0.011087,0.054163,-0.010572
2957,-0.112569,0.004309,0.433344,-0.008735,0.055837,-0.007125
2958,-0.022644,0.027942,0.436314,-0.006488,0.048394,-0.005386
2959,-0.008114,-0.002963,0.427688,-0.008700,0.047714,-0.005447
2960,0.034820,0.007622,0.449345,-0.007458,0.042702,-0.008930
2961,-0.014183,-0.013098,0.434574,-0.009251,0.047620,-0.011588
2962,0.014142,0.013481,0.436506,-0.007430,0.044951,-0.012505
2963,0.002472,0.017046,0.434503,-0.007174,0.045913,-0.011927
2964,-0.014814,-0.000815,0.433227,-0.008593,0.047339,-0.010989
2965,-0.018619,-0.000077,0.435827,-0.008463,0.047506,-0.012419
2966,0.005050,0.007907,0.432909,-0.007788,0.045587,-0.012534
2967,-0.077586,0.009078,0.427573,-0.007826,0.052867,-0.013323
2968,-0.011970,0.012667,0.442242,-0.007208,0.046633,-0.011847
2969,-0.040158,0.009387,0.421692,-0.007628,0.050170,-0.012070
2970,-0.079723,0.015857,0.433287,-0.006933,0.053023,-0.010720
2971,-0.058716,0.012866,0.435785,-0.006862,0.051360,-0.009836
2972,-0.019030,-0.020325,0.428908,-0.009453,0.048496,-0.009975
2973,-0.069683,0.000669,0.431568,-0.007735,0.052735,-0.012654
2974,-0.039783,0.070037,0.421393,-0.001970,0.050789,-0.012611
2975,-0.027333,-0.039667,0.441497,-0.009706,0.048967,-0.011029
2976,0.035438,-0.056239,0.425974,-0.011992,0.044368,-0.013893
2977,-0.007784,0.004839,0.458251,-0.006858,0.046081,-0.015492
2978,-0.005171,-0.046525,0.397352,-0.012030,0.049053,-0.013591
2979,0.002322,-0.005478,0.470879,-0.007757,0.044299,-0.014139
2980,0.027257,-0.016510,0.419808,-0.009481,0.044799,-0.012483
2981,-0.019827,0.002282,0.451592,-0.007588,0.046853,-0.012457
2982,0.038566,-0.016629,0.416504,-0.009680,0.043659,-0.010421
2983,-0.017512,-0.005832,0.455924,-0.008301,0.046036,-0.011729
2984,-0.088288,-0.002088,0.424146,-0.008621,0.053859,-0.012135
2985,-0.082737,0.016891,0.451428,-0.006634,0.052189,-0.010919
2986,-0.020799,-0.003956,0.417205,-0.008376,0.049095,-0.010361
2987,-0.006055,-0.000372,0.439453,-0.007893,0.046521,-0.009810
2988,0.009457,-0.027070,0.418818,-0.010353,0.046225,-0.011180
2989,-0.032936,0.001647,0.449080,-0.007706,0.048052,-0.012293
2990,-0.000713,0.006806,0.438875,-0.007414,0.045896,-0.012173
2991,-0.033142,-0.039406,0.412623,-0.011637,0.050122,-0.011674
2992,-0.006535,0.005549,0.446146,-0.007503,0.046101,-0.013373
2993,0.000574,0.002261,0.437746,-0.007784,0.045878,-0.012640
2994,0.014610,0.004293,0.446030,-0.007505,0.043933,-0.011684
2995,-0.032769,0.014102,0.428473,-0.006997,0.048673,-0.010812
2996,-0.068258,-0.020409,0.430066,-0.009388,0.051740,-0.009634
2997,-0.018122,-0.008870,0.425830,-0.008627,0.047802,-0.009796
2998,-0.027727,-0.009635,0.433259,-0.008756,0.048188,-0.009454
2999,-0.027846,-0.009182,0.432159,-0.008967,0.048221,-0.010576
3000,-0.032355,0.007254,0.437326,-0.007578,0.048290,-0.011382
3001,-0.029491,-0.006937,0.415310,-0.008939,0.049415,-0.011577
3002,-0.003236,-0.010245,0.454138,-0.008673,0.044956,-0.011167
3003,-0.014245,-0.001628,0.442186,-0.008065,0.046441,-0.012218
3004,-0.078928,-0.000392,0.416868,-0.008426,0.053393,-0.011911
3005,-0.080209,0.008830,0.429697,-0.007508,0.053047,-0.011146
3006,0.037779,-0.023247,0.428095,-0.009913,0.043196,-0.010775
3007,-0.075427,-0.000544,0.446469,-0.007916,0.051679,-0.013325
3008,-0.064623,0.006835,0.430706,-0.007529,0.051854,-0.011554
3009,0.005536,-0.010073,0.435904,-0.008663,0.045723,-0.010195
3010,-0.072482,0.000850,0.430131,-0.007953,0.052634,-0.011037
3011,-0.054902,0.001807,0.429171,-0.007795,0.051381,-0.010212
3012,0.045353,-0.004050,0.426697,-0.008117,0.042986,-0.010170
3013,-0.011641,-0.006008,0.450388,-0.007742,0.046397,-0.012145
3014,-0.016152,0.002845,0.431285,-0.007574,0.047742,-0.011007
3015,-0.005611,0.007449,0.438666,-0.007002,0.046396,-0.010619
3016,0.009352,-0.033241,0.399003,-0.010890,0.047116,-0.010003
3017,-0.018365,-0.001026,0.471547,-0.007296,0.045404,-0.013700
3018,-0.058667,0.002213,0.430588,-0.007755,0.051137,-0.012628
3019,-0.003283,-0.040709,0.427678,-0.011224,0.046595,-0.011429
3020,-0.042289,-0.003610,0.444856,-0.008069,0.048939,-0.012183
3021,-0.006497,-0.021088,0.422598,-0.009873,0.047100,-0.010895
3022,-0.013793,-0.028200,0.437542,-0.010297,0.046805,-0.012360
3023,-0.039184,0.000974,0.438557,-0.008106,0.048915,-0.011637
3024,-0.032125,-0.011627,0.420267,-0.009513,0.049559,-0.010325
3025,-0.022641,0.008375,0.450679,-0.007301,0.047066,-0.011446
3026,-0.034389,0.011668,0.433674,-0.007275,0.048887,-0.010226
3027,-0.091676,0.004264,0.422877,-0.007985,0.054493,-0.009462
3028,-0.076384,0.010308,0.430557,-0.007273,0.053062,-0.009223
3029,-0.015228,-0.081668,0.410437,-0.014942,0.049029,-0.009670
3030,-0.011984,-0.001551,0.459112,-0.007939,0.046071,-0.013658
3031,-0.065539,0.007646,0.430180,-0.007844,0.052279,-0.011947
3032,-0.011608,0.016074,0.440894,-0.006834,0.047239,-0.010235
3033,-0.006172,0.013460,0.435394,-0.006936,0.047046,-0.008899
3034,0.095822,0.018368,0.392498,-0.006938,0.040298,-0.008415
3035,-0.088392,-0.045468,0.460661,-0.011383,0.051998,-0.007178
3036,-0.012795,0.007683,0.432137,-0.007529,0.047374,-0.016205
3037,0.019356,-0.022978,0.443538,-0.009735,0.044049,-0.016281
3038,-0.030854,0.039733,0.424745,-0.005211,0.049138,-0.015422
3039,-0.008057,0.021940,0.447864,-0.005429,0.045964,-0.013207
3040,-0.019717,0.015031,0.440582,-0.005873,0.047244,-0.011096
3041,-0.059257,-0.040081,0.417783,-0.010814,0.051905,-0.009401
3042,-0.012468,-0.013356,0.430799,-0.008913,0.047298,-0.013962
3043,-0.036293,0.022084,0.432497,-0.006052,0.049295,-0.014419
3044,-0.011214,-0.018165,0.441893,-0.008760,0.046823,-0.013146
3045,-0.020060,0.009058,0.436214,-0.006993,0.047744,-0.015013
3046,-0.017216,-0.010353,0.435548,-0.008578,0.047455,-0.013031
3047,-0.082903,-0.003766,0.431101,-0.008109,0.053367,-0.012340
3048,-0.011851,0.011515,0.446988,-0.006569,0.046630,-0.010832
3049,-0.014041,-0.012563,0.421789,-0.008753,0.048130,-0.009620
3050,-0.000598,-0.024271,0.434447,-0.009570,0.046219,-0.010047
3051,-0.006319,-0.011080,0.439543,-0.008483,0.046336,-0.012588
3052,-0.020298,-0.025970,0.434329,-0.009982,0.047697,-0.011913
3053,-0.012897,-0.003213,0.437610,-0.008135,0.046869,-0.013519
3054,-0.074885,-0.002943,0.429019,-0.008369,0.052648,-0.012070
3055,-0.006081,-0.011198,0.437041,-0.008826,0.046483,-0.010649
3056,-0.019002,-0.018282,0.435183,-0.009459,0.047602,-0.011179
3057,0.001244,0.001629,0.438894,-0.007822,0.045600,-0.012040
3058,-0.018727,-0.006494,0.423724,-0.008697,0.048029,-0.011391
3059,-0.020035,-0.014511,0.438730,-0.009142,0.047234,-0.011429
3060,-0.029075,-0.038887,0.426827,-0.011435,0.048671,-0.012576
3061,-0.014818,-0.004837,0.433118,-0.008780,0.047091,-0.013430
3062,-0.023296,-0.017718,0.431543,-0.009901,0.047824,-0.012800
3063,-0.044807,-0.000582,0.441861,-0.008490,0.049077,-0.013032
3064,-0.032350,0.003358,0.428570,-0.008275,0.048837,-0.012076
3065,-0.026184,0.010131,0.432205,-0.007586,0.048111,-0.012289
3066,-0.039126,0.012541,0.441926,-0.007204,0.048755,-0.011310
3067,-0.006588,-0.008353,0.419306,-0.009099,0.047237,-0.009628
3068,-0.038731,-0.007566,0.440205,-0.008739,0.048789,-0.011837
3069,-0.027075,-0.011080,0.433674,-0.009170,0.048219,-0.011282
3070,-0.008168,0.005701,0.434141,-0.007876,0.046578,-0.014045
3071,-0.076733,0.005321,0.431852,-0.007940,0.052577,-0.014192
3072,0.003448,0.016078,0.428617,-0.006926,0.046110,-0.012352
3073,-0.009269,0.004036,0.448690,-0.007358,0.046019,-0.010837
3074,-0.038118,-0.009589,0.421631,-0.008972,0.049988,-0.009530
3075,-0.003899,0.000787,0.446190,-0.007581,0.045746,-0.012094
3076,-0.019748,-0.001869,0.429199,-0.008174,0.047811,-0.011064
3077,-0.011780,-0.013188,0.438028,-0.008919,0.046609,-0.011210
3078,0.003791,-0.023833,0.424489,-0.010092,0.045944,-0.012482
3079,-0.014987,-0.009930,0.440884,-0.008880,0.046518,-0.014180
3080,-0.087601,0.002140,0.434808,-0.008099,0.053091,-0.013438
3081,-0.064666,-0.012646,0.428929,-0.009294,0.051684,-0.011435
3082,-0.024745,0.003838,0.427752,-0.007844,0.048445,-0.012164
3083,-0.045642,0.003109,0.445731,-0.007583,0.049363,-0.011681
3084,-0.014916,-0.030396,0.420984,-0.010636,0.048107,-0.010139
3085,-0.026869,-0.022206,0.437957,-0.009860,0.048153,-0.012599
3086,-0.013834,0.002179,0.440001,-0.007945,0.046983,-0.013058
3087,-0.083115,0.003414,0.427974,-0.008127,0.053596,-0.011626
3088,-0.011311,0.011968,0.441804,-0.007043,0.046879,-0.010102
3089,0.002808,-0.009540,0.412122,-0.009104,0.047191,-0.009205
3090,-0.010252,-0.029409,0.431646,-0.010485,0.047117,-0.010958
3091,0.013356,-0.023018,0.438965,-0.010017,0.044564,-0.011716
3092,-0.016898,-0.010547,0.442306,-0.009103,0.046866,-0.013571
3093,0.003056,0.005180,0.443109,-0.007937,0.045059,-0.012766
3094,-0.009491,0.011144,0.436950,-0.007522,0.046354,-0.012116
3095,-0.030606,0.016961,0.439903,-0.006927,0.047966,-0.010874
3096,-0.028280,-0.016683,0.417398,-0.009868,0.049014,-0.009435
3097,-0.050620,0.006493,0.436625,-0.007775,0.049909,-0.011707
3098,-0.008601,0.019455,0.442151,-0.006539,0.046112,-0.010620
3099,-0.030690,-0.010131,0.420706,-0.009089,0.049088,-0.009941
3100,-0.033025,-0.036881,0.427920,-0.011227,0.048978,-0.011033
3101,-0.035396,0.012073,0.448942,-0.007174,0.048047,-0.015833
3102,-0.050989,0.007206,0.426225,-0.007704,0.050731,-0.014400
3103,-0.050888,0.012121,0.431975,-0.007183,0.050538,-0.012309
3104,-0.010518,0.018079,0.442132,-0.006329,0.046633,-0.010420
3105,-0.012624,-0.013913,0.416647,-0.009127,0.048154,-0.009210
3106,-0.026073,-0.010221,0.445384,-0.008374,0.047695,-0.012796
3107,0.017431,-0.030363,0.429720,-0.010337,0.044797,-0.012404
3108,-0.029755,-0.003425,0.445127,-0.008115,0.047815,-0.013734
3109,-0.011365,0.007113,0.436806,-0.007357,0.046712,-0.012431
3110,-0.006008,-0.003808,0.422568,-0.008408,0.046929,-0.010751
3111,-0.017013,-0.028102,0.426544,-0.010318,0.047552,-0.012170
3112,-0.012602,-0.009438,0.449392,-0.008643,0.045871,-0.012288
3113,-0.030225,0.003287,0.437955,-0.007856,0.047973,-0.013594
3114,-0.019668,0.005754,0.435065,-0.007586,0.047278,-0.012222
3115,-0.011241,-0.006048,0.422380,-0.008693,0.047149,-0.010267
3116,-0.030446,-0.034434,0.437342,-0.010783,0.047859,-0.011957
3117,-0.059166,0.000085,0.443787,-0.008050,0.050072,-0.012626
3118,-0.052147,-0.016799,0.411035,-0.009942,0.051388,-0.010758
3119,-0.072777,-0.000446,0.439141,-0.008272,0.051789,-0.012947
3120,-0.096223,0.006604,0.429751,-0.007854,0.054587,-0.010992
3121,-0.031098,-0.014752,0.423030,-0.009490,0.049682,-0.009584
3122,0.001585,-0.014791,0.436302,-0.009156,0.046184,-0.012918
3123,-0.024713,-0.001800,0.440851,-0.008171,0.048033,-0.013493
3124,-0.004861,-0.007713,0.435438,-0.008788,0.046657,-0.012157
3125,0.001503,-0.008583,0.434975,-0.008897,0.046077,-0.012118
3126,0.001823,-0.003582,0.429883,-0.008609,0.046182,-0.012147
3127,-0.007814,0.001430,0.446979,-0.007946,0.045974,-0.011807
3128,-0.013788,-0.018831,0.434378,-0.009824,0.047073,-0.010757
3129,-0.002476,-0.005054,0.429855,-0.008830,0.046293,-0.012144
3130,-0.049781,0.007625,0.434750,-0.007816,0.050027,-0.012030
3131,-0.009386,0.019633,0.442243,-0.006617,0.046245,-0.010112
3132,-0.028946,-0.013963,0.415668,-0.009582,0.049317,-0.008821
3133,-0.005251,-0.009158,0.443044,-0.008736,0.045801,-0.013497
3134,-0.053626,0.004467,0.434402,-0.007864,0.050381,-0.013512
3135,-0.084407,0.013211,0.430607,-0.007252,0.053374,-0.011748
3136,-0.015176,0.002678,0.433797,-0.007802,0.047503,-0.010374
3137,-0.027643,-0.006959,0.431760,-0.008526,0.048633,-0.010600
3138,-0.021128,0.003504,0.446278,-0.007389,0.047319,-0.010754
3139,-0.010107,-0.025182,0.418063,-0.010135,0.047932,-0.011155
3140,-0.030580,-0.007252,0.439912,-0.008451,0.048424,-0.012387
3141,-0.030592,-0.009483,0.430313,-0.008812,0.048964,-0.012283
3142,-0.007068,-0.038428,0.431127,-0.011260,0.047024,-0.012253
3143,-0.003536,0.002665,0.438122,-0.008086,0.046163,-0.014751
3144,0.001670,0.003235,0.438876,-0.007854,0.045494,-0.013675
3145,-0.009957,0.001001,0.437458,-0.008071,0.046500,-0.013524
3146,-0.005528,0.007064,0.436228,-0.007574,0.046123,-0.012226
3147,-0.013362,0.010242,0.435146,-0.007248,0.046720,-0.010973
3148,-0.051999,0.001140,0.429115,-0.008023,0.050409,-0.010834
3149,-0.018884,-0.025704,0.421785,-0.010357,0.048016,-0.009266
3150,-0.048348,0.006246,0.455405,-0.007264,0.048718,-0.011385
3151,-0.008067,-0.008419,0.413197,-0.008961,0.047559,-0.010493
3152,-0.046774,-0.004391,0.450800,-0.008086,0.048847,-0.014603
3153,-0.001451,0.006801,0.437327,-0.007329,0.045840,-0.013175
3154,-0.005139,-0.013022,0.423615,-0.009080,0.046815,-0.012609
3155,-0.022044,-0.000430,0.429122,-0.008061,0.047772,-0.012095
3156,-0.031574,-0.006005,0.441491,-0.008372,0.047930,-0.011740
3157,-0.017197,-0.016551,0.432021,-0.009366,0.047245,-0.011180
3158,-0.014205,-0.015162,0.434394,-0.009317,0.046791,-0.013687
3159,-0.017240,0.002152,0.441852,-0.007837,0.046635,-0.012439
3160,0.003324,-0.018533,0.419735,-0.009875,0.045995,-0.010437
3161,-0.028688,-0.007543,0.444078,-0.008682,0.047271,-0.012017
3162,-0.050275,0.002138,0.441740,-0.007979,0.049310,-0.011439
3163,-0.057283,-0.001580,0.420082,-0.008603,0.051236,-0.009839
3164,-0.025180,0.010088,0.441163,-0.007307,0.047407,-0.008869
3165,-0.012150,-0.061785,0.411461,-0.013558,0.047921,-0.008726
3166,-0.041230,0.001622,0.451554,-0.008058,0.048131,-0.014037
3167,-0.032346,0.003833,0.435010,-0.008048,0.048381,-0.013725
3168,-0.009734,-0.004627,0.428535,-0.008825,0.046819,-0.012503
3169,-0.061125,0.000402,0.432620,-0.008357,0.050987,-0.012530
3170,-0.059558,0.008550,0.431346,-0.007754,0.051084,-0.011154
3171,-0.058299,0.007529,0.431474,-0.007700,0.051151,-0.010033
3172,-0.095086,0.007752,0.434669,-0.007525,0.054339,-0.009442
3173,-0.094444,0.005885,0.427212,-0.007578,0.055055,-0.009575
3174,-0.008676,-0.029752,0.418532,-0.010428,0.048459,-0.010476
3175,-0.001242,-0.034327,0.438101,-0.010619,0.046789,-0.012492
3176,0.000894,-0.009706,0.441399,-0.008680,0.046295,-0.014841
3177,-0.022036,0.000882,0.443230,-0.007901,0.048017,-0.014093
3178,0.015581,-0.033467,0.432646,-0.010903,0.045395,-0.012450
3179,-0.017638,-0.017932,0.428938,-0.010013,0.048176,-0.013723
3180,0.010006,-0.013022,0.428749,-0.009555,0.045761,-0.012072
3181,-0.003892,-0.000922,0.450553,-0.008382,0.045643,-0.012224
3182,0.006903,-0.002865,0.434072,-0.008855,0.045481,-0.010769
3183,-0.038168,0.005332,0.431385,-0.008283,0.049406,-0.012129
3184,-0.057889,0.011616,0.437564,-0.007692,0.050858,-0.009791
3185,-0.006162,0.009387,0.435016,-0.007683,0.046636,-0.008064
3186,-0.045068,-0.023589,0.414952,-0.010641,0.051003,-0.008220
3187,-0.008334,-0.014172,0.436527,-0.009532,0.046804,-0.012749
3188,-0.012979,0.003722,0.449142,-0.007989,0.046448,-0.012911
3189,-0.025594,0.016434,0.439973,-0.007052,0.047992,-0.012032
3190,-0.017105,-0.003033,0.417849,-0.008842,0.048451,-0.010941
3191,-0.013301,0.015378,0.449421,-0.006784,0.046411,-0.012484
3192,0.018133,-0.012937,0.419800,-0.009482,0.045293,-0.011405
3193,-0.065297,0.008335,0.438507,-0.007576,0.051275,-0.011796
3194,0.021854,0.004751,0.439114,-0.007760,0.043889,-0.010893
3195,-0.062560,0.006813,0.431512,-0.007607,0.051418,-0.010940
3196,0.020452,0.009426,0.440383,-0.007192,0.043918,-0.010588
3197,-0.030037,-0.032151,0.429190,-0.010706,0.048835,-0.010644
3198,-0.038158,0.069406,0.426641,-0.002342,0.049487,-0.012147
3199,-0.092739,0.031785,0.430317,-0.004359,0.054137,-0.010522
3200,-0.021759,-0.071280,0.432034,-0.012651,0.048424,-0.009576
3201,-0.028460,-0.007209,0.438922,-0.008206,0.048463,-0.011896
3202,-0.001643,-0.041738,0.432809,-0.011173,0.046622,-0.011881
3203,-0.005077,0.030392,0.436463,-0.005355,0.046424,-0.014438
3204,-0.017787,-0.011087,0.426468,-0.008313,0.047958,-0.013159
3205,-0.025907,-0.037210,0.435599,-0.010510,0.048205,-0.012452
3206,-0.016717,-0.031698,0.426273,-0.010667,0.047902,-0.012561
3207,-0.022432,-0.021200,0.437645,-0.009820,0.047715,-0.012882
3208,-0.024580,-0.022256,0.438894,-0.010041,0.047831,-0.012665
3209,-0.015561,0.001863,0.437634,-0.008275,0.047096,-0.012272
3210,-0.047504,-0.005990,0.425726,-0.009101,0.050425,-0.011216
3211,-0.095426,0.009329,0.445479,-0.007562,0.053657,-0.012278
3212,-0.020498,0.020230,0.441938,-0.006511,0.047698,-0.009882
3213,-0.025356,-0.018263,0.413893,-0.009917,0.049640,-0.008334
3214,-0.025085,-0.026572,0.429718,-0.010428,0.048777,-0.010587
3215,-0.027789,-0.034387,0.433162,-0.011145,0.048851,-0.012072
3216,-0.001853,-0.001746,0.446600,-0.008385,0.045890,-0.014916
3217,-0.070733,0.007683,0.431251,-0.007941,0.052595,-0.013564
3218,0.011204,-0.016818,0.427803,-0.010001,0.045909,-0.011044
3219,-0.033758,0.005113,0.448934,-0.007909,0.048476,-0.010890
3220,-0.003901,0.009056,0.431311,-0.007805,0.046942,-0.009696
3221,-0.027808,0.012025,0.441394,-0.007348,0.048362,-0.008870
3222,-0.027106,-0.017816,0.414555,-0.010067,0.049707,-0.008290
3223,-0.098339,0.063065,0.437878,-0.002946,0.054534,-0.013187
3224,-0.051226,0.040048,0.424031,-0.004059,0.051743,-0.011463
3225,-0.091025,0.035083,0.436509,-0.003881,0.054742,-0.010221
3226,-0.079436,0.052083,0.433405,-0.002147,0.054246,-0.009789
3227,-0.062318,0.003494,0.422000,-0.005643,0.053700,-0.009020
3228,0.006906,-0.077496,0.438871,-0.012213,0.047179,-0.010345
3229,-0.196309,0.098289,0.438105,0.001467,0.064419,-0.012936
3230,-0.148134,0.002227,0.405114,-0.005362,0.063082,-0.012076
3231,-0.014164,-0.016358,0.471723,-0.005881,0.048632,-0.008824
3232,-0.158824,0.086481,0.400174,0.001347,0.064883,-0.007225
3233,-0.064380,-0.067454,0.406192,-0.009982,0.057490,-0.007068
3234,-0.078127,0.034428,0.459130,-0.001230,0.055868,-0.011247
3235,-0.022718,0.021423,0.439271,-0.002024,0.052669,-0.011725
3236,-0.098885,0.034894,0.416517,-0.000875,0.060543,-0.010869
3237,-0.050153,0.007352,0.457702,-0.002195,0.054565,-0.010418
3238,-0.001041,-0.039226,0.391524,-0.007087,0.054400,-0.010359
3239,-0.084472,-0.087706,0.492527,-0.010276,0.056554,-0.013899
3240,0.014249,0.073125,0.405172,0.001565,0.052843,-0.014573
3241,-0.000408,-0.024125,0.442309,-0.005086,0.052111,-0.012896
3242,-0.050571,-0.119412,0.440683,-0.013711,0.056805,-0.012962
3243,0.053418,0.040946,0.421983,-0.001370,0.048632,-0.015398
3244,0.028132,-0.013035,0.443598,-0.005067,0.049316,-0.013025
3245,-0.012726,-0.043272,0.425538,-0.008114,0.053755,-0.012915
3246,0.003286,0.036563,0.438358,-0.001473,0.051557,-0.013767
3247,0.037179,-0.002126,0.455937,-0.003934,0.047665,-0.011687
3248,0.027190,-0.055551,0.424680,-0.009017,0.050140,-0.011241
3249,0.067399,-0.029029,0.445997,-0.007050,0.045242,-0.013021
3250,0.074636,-0.005082,0.437570,-0.005478,0.044600,-0.012128
3251,0.069491,-0.001090,0.449916,-0.005064,0.043932,-0.011712
3252,0.069758,0.002259,0.442549,-0.004954,0.043882,-0.010751
3253,0.060533,-0.009627,0.423450,-0.006276,0.045239,-0.010248
3254,0.067765,-0.006304,0.445391,-0.005792,0.043009,-0.011370
3255,0.039625,-0.015508,0.436891,-0.006885,0.045384,-0.010452
3256,0.040235,-0.039030,0.442410,-0.008756,0.044714,-0.011517
3257,0.031942,-0.011806,0.439591,-0.006941,0.045202,-0.012276
3258,0.034748,-0.009143,0.436932,-0.006867,0.044821,-0.012734
3259,0.038425,-0.006091,0.440038,-0.006742,0.043983,-0.012834
3260,0.045869,-0.002809,0.436781,-0.006539,0.043142,-0.012916
3261,-0.016483,-0.053141,0.426899,-0.011008,0.048653,-0.012656
3262,0.064694,-0.002305,0.440289,-0.007032,0.040728,-0.015762
3263,-0.009841,-0.044139,0.435297,-0.010803,0.046943,-0.014033
3264,-0.019502,-0.002336,0.442417,-0.007581,0.047206,-0.016383
3265,-0.044218,0.065462,0.426088,-0.001863,0.050058,-0.017909
3266,-0.039603,0.038019,0.409125,-0.003620,0.050678,-0.015556
3267,-0.064352,0.041637,0.454968,-0.002411,0.050308,-0.013780
3268,-0.043725,0.012236,0.436390,-0.004707,0.049777,-0.012179
3269,0.018934,0.003804,0.437580,-0.005384,0.044311,-0.010773
3270,-0.006345,0.035145,0.432599,-0.002937,0.046468,-0.010850
3271,-0.022029,-0.016861,0.431746,-0.006881,0.047805,-0.009768
3272,0.093352,0.014256,0.393262,-0.004993,0.039592,-0.011105
3273,-0.076379,-0.050620,0.475090,-0.009372,0.049252,-0.009565
3274,-0.009363,0.006941,0.433935,-0.005527,0.045867,-0.017411
3275,-0.053823,-0.000884,0.434070,-0.005868,0.049565,-0.016644
3276,-0.008329,-0.024826,0.447740,-0.007532,0.045051,-0.016063
3277,-0.017411,0.011418,0.425971,-0.005204,0.046740,-0.014700
3278,-0.085743,-0.065309,0.408428,-0.011752,0.053548,-0.013832
3279,-0.054831,0.005566,0.450638,-0.005822,0.048769,-0.017622
3280,0.093240,0.015779,0.391815,-0.005695,0.039092,-0.016004
3281,-0.022870,-0.032116,0.468942,-0.008602,0.044233,-0.013933
3282,-0.053824,-0.027590,0.442584,-0.008855,0.048340,-0.013689
3283,-0.063623,-0.038545,0.409842,-0.010382,0.051018,-0.015332
3284,-0.071878,-0.018033,0.455416,-0.008219,0.049200,-0.016384
3285,-0.066499,-0.030351,0.408138,-0.009993,0.051505,-0.013512
3286,-0.081092,-0.033123,0.443379,-0.009948,0.051010,-0.014482
3287,-0.053299,0.042283,0.431731,-0.003862,0.049259,-0.015519
3288,-0.080172,-0.050057,0.429764,-0.011369,0.051913,-0.012042
3289,-0.040342,-0.015897,0.441307,-0.008536,0.048177,-0.015658
3290,-0.047693,-0.003744,0.428265,-0.007841,0.049567,-0.014166
3291,-0.061737,0.003021,0.424185,-0.007483,0.051068,-0.012538
3292,-0.017395,-0.003024,0.443953,-0.007368,0.046351,-0.012541
3293,-0.050889,0.011578,0.416468,-0.006742,0.050687,-0.011937
3294,-0.025516,-0.008650,0.448277,-0.007685,0.046937,-0.011729
3295,-0.061916,-0.019808,0.421802,-0.009113,0.051369,-0.013994
3296,-0.046693,0.055691,0.445555,-0.002460,0.048851,-0.015025
3297,-0.021780,0.013357,0.436981,-0.005800,0.047295,-0.012036
3298,-0.035486,-0.021875,0.417158,-0.008905,0.049544,-0.011944
3299,-0.042339,-0.000878,0.418249,-0.007283,0.050212,-0.013184
3300,-0.027818,-0.028483,0.448819,-0.009023,0.047343,-0.011403
3301,-0.044742,-0.019464,0.437380,-0.008688,0.049376,-0.013503
3302,-0.084144,0.059346,0.437057,-0.002252,0.052867,-0.013657
3303,-0.012659,-0.018828,0.432197,-0.008126,0.047273,-0.011938
3304,-0.083623,0.003717,0.432336,-0.006418,0.053262,-0.013671
3305,-0.027957,-0.018930,0.417027,-0.008518,0.049661,-0.012857
3306,-0.013761,-0.006302,0.437840,-0.007189,0.047343,-0.013346
3307,0.004186,-0.017145,0.433230,-0.008161,0.046006,-0.012626
3308,-0.027153,-0.031156,0.429263,-0.009622,0.048690,-0.012419
3309,-0.048479,0.002337,0.435163,-0.006852,0.050333,-0.014294
3310,-0.041932,-0.042491,0.437654,-0.010316,0.049797,-0.013089
3311,-0.030070,-0.009602,0.426829,-0.008260,0.049317,-0.014554
3312,-0.012589,-0.003235,0.427760,-0.007771,0.047735,-0.013547
3313,-0.017309,-0.008568,0.433868,-0.008126,0.047730,-0.013274
3314,-0.001629,-0.005190,0.442067,-0.007773,0.045894,-0.013118
3315,-0.018037,-0.007166,0.438234,-0.008042,0.047475,-0.013877
3316,-0.046583,0.009543,0.439890,-0.006843,0.049778,-0.012548
3317,-0.022856,0.001974,0.418514,-0.007560,0.048938,-0.010676
3318,0.007262,0.003971,0.460385,-0.006676,0.044042,-0.012776
3319,-0.061303,-0.002336,0.423899,-0.007711,0.051931,-0.013057
3320,-0.014873,0.008292,0.442276,-0.006566,0.047060,-0.011244
3321,-0.019176,-0.011991,0.406351,-0.008695,0.049305,-0.010031
3322,-0.050178,0.009436,0.446185,-0.006344,0.049831,-0.011291
3323,-0.057707,-0.002640,0.433145,-0.007365,0.051399,-0.009754
3324,0.021346,-0.017292,0.409106,-0.009013,0.045919,-0.009596
3325,-0.079676,-0.000265,0.462392,-0.006917,0.051567,-0.012350
3326,-0.065753,0.009974,0.430988,-0.006578,0.052390,-0.011452
3327,-0.117912,-0.047694,0.424570,-0.011296,0.057208,-0.010857
3328,-0.021006,-0.004044,0.426054,-0.007728,0.049272,-0.015508
3329,0.013591,-0.002470,0.427208,-0.007654,0.046347,-0.013975
3330,-0.062444,0.003272,0.446853,-0.006957,0.051733,-0.014344
3331,0.012060,-0.002163,0.426552,-0.007636,0.046630,-0.012661
3332,-0.058468,0.009995,0.446280,-0.006264,0.051474,-0.012864
3333,-0.046295,-0.039614,0.428381,-0.010429,0.051599,-0.010632
3334,0.008484,-0.001054,0.427743,-0.007631,0.046922,-0.012445
3335,-0.051147,-0.010506,0.426067,-0.008405,0.052137,-0.013248
3336,-0.001432,0.017382,0.439212,-0.006175,0.047251,-0.012359
3337,-0.026309,-0.006794,0.447521,-0.007681,0.048934,-0.011396
3338,-0.022088,0.004881,0.434252,-0.007095,0.049261,-0.010046
3339,0.102555,0.006553,0.424482,-0.006891,0.038745,-0.009332
3340,-0.144202,-0.045398,0.442442,-0.011340,0.058521,-0.008416
3341,-0.011364,0.036304,0.439787,-0.004418,0.047966,-0.013736
3342,-0.016284,0.003659,0.430571,-0.007023,0.048741,-0.011506
3343,-0.016429,-0.003358,0.418565,-0.007826,0.049523,-0.012392
3344,-0.023107,-0.053849,0.443104,-0.011600,0.048940,-0.011833
3345,0.021601,-0.018240,0.426745,-0.009218,0.045877,-0.013073
3346,-0.004293,-0.027661,0.437545,-0.010003,0.047230,-0.012935
3347,-0.007854,0.008377,0.447764,-0.007096,0.046851,-0.013123
3348,-0.027384,0.003067,0.431970,-0.007738,0.049385,-0.012176
3349,-0.029378,-0.001316,0.433561,-0.008092,0.049191,-0.010424
3350,-0.107027,0.114881,0.435999,0.001545,0.055924,-0.013849
3351,0.022315,-0.037941,0.417142,-0.010237,0.046567,-0.009634
3352,-0.053288,-0.009244,0.447122,-0.007929,0.051150,-0.011238
3353,-0.059971,0.053879,0.431242,-0.002863,0.052631,-0.009834
3354,0.020435,-0.013059,0.449289,-0.007212,0.045085,-0.008030
3355,0.049106,-0.009581,0.435081,-0.007399,0.043148,-0.007188
3356,-0.068341,-0.062790,0.410077,-0.012467,0.054250,-0.009577
3357,-0.025613,-0.059018,0.435816,-0.012335,0.049346,-0.014041
3358,0.041145,0.011141,0.449283,-0.006584,0.042802,-0.013425
3359,0.040133,0.003786,0.438850,-0.007290,0.043143,-0.012486
3360,-0.020109,-0.023080,0.420437,-0.009860,0.048963,-0.012004
3361,-0.056328,0.002584,0.444269,-0.007609,0.050786,-0.012984
3362,0.006462,-0.002613,0.425304,-0.008301,0.046609,-0.011019
3363,-0.046944,-0.008616,0.440076,-0.008592,0.050268,-0.010463
3364,-0.017092,0.014959,0.446981,-0.006653,0.047387,-0.009042
3365,-0.060892,0.003196,0.426289,-0.007735,0.052294,-0.007939
3366,0.096240,0.018158,0.392662,-0.006796,0.040508,-0.007956
3367,-0.161743,-0.033369,0.437891,-0.010477,0.059457,-0.006750
3368,0.090624,0.015605,0.394289,-0.006459,0.040562,-0.013802
3369,-0.354329,-0.065476,0.479983,-0.012271,0.073800,-0.012018
3370,-0.092119,-0.076978,0.405104,-0.014070,0.057063,-0.016965
3371,-0.073151,0.013224,0.460831,-0.006128,0.052786,-0.015551
3372,-0.041580,0.066909,0.411477,-0.002322,0.053001,-0.013655
3373,-0.106588,0.062928,0.453818,-0.001522,0.056429,-0.010099
3374,-0.028502,-0.004732,0.396768,-0.007216,0.053384,-0.008149
3375,-0.036019,0.013464,0.445998,-0.004962,0.051444,-0.010995
3376,-0.007734,-0.024213,0.451592,-0.007913,0.048993,-0.012327
3377,-0.047478,0.018841,0.405595,-0.005473,0.054942,-0.014446
3378,0.108869,-0.005452,0.433424,-0.006483,0.039914,-0.017473
3379,-0.273075,-0.133895,0.449952,-0.017866,0.071572,-0.015901
3380,-0.013031,0.064665,0.429469,-0.002528,0.051201,-0.023793
3381,0.032115,-0.011153,0.435494,-0.007837,0.046969,-0.013486
3382,-0.078994,0.016815,0.436158,-0.005740,0.056368,-0.012087
3383,-0.126540,0.072189,0.430226,-0.000950,0.061251,-0.012342
3384,0.000526,0.026332,0.429538,-0.004430,0.050932,-0.010630
3385,0.018744,0.024986,0.456891,-0.003262,0.048024,-0.012966
3386,-0.001176,-0.071921,0.436070,-0.011408,0.050820,-0.012182
3387,-0.002725,-0.010361,0.429365,-0.006939,0.051308,-0.014732
3388,0.029643,-0.023897,0.447285,-0.007850,0.047487,-0.015167
3389,0.015071,0.023782,0.430933,-0.004434,0.049275,-0.014748
3390,-0.077788,-0.048428,0.430064,-0.010362,0.057361,-0.014182
3391,-0.022734,0.065237,0.437132,-0.001061,0.052416,-0.018049
3392,0.109748,-0.000496,0.419445,-0.005867,0.041747,-0.016085
3393,-0.076917,-0.066432,0.445088,-0.011490,0.055788,-0.014421
3394,-0.038520,0.030012,0.445543,-0.003820,0.052856,-0.013853
3395,-0.078894,-0.058809,0.446723,-0.010864,0.056683,-0.010873
3396,0.004084,-0.044977,0.442066,-0.010342,0.050210,-0.013847
3397,0.010550,-0.019372,0.413418,-0.009014,0.050991,-0.013453
3398,-0.020045,0.051773,0.435733,-0.002803,0.052059,-0.014088
3399,0.035011,0.007990,0.438176,-0.005743,0.047316,-0.012258
3400,0.038161,0.005768,0.422357,-0.006226,0.047624,-0.011640
3401,0.009265,-0.020265,0.444106,-0.008006,0.048592,-0.012733
3402,-0.007113,0.037812,0.447652,-0.003439,0.049703,-0.013641
3403,-0.017591,-0.007091,0.432803,-0.007028,0.051470,-0.012666
3404,0.036401,-0.036003,0.442625,-0.009335,0.046332,-0.014448
3405,0.022084,0.047572,0.432135,-0.003082,0.047685,-0.013541
3406,0.027989,0.006380,0.440730,-0.005711,0.046593,-0.011859
3407,-0.030509,-0.023335,0.428176,-0.008500,0.052039,-0.011977
3408,0.012183,-0.035969,0.426943,-0.009701,0.048448,-0.014452
3409,0.017364,0.036858,0.454855,-0.003594,0.046203,-0.014952
3410,0.018278,0.016595,0.436755,-0.005100,0.047001,-0.013394
3411,-0.019220,0.011134,0.456921,-0.005297,0.049016,-0.012765
3412,0.002323,-0.022564,0.412030,-0.008954,0.049474,-0.012129
3413,0.015233,0.038274,0.435596,-0.003476,0.046814,-0.014487
3414,0.006413,0.015481,0.442390,-0.004736,0.047045,-0.012491
3415,-0.030345,-0.041242,0.425204,-0.009719,0.051004,-0.011519
3416,-0.014670,0.038182,0.441163,-0.003233,0.048701,-0.014817
3417,-0.017689,0.004368,0.426856,-0.005766,0.049653,-0.013075
3418,-0.031694,0.000219,0.433221,-0.005945,0.050402,-0.013289
3419,-0.046849,0.004035,0.431213,-0.005627,0.051860,-0.013563
3420,-0.012985,0.021971,0.437225,-0.003983,0.048807,-0.013079
3421,-0.059541,-0.017355,0.426822,-0.007259,0.053278,-0.011972
3422,0.001241,0.025070,0.427745,-0.003546,0.048045,-0.014882
3423,-0.002679,0.013640,0.454335,-0.003802,0.046842,-0.013558
3424,-0.065855,-0.024672,0.422511,-0.007509,0.053892,-0.012548
3425,-0.010819,-0.067633,0.428365,-0.011098,0.049053,-0.015027
3426,-0.027210,-0.077465,0.450041,-0.012351,0.049226,-0.016452
3427,0.017990,-0.002126,0.427912,-0.006985,0.046266,-0.018063
3428,-0.072427,-0.014617,0.446994,-0.007762,0.052863,-0.012502
3429,-0.018316,0.054736,0.421652,-0.002240,0.049735,-0.013847
3430,-0.058244,0.050304,0.427170,-0.001861,0.052809,-0.012752
3431,-0.043549,-0.030025,0.439308,-0.007842,0.051126,-0.012269
3432,0.098570,0.017904,0.415906,-0.004553,0.039826,-0.014498
3433,-0.397088,-0.090949,0.447587,-0.013455,0.080453,-0.012397
3434,-0.019118,0.048165,0.410590,-0.001886,0.051785,-0.023755
3435,-0.020133,0.045149,0.442596,-0.001515,0.050010,-0.018106
3436,0.000873,-0.012808,0.434383,-0.006147,0.048784,-0.015520
3437,0.002893,0.009863,0.436483,-0.004536,0.048335,-0.013940
3438,0.014624,0.011512,0.437905,-0.004266,0.047135,-0.013817
3439,0.047483,0.017822,0.445435,-0.003481,0.043719,-0.013125
3440,0.061517,-0.000561,0.444510,-0.004849,0.042105,-0.011862
3441,0.008270,0.017863,0.430516,-0.003697,0.047085,-0.011387
3442,0.002819,-0.051091,0.436337,-0.009219,0.047139,-0.013033
3443,0.052855,0.006470,0.438998,-0.004704,0.042421,-0.015305
3444,-0.016845,0.048891,0.418634,-0.001496,0.049093,-0.013249
3445,0.045678,0.021307,0.456189,-0.002616,0.041597,-0.008761
3446,-0.029521,0.023253,0.428245,-0.002744,0.049273,-0.008067
3447,0.033002,-0.040135,0.428055,-0.007722,0.043825,-0.008196
3448,0.104128,0.000293,0.432067,-0.004601,0.036668,-0.011059
3449,-0.130840,0.016411,0.447819,-0.003382,0.055223,-0.010179
3450,0.021736,-0.012918,0.435008,-0.005352,0.043644,-0.011379
3451,-0.133446,-0.067765,0.406343,-0.010666,0.058300,-0.011491
3452,-0.310126,-0.181984,0.419771,-0.020597,0.073722,-0.017154
3453,0.060089,0.043712,0.453628,-0.002134,0.040875,-0.024346
3454,-0.049613,0.071781,0.413860,0.000064,0.051792,-0.020101
3455,-0.072151,0.011512,0.446507,-0.004283,0.052162,-0.010870
3456,-0.027364,-0.052973,0.409110,-0.009977,0.050603,-0.010282
3457,0.010643,-0.035409,0.463139,-0.007769,0.044409,-0.015303
3458,-0.012455,-0.001504,0.430594,-0.005760,0.047914,-0.013169
3459,-0.034999,0.001670,0.438283,-0.005392,0.049358,-0.013983
3460,0.011281,-0.000574,0.427137,-0.005749,0.045885,-0.012372
3461,-0.021154,-0.040728,0.422774,-0.009086,0.048807,-0.014465
3462,0.017049,0.004800,0.446112,-0.005310,0.044245,-0.014974
3463,0.012841,-0.013621,0.430378,-0.007067,0.045277,-0.013035
3464,-0.039825,-0.022934,0.443716,-0.007787,0.048841,-0.012979
3465,-0.014083,-0.005619,0.427806,-0.006718,0.047482,-0.013391
3466,-0.003644,-0.004396,0.449755,-0.006335,0.045256,-0.012293
3467,-0.070779,-0.021939,0.414160,-0.008388,0.052856,-0.013575
3468,-0.062550,-0.034031,0.434490,-0.009238,0.051274,-0.014565
3469,0.007525,0.002613,0.433515,-0.006320,0.045267,-0.013942
3470,-0.076938,-0.016868,0.424220,-0.008167,0.052783,-0.012998
3471,-0.036004,-0.029631,0.424199,-0.009155,0.049486,-0.014728
3472,-0.053657,-0.011315,0.437988,-0.007685,0.050276,-0.014869
3473,-0.026366,0.009846,0.412147,-0.006231,0.049368,-0.014166
3474,-0.021535,0.148608,0.482882,0.006425,0.045313,-0.014459
3475,-0.015858,-0.037651,0.425427,-0.008609,0.048165,-0.011423
3476,-0.004741,-0.010408,0.431877,-0.006635,0.046593,-0.013390
3477,-0.009063,-0.003587,0.440438,-0.006105,0.046368,-0.013539
3478,-0.006461,-0.019336,0.428420,-0.007631,0.046678,-0.012652
3479,-0.010507,-0.001303,0.440013,-0.006049,0.046275,-0.014114
3480,-0.012829,-0.003291,0.434183,-0.006378,0.046699,-0.013151
3481,-0.024584,-0.010952,0.422806,-0.007223,0.048180,-0.012452
3482,-0.056527,-0.027646,0.417000,-0.008636,0.051210,-0.014833
3483,-0.058792,-0.003650,0.448040,-0.006366,0.049878,-0.015394
3484,-0.053525,-0.000841,0.428680,-0.006491,0.050643,-0.013679
3485,-0.044468,-0.027859,0.438993,-0.008515,0.049369,-0.012036
3486,-0.009378,-0.007806,0.440135,-0.006800,0.046194,-0.014809
3487,-0.033214,-0.001641,0.429082,-0.006676,0.048780,-0.013728
3488,-0.014863,-0.001729,0.434056,-0.006509,0.047073,-0.012568
3489,-0.047604,-0.020310,0.434084,-0.008109,0.049803,-0.012357
3490,-0.049433,-0.022306,0.426833,-0.008394,0.050476,-0.014915
3491,-0.011412,0.009215,0.437397,-0.005752,0.046669,-0.014735
3492,-0.000615,0.004190,0.438767,-0.006018,0.045584,-0.013266
3493,-0.006671,0.003181,0.435907,-0.006166,0.046121,-0.012977
3494,-0.048206,-0.017433,0.433092,-0.007921,0.049766,-0.013024
3495,-0.060921,-0.005094,0.431262,-0.006991,0.050988,-0.014636
3496,-0.017814,-0.008186,0.430073,-0.007242,0.047475,-0.014316
3497,-0.004085,-0.009761,0.420950,-0.007556,0.046641,-0.014028
3498,-0.093951,-0.017170,0.437202,-0.008066,0.053559,-0.014723
3499,-0.059013,0.050167,0.429964,-0.002506,0.051124,-0.013794
3500,-0.021135,-0.017692,0.420391,-0.008034,0.048496,-0.009510
3501,0.003205,-0.008206,0.436110,-0.007085,0.045520,-0.010999
3502,-0.072665,-0.032695,0.434949,-0.009139,0.052055,-0.014862
3503,-0.029996,-0.005604,0.431754,-0.007049,0.048840,-0.013630
3504,-0.059041,-0.015179,0.446320,-0.007627,0.050645,-0.013699
3505,-0.018769,-0.008089,0.415493,-0.007715,0.048975,-0.013083
3506,-0.032000,-0.003834,0.455168,-0.006741,0.047986,-0.013668
3507,-0.031561,0.005683,0.435086,-0.006395,0.049066,-0.011794
3508,0.011299,0.004838,0.438326,-0.006310,0.045200,-0.010279
3509,-0.109303,0.002287,0.415446,-0.006950,0.056707,-0.010073
3510,-0.067855,-0.032217,0.437856,-0.009258,0.052382,-0.009137
3511,-0.044204,0.016401,0.429578,-0.005517,0.050938,-0.012625
3512,-0.074166,-0.009198,0.431226,-0.007315,0.053624,-0.010688
3513,0.019162,0.010309,0.440857,-0.005706,0.045211,-0.010157
3514,-0.025093,-0.062514,0.409449,-0.012103,0.050522,-0.010418
3515,-0.086225,-0.014138,0.439617,-0.007993,0.054229,-0.015524
3516,0.019885,0.014751,0.444745,-0.005816,0.045048,-0.014497
3517,-0.032826,0.007277,0.440924,-0.006255,0.049678,-0.014341
3518,0.006961,0.010370,0.438432,-0.005963,0.046451,-0.012563
3519,-0.008831,0.000699,0.424673,-0.006964,0.048445,-0.011067
3520,-0.028581,-0.007693,0.432736,-0.007583,0.049625,-0.009757
3521,-0.039401,-0.007524,0.434805,-0.007480,0.050542,-0.012286
3522,-0.004731,0.002539,0.434460,-0.006775,0.047667,-0.010711
3523,-0.002436,0.003976,0.442334,-0.006384,0.046928,-0.011016
3524,0.012084,-0.005039,0.423918,-0.007350,0.046558,-0.010846
3525,-0.021632,-0.006742,0.443028,-0.007287,0.048284,-0.010592
3526,-0.049088,-0.008719,0.427916,-0.007741,0.051535,-0.012014
3527,0.106675,0.007449,0.430549,-0.006292,0.037700,-0.010282
3528,-0.131829,-0.077426,0.436775,-0.013656,0.057373,-0.009513
3529,-0.003945,-0.006320,0.435569,-0.007978,0.047050,-0.016364
3530,0.011542,-0.039993,0.431855,-0.010752,0.045848,-0.014590
3531,-0.009431,0.010510,0.448034,-0.006911,0.046512,-0.013821
3532,-0.011513,0.003792,0.437722,-0.007447,0.047240,-0.012670
3533,-0.066092,0.006442,0.425709,-0.007380,0.052581,-0.012034
3534,0.000927,-0.004854,0.428940,-0.008031,0.046816,-0.010447
3535,-0.019107,-0.004592,0.435356,-0.008068,0.048010,-0.012523
3536,-0.026636,-0.001385,0.431926,-0.007889,0.048773,-0.013498
3537,-0.025961,0.011863,0.434540,-0.006720,0.048664,-0.013033
3538,-0.012915,-0.017858,0.426768,-0.009079,0.048000,-0.011219
3539,0.004873,-0.000429,0.450384,-0.007595,0.045033,-0.014226
3540,-0.009181,0.000933,0.436900,-0.007678,0.046820,-0.012974
3541,-0.047021,0.010182,0.431274,-0.007036,0.050367,-0.012706
3542,-0.008936,0.004711,0.430333,-0.007449,0.047258,-0.010586
3543,-0.068109,0.021874,0.438178,-0.005814,0.051861,-0.010786
3544,-0.064564,0.015260,0.427768,-0.006293,0.052375,-0.009355
3545,-0.034370,-0.003456,0.429623,-0.007767,0.049855,-0.008887
3546,-0.005460,0.017159,0.443315,-0.005846,0.046648,-0.010046
3547,0.013916,-0.013378,0.415196,-0.008499,0.046434,-0.009438
3548,-0.036033,0.002093,0.449190,-0.006799,0.048731,-0.012695
3549,0.007209,0.003510,0.440687,-0.006869,0.045538,-0.011702
3550,-0.048277,0.007122,0.433582,-0.006672,0.050558,-0.010542
3551,0.009743,0.008023,0.438640,-0.006354,0.045349,-0.009471
3552,0.002741,-0.019145,0.397214,-0.009108,0.047928,-0.008279
3553,-0.058229,-0.037507,0.453169,-0.009970,0.050076,-0.014334
3554,-0.020632,-0.003177,0.441690,-0.007550,0.047620,-0.013320
3555,-0.033108,-0.072791,0.416112,-0.013724,0.050088,-0.012701
3556,-0.016681,-0.001615,0.448407,-0.007716,0.046914,-0.013965
3557,-0.017855,0.011984,0.441356,-0.006871,0.047375,-0.011977
3558,-0.015896,0.008629,0.423124,-0.007261,0.048248,-0.010247
3559,-0.052979,0.005780,0.445535,-0.007101,0.050137,-0.009259
3560,-0.059939,0.010643,0.426677,-0.006972,0.051816,-0.008685
3561,-0.006764,0.011450,0.437513,-0.006561,0.046787,-0.008938
3562,-0.022153,0.009097,0.430204,-0.006731,0.048405,-0.010014
3563,0.017096,-0.002195,0.446316,-0.007298,0.044167,-0.010315
3564,0.016365,-0.014806,0.401467,-0.008910,0.046323,-0.010784
3565,-0.066916,-0.011201,0.440671,-0.008263,0.051084,-0.012569
3566,-0.014767,-0.014010,0.428510,-0.008681,0.047534,-0.012453
3567,-0.000708,0.002174,0.454819,-0.007107,0.044921,-0.012691
3568,-0.014033,0.003222,0.446114,-0.007123,0.046494,-0.011664
3569,-0.017464,0.003899,0.433244,-0.007265,0.047424,-0.010097
3570,-0.020160,0.003189,0.433526,-0.007277,0.047586,-0.009297
3571,-0.062368,-0.043377,0.396515,-0.011669,0.053093,-0.008969
3572,-0.057069,-0.039885,0.450050,-0.010741,0.049895,-0.014164
3573,-0.085206,-0.022488,0.431620,-0.009875,0.053530,-0.013329
3574,-0.002147,-0.011466,0.425143,-0.009140,0.046974,-0.014449
3575,-0.070726,0.004683,0.446730,-0.007581,0.051608,-0.013800
3576,-0.073661,0.001582,0.427582,-0.008114,0.053169,-0.011961
3577,-0.058268,0.005804,0.435063,-0.007565,0.051651,-0.010130
3578,0.008748,-0.008287,0.424874,-0.008702,0.046564,-0.008796
3579,-0.033156,0.006679,0.450611,-0.007116,0.048650,-0.011656
3580,-0.143098,-0.134808,0.420976,-0.019411,0.059943,-0.010413
3581,0.009316,0.004498,0.431166,-0.008420,0.046658,-0.018922
3582,-0.066635,-0.015856,0.430822,-0.010116,0.053098,-0.016398
3583,-0.055080,0.052204,0.428666,-0.004542,0.052234,-0.012893
3584,-0.082896,-0.032032,0.431824,-0.010759,0.054887,-0.009115
3585,-0.057418,0.066654,0.436803,-0.002983,0.052500,-0.008317
3586,-0.066650,0.013283,0.432134,-0.006334,0.053909,-0.006779
3587,-0.105166,0.046089,0.419203,-0.003773,0.058220,-0.007286
3588,-0.125391,0.088662,0.424317,0.000530,0.060131,-0.009009
3589,-0.051011,0.034631,0.440402,-0.002541,0.053616,-0.009233
3590,-0.047234,0.046208,0.430483,-0.001515,0.054080,-0.009422
3591,-0.033860,0.051125,0.447974,-0.000380,0.052159,-0.010607
3592,-0.064481,0.040506,0.417892,-0.001158,0.056690,-0.011172
3593,-0.033828,0.036046,0.434656,-0.000990,0.053459,-0.011422
3594,-0.014836,0.009452,0.442423,-0.002784,0.051635,-0.011389
3595,0.022168,-0.002809,0.429972,-0.004085,0.049136,-0.011572
3596,-0.033250,0.041870,0.438153,-0.000121,0.053293,-0.012647
3597,-0.014952,0.035474,0.476377,0.000528,0.049749,-0.012227
3598,-0.008186,-0.043700,0.381789,-0.006970,0.054574,-0.011300
3599,0.010669,0.008720,0.428213,-0.002533,0.050386,-0.012644
3600,0.017988,0.031028,0.457892,-0.000041,0.048005,-0.012819
3601,0.010307,-0.056649,0.464507,-0.006921,0.048261,-0.012106
3602,0.031936,-0.040142,0.440364,-0.006520,0.047702,-0.014024
3603,0.104854,0.001133,0.411230,-0.003807,0.042554,-0.014396
3604,0.104592,0.002968,0.416456,-0.003700,0.041211,-0.012799
3605,-0.085837,-0.123610,0.462849,-0.013940,0.054833,-0.011375
3606,0.034760,-0.042823,0.453159,-0.007891,0.045501,-0.016015
3607,-0.008418,-0.022916,0.430080,-0.007013,0.050185,-0.016518
3608,0.069305,0.014635,0.427051,-0.003958,0.043473,-0.017793
3609,0.070730,-0.006090,0.449063,-0.005158,0.041711,-0.015266
3610,0.028767,-0.015772,0.442043,-0.006339,0.045224,-0.014081
3611,0.021106,-0.025693,0.434461,-0.007413,0.046009,-0.013757
3612,0.103328,0.006542,0.416640,-0.005126,0.039305,-0.013960
3613,-0.135478,-0.091224,0.433008,-0.013360,0.058300,-0.012523
3614,0.098578,0.010302,0.420955,-0.005175,0.039017,-0.013901
3615,-0.054812,0.013186,0.469805,-0.004480,0.049029,-0.012861
3616,-0.317462,-0.257969,0.409631,-0.027813,0.075579,-0.012434
3617,0.098406,0.015627,0.396640,-0.006495,0.041389,-0.013853
3618,-0.014424,0.025732,0.485509,-0.004440,0.045559,-0.012032
3619,-0.012290,0.020291,0.426102,-0.005545,0.048548,-0.010549
3620,-0.061065,0.002018,0.411841,-0.007117,0.053408,-0.010426
3621,-0.093425,-0.059365,0.441785,-0.011926,0.054937,-0.013972
3622,-0.050740,0.064440,0.451850,-0.001913,0.050801,-0.016808
3623,-0.005360,0.002061,0.417242,-0.006322,0.049229,-0.016821
3624,-0.021056,-0.058459,0.439695,-0.011410,0.049130,-0.016048
3625,-0.053914,-0.019330,0.430842,-0.009221,0.052301,-0.012258
3626,-0.005140,0.055042,0.442856,-0.002897,0.047489,-0.014613
3627,-0.052350,0.054510,0.431294,-0.002431,0.052094,-0.014266
3628,-0.042533,-0.028923,0.432032,-0.008962,0.051569,-0.012555
3629,0.103709,0.024161,0.421727,-0.005015,0.039312,-0.014581
3630,-0.205981,-0.090917,0.430727,-0.014705,0.065047,-0.012281
3631,-0.078918,0.077512,0.437470,-0.000965,0.054486,-0.014609
3632,0.107076,-0.004009,0.425613,-0.006667,0.039166,-0.011386
3633,-0.259243,-0.107642,0.424183,-0.016113,0.070072,-0.010327
3634,0.009359,-0.049830,0.453109,-0.011429,0.046808,-0.017179
3635,-0.019997,0.068424,0.429180,-0.002408,0.050478,-0.016368
3636,-0.038506,0.023500,0.426205,-0.005315,0.052233,-0.013861
3637,0.102184,0.014104,0.403784,-0.006651,0.040975,-0.012131
3638,-0.092165,0.139954,0.475061,0.004653,0.053518,-0.010635
3639,-0.182414,-0.113129,0.430895,-0.015739,0.064473,-0.013363
3640,0.011881,0.055597,0.436630,-0.002210,0.048124,-0.019095
3641,0.009959,0.024425,0.435286,-0.004274,0.048295,-0.013555
3642,-0.011537,-0.048068,0.440264,-0.010000,0.049886,-0.012811
3643,0.035564,-0.011170,0.434719,-0.007415,0.046072,-0.013904
3644,-0.012248,-0.048839,0.435283,-0.010744,0.049923,-0.014086
3645,0.058217,0.010428,0.439548,-0.006051,0.043453,-0.015439
3646,-0.005443,0.036403,0.431208,-0.003965,0.048940,-0.014266
3647,0.073999,-0.012386,0.446089,-0.007389,0.041232,-0.012651
3648,-0.233670,-0.054863,0.381200,-0.012530,0.070424,-0.011717
3649,-0.302848,-0.191503,0.432555,-0.023451,0.075013,-0.008006
3650,0.135767,0.204815,0.454633,0.009211,0.037142,-0.020693
3651,-0.019674,0.034040,0.443420,-0.003838,0.050452,-0.013919
3652,0.070775,-0.004146,0.440478,-0.006491,0.042992,-0.011702
3653,0.061676,0.024656,0.435620,-0.004696,0.043487,-0.011834
3654,-0.146611,0.096895,0.423213,0.001328,0.061748,-0.010963
3655,-0.046385,0.026599,0.437486,-0.002988,0.053175,-0.011261
3656,-0.041136,-0.062687,0.440655,-0.010402,0.052714,-0.012343
3657,0.067960,-0.000484,0.435778,-0.005756,0.043574,-0.016644
3658,-0.003497,0.025926,0.437707,-0.003654,0.049234,-0.014848
3659,0.107753,0.010110,0.415802,-0.005064,0.040438,-0.012880
3660,0.024633,0.004938,0.473012,-0.004755,0.043882,-0.011548
3661,0.067657,-0.007076,0.443955,-0.005860,0.041790,-0.013111
3662,-0.027890,0.053963,0.415672,-0.001430,0.050982,-0.012161
3663,0.070395,-0.028825,0.451042,-0.006990,0.040723,-0.011074
3664,-0.139430,-0.075605,0.396641,-0.012605,0.061148,-0.010399
3665,-0.047662,0.057679,0.454157,-0.000653,0.050542,-0.019574
3666,-0.007727,0.011085,0.428809,-0.004177,0.048702,-0.017170
3667,0.004994,-0.032357,0.433329,-0.007904,0.047165,-0.012390
3668,0.060338,-0.007479,0.454980,-0.005742,0.041057,-0.014472
3669,-0.078519,0.043410,0.432381,-0.002164,0.054007,-0.013550
3670,-0.017941,-0.004812,0.422515,-0.005615,0.049401,-0.010078
3671,-0.131563,-0.116440,0.421863,-0.014996,0.059169,-0.013387
3672,-0.069143,-0.036927,0.419849,-0.008987,0.054037,-0.016666
3673,0.003128,0.008259,0.455331,-0.004665,0.046157,-0.016282
3674,0.063344,-0.002833,0.448248,-0.005876,0.041317,-0.013751
3675,-0.068681,-0.021855,0.412740,-0.008160,0.054070,-0.013013
3676,0.002900,-0.037277,0.443500,-0.008963,0.046508,-0.015424
3677,-0.166459,0.072102,0.426850,-0.000696,0.061918,-0.015885
3678,0.033919,-0.000071,0.428584,-0.005683,0.045247,-0.010625
3679,-0.020333,0.046290,0.442286,-0.001560,0.048801,-0.012388
3680,0.002196,-0.003259,0.433210,-0.005242,0.047351,-0.011441
3681,-0.017602,-0.010748,0.431586,-0.006043,0.048983,-0.012054
3682,-0.123417,-0.074738,0.425717,-0.011613,0.058466,-0.013316
3683,-0.008747,0.031466,0.444680,-0.002877,0.047813,-0.015574
3684,0.045525,0.010478,0.434503,-0.004342,0.043638,-0.014456
3685,-0.081102,-0.059209,0.431799,-0.010317,0.054432,-0.013135
3686,0.097299,0.014919,0.393114,-0.005076,0.041121,-0.016140
3687,0.039755,-0.012414,0.501168,-0.005809,0.039685,-0.014036
3688,-0.072816,0.013694,0.396945,-0.005394,0.054602,-0.013722
3689,0.102217,0.005290,0.424527,-0.005247,0.037809,-0.012249
3690,-0.403298,-0.085057,0.421418,-0.013542,0.081337,-0.010940
3691,0.107600,0.033606,0.455668,-0.002739,0.037220,-0.019623
3692,-0.078403,0.061376,0.438354,-0.000626,0.053738,-0.016331
3693,0.032508,-0.005736,0.440403,-0.005525,0.044519,-0.009329
3694,0.066117,0.012150,0.447032,-0.004181,0.040735,-0.009350
3695,-0.162268,-0.069044,0.415104,-0.011309,0.061647,-0.010327
3696,0.069537,0.008404,0.417611,-0.005166,0.042023,-0.015935
3697,0.104112,0.003105,0.424542,-0.005414,0.037880,-0.014169
3698,-0.140361,-0.059051,0.466998,-0.010378,0.055972,-0.012839
3699,-1.023603,-0.032455,0.407230,-0.009912,0.137451,-0.019404
3700,-0.029485,0.084294,0.386281,0.002421,0.058199,-0.011457
3701,0.069369,-0.047026,0.436615,-0.007984,0.046089,-0.007032
3702,0.068373,-0.013970,0.460100,-0.005603,0.044196,-0.013394
3703,0.069855,-0.008369,0.447822,-0.005470,0.044376,-0.013601
3704,0.072655,0.007665,0.425567,-0.004560,0.044935,-0.013358
3705,0.072750,0.009588,0.429894,-0.004355,0.044227,-0.011483
3706,0.062611,-0.010785,0.462364,-0.005548,0.042950,-0.010256
3707,0.062090,-0.000388,0.434147,-0.005379,0.044083,-0.010550
3708,0.062199,-0.004583,0.432964,-0.005747,0.043730,-0.011767
3709,0.061782,-0.002301,0.439384,-0.005565,0.042979,-0.012536
3710,0.067511,-0.000748,0.448372,-0.005350,0.041604,-0.013381
3711,0.053064,-0.001838,0.434415,-0.005775,0.043117,-0.012366
3712,0.044053,-0.005601,0.438363,-0.006093,0.043236,-0.012945
3713,0.042513,-0.006268,0.423170,-0.006469,0.043747,-0.013183
3714,0.020811,-0.007759,0.447066,-0.006353,0.043929,-0.014225
3715,0.024930,-0.002212,0.440210,-0.006077,0.043689,-0.014067
3716,-0.027156,-0.024777,0.429152,-0.008199,0.048551,-0.013937
3717,0.012301,-0.019011,0.443153,-0.007633,0.044350,-0.016281
3718,-0.019066,-0.008554,0.431191,-0.007223,0.047425,-0.016097
3719,-0.000571,-0.047557,0.424138,-0.010608,0.046131,-0.016284
3720,-0.120836,-0.032120,0.452707,-0.009511,0.054683,-0.017229
3721,0.030890,-0.015363,0.416660,-0.008496,0.044019,-0.020383
3722,-0.015645,0.080926,0.449866,-0.000535,0.045801,-0.017375
3723,-0.027638,0.028861,0.421242,-0.004395,0.048365,-0.012007
3724,-0.102124,0.021024,0.437715,-0.004620,0.053917,-0.010520
3725,0.032799,-0.000010,0.434304,-0.006086,0.042817,-0.011283
3726,0.030546,-0.013778,0.423408,-0.007482,0.043076,-0.010981
3727,-0.038838,-0.024246,0.446708,-0.008131,0.047516,-0.014340
3728,0.004593,-0.028361,0.418026,-0.009101,0.045316,-0.015208
3729,-0.048764,0.001249,0.447282,-0.006513,0.048061,-0.014610
3730,0.012928,-0.004021,0.443274,-0.006760,0.043101,-0.014406
3731,-0.032338,-0.012369,0.422292,-0.007982,0.047835,-0.014285
3732,-0.043347,0.000967,0.438384,-0.006576,0.047793,-0.014835
3733,-0.100529,0.174169,0.430073,0.007737,0.053415,-0.014235
3734,-0.084096,-0.085559,0.427161,-0.012275,0.052709,-0.010461
3735,-0.013092,-0.000766,0.438785,-0.005709,0.045961,-0.015767
3736,-0.027549,-0.003788,0.428954,-0.006138,0.047673,-0.013337
3737,0.015250,-0.002445,0.427693,-0.006043,0.043936,-0.011704
3738,0.002227,-0.018171,0.424231,-0.007435,0.044876,-0.011354
3739,-0.027686,-0.037472,0.448730,-0.008806,0.045934,-0.014583
3740,0.097840,0.001585,0.421949,-0.006031,0.036256,-0.014780
3741,-0.119072,-0.059556,0.442165,-0.011302,0.053278,-0.013291
3742,0.097047,0.001855,0.420969,-0.006475,0.036110,-0.017380
3743,-0.119750,-0.036357,0.448296,-0.009733,0.052711,-0.015597
3744,-0.151848,0.194913,0.446288,0.009449,0.056441,-0.017037
3745,-0.126335,-0.074372,0.409517,-0.011620,0.056991,-0.015203
3746,-0.094609,0.013401,0.419974,-0.004637,0.053779,-0.018255
3747,-0.058907,-0.047712,0.436113,-0.009391,0.050173,-0.011709
3748,-0.013630,0.040965,0.448976,-0.002091,0.045765,-0.013864
3749,-0.007459,-0.018336,0.425067,-0.007061,0.046498,-0.013500
3750,-0.029469,0.004912,0.425213,-0.005262,0.048296,-0.013545
3751,-0.015503,-0.031484,0.436306,-0.007925,0.046506,-0.011759
3752,-0.039780,-0.000014,0.432811,-0.005747,0.048702,-0.012790
3753,-0.010198,-0.010516,0.442062,-0.006255,0.045701,-0.011439
3754,-0.025093,-0.004921,0.435067,-0.006027,0.047245,-0.010990
3755,-0.058247,-0.007924,0.426311,-0.006506,0.050570,-0.009849
3756,-0.104986,-0.085553,0.411169,-0.013292,0.055484,-0.010106
3757,-0.066838,-0.060850,0.439411,-0.010918,0.051054,-0.016617
3758,-0.059651,-0.025267,0.437301,-0.008393,0.050762,-0.015086
3759,0.004205,-0.043251,0.417965,-0.010432,0.046461,-0.014750
3760,-0.021711,-0.003876,0.451757,-0.007029,0.046677,-0.015458
3761,-0.012558,-0.010348,0.434243,-0.007926,0.046732,-0.012814
3762,0.002070,-0.003039,0.443179,-0.007247,0.044913,-0.012381
3763,-0.062468,-0.013503,0.415999,-0.008568,0.051931,-0.013051
3764,-0.088643,-0.003106,0.427399,-0.007893,0.053689,-0.011561
3765,-0.010402,0.015405,0.443774,-0.006025,0.046295,-0.010449
3766,-0.073646,-0.004386,0.434227,-0.007514,0.052334,-0.011284
3767,-0.097008,-0.040842,0.419290,-0.010892,0.055365,-0.010573
3768,-0.072284,-0.025786,0.434035,-0.009284,0.052850,-0.015952
3769,-0.059623,0.001140,0.434079,-0.007041,0.051980,-0.014926
3770,-0.002850,-0.001639,0.437843,-0.007223,0.047040,-0.011445
3771,0.004078,-0.019234,0.428516,-0.009052,0.046877,-0.009306
3772,-0.011370,0.008208,0.439805,-0.006688,0.047474,-0.011822
3773,-0.044106,-0.002204,0.433488,-0.007742,0.050647,-0.010599
3774,-0.014410,0.016461,0.439029,-0.006221,0.047813,-0.009883
3775,-0.051497,0.004777,0.427277,-0.007143,0.051698,-0.008661
3776,0.001257,0.006280,0.433070,-0.006779,0.046988,-0.007889
3777,0.034283,-0.010065,0.416222,-0.008365,0.044925,-0.009520
3778,-0.027321,0.009123,0.446585,-0.006405,0.048369,-0.012627
3779,-0.013136,0.001715,0.446731,-0.006817,0.047275,-0.011942
3780,-0.022700,0.010034,0.440604,-0.006458,0.048358,-0.011452
3781,-0.050850,-0.029707,0.423713,-0.009968,0.051640,-0.010431
3782,-0.025556,0.014933,0.432004,-0.006123,0.049151,-0.012641
3783,-0.021142,-0.001667,0.440160,-0.007105,0.048475,-0.010782
3784,-0.015866,0.009058,0.435635,-0.006555,0.048230,-0.010173
3785,-0.003966,0.018052,0.439292,-0.005761,0.046974,-0.009714
3786,-0.013213,-0.002234,0.437291,-0.007315,0.047788,-0.009817
3787,-0.010065,0.008422,0.432915,-0.006374,0.047782,-0.012131
3788,-0.010667,-0.001653,0.431685,-0.007289,0.047816,-0.011368
3789,-0.004832,0.015431,0.439015,-0.005716,0.046882,-0.012481
3790,-0.006219,-0.004579,0.432595,-0.007404,0.047272,-0.011759
3791,0.014851,0.010708,0.440425,-0.005994,0.044990,-0.012987
3792,-0.012163,0.010177,0.433908,-0.006114,0.047503,-0.011544
3793,-0.012930,-0.011162,0.430898,-0.007859,0.047645,-0.010452
3794,-0.015033,0.008692,0.435222,-0.006187,0.047549,-0.011844
3795,-0.014972,0.011037,0.434891,-0.005959,0.047531,-0.011304
3796,0.033642,-0.045961,0.410598,-0.010903,0.044526,-0.011073
3797,-0.045040,0.003079,0.456709,-0.006460,0.048540,-0.014113
3798,-0.031038,0.007782,0.438726,-0.006360,0.048472,-0.012586
3799,-0.031647,-0.018235,0.431017,-0.008530,0.048928,-0.010982
3800,-0.031617,0.003817,0.432605,-0.006720,0.048884,-0.012598
3801,0.004002,0.005546,0.436781,-0.006504,0.045607,-0.011192
3802,-0.029253,0.010834,0.432956,-0.006122,0.048547,-0.010657
3803,-0.027238,0.012612,0.431876,-0.005857,0.048469,-0.010054
3804,0.037281,-0.031875,0.424059,-0.009453,0.043306,-0.010047
3805,-0.009641,-0.003066,0.452864,-0.006866,0.045441,-0.013336
3806,0.008185,0.008495,0.433787,-0.006320,0.044872,-0.011444
3807,-0.050532,-0.027750,0.423250,-0.009449,0.050321,-0.009760
3808,-0.001330,0.005646,0.448265,-0.006403,0.044792,-0.011594
3809,-0.064754,-0.013657,0.418360,-0.008470,0.051928,-0.010810
3810,-0.028635,-0.029358,0.438359,-0.009351,0.047852,-0.011850
3811,-0.023041,0.004893,0.441202,-0.006682,0.047131,-0.013994
3812,-0.039428,0.004271,0.428437,-0.006934,0.049199,-0.012176
3813,0.020712,-0.037705,0.413929,-0.010502,0.044857,-0.011206
3814,-0.050401,-0.001549,0.453147,-0.007219,0.048620,-0.013108
3815,0.030109,-0.011735,0.430544,-0.008401,0.042964,-0.011552
3816,-0.051373,-0.008037,0.436624,-0.008068,0.049360,-0.013502
3817,-0.025316,0.009226,0.440830,-0.006617,0.046995,-0.012613
3818,-0.001679,0.006044,0.422748,-0.007117,0.045961,-0.010141
3819,-0.065415,-0.030000,0.433172,-0.009933,0.050748,-0.010023
3820,-0.041296,-0.001882,0.427223,-0.007843,0.049057,-0.011601
3821,-0.058914,0.001908,0.434548,-0.007427,0.050357,-0.011150
3822,-0.066949,-0.039847,0.432118,-0.010904,0.051350,-0.009649
3823,-0.029505,0.006523,0.436466,-0.007136,0.048024,-0.013053
3824,-0.070401,-0.013281,0.428464,-0.008823,0.052020,-0.012069
3825,-0.036954,0.009863,0.421825,-0.006958,0.049608,-0.012694
3826,-0.093335,0.005020,0.443457,-0.007045,0.053470,-0.011642
3827,-0.048619,-0.043768,0.420308,-0.011357,0.051216,-0.009647
3828,-0.054503,-0.014432,0.436142,-0.008911,0.050960,-0.013427
3829,0.012999,0.011590,0.449071,-0.006526,0.044611,-0.012967
3830,0.025486,0.002486,0.428843,-0.007464,0.044468,-0.011317
3831,-0.043831,-0.010416,0.424141,-0.008659,0.050420,-0.010754
3832,0.015710,0.007315,0.444367,-0.006900,0.044300,-0.012625
3833,-0.017777,-0.017565,0.420050,-0.009338,0.048379,-0.011763
3834,-0.062165,0.010847,0.447615,-0.006725,0.050657,-0.011528
3835,-0.048571,0.019677,0.433855,-0.006192,0.050451,-0.009675
3836,-0.004952,0.024743,0.438129,-0.005427,0.046574,-0.008200
3837,-0.008227,0.011493,0.435708,-0.006297,0.046927,-0.007969
3838,0.025255,-0.016533,0.418747,-0.008765,0.044891,-0.008064
3839,0.002334,0.002178,0.455130,-0.006732,0.044725,-0.012168
3840,0.022732,0.007390,0.432997,-0.006704,0.044028,-0.011789
3841,0.013182,0.002459,0.441923,-0.006854,0.044133,-0.012287
3842,-0.055132,-0.014448,0.423413,-0.008603,0.050837,-0.011860
3843,-0.028693,0.006470,0.439559,-0.006653,0.047841,-0.013339
3844,0.010162,0.004806,0.431551,-0.006842,0.044909,-0.012512
3845,-0.031118,0.002945,0.438620,-0.006799,0.047965,-0.011967
3846,-0.016629,0.011037,0.436242,-0.006201,0.046874,-0.011130
3847,-0.066801,-0.028949,0.424731,-0.009632,0.051903,-0.010359
3848,-0.032532,-0.050565,0.421697,-0.011458,0.049223,-0.012134
3849,-0.053829,-0.010569,0.435493,-0.008263,0.050332,-0.014451
3850,-0.073001,-0.005638,0.439373,-0.007742,0.051949,-0.012904
3851,-0.034481,0.007735,0.428345,-0.007000,0.049393,-0.010922
3852,-0.024360,-0.021228,0.436368,-0.009182,0.048073,-0.009282
3853,-0.018624,-0.019555,0.409967,-0.009438,0.048848,-0.011547
3854,-0.002888,0.007102,0.462860,-0.006523,0.044641,-0.012465
3855,-0.071099,0.005663,0.424867,-0.007217,0.052622,-0.011645
3856,-0.011798,0.009023,0.431950,-0.006804,0.047319,-0.010419
3857,0.006874,-0.007993,0.435399,-0.007968,0.045447,-0.010218
3858,-0.073921,0.003859,0.433702,-0.007085,0.052410,-0.010596
3859,0.025252,-0.003554,0.432284,-0.007675,0.044160,-0.010301
3860,0.021217,0.001212,0.441714,-0.007047,0.043761,-0.012085
3861,-0.069211,0.004503,0.431939,-0.006998,0.051918,-0.012678
3862,0.037228,-0.001737,0.422803,-0.007564,0.043382,-0.012008
3863,0.006662,-0.005756,0.455539,-0.007283,0.043986,-0.013417
3864,0.003564,-0.021354,0.421790,-0.009232,0.045945,-0.012336
3865,-0.079163,0.007802,0.438889,-0.006830,0.051992,-0.012322
3866,0.020950,0.011123,0.432363,-0.006461,0.043876,-0.010784
3867,0.005560,-0.006267,0.441542,-0.007545,0.044536,-0.011232
3868,-0.094053,0.002267,0.433758,-0.007138,0.053476,-0.011512
3869,-0.007659,0.009621,0.440876,-0.006327,0.045914,-0.010346
3870,0.022709,-0.038920,0.409567,-0.010636,0.044947,-0.010217
3871,-0.094448,-0.002550,0.450606,-0.007309,0.052613,-0.012404
3872,-0.086128,0.008097,0.423839,-0.006913,0.053655,-0.011291
3873,-0.003442,-0.014633,0.417683,-0.008679,0.047102,-0.010434
3874,-0.093803,0.001160,0.446479,-0.007010,0.053257,-0.012391
3875,-0.009914,-0.006153,0.421099,-0.007900,0.047749,-0.011610
3876,0.010547,-0.001029,0.450377,-0.006912,0.044316,-0.012706
3877,-0.031377,-0.038111,0.416553,-0.010490,0.049530,-0.012581
3878,0.001969,-0.006593,0.452596,-0.007599,0.044734,-0.011885
3879,-0.022748,-0.019311,0.411271,-0.009287,0.048907,-0.011540
3880,-0.008236,0.003127,0.461122,-0.006822,0.044959,-0.012220
3881,-0.079809,-0.003632,0.428569,-0.007885,0.052957,-0.011190
3882,0.000924,-0.019011,0.419099,-0.009341,0.046737,-0.009478
3883,-0.025074,-0.005776,0.455225,-0.007752,0.046858,-0.011208
3884,-0.023601,-0.012509,0.405465,-0.009010,0.049322,-0.011175
3885,-0.015487,-0.011807,0.443275,-0.008466,0.046503,-0.012526
3886,-0.054337,0.000065,0.442740,-0.007610,0.050006,-0.011968
3887,0.029970,-0.002223,0.427089,-0.008033,0.043720,-0.010251
3888,-0.048292,0.000499,0.445622,-0.007488,0.049246,-0.011516
3889,-0.033286,0.013837,0.430066,-0.006748,0.048977,-0.010011
3890,-0.046509,-0.004432,0.425368,-0.008215,0.050584,-0.008833
3891,-0.031081,0.010202,0.443348,-0.006644,0.048454,-0.011134
3892,-0.012470,0.008667,0.440963,-0.006570,0.046921,-0.011132
3893,-0.035119,0.007917,0.427464,-0.006889,0.049484,-0.010107
3894,-0.019454,-0.003489,0.440928,-0.007531,0.047391,-0.009452
3895,-0.032978,0.001409,0.433374,-0.007066,0.048971,-0.011412
3896,0.029050,-0.009215,0.418580,-0.008152,0.044418,-0.011339
3897,-0.045090,-0.074892,0.420470,-0.013599,0.050448,-0.013309
3898,-0.053158,-0.010120,0.456645,-0.008164,0.049257,-0.013565
3899,-0.062413,0.012330,0.428632,-0.006905,0.051727,-0.012638
3900,-0.009849,0.013388,0.435488,-0.006588,0.047009,-0.011239
3901,0.010913,0.017120,0.439266,-0.006014,0.044977,-0.010419
3902,-0.037021,0.002680,0.417285,-0.007485,0.050312,-0.009259
3903,-0.018006,-0.014988,0.446706,-0.008419,0.047048,-0.008325
3904,-0.008959,-0.047780,0.421134,-0.011435,0.047423,-0.011482
3905,-0.008066,-0.016285,0.454115,-0.008518,0.045541,-0.012194
3906,-0.009963,0.001230,0.440068,-0.007672,0.046384,-0.010672
3907,-0.010995,0.003843,0.434727,-0.007553,0.046686,-0.009443
3908,0.031863,-0.020154,0.437926,-0.009444,0.042849,-0.008799
3909,-0.070972,0.001940,0.424835,-0.007941,0.052177,-0.011937
3910,-0.041403,0.002089,0.429035,-0.007907,0.049518,-0.010716
3911,-0.077608,0.010277,0.428145,-0.007182,0.052801,-0.012089
3912,-0.077802,0.014807,0.430060,-0.006695,0.053001,-0.010754
3913,0.002369,0.024065,0.447094,-0.005369,0.045418,-0.009607
3914,-0.023464,0.009930,0.430324,-0.006493,0.048507,-0.008726
3915,-0.026814,0.013015,0.433326,-0.006171,0.048633,-0.008923
3916,0.015265,0.016258,0.443365,-0.005556,0.044472,-0.009629
3917,-0.024376,0.026946,0.432951,-0.004547,0.048278,-0.009761
3918,-0.058458,-0.012916,0.425134,-0.007571,0.051788,-0.010730
3919,-0.041233,-0.001702,0.434329,-0.006918,0.049884,-0.010589
3920,-0.037017,-0.063242,0.415602,-0.012249,0.050707,-0.011207
3921,-0.031936,-0.050790,0.429179,-0.011343,0.049545,-0.012609
3922,-0.064673,-0.060755,0.440905,-0.012312,0.051666,-0.012475
3923,0.030538,-0.001507,0.445778,-0.007506,0.043275,-0.014343
3924,0.013786,-0.001969,0.429559,-0.007854,0.045402,-0.012209
3925,-0.001793,-0.000252,0.437818,-0.007561,0.046174,-0.012054
3926,-0.014781,0.001599,0.442372,-0.007390,0.046957,-0.012131
3927,-0.023206,0.018129,0.433363,-0.006366,0.048090,-0.010783
3928,-0.025999,0.018648,0.433376,-0.006169,0.048350,-0.009622
3929,-0.024856,0.019511,0.434453,-0.005919,0.048219,-0.009029
3930,-0.015074,-0.043979,0.426806,-0.011124,0.047898,-0.009060
3931,0.037473,0.002206,0.454721,-0.006877,0.041760,-0.012257
3932,-0.023497,-0.024705,0.405652,-0.009936,0.049364,-0.012124
3933,-0.011030,-0.018259,0.452390,-0.008931,0.045644,-0.011792
3934,-0.035917,0.006909,0.434159,-0.007308,0.048731,-0.014264
3935,-0.034454,0.014785,0.433536,-0.006670,0.048698,-0.011384
3936,-0.043563,0.014028,0.435900,-0.006560,0.049423,-0.008808
3937,-0.048579,-0.015695,0.412851,-0.009154,0.051013,-0.007024
3938,-0.063853,-0.001380,0.445811,-0.007410,0.050758,-0.011351
3939,-0.037612,0.015442,0.436794,-0.006270,0.049257,-0.010235
3940,-0.056407,-0.008398,0.423474,-0.008308,0.051840,-0.009261
3941,0.010046,-0.007163,0.432583,-0.007895,0.045693,-0.010968
3942,-0.059036,-0.011476,0.433616,-0.008470,0.051520,-0.011369
3943,-0.031518,-0.010788,0.437609,-0.008233,0.049045,-0.010927
3944,-0.106851,-0.067786,0.419471,-0.013444,0.056576,-0.011695
3945,-0.050447,0.011070,0.440914,-0.006881,0.050875,-0.018448
3946,0.054844,0.001827,0.442853,-0.007411,0.041837,-0.015621
3947,-0.065352,0.000845,0.427254,-0.007818,0.052705,-0.013880
3948,-0.087453,0.013887,0.428669,-0.006667,0.054635,-0.011714
3949,0.014930,-0.014834,0.443381,-0.008316,0.045372,-0.009435
3950,-0.018162,0.009895,0.425538,-0.006785,0.049004,-0.009504
3951,0.021373,-0.016235,0.452355,-0.008326,0.044153,-0.008697
3952,-0.023493,-0.000820,0.427375,-0.007677,0.049201,-0.009886
3953,-0.016129,0.008125,0.431710,-0.006991,0.048321,-0.008981
3954,-0.016478,0.008940,0.434532,-0.006808,0.048177,-0.008599
3955,-0.013388,0.009981,0.434889,-0.006626,0.047873,-0.008935
3956,0.030667,-0.000748,0.423214,-0.007538,0.044657,-0.009821
3957,-0.020883,0.005581,0.449310,-0.006603,0.047466,-0.010967
3958,0.046714,-0.008497,0.422504,-0.008127,0.043034,-0.010301
3959,-0.005960,0.003102,0.450821,-0.006816,0.045716,-0.011803
3960,-0.020360,-0.023185,0.435511,-0.009272,0.047691,-0.010870
3961,0.015555,-0.016128,0.430788,-0.008755,0.044804,-0.012771
3962,-0.012998,0.005192,0.442837,-0.006915,0.046398,-0.011766
3963,-0.035459,0.000474,0.429837,-0.007467,0.049033,-0.010042
3964,-0.017482,0.012592,0.441991,-0.006386,0.046821,-0.009177
3965,-0.019141,0.008109,0.440009,-0.006637,0.047037,-0.008710
3966,-0.018761,-0.016071,0.415457,-0.008852,0.048317,-0.008326
3967,-0.057743,-0.048537,0.423996,-0.011394,0.051176,-0.012353
3968,-0.062272,-0.011628,0.440068,-0.008394,0.050840,-0.013392
3969,-0.050358,-0.015332,0.426024,-0.009174,0.050690,-0.012269
3970,-0.011898,0.009359,0.460465,-0.006448,0.045604,-0.012170
3971,-0.052868,0.001388,0.420594,-0.007562,0.051187,-0.010268
3972,-0.035844,0.000706,0.425510,-0.007472,0.049670,-0.008711
3973,-0.009042,0.005435,0.442363,-0.006790,0.046552,-0.010414
3974,-0.052043,0.013519,0.429543,-0.006322,0.050847,-0.009303
3975,-0.010032,-0.012609,0.438902,-0.008063,0.046902,-0.008927
3976,-0.055136,0.013872,0.426337,-0.006392,0.051334,-0.008495
3977,-0.085370,-0.018321,0.424036,-0.008819,0.054309,-0.008931
3978,-0.049704,0.005388,0.424292,-0.007125,0.051592,-0.009510
3979,-0.058827,-0.010281,0.439334,-0.007924,0.051683,-0.009846
3980,-0.072259,-0.005838,0.430017,-0.007844,0.053376,-0.010815
3981,-0.027242,0.017460,0.448925,-0.005443,0.048688,-0.011669
3982,-0.024792,-0.057049,0.415680,-0.011612,0.050442,-0.011791
3983,-0.022543,-0.033291,0.429559,-0.009964,0.049423,-0.014683
3984,0.010385,-0.006729,0.447845,-0.007509,0.045645,-0.013110
3985,0.003386,0.008969,0.439112,-0.006634,0.046538,-0.010789
3986,0.034149,-0.012442,0.429354,-0.008510,0.044297,-0.008950
3987,-0.027933,0.004549,0.440504,-0.007087,0.048780,-0.010753
3988,0.015603,0.006234,0.440492,-0.006960,0.045003,-0.009056
3989,0.018268,-0.012460,0.420864,-0.008675,0.045668,-0.009733
3990,0.011557,-0.025803,0.434793,-0.009645,0.045253,-0.011537
3991,0.008975,-0.015482,0.441797,-0.008906,0.044886,-0.011526
3992,0.009101,-0.005649,0.432255,-0.008364,0.045212,-0.010875
3993,-0.023051,0.017933,0.445936,-0.006289,0.047083,-0.011510
3994,-0.070007,0.028898,0.428694,-0.005477,0.052113,-0.009268
3995,-0.021428,0.010436,0.436536,-0.006392,0.047835,-0.007935
3996,-0.033509,0.003130,0.441906,-0.006974,0.048553,-0.007468
3997,-0.000894,0.027680,0.430895,-0.005280,0.046244,-0.007846
3998,-0.088944,0.008684,0.421719,-0.006721,0.054306,-0.007904
3999,-0.083251,0.014971,0.423246,-0.006131,0.054027,-0.009275
4000,-0.044855,0.017424,0.444076,-0.005353,0.049903,-0.010972
4001,-0.028033,0.012183,0.434015,-0.005615,0.049122,-0.012117
4002,0.002137,0.009664,0.437232,-0.005572,0.046397,-0.013213
4003,0.007007,-0.045531,0.421363,-0.010203,0.046782,-0.012755
4004,-0.018231,-0.057764,0.460204,-0.011000,0.047020,-0.014615
4005,-0.014565,0.019823,0.420107,-0.005825,0.048620,-0.018610
4006,-0.012065,0.006053,0.440525,-0.006241,0.047087,-0.015077
4007,-0.004523,0.001426,0.430104,-0.006668,0.046970,-0.011825
4008,-0.045785,-0.007933,0.433679,-0.007436,0.050229,-0.009175
4009,-0.023513,-0.045936,0.424298,-0.010748,0.048910,-0.007143
4010,-0.055983,-0.020816,0.438977,-0.008559,0.050930,-0.012613
4011,-0.061952,-0.010095,0.430344,-0.008097,0.051998,-0.010363
4012,-0.092186,-0.073684,0.421691,-0.013560,0.055239,-0.008470
4013,-0.002760,0.001985,0.446400,-0.007232,0.046454,-0.013552
4014,0.007080,-0.013063,0.417969,-0.008838,0.046940,-0.011470
4015,-0.049236,-0.009517,0.446716,-0.008258,0.050126,-0.011321
4016,0.012459,0.005550,0.437241,-0.007174,0.045471,-0.009220
4017,-0.016913,-0.008759,0.426351,-0.008441,0.048402,-0.008550
4018,0.038306,-0.008181,0.444087,-0.008026,0.042674,-0.010837
4019,-0.030612,-0.008412,0.434385,-0.008360,0.048813,-0.010908
4020,0.008280,-0.004840,0.429467,-0.008123,0.045764,-0.010893
4021,0.002764,0.000694,0.438763,-0.007680,0.045556,-0.011043
4022,-0.014482,-0.028439,0.437934,-0.010108,0.046976,-0.011115
4023,-0.054748,-0.002263,0.428740,-0.008310,0.050918,-0.013964
4024,-0.072871,0.009364,0.434384,-0.007422,0.052288,-0.011889
4025,-0.031218,0.004847,0.435632,-0.007571,0.048839,-0.009466
4026,-0.072273,0.010019,0.428369,-0.007222,0.052846,-0.008724
4027,-0.101216,0.007994,0.417177,-0.007456,0.056172,-0.007520
4028,-0.065216,0.016075,0.442397,-0.006266,0.052084,-0.007553
4029,-0.033363,-0.008731,0.431445,-0.008172,0.050152,-0.007989
4030,0.023853,0.007943,0.446424,-0.006455,0.044513,-0.011965
4031,-0.065460,0.007642,0.423421,-0.006669,0.053313,-0.014185
4032,-0.061825,0.001230,0.432428,-0.006889,0.052706,-0.012456
4033,-0.008757,-0.026508,0.444652,-0.008981,0.047753,-0.010591
4034,-0.026271,0.000800,0.419641,-0.007416,0.050530,-0.016062
4035,-0.047413,0.000015,0.435758,-0.007278,0.051456,-0.013336
4036,-0.027882,0.019723,0.434215,-0.005478,0.049931,-0.010201
4037,-0.019653,-0.023958,0.430397,-0.008674,0.049610,-0.007879
4038,0.039409,0.018526,0.455790,-0.005198,0.042984,-0.007203
4039,0.009714,-0.023810,0.418639,-0.008917,0.047360,-0.007854
4040,-0.038582,0.002834,0.435829,-0.006976,0.050344,-0.008948
4041,-0.025848,0.008069,0.432623,-0.006536,0.049542,-0.008911
4042,0.036756,0.022678,0.451963,-0.004815,0.043111,-0.009420
4043,-0.010542,0.002128,0.429868,-0.006519,0.048197,-0.009238
4044,0.005261,0.003458,0.434665,-0.006385,0.046519,-0.008566
4045,-0.042086,0.003099,0.429535,-0.006600,0.050726,-0.008708
4046,-0.041746,0.002216,0.428872,-0.006650,0.050814,-0.009414
4047,0.006838,0.025696,0.445959,-0.004261,0.045754,-0.010378
4048,-0.035480,-0.008066,0.425621,-0.006942,0.050483,-0.010380
4049,0.004091,0.009144,0.440606,-0.005516,0.046270,-0.009773
4050,0.003911,0.003977,0.436092,-0.005903,0.046415,-0.009414
4051,0.027343,-0.012259,0.432547,-0.007200,0.044421,-0.009474
4052,-0.029119,-0.073897,0.423640,-0.012461,0.049553,-0.011300
4053,-0.002654,-0.004437,0.452468,-0.006800,0.045616,-0.010979
4054,-0.054272,0.001549,0.422105,-0.006866,0.051625,-0.010855
4055,-0.015836,0.013067,0.444215,-0.005571,0.047230,-0.009757
4056,-0.046237,-0.056492,0.407122,-0.011708,0.051717,-0.008786
4057,-0.074454,-0.000777,0.449617,-0.006777,0.051947,-0.013167
4058,-0.035502,0.007638,0.435891,-0.006271,0.049641,-0.011665
4059,-0.097757,-0.059758,0.401386,-0.012304,0.056859,-0.009853
4060,0.005965,0.022061,0.468427,-0.004628,0.044560,-0.014942
4061,0.010284,-0.038468,0.430300,-0.009925,0.046268,-0.012198
4062,0.096267,0.016919,0.392261,-0.006207,0.040475,-0.012266
4063,-0.041260,-0.032729,0.478383,-0.009159,0.047074,-0.010655
4064,-0.056141,0.003435,0.429504,-0.007209,0.051207,-0.012328
4065,-0.078793,-0.096553,0.439636,-0.015487,0.052940,-0.010590
4066,-0.008609,-0.014003,0.421703,-0.009397,0.047962,-0.015346
4067,-0.019372,0.001762,0.443032,-0.007706,0.047622,-0.013343
4068,-0.047354,0.014979,0.430460,-0.006962,0.050641,-0.010793
4069,-0.044477,0.017656,0.432928,-0.006582,0.050306,-0.008070
4070,0.101318,0.010787,0.418056,-0.007056,0.038350,-0.006433
4071,-0.077049,0.010973,0.456427,-0.006762,0.051111,-0.005842
4072,0.004963,0.033641,0.441563,-0.004768,0.045280,-0.006094
4073,-0.095069,0.103757,0.427015,0.001405,0.054491,-0.007169
4074,-0.260646,-0.222960,0.343254,-0.026016,0.074105,-0.007565
4075,-0.016484,0.033553,0.489451,-0.004671,0.045772,-0.034280
4076,0.025966,0.011006,0.461222,-0.006409,0.043767,-0.028984
4077,-0.025101,0.014495,0.421113,-0.006728,0.050143,-0.024937
4078,-0.019726,-0.005634,0.437689,-0.007929,0.048888,-0.020469
4079,0.009325,0.007209,0.432088,-0.006880,0.046667,-0.015972
4080,0.006664,-0.000136,0.435461,-0.007485,0.046563,-0.013798
4081,-0.017402,0.007689,0.436773,-0.006868,0.048410,-0.011577
4082,-0.035478,0.003472,0.431654,-0.007209,0.050248,-0.010087
4083,-0.014581,0.005636,0.436188,-0.006892,0.048259,-0.009340
4084,-0.013156,0.005928,0.435120,-0.006828,0.048154,-0.008581
4085,0.045912,0.015392,0.449225,-0.005696,0.042235,-0.008673
4086,0.096158,0.016985,0.392325,-0.006169,0.040454,-0.007939
4087,-0.065061,-0.001965,0.467027,-0.006785,0.049788,-0.006727
4088,0.095329,0.017115,0.392459,-0.006205,0.040111,-0.007000
4089,-0.066851,0.003084,0.478185,-0.006230,0.048908,-0.005895
4090,0.094473,0.016992,0.392625,-0.006116,0.039783,-0.006296
4091,-0.134525,0.006918,0.483286,-0.005767,0.054056,-0.005270
4092,-0.064511,0.010384,0.432501,-0.005935,0.051472,-0.006077
4093,-0.056956,0.023841,0.427945,-0.004610,0.051174,-0.007940
4094,-0.078226,-0.003193,0.427800,-0.006432,0.053333,-0.010233
4095,-0.070175,0.009077,0.430527,-0.005510,0.052750,-0.010230
4096,-0.067680,0.004529,0.430489,-0.005708,0.052775,-0.010478
4097,0.095906,0.015259,0.393492,-0.005048,0.040683,-0.011047
4098,-0.165255,0.089198,0.466483,0.002242,0.058421,-0.009557
4099,-0.079722,-0.053730,0.436725,-0.008445,0.053982,-0.007081
4100,0.018315,-0.037797,0.418097,-0.008531,0.046680,-0.008195
4101,0.096655,0.014440,0.392640,-0.004673,0.040817,-0.012569
4102,-0.176595,-0.123815,0.454584,-0.015438,0.060424,-0.010934
4103,0.009133,-0.059002,0.472155,-0.010160,0.044344,-0.017329
4104,0.009031,-0.052705,0.436959,-0.010640,0.046114,-0.016445
4105,0.016552,0.003782,0.447726,-0.006121,0.044656,-0.014994
4106,0.001922,-0.000538,0.435085,-0.006508,0.046461,-0.013490
4107,0.022405,-0.025979,0.437474,-0.008622,0.044399,-0.011658
4108,0.000458,0.008379,0.435961,-0.006113,0.046084,-0.012411
4109,0.012162,-0.018105,0.438040,-0.008130,0.044859,-0.010788
4110,0.003397,0.005840,0.433303,-0.006403,0.045622,-0.011773
4111,-0.003860,0.002509,0.435502,-0.006582,0.045976,-0.010411
4112,0.029428,0.003216,0.439377,-0.006441,0.042771,-0.009319
4113,0.000176,0.005991,0.436376,-0.006381,0.045134,-0.008885
4114,0.014289,-0.000188,0.435843,-0.006751,0.043811,-0.007947
4115,-0.002869,0.003779,0.421883,-0.006662,0.045763,-0.008612
4116,-0.033802,-0.037050,0.437525,-0.009756,0.047481,-0.010183
4117,-0.067973,-0.029289,0.421482,-0.009788,0.051305,-0.012892
4118,0.011159,0.027061,0.456955,-0.004876,0.042629,-0.013811
4119,-0.003409,-0.028803,0.416091,-0.009658,0.045900,-0.011767
4120,-0.022593,-0.001353,0.448117,-0.007088,0.045681,-0.011772
4121,-0.032481,0.005344,0.436102,-0.006732,0.047202,-0.010197
4122,-0.032765,-0.000609,0.429627,-0.007220,0.047613,-0.008901
4123,-0.064738,0.003592,0.422521,-0.007005,0.050728,-0.008407
4124,-0.017555,-0.025896,0.469917,-0.008601,0.044286,-0.008180
4125,-0.011739,0.034251,0.412024,-0.005155,0.046677,-0.008318
4126,0.005313,0.008823,0.425631,-0.006274,0.044475,-0.007339
4127,-0.029374,-0.012062,0.452877,-0.007530,0.045879,-0.007950
4128,-0.021735,0.015028,0.424329,-0.006046,0.046678,-0.008089
4129,-0.118754,0.047259,0.437086,-0.002817,0.054229,-0.007718
4130,-0.079709,-0.027591,0.402395,-0.008942,0.053260,-0.007351
4131,-0.097870,-0.049467,0.415900,-0.010822,0.054443,-0.005532
4132,-0.182229,0.021509,0.436715,-0.005512,0.060728,-0.006208
4133,-0.082878,-0.047049,0.424731,-0.010314,0.053747,-0.007876
4134,-0.097165,-0.006740,0.427603,-0.007835,0.054904,-0.009361
4135,-0.066885,0.016309,0.439581,-0.005543,0.052039,-0.010703
4136,0.096004,0.015021,0.393307,-0.005363,0.040694,-0.011255
4137,-0.216138,-0.115549,0.442461,-0.015825,0.064443,-0.009781
4138,-0.128543,0.096764,0.443581,0.001265,0.057508,-0.017087
4139,-0.084068,-0.069020,0.418788,-0.011526,0.056089,-0.013211
4140,-0.103841,0.003760,0.428137,-0.006890,0.057458,-0.012374
4141,-0.073745,0.044258,0.452879,-0.002855,0.053950,-0.011146
4142,-0.044492,-0.056860,0.407254,-0.010945,0.054338,-0.010869
4143,-0.076115,0.029006,0.500159,-0.003100,0.052130,-0.012003
4144,-0.007515,0.056088,0.395229,-0.001481,0.052319,-0.011553
4145,-0.053389,-0.003875,0.420014,-0.005297,0.054912,-0.010155
4146,-0.071684,-0.050121,0.425424,-0.009517,0.056575,-0.005947
4147,-0.040242,-0.002399,0.432621,-0.006420,0.053683,-0.006120
4148,0.048959,-0.022182,0.462012,-0.007448,0.044574,-0.006941
4149,0.104013,0.010974,0.403911,-0.005357,0.042526,-0.010134
4150,-0.026348,-0.054441,0.472024,-0.010007,0.049606,-0.008923
4151,-0.033279,-0.025600,0.418489,-0.008754,0.053393,-0.011425
4152,0.107831,0.006546,0.422696,-0.006147,0.040773,-0.012312
4153,0.103044,0.007022,0.417348,-0.006310,0.040390,-0.011183
4154,0.100793,0.007158,0.415697,-0.006435,0.039596,-0.009978
4155,0.098803,0.007343,0.415163,-0.006538,0.038711,-0.008886
4156,-0.577642,-0.401037,0.470829,-0.040774,0.094759,-0.007918
4157,-0.365409,0.344910,0.489460,0.019625,0.079426,-0.038643
4158,0.079241,-0.046603,0.394487,-0.009994,0.047996,-0.002017
4159,0.030477,-0.007640,0.440179,-0.006950,0.048479,-0.011577
4160,0.107377,0.028609,0.419782,-0.004565,0.042390,-0.010889
4161,0.105674,0.004901,0.416454,-0.006319,0.041740,-0.009119
4162,-0.288166,-0.075681,0.432829,-0.013385,0.074100,-0.008142
4163,-0.267272,0.119789,0.459440,0.002650,0.072815,-0.010653
4164,0.111957,-0.004140,0.431125,-0.005791,0.043482,-0.011364
4165,-0.007332,0.030562,0.444330,-0.003198,0.052469,-0.010340
4166,0.110952,0.001849,0.423596,-0.005438,0.043323,-0.011187
4167,-0.033277,-0.080951,0.435142,-0.012608,0.054664,-0.010080
4168,0.056879,-0.040168,0.456839,-0.009343,0.045864,-0.014582
4169,0.055259,-0.019342,0.440997,-0.008145,0.046438,-0.013637
4170,-0.008142,0.018500,0.434783,-0.005368,0.051846,-0.012523
4171,-0.047792,-0.049789,0.438014,-0.011059,0.055184,-0.009728
4172,0.064839,-0.012664,0.437544,-0.008178,0.045650,-0.014086
4173,-0.050631,-0.068080,0.425444,-0.013295,0.055799,-0.012823
4174,0.105543,0.028200,0.420210,-0.005447,0.042470,-0.011392
4175,0.106472,0.003466,0.423053,-0.007262,0.041198,-0.009735
4176,-0.040544,-0.024408,0.484205,-0.009169,0.050251,-0.008791
4177,0.058549,-0.005067,0.439035,-0.008256,0.044638,-0.011651
4178,-0.097012,-0.041578,0.426072,-0.011897,0.058412,-0.011313
4179,-0.104609,-0.041465,0.439821,-0.011821,0.058760,-0.016840
4180,0.048658,0.050271,0.437798,-0.004178,0.045934,-0.017821
4181,0.106496,0.024469,0.413938,-0.006349,0.041568,-0.012822
4182,0.101923,0.025944,0.414244,-0.006067,0.040874,-0.010845
4183,-0.111641,-0.054299,0.473451,-0.012054,0.055843,-0.009273
4184,0.016268,0.065280,0.442673,-0.002875,0.047146,-0.013868
4185,-0.068995,0.076283,0.437837,-0.001769,0.054731,-0.009303
4186,-0.001289,-0.036794,0.425136,-0.010538,0.049934,-0.008838
4187,0.106156,0.027820,0.428543,-0.005361,0.039928,-0.013825
4188,0.101790,0.006619,0.414365,-0.007137,0.039996,-0.011514
4189,-0.210031,-0.067289,0.458839,-0.013123,0.063709,-0.010248
4190,0.101067,0.027121,0.411688,-0.006215,0.040003,-0.018531
4191,-0.297011,-0.115867,0.423304,-0.018125,0.073221,-0.016011
4192,-0.895906,-0.273488,0.449031,-0.032003,0.125870,-0.011544
4193,0.119186,0.031182,0.403344,-0.007512,0.044997,-0.007608
4194,0.114304,0.027119,0.412420,-0.007483,0.043824,-0.006354
4195,-0.097111,-0.057467,0.442479,-0.014243,0.059823,-0.005194
4196,-0.055909,0.079994,0.461812,-0.002921,0.055914,-0.011870
4197,0.113679,0.008996,0.414786,-0.008662,0.044059,-0.010844
4198,0.110777,0.012596,0.415189,-0.008576,0.043167,-0.009717
4199,-0.017693,0.005979,0.478275,-0.008522,0.050454,-0.008698
4200,0.110908,0.011061,0.417928,-0.008691,0.042719,-0.010828
4201,0.108247,0.012561,0.414932,-0.008752,0.041979,-0.009743
4202,0.102626,0.018988,0.398854,-0.008564,0.042239,-0.008716
4203,-0.514145,-0.004847,0.449119,-0.010347,0.092035,-0.007537
4204,0.107644,0.030694,0.414900,-0.007081,0.042472,-0.012751
4205,-0.386874,0.416222,0.481426,0.025634,0.081830,-0.010788
4206,-0.187126,-0.170874,0.475869,-0.019743,0.068099,-0.008979
4207,0.116783,0.022562,0.403433,-0.005140,0.046317,-0.021269
4208,-0.042907,0.068926,0.425371,-0.000926,0.058309,-0.018435
4209,0.097024,-0.001985,0.456822,-0.005387,0.044747,-0.010694
4210,0.062447,-0.012597,0.443907,-0.006569,0.047912,-0.011077
4211,0.108564,0.015713,0.393640,-0.005017,0.046125,-0.011191
4212,0.041255,-0.028066,0.481698,-0.007387,0.046596,-0.009646
4213,0.111681,0.007806,0.414164,-0.005510,0.043729,-0.011460
4214,0.032979,-0.010449,0.462201,-0.006557,0.047318,-0.010244
4215,-0.007687,-0.075781,0.438500,-0.012542,0.052216,-0.010489
4216,-0.010917,-0.037178,0.423941,-0.010204,0.053180,-0.013250
4217,0.084746,0.010240,0.438991,-0.006148,0.043867,-0.016857
4218,0.107970,0.006932,0.419831,-0.006514,0.042022,-0.014924
4219,0.105195,0.007639,0.416759,-0.006586,0.041238,-0.013283
4220,-0.240305,-0.118138,0.467457,-0.016745,0.067551,-0.011814
4221,-0.003545,0.043264,0.461239,-0.003935,0.048945,-0.025579
4222,0.107921,0.021281,0.409653,-0.005732,0.042142,-0.017572
4223,-0.072658,0.090828,0.466187,0.000765,0.054234,-0.015050
4224,0.028350,0.015690,0.424271,-0.005144,0.048267,-0.014189
4225,0.029681,-0.043185,0.433699,-0.010007,0.047158,-0.013193
4226,0.046547,-0.016214,0.432576,-0.008193,0.045317,-0.014166
4227,0.034410,-0.023975,0.430918,-0.008950,0.045987,-0.014037
4228,0.103915,0.006026,0.422566,-0.006695,0.039726,-0.014768
4229,-0.220032,-0.002619,0.433917,-0.007651,0.066135,-0.013170
4230,-0.244524,0.089240,0.440375,0.000193,0.069302,-0.014858
4231,0.055445,-0.028213,0.441196,-0.007890,0.044769,-0.009900
4232,-0.018757,-0.081929,0.427078,-0.013182,0.051411,-0.012494
4233,0.002470,-0.002223,0.443208,-0.007025,0.048396,-0.015721
4234,-0.054543,0.054369,0.425582,-0.002541,0.054071,-0.015212
4235,0.105745,0.003728,0.425467,-0.005947,0.040178,-0.012853
4236,-0.127214,-0.097902,0.417118,-0.015009,0.060197,-0.011535
4237,0.004954,0.013114,0.476555,-0.005378,0.046083,-0.019758
4238,-0.007034,0.037373,0.425088,-0.003851,0.049775,-0.015295
4239,-0.081670,-0.053532,0.426399,-0.011099,0.055937,-0.010647
4240,0.030982,-0.006073,0.440435,-0.007083,0.045637,-0.015396
4241,-0.006307,-0.030720,0.430373,-0.009476,0.049120,-0.014372
4242,-0.044391,0.088969,0.440559,0.000369,0.051791,-0.016375
4243,0.111586,-0.002913,0.442349,-0.006097,0.038172,-0.010455
4244,-0.089380,-0.071412,0.408539,-0.012878,0.056526,-0.009865
4245,0.030271,-0.000494,0.459660,-0.006561,0.043716,-0.015839
4246,0.103254,0.005523,0.417269,-0.006505,0.039153,-0.015207
4247,-0.089749,-0.046306,0.436032,-0.010955,0.054152,-0.013620
4248,0.098611,0.021199,0.437073,-0.005241,0.037932,-0.018070
4249,-0.152127,-0.128736,0.436592,-0.017855,0.058896,-0.014380
4250,-0.124379,-0.077423,0.420316,-0.014653,0.057832,-0.013736
4251,-0.184682,0.089916,0.455769,-0.001043,0.061610,-0.010813
4252,-0.046637,0.130302,0.431410,0.003250,0.052314,-0.014520
4253,0.113594,0.005212,0.406315,-0.006030,0.039913,-0.016023
4254,0.106544,-0.002418,0.434826,-0.006490,0.037608,-0.014028
4255,0.099959,0.007107,0.415259,-0.006295,0.037978,-0.012849
4256,-0.560071,-0.224737,0.432109,-0.026075,0.093625,-0.011469
4257,-0.395570,0.094013,0.460753,0.000401,0.081107,-0.014942
4258,-0.078580,0.140481,0.411995,0.005007,0.058847,-0.016749
4259,-0.034311,-0.088370,0.408890,-0.012917,0.055242,-0.015677
4260,-0.046781,0.044350,0.439585,-0.002571,0.054263,-0.013641
4261,-0.049827,-0.332620,0.415088,-0.033845,0.056215,-0.013828
4262,0.067251,0.002993,0.454459,-0.007478,0.043762,-0.017204
4263,0.107901,0.008978,0.415903,-0.007668,0.041612,-0.015183
4264,-0.086949,0.084025,0.443435,-0.001372,0.056096,-0.013536
4265,-0.096949,0.110267,0.432451,0.001156,0.058043,-0.013103
4266,0.047382,0.021911,0.465917,-0.004744,0.044474,-0.012283
4267,-0.009937,-0.071110,0.406349,-0.012877,0.052517,-0.012102
4268,-0.006828,-0.071965,0.460544,-0.012768,0.049276,-0.015761
4269,0.090364,0.013548,0.418798,-0.006850,0.042933,-0.016444
4270,-0.092656,-0.027469,0.424385,-0.010275,0.057541,-0.014661
4271,0.032016,0.005958,0.474238,-0.006930,0.044539,-0.012716
4272,-0.081030,-0.033765,0.401258,-0.011222,0.057967,-0.012097
4273,-0.124596,-0.013562,0.428079,-0.009537,0.060336,-0.013810
4274,-0.023204,-0.011133,0.451992,-0.008990,0.050952,-0.013188
4275,0.072850,0.018035,0.434991,-0.006658,0.043721,-0.014453
4276,-0.013115,0.079982,0.419269,-0.001630,0.051356,-0.012878
4277,-0.002470,0.003057,0.437236,-0.007410,0.049565,-0.013307
4278,0.109927,0.006269,0.427719,-0.006917,0.040149,-0.013559
4279,0.104712,0.009975,0.415420,-0.006928,0.040065,-0.012308
4280,-0.399782,0.234006,0.427740,0.011365,0.082445,-0.010966
4281,-0.268606,-0.102420,0.451574,-0.013788,0.072438,-0.013334
4282,-0.094331,0.040726,0.446218,-0.002143,0.059253,-0.018724
4283,-0.053928,0.026728,0.428764,-0.003089,0.057306,-0.014900
4284,0.045458,-0.042474,0.431211,-0.008505,0.048679,-0.014173
4285,0.112785,0.004288,0.423493,-0.004875,0.042594,-0.015224
4286,-0.040269,-0.028256,0.456147,-0.007417,0.053411,-0.013692
4287,0.044289,-0.020029,0.433424,-0.006954,0.047604,-0.014152
4288,0.108294,0.003866,0.419758,-0.005083,0.042196,-0.013924
4289,0.107409,0.003223,0.416118,-0.005406,0.041283,-0.013289
4290,0.103459,0.004475,0.417703,-0.005410,0.040353,-0.011632
4291,0.100778,0.006169,0.414056,-0.005434,0.039600,-0.010317
4292,-0.726961,-0.386295,0.356458,-0.039686,0.113104,-0.009111
4293,-0.421978,0.417372,0.477288,0.027506,0.084472,-0.019937
4294,-0.398529,-0.333076,0.391524,-0.032832,0.090010,-0.013917
4295,-0.237695,-0.187764,0.522933,-0.021167,0.071004,-0.013439
4296,-0.034321,0.351420,0.425270,0.021017,0.060581,-0.016843
4297,0.135019,0.035555,0.419306,-0.002063,0.046822,-0.012646
4298,0.021385,-0.097497,0.455661,-0.012435,0.053899,-0.011705
4299,0.055466,-0.042935,0.450616,-0.008791,0.051095,-0.014945
4300,0.104134,0.006928,0.416307,-0.005424,0.048302,-0.015366
4301,0.050400,-0.029901,0.457055,-0.008050,0.050206,-0.013572
4302,0.094865,0.012982,0.396764,-0.005574,0.049355,-0.013244
4303,0.059294,-0.021095,0.483551,-0.007150,0.047177,-0.011409
4304,-0.047602,-0.054090,0.429284,-0.011092,0.059113,-0.012564
4305,0.089402,0.009856,0.431615,-0.005961,0.047263,-0.018293
4306,0.075347,0.006145,0.451289,-0.005934,0.046862,-0.016174
4307,0.075784,-0.001190,0.444207,-0.006658,0.046783,-0.014663
4308,0.052352,-0.010268,0.436083,-0.007725,0.048765,-0.013390
4309,0.050073,-0.003684,0.440492,-0.007195,0.048363,-0.014322
4310,0.051822,-0.000955,0.442227,-0.007078,0.047765,-0.014949
4311,0.047651,0.016335,0.437232,-0.005883,0.047982,-0.015094
4312,0.041609,0.021953,0.440771,-0.005300,0.047946,-0.015422
4313,0.071176,0.002395,0.447373,-0.006638,0.044739,-0.015819
4314,0.033709,0.005257,0.426700,-0.006796,0.048535,-0.014329
4315,0.024152,0.028164,0.449777,-0.004575,0.047795,-0.016432
4316,0.055392,0.003213,0.432280,-0.006559,0.045849,-0.017111
4317,-0.001342,0.024229,0.450458,-0.004822,0.049331,-0.016887
4318,0.107039,0.003510,0.420114,-0.006576,0.041291,-0.015117
4319,-0.006127,0.002861,0.445715,-0.006594,0.048830,-0.013481
4320,0.103510,0.010627,0.416181,-0.006181,0.040610,-0.015035
4321,0.011675,-0.012249,0.483008,-0.007339,0.044366,-0.013222
4322,0.107408,0.012064,0.411273,-0.006349,0.039594,-0.012572
4323,0.102105,0.007651,0.415232,-0.006682,0.038537,-0.011333
4324,-0.378988,0.012226,0.382010,-0.007171,0.080614,-0.009895
4325,0.097295,0.021166,0.416153,-0.004625,0.039005,-0.026449
4326,-0.242346,0.314032,0.556744,0.021523,0.061529,-0.022311
4327,-0.130966,0.052764,0.397269,0.000597,0.062977,-0.020490
4328,-0.067766,-0.137299,0.430858,-0.015213,0.055382,-0.015261
4329,-0.187705,-0.134500,0.417348,-0.015927,0.066353,-0.019948
4330,-0.103548,-0.106902,0.429928,-0.014116,0.058971,-0.017208
4331,0.101790,0.021216,0.410524,-0.004313,0.042198,-0.018086
4332,-0.076251,-0.009267,0.441187,-0.006365,0.055291,-0.015129
4333,0.102973,0.019105,0.416843,-0.004062,0.041226,-0.015057
4334,0.104023,0.002099,0.422606,-0.005223,0.039666,-0.013035
4335,0.057258,0.012680,0.399399,-0.004955,0.044153,-0.011606
4336,0.011375,0.008278,0.408138,-0.005228,0.047788,-0.009899
4337,-0.775205,1.052906,0.474216,0.082518,0.112497,-0.008365
4338,0.121624,-0.052043,0.506077,0.001181,0.038326,-0.017511
4339,-0.307696,0.578155,0.390959,0.050624,0.081604,-0.016356
4340,0.175403,-0.019960,0.512852,0.007987,0.034998,-0.012588
4341,-0.215118,-0.276248,0.464848,-0.014462,0.070119,-0.013414
4342,0.108808,-0.003100,0.393252,0.005587,0.046772,-0.037946
4343,0.106905,-0.003324,0.393039,0.005687,0.045937,-0.033547
4344,0.104964,-0.003532,0.392816,0.005773,0.045085,-0.029578
4345,0.054355,0.031183,0.458443,0.009725,0.045327,-0.026002
4346,-0.307880,0.128891,0.394126,0.017608,0.080206,-0.021929
4347,0.108869,0.009263,0.423068,0.009684,0.044012,-0.001131
4348,0.104509,-0.007365,0.392557,0.008173,0.045014,-0.000346
4349,0.104634,0.018539,0.448209,0.011272,0.040813,0.000212
4350,-0.008005,0.018420,0.477008,0.011985,0.048813,0.000743
4351,0.069987,0.003199,0.439999,0.011095,0.044530,0.001093
4352,0.105250,0.000978,0.420452,0.010973,0.041762,0.001200
4353,0.099265,-0.010708,0.391775,0.009711,0.042720,0.001450
4354,0.023649,0.010984,0.486929,0.012861,0.043424,0.001735
4355,0.114885,-0.057289,0.547852,0.008823,0.031715,0.002174
4356,-1.349830,-0.288574,0.286012,-0.017177,0.172373,-0.004559
4357,0.109323,-0.007281,0.393307,0.007847,0.047165,-0.049771
4358,0.013678,-0.080833,0.523403,0.003727,0.047579,-0.044255
4359,0.107788,-0.021240,0.410676,0.007444,0.045456,-0.035185
4360,0.106465,-0.019165,0.408934,0.007250,0.044602,-0.031032
4361,0.015677,0.008897,0.491937,0.010553,0.047204,-0.027319
4362,0.065810,-0.045159,0.459988,0.006528,0.044737,-0.017455
4363,0.069971,-0.000099,0.423653,0.009144,0.045780,-0.016139
4364,0.072464,-0.015438,0.439429,0.008342,0.044245,-0.013753
4365,0.068287,-0.019042,0.478974,0.008580,0.041798,-0.012087
4366,0.059750,-0.015985,0.422758,0.007955,0.045129,-0.011245
4367,0.077616,-0.006712,0.394835,0.008212,0.044640,-0.009947
4368,-0.030644,-0.135080,0.432640,-0.001887,0.050929,-0.008431
4369,-0.127336,-0.212323,0.435597,-0.009036,0.058939,-0.015673
4370,0.021678,-0.056447,0.472901,0.002819,0.044442,-0.021358
4371,-0.019227,-0.106647,0.421641,-0.002531,0.050524,-0.019584
4372,0.032435,-0.047469,0.443416,0.001894,0.044601,-0.021032
4373,0.032965,-0.048389,0.431550,0.001407,0.044769,-0.020145
4374,0.043522,-0.023502,0.447941,0.003341,0.042518,-0.019359
4375,0.041897,-0.024304,0.436817,0.002823,0.042776,-0.016252
4376,-0.017523,-0.012325,0.438163,0.003524,0.047370,-0.015769
4377,-0.155418,-0.200760,0.398141,-0.013115,0.061294,-0.015722
4378,0.070168,0.014060,0.421405,0.003703,0.040758,-0.023831
4379,-0.010832,0.026471,0.485628,0.005830,0.043745,-0.019340
4380,0.075056,0.000112,0.394089,0.002510,0.041141,-0.017040
4381,-0.059544,0.167738,0.474252,0.017435,0.047851,-0.014756
4382,0.038305,-0.000736,0.431799,0.004172,0.041850,-0.017372
4383,0.045257,0.002982,0.441690,0.004450,0.040221,-0.017182
4384,-0.139003,0.000284,0.403052,0.003473,0.057642,-0.014992
4385,0.030882,0.010568,0.458572,0.005214,0.040350,-0.017405
4386,0.028354,0.019480,0.434636,0.005817,0.041584,-0.015208
4387,-0.061571,-0.011373,0.435699,0.003230,0.048828,-0.015142
4388,-0.047806,0.008757,0.415803,0.004505,0.048605,-0.015464
4389,-0.244915,-0.007789,0.412474,0.002979,0.065755,-0.017369
4390,-0.294964,-0.111162,0.415502,-0.005438,0.070872,-0.018964
4391,-0.165585,0.005928,0.433507,0.004417,0.060029,-0.017847
4392,-0.108014,-0.088269,0.419955,-0.003650,0.056271,-0.017798
4393,-0.059386,-0.003831,0.429181,0.003115,0.051896,-0.017789
4394,-0.046542,0.006719,0.441117,0.003900,0.050336,-0.017215
4395,-0.049313,0.006322,0.435595,0.003803,0.051004,-0.014793
4396,-0.048820,0.014749,0.421261,0.004365,0.051746,-0.012970
4397,-0.053001,-0.003418,0.435890,0.003237,0.051439,-0.018159
4398,-0.033189,-0.000662,0.436106,0.003384,0.049874,-0.016829
4399,-0.076182,0.017643,0.424237,0.004644,0.054223,-0.014789
4400,-0.056905,0.036456,0.432715,0.006558,0.052282,-0.016738
4401,-0.056554,-0.019066,0.433423,0.002321,0.052470,-0.016936
4402,-0.093327,0.003823,0.426897,0.003797,0.056145,-0.014810
4403,-0.151815,-0.219819,0.386152,-0.015264,0.063508,-0.016472
4404,-0.122340,0.021467,0.450670,0.004271,0.057963,-0.018501
