Step,Fx(N),Fy(N),Fz(N),Tx(Nm),Ty(Nm),Tz(Nm)
1,0.000000,-0.000000,0.000000,0.000000,-0.000000,0.000000
2,-0.863093,-0.777216,1.811694,0.083726,-0.185406,-0.000009
3,-0.864247,-0.783236,1.779789,0.091473,-0.188008,-0.000438
4,-0.866973,-0.791716,1.745607,0.100298,-0.191292,-0.000899
5,-0.871195,-0.802500,1.709317,0.110130,-0.195219,-0.001393
6,-0.876865,-0.815457,1.671036,0.120904,-0.199769,-0.001898
7,-0.883897,-0.830423,1.630936,0.132542,-0.204902,-0.002425
8,-0.892237,-0.847260,1.589138,0.144977,-0.210594,-0.002968
9,-0.901804,-0.865807,1.545798,0.158134,-0.216808,-0.003515
10,-0.912531,-0.885912,1.501055,0.171942,-0.223514,-0.004062
11,-0.924348,-0.907406,1.455046,0.186320,-0.230682,-0.004621
12,-0.937181,-0.930135,1.407912,0.201198,-0.238280,-0.005172
13,-0.950927,-0.953943,1.359844,0.216503,-0.246259,-0.005726
14,-0.965542,-0.978665,1.310935,0.232158,-0.254602,-0.006272
15,-0.980924,-1.004153,1.261367,0.248095,-0.263264,-0.006813
16,-0.996998,-1.030250,1.211285,0.264242,-0.272211,-0.007353
17,-1.013680,-1.056791,1.160841,0.280520,-0.281405,-0.007880
18,-1.030913,-1.083643,1.110155,0.296870,-0.290824,-0.008400
19,-1.048599,-1.110645,1.059401,0.313214,-0.300422,-0.008912
20,-1.066666,-1.137669,1.008712,0.329496,-0.310169,-0.009415
21,-1.085024,-1.164567,0.958255,0.345645,-0.320022,-0.009910
22,-1.103604,-1.191207,0.908147,0.361598,-0.329955,-0.010394
23,-1.122335,-1.217458,0.858534,0.377294,-0.339933,-0.010863
24,-1.141133,-1.243206,0.809556,0.392679,-0.349920,-0.011324
25,-1.159926,-1.268327,0.761339,0.407693,-0.359884,-0.011769
26,-1.178639,-1.292705,0.714006,0.422281,-0.369793,-0.012217
27,-1.197206,-1.316247,0.667684,0.436398,-0.379613,-0.012641
28,-1.215550,-1.338841,0.622481,0.449988,-0.389315,-0.013058
29,-1.233594,-1.360407,0.578522,0.463013,-0.398862,-0.013469
30,-1.251277,-1.380856,0.535897,0.475429,-0.408227,-0.013856
31,-1.268540,-1.400098,0.494691,0.487192,-0.417385,-0.014237
32,-1.285306,-1.418065,0.455010,0.498266,-0.426300,-0.014598
33,-1.301524,-1.434705,0.416922,0.508625,-0.434949,-0.014942
34,-1.317116,-1.449942,0.380516,0.518232,-0.443299,-0.015275
35,-1.332033,-1.463722,0.345840,0.527061,-0.451328,-0.015589
36,-1.346224,-1.476012,0.312946,0.535092,-0.459013,-0.015884
37,-1.359624,-1.486766,0.281895,0.542304,-0.466325,-0.016159
38,-1.372190,-1.495946,0.252718,0.548677,-0.473247,-0.016412
39,-1.383857,-1.503519,0.225462,0.554196,-0.479750,-0.016644
40,-1.394585,-1.509463,0.200147,0.558851,-0.485817,-0.016851
41,-1.404332,-1.513769,0.176778,0.562637,-0.491430,-0.017041
42,-1.413057,-1.516437,0.155374,0.565557,-0.496573,-0.017203
43,-1.420707,-1.517434,0.135951,0.567595,-0.501223,-0.017340
44,-1.427254,-1.516771,0.118492,0.568760,-0.505368,-0.017453
45,-1.432667,-1.514458,0.102991,0.569058,-0.508998,-0.017539
46,-1.436912,-1.510500,0.089432,0.568497,-0.512099,-0.017598
47,-1.439962,-1.504900,0.077799,0.567081,-0.514661,-0.017630
48,-1.441772,-1.497684,0.068078,0.564829,-0.516666,-0.017638
49,-1.442345,-1.488871,0.060221,0.561752,-0.518119,-0.017621
50,-1.441646,-1.478489,0.054208,0.557872,-0.519006,-0.017570
51,-1.439668,-1.466565,0.049987,0.553207,-0.519327,-0.017491
52,-1.436394,-1.453125,0.047530,0.547775,-0.519077,-0.017393
53,-1.431802,-1.438214,0.046791,0.541607,-0.518249,-0.017266
54,-1.425899,-1.421871,0.047711,0.534726,-0.516850,-0.017111
55,-1.418667,-1.404127,0.050255,0.527156,-0.514873,-0.016925
56,-1.410117,-1.385032,0.054344,0.518927,-0.512329,-0.016722
57,-1.400253,-1.364639,0.059934,0.510074,-0.509220,-0.016489
58,-1.389054,-1.342991,0.066977,0.500624,-0.505541,-0.016234
59,-1.376555,-1.320127,0.075392,0.490605,-0.501311,-0.015954
60,-1.362748,-1.296121,0.085121,0.480059,-0.496529,-0.015662
61,-1.347650,-1.271020,0.096102,0.469017,-0.491205,-0.015336
62,-1.331276,-1.244871,0.108267,0.457508,-0.485348,-0.015003
63,-1.313655,-1.217741,0.121530,0.445572,-0.478975,-0.014648
64,-1.294784,-1.189682,0.135842,0.433242,-0.472086,-0.014277
65,-1.274711,-1.160762,0.151110,0.420556,-0.464703,-0.013889
66,-1.253444,-1.131031,0.167278,0.407544,-0.456835,-0.013501
67,-1.231012,-1.100560,0.184266,0.394248,-0.448494,-0.013084
68,-1.207438,-1.069399,0.202010,0.380694,-0.439692,-0.012663
69,-1.182763,-1.037621,0.220421,0.366926,-0.430449,-0.012228
70,-1.157018,-1.005271,0.239429,0.352968,-0.420778,-0.011779
71,-1.130249,-0.972431,0.258950,0.338864,-0.410704,-0.011332
72,-1.102473,-0.939142,0.278921,0.324636,-0.400232,-0.010871
73,-1.073746,-0.905473,0.299262,0.310322,-0.389388,-0.010408
74,-1.044111,-0.871480,0.319893,0.295950,-0.378191,-0.009937
75,-1.013588,-0.837220,0.340762,0.281550,-0.366649,-0.009473
76,-0.982226,-0.802758,0.361787,0.267154,-0.354784,-0.008998
77,-0.950098,-0.768149,0.382882,0.252790,-0.342628,-0.008523
78,-0.917211,-0.733443,0.404003,0.238482,-0.330182,-0.008047
79,-0.883645,-0.698693,0.425070,0.224255,-0.317481,-0.007572
80,-0.849438,-0.663948,0.446021,0.210131,-0.304540,-0.007098
81,-0.814637,-0.629272,0.466790,0.196141,-0.291379,-0.006627
82,-0.779284,-0.594711,0.487326,0.182306,-0.278015,-0.006163
83,-0.743455,-0.560298,0.507554,0.168639,-0.264479,-0.005694
84,-0.707175,-0.526085,0.527440,0.155162,-0.250781,-0.005241
85,-0.670508,-0.492119,0.546927,0.141895,-0.236946,-0.004786
86,-0.633504,-0.458432,0.565963,0.128850,-0.222995,-0.004348
87,-0.596226,-0.425072,0.584494,0.116048,-0.208953,-0.003904
88,-0.558714,-0.392069,0.602491,0.103498,-0.194836,-0.003473
89,-0.521027,-0.359466,0.619906,0.091216,-0.180667,-0.003043
90,-0.483211,-0.327298,0.636704,0.079217,-0.166465,-0.002631
91,-0.445328,-0.295569,0.652852,0.067497,-0.152255,-0.002220
92,-0.407427,-0.264330,0.668317,0.056076,-0.138056,-0.001821
93,-0.369556,-0.233600,0.683075,0.044958,-0.123886,-0.001426
94,-0.331763,-0.203403,0.697109,0.034151,-0.109764,-0.001046
95,-0.294107,-0.173751,0.710384,0.023653,-0.095717,-0.000676
96,-0.256625,-0.144675,0.722894,0.013476,-0.081755,-0.000309
97,-0.219388,-0.116193,0.734613,0.003622,-0.067908,0.000040
98,-0.182424,-0.088304,0.745537,-0.005912,-0.054188,0.000380
99,-0.145791,-0.061022,0.755653,-0.015128,-0.040618,0.000712
100,-0.109516,-0.034364,0.764964,-0.024021,-0.027207,0.001031
101,-0.073658,-0.008349,0.773457,-0.032586,-0.013979,0.001341
102,-0.038253,0.017044,0.781136,-0.040840,-0.000950,0.001648
103,-0.003341,0.041798,0.788002,-0.048779,0.011865,0.001935
104,0.031033,0.065904,0.794053,-0.056404,0.024449,0.002214
105,0.064827,0.089374,0.799296,-0.063723,0.036784,0.002481
106,0.098012,0.112208,0.803744,-0.070744,0.048858,0.002738
107,0.130565,0.134402,0.807410,-0.077467,0.060664,0.002979
108,0.162426,0.155966,0.810292,-0.083903,0.072175,0.003217
109,0.193604,0.176902,0.812429,-0.090054,0.083397,0.003442
110,0.224038,0.197234,0.813813,-0.095939,0.094304,0.003658
111,0.253734,0.216949,0.814484,-0.101553,0.104901,0.003861
112,0.282634,0.236067,0.814435,-0.106910,0.115162,0.004052
113,0.310726,0.254600,0.813702,-0.112021,0.125083,0.004235
114,0.338004,0.272552,0.812302,-0.116887,0.134663,0.004409
115,0.364432,0.289946,0.810256,-0.121526,0.143885,0.004574
116,0.390000,0.306800,0.807591,-0.125948,0.152747,0.004725
117,0.414697,0.323109,0.804327,-0.130152,0.161246,0.004876
118,0.438523,0.338910,0.800499,-0.134161,0.169379,0.005014
119,0.461461,0.354210,0.796125,-0.137978,0.177142,0.005138
120,0.483511,0.369026,0.791243,-0.141614,0.184535,0.005254
121,0.504655,0.383369,0.785865,-0.145076,0.191551,0.005369
122,0.524895,0.397270,0.780025,-0.148383,0.198189,0.005472
123,0.544230,0.410730,0.773748,-0.151535,0.204453,0.005571
124,0.562654,0.423769,0.767059,-0.154543,0.210337,0.005660
125,0.580187,0.436420,0.760000,-0.157424,0.215854,0.005742
126,0.596823,0.448680,0.752587,-0.160179,0.220999,0.005823
127,0.612578,0.460579,0.744854,-0.162822,0.225779,0.005893
128,0.627461,0.472136,0.736830,-0.165364,0.230201,0.005954
129,0.641471,0.483345,0.728535,-0.167802,0.234263,0.006014
130,0.654641,0.494265,0.720011,-0.170165,0.237980,0.006061
131,0.666970,0.504881,0.711273,-0.172447,0.241352,0.006111
132,0.678479,0.515214,0.702356,-0.174657,0.244391,0.006159
133,0.689185,0.525281,0.693277,-0.176804,0.247101,0.006198
134,0.699105,0.535101,0.684069,-0.178898,0.249492,0.006233
135,0.708265,0.544695,0.674762,-0.180948,0.251576,0.006271
136,0.716686,0.554056,0.665372,-0.182949,0.253363,0.006303
137,0.724385,0.563228,0.655930,-0.184925,0.254859,0.006333
138,0.731390,0.572201,0.646453,-0.186868,0.256078,0.006356
139,0.737725,0.580994,0.636965,-0.188788,0.257030,0.006382
140,0.743427,0.589631,0.627497,-0.190695,0.257732,0.006406
141,0.748511,0.598112,0.618060,-0.192588,0.258192,0.006428
142,0.753010,0.606451,0.608680,-0.194474,0.258424,0.006443
143,0.756953,0.614657,0.599373,-0.196356,0.258441,0.006467
144,0.760370,0.622744,0.590161,-0.198238,0.258257,0.006486
145,0.763281,0.630720,0.581057,-0.200126,0.257881,0.006505
146,0.765715,0.638590,0.572074,-0.202017,0.257326,0.006520
147,0.767722,0.646373,0.563241,-0.203922,0.256613,0.006539
148,0.769305,0.654071,0.554560,-0.205840,0.255747,0.006561
149,0.770523,0.661692,0.546054,-0.207773,0.254751,0.006576
150,0.771399,0.669231,0.537731,-0.209717,0.253637,0.006597
151,0.771947,0.676716,0.529600,-0.211684,0.252411,0.006620
152,0.772207,0.684142,0.521672,-0.213670,0.251090,0.006637
153,0.772213,0.691516,0.513964,-0.215678,0.249691,0.006661
154,0.771993,0.698834,0.506478,-0.217702,0.248226,0.006686
155,0.771576,0.706107,0.499222,-0.219748,0.246707,0.006709
156,0.771000,0.713337,0.492207,-0.221814,0.245152,0.006740
157,0.770281,0.720531,0.485436,-0.223902,0.243567,0.006764
158,0.769452,0.727691,0.478914,-0.226012,0.241967,0.006790
159,0.768528,0.734806,0.472640,-0.228136,0.240360,0.006824
160,0.767559,0.741905,0.466630,-0.230288,0.238766,0.006857
161,0.766556,0.748962,0.460872,-0.232452,0.237191,0.006894
162,0.765531,0.755985,0.455371,-0.234631,0.235640,0.006931
163,0.764525,0.762989,0.450132,-0.236832,0.234131,0.006968
164,0.763577,0.769952,0.445157,-0.239042,0.232682,0.007015
165,0.762688,0.776895,0.440443,-0.241269,0.231292,0.007053
166,0.761869,0.783802,0.435981,-0.243505,0.229966,0.007103
167,0.761169,0.790687,0.431782,-0.245755,0.228725,0.007150
168,0.760575,0.797527,0.427827,-0.248007,0.227565,0.007199
169,0.760139,0.804346,0.424131,-0.250271,0.226507,0.007251
170,0.759843,0.811118,0.420670,-0.252533,0.225542,0.007304
171,0.759723,0.817865,0.417453,-0.254804,0.224687,0.007355
172,0.759796,0.824562,0.414475,-0.257070,0.223950,0.007410
173,0.760067,0.831215,0.411724,-0.259333,0.223330,0.007471
174,0.760527,0.837831,0.409192,-0.261597,0.222825,0.007525
175,0.761223,0.844386,0.406881,-0.263848,0.222455,0.007587
176,0.762142,0.850905,0.404781,-0.266099,0.222213,0.007655
177,0.763294,0.857359,0.402881,-0.268333,0.222103,0.007714
178,0.764706,0.863766,0.401184,-0.270561,0.222138,0.007779
179,0.766346,0.870109,0.399667,-0.272773,0.222300,0.007845
180,0.768248,0.876381,0.398334,-0.274965,0.222608,0.007912
181,0.770396,0.882593,0.397172,-0.277144,0.223050,0.007982
182,0.772812,0.888730,0.396176,-0.279300,0.223639,0.008051
183,0.775485,0.894795,0.395339,-0.281437,0.224367,0.008122
184,0.778405,0.900778,0.394645,-0.283548,0.225229,0.008189
185,0.781577,0.906676,0.394089,-0.285634,0.226228,0.008263
186,0.784990,0.912486,0.393662,-0.287692,0.227358,0.008332
187,0.788654,0.918203,0.393359,-0.289719,0.228622,0.008405
188,0.792561,0.923823,0.393171,-0.291715,0.230018,0.008476
189,0.796697,0.929342,0.393086,-0.293678,0.231537,0.008549
190,0.801054,0.934755,0.393096,-0.295607,0.233176,0.008623
191,0.805634,0.940064,0.393197,-0.297500,0.234934,0.008691
192,0.810425,0.945255,0.393378,-0.299354,0.236806,0.008761
193,0.815408,0.950326,0.393631,-0.301168,0.238784,0.008835
194,0.820578,0.955290,0.393951,-0.302948,0.240864,0.008902
195,0.825914,0.960114,0.394323,-0.304679,0.243036,0.008977
196,0.831416,0.964810,0.394749,-0.306367,0.245300,0.009047
197,0.837057,0.969365,0.395212,-0.308007,0.247644,0.009109
198,0.842841,0.973790,0.395714,-0.309605,0.250067,0.009177
199,0.848732,0.978063,0.396241,-0.311150,0.252555,0.009241
200,0.854740,0.982199,0.396794,-0.312651,0.255111,0.009304
201,0.860829,0.986172,0.397361,-0.314096,0.257718,0.009377
202,0.866988,0.989997,0.397935,-0.315492,0.260371,0.009440
203,0.873219,0.993668,0.398521,-0.316838,0.263072,0.009499
204,0.879471,0.997168,0.399096,-0.318125,0.265794,0.009555
205,0.885754,1.000499,0.399670,-0.319356,0.268545,0.009611
206,0.892040,1.003660,0.400230,-0.320531,0.271311,0.009663
207,0.898314,1.006645,0.400774,-0.321647,0.274085,0.009718
208,0.904565,1.009452,0.401301,-0.322704,0.276861,0.009766
209,0.910765,1.012071,0.401799,-0.323698,0.279626,0.009816
210,0.916904,1.014514,0.402270,-0.324635,0.282377,0.009863
211,0.922981,1.016772,0.402716,-0.325512,0.285112,0.009905
212,0.928948,1.018827,0.403121,-0.326320,0.287810,0.009946
213,0.934825,1.020705,0.403498,-0.327072,0.290478,0.009987
214,0.940542,1.022370,0.403826,-0.327751,0.293087,0.010022
215,0.946123,1.023830,0.404113,-0.328362,0.295647,0.010056
216,0.951537,1.025095,0.404357,-0.328911,0.298143,0.010088
217,0.956772,1.026143,0.404552,-0.329385,0.300571,0.010120
218,0.961823,1.026994,0.404704,-0.329797,0.302928,0.010142
219,0.966669,1.027632,0.404805,-0.330137,0.305204,0.010166
220,0.971306,1.028051,0.404860,-0.330405,0.307398,0.010189
221,0.975709,1.028256,0.404865,-0.330601,0.309498,0.010208
222,0.979845,1.028237,0.404815,-0.330722,0.311491,0.010222
223,0.983734,1.028006,0.404716,-0.330773,0.313385,0.010237
224,0.987344,1.027548,0.404566,-0.330748,0.315165,0.010245
225,0.990668,1.026862,0.404365,-0.330646,0.316830,0.010253
226,0.993689,1.025949,0.404110,-0.330468,0.318370,0.010258
227,0.996414,1.024816,0.403806,-0.330217,0.319789,0.010261
228,0.998841,1.023458,0.403456,-0.329889,0.321088,0.010256
229,1.000936,1.021870,0.403056,-0.329483,0.322251,0.010251
230,1.002710,1.020051,0.402609,-0.329000,0.323281,0.010242
231,1.004139,1.018003,0.402113,-0.328438,0.324170,0.010231
232,1.005229,1.015726,0.401575,-0.327799,0.324921,0.010218
233,1.005968,1.013216,0.400991,-0.327079,0.325528,0.010201
234,1.006350,1.010476,0.400364,-0.326280,0.325989,0.010178
235,1.006374,1.007503,0.399699,-0.325402,0.326303,0.010157
236,1.006041,1.004298,0.398994,-0.324442,0.326472,0.010130
237,1.005324,1.000864,0.398248,-0.323405,0.326483,0.010101
238,1.004261,0.997201,0.397471,-0.322287,0.326353,0.010072
239,1.002824,0.993310,0.396659,-0.321090,0.326071,0.010031
240,1.001020,0.989190,0.395814,-0.319813,0.325640,0.009996
241,0.998854,0.984850,0.394945,-0.318460,0.325062,0.009954
242,0.996300,0.980271,0.394039,-0.317021,0.324327,0.009908
243,0.993411,0.975481,0.393116,-0.315509,0.323457,0.009862
244,0.990133,0.970465,0.392166,-0.313918,0.322430,0.009812
245,0.986498,0.965231,0.391194,-0.312249,0.321259,0.009759
246,0.982501,0.959775,0.390201,-0.310501,0.319943,0.009701
247,0.978156,0.954107,0.389191,-0.308679,0.318488,0.009644
248,0.973472,0.948239,0.388168,-0.306787,0.316899,0.009586
249,0.968438,0.942147,0.387128,-0.304813,0.315170,0.009523
250,0.963080,0.935855,0.386081,-0.302769,0.313314,0.009456
251,0.957370,0.929355,0.385019,-0.300650,0.311319,0.009390
252,0.951340,0.922650,0.383951,-0.298458,0.309199,0.009318
253,0.944984,0.915746,0.382873,-0.296194,0.306951,0.009249
254,0.938348,0.908652,0.381795,-0.293863,0.304595,0.009173
255,0.931396,0.901380,0.380711,-0.291469,0.302117,0.009090
256,0.924149,0.893907,0.379625,-0.289001,0.299526,0.009007
257,0.916617,0.886252,0.378537,-0.286468,0.296826,0.008921
258,0.908811,0.878427,0.377450,-0.283876,0.294022,0.008838
259,0.900734,0.870416,0.376364,-0.281217,0.291116,0.008755
260,0.892408,0.862242,0.375279,-0.278498,0.288117,0.008663
261,0.883839,0.853903,0.374202,-0.275722,0.285028,0.008573
262,0.875024,0.845397,0.373125,-0.272885,0.281849,0.008481
263,0.865986,0.836743,0.372054,-0.269996,0.278588,0.008382
264,0.856748,0.827930,0.370989,-0.267050,0.275257,0.008287
265,0.847305,0.818977,0.369932,-0.264056,0.271853,0.008191
266,0.837660,0.809881,0.368878,-0.261010,0.268377,0.008089
267,-13.063555,-8.771537,17.095263,-0.808506,0.714875,0.007954
268,1.219136,1.114340,0.364854,-0.438668,0.440361,-0.130359
269,1.368521,1.311330,0.799443,-0.440039,0.432420,-0.132003
270,1.340823,1.228883,0.444199,-0.476827,0.481006,-0.128764
271,1.392602,1.274910,0.456714,-0.496124,0.501927,-0.123385
272,1.440710,1.317590,0.465522,-0.514323,0.521935,-0.115580
273,1.469406,1.330491,0.389528,-0.535231,0.546954,-0.105666
274,1.546308,1.425007,0.570316,-0.543237,0.552095,-0.094438
275,1.568303,1.432808,0.494999,-0.560884,0.574126,-0.081243
276,1.604442,1.465769,0.502865,-0.573783,0.589029,-0.067621
277,1.637520,1.496101,0.510307,-0.585338,0.602623,-0.053617
278,1.667410,1.523542,0.516646,-0.595571,0.614944,-0.039557
279,1.694247,1.548273,0.522604,-0.604446,0.625928,-0.025756
280,1.717844,1.569989,0.527438,-0.611937,0.635607,-0.012437
281,1.738655,1.588795,0.531650,-0.618162,0.643998,0.000088
282,1.755974,1.604509,0.534335,-0.622978,0.651091,0.011442
283,1.770812,1.618086,0.537864,-0.626503,0.656847,0.021646
284,1.760677,1.588744,0.403970,-0.634836,0.670973,0.030720
285,1.813103,1.674393,0.669324,-0.624836,0.656165,0.037951
286,1.796722,1.640127,0.539088,-0.629701,0.666962,0.045039
287,1.799227,1.641878,0.536993,-0.628305,0.667948,0.050334
288,1.798919,1.641161,0.535163,-0.625612,0.667645,0.054436
289,1.796368,1.637492,0.532678,-0.621851,0.666163,0.057334
290,1.790108,1.632111,0.529386,-0.616917,0.663627,0.059127
291,1.779440,1.625400,0.525096,-0.610812,0.660179,0.059908
292,1.709057,1.586490,0.496499,-0.606862,0.662474,0.059763
293,1.658609,1.513339,0.470239,-0.605251,0.662915,0.057689
294,1.649208,1.502759,0.466425,-0.598152,0.657744,0.054619
295,1.637910,1.490746,0.462572,-0.590378,0.651770,0.051017
296,1.624918,1.477362,0.458555,-0.581965,0.645016,0.047022
297,1.610283,1.462660,0.454396,-0.572964,0.637499,0.042770
298,1.596099,1.447814,0.448085,-0.563343,0.629152,0.038367
299,1.574053,1.428078,0.447712,-0.553308,0.620227,0.034011
300,1.556646,1.410565,0.441502,-0.542710,0.610495,0.029640
301,1.536403,1.391506,0.436555,-0.531760,0.600217,0.025381
302,1.513598,1.370734,0.432524,-0.520385,0.589276,0.021393
303,1.490473,1.349630,0.427456,-0.508638,0.577719,0.017666
304,1.465240,1.327200,0.423161,-0.496593,0.565622,0.014270
305,1.439323,1.304553,0.418142,-0.484232,0.552994,0.011218
306,1.411487,1.280550,0.414428,-0.471807,0.540047,0.008447
307,1.384044,1.256397,0.409072,-0.459051,0.526448,0.006138
308,1.355205,1.231481,0.403927,-0.446080,0.512360,0.004056
309,1.320705,1.203615,0.403464,-0.433094,0.498070,0.002350
310,1.293038,1.179785,0.395420,-0.419873,0.483248,0.000906
311,1.257110,1.151244,0.394838,-0.406727,0.468297,-0.000100
312,1.225961,1.125553,0.388993,-0.393487,0.452993,-0.000889
313,1.191847,1.098305,0.385517,-0.380297,0.437510,-0.001360
314,1.159276,1.072062,0.379971,-0.367086,0.421762,-0.001578
315,1.120313,1.042329,0.380476,-0.354048,0.406006,-0.001504
316,1.086669,1.015793,0.375420,-0.341029,0.390029,-0.001337
317,1.051763,0.988706,0.371410,-0.328139,0.373993,-0.000988
318,1.013470,0.959898,0.370639,-0.315434,0.357959,-0.000467
319,0.978171,0.932995,0.366942,-0.302881,0.341906,0.000081
320,0.941665,0.905570,0.364378,-0.290502,0.325853,0.000769
321,0.904836,0.878405,0.362332,-0.278389,0.309950,0.001442
322,0.866597,0.850509,0.362198,-0.266602,0.294247,0.002094
323,0.865385,0.842930,0.322516,-0.253971,0.277224,0.002740
324,0.763251,0.780410,0.390628,-0.244153,0.263664,0.003606
325,0.759443,0.772022,0.355472,-0.232452,0.247496,0.003968
326,0.723610,0.746323,0.354342,-0.221701,0.232385,0.004479
327,0.688372,0.721192,0.353216,-0.211277,0.217533,0.004886
328,0.653413,0.696579,0.352399,-0.201179,0.202981,0.005204
329,0.648085,0.688121,0.319860,-0.190690,0.187761,0.005385
330,0.556331,0.632707,0.382707,-0.182638,0.175528,0.005737
331,0.552484,0.625714,0.350924,-0.173054,0.161266,0.005576
332,0.520045,0.603240,0.350976,-0.164431,0.148127,0.005524
333,0.488675,0.581575,0.350895,-0.156188,0.135388,0.005357
334,0.458186,0.560591,0.350909,-0.148325,0.123070,0.005123
335,0.428116,0.540019,0.351428,-0.140815,0.111147,0.004857
336,0.400107,0.520795,0.350980,-0.133718,0.099712,0.004487
337,0.370444,0.500816,0.353479,-0.127025,0.088769,0.004113
338,0.344423,0.483044,0.353362,-0.120730,0.078319,0.003618
339,0.318250,0.465476,0.354405,-0.114776,0.068329,0.003169
340,0.291098,0.447322,0.358497,-0.109431,0.059113,0.002579
341,0.297321,0.447820,0.324994,-0.103517,0.049264,0.002016
342,0.273970,0.431988,0.325669,-0.098432,0.040458,0.001840
343,0.175173,0.373977,0.417478,-0.095887,0.034673,0.001682
344,0.205886,0.388891,0.360289,-0.090883,0.026240,0.000725
345,0.187910,0.376636,0.360423,-0.087147,0.019372,0.000297
346,0.167660,0.362864,0.364985,-0.083938,0.013219,-0.000138
347,0.179830,0.367604,0.331999,-0.080194,0.006634,-0.000504
348,0.109384,0.325053,0.399314,-0.078818,0.002746,-0.000524
349,0.149983,0.346568,0.334928,-0.075101,-0.003378,-0.000917
350,0.081221,0.304588,0.403917,-0.074399,-0.006228,-0.000862
351,0.097177,0.312099,0.372673,-0.072165,-0.010359,-0.001199
352,0.086286,0.303825,0.374826,-0.070745,-0.013495,-0.001367
353,0.104784,0.312954,0.341741,-0.068723,-0.016976,-0.001500
354,0.039273,0.271827,0.413951,-0.069239,-0.017837,-0.001309
355,0.060593,0.282763,0.381385,-0.068060,-0.019959,-0.001624
356,0.054143,0.276859,0.383839,-0.067676,-0.021147,-0.001634
357,0.048495,0.271514,0.386539,-0.067510,-0.021859,-0.001597
358,0.044581,0.266970,0.388838,-0.067633,-0.022069,-0.001662
359,0.041166,0.262548,0.391378,-0.067835,-0.021981,-0.001581
360,0.067954,0.276878,0.356451,-0.067297,-0.022256,-0.001517
361,0.007412,0.236057,0.434123,-0.069463,-0.020101,-0.001150
362,0.036534,0.251939,0.399614,-0.069572,-0.019247,-0.001304
363,0.036721,0.249214,0.402429,-0.070441,-0.017609,-0.001165
364,0.037705,0.246809,0.405335,-0.071437,-0.015628,-0.001009
365,0.039224,0.244939,0.408693,-0.072581,-0.013278,-0.000877
366,0.050616,0.248730,0.400043,-0.073546,-0.010866,-0.000740
367,0.036526,0.235980,0.425520,-0.075326,-0.007654,-0.000506
368,0.069259,0.254118,0.390508,-0.075804,-0.005110,-0.000431
369,0.032687,0.225350,0.447393,-0.078468,-0.000948,-0.000120
370,0.075998,0.250726,0.400117,-0.078855,0.001977,-0.000260
371,0.045529,0.225172,0.450753,-0.081497,0.006451,0.000017
372,0.069491,0.237199,0.430348,-0.082608,0.010189,-0.000066
373,0.075262,0.236764,0.434397,-0.084222,0.014388,0.000007
374,0.114036,0.258998,0.394157,-0.084573,0.017907,0.000080
375,0.056143,0.213663,0.483924,-0.088152,0.023470,0.000470
376,0.123930,0.255881,0.406687,-0.087931,0.027005,0.000226
377,0.075908,0.216204,0.484237,-0.091234,0.032546,0.000559
378,0.111143,0.235896,0.450987,-0.091981,0.036822,0.000294
379,0.143013,0.252934,0.421366,-0.092454,0.040919,0.000301
380,0.102400,0.217255,0.489799,-0.095453,0.046417,0.000594
381,0.168061,0.259324,0.414770,-0.094657,0.049968,0.000585
382,-0.764575,-0.257402,1.161770,-0.130060,0.106051,0.000982
383,0.216113,0.278530,0.425061,-0.106778,0.073123,-0.006704
384,0.227715,0.280084,0.428360,-0.108536,0.079137,-0.006295
385,0.238833,0.281260,0.431555,-0.110090,0.084911,-0.005706
386,0.249472,0.282023,0.434648,-0.111414,0.090454,-0.004983
387,0.259596,0.282345,0.437632,-0.112498,0.095751,-0.004158
388,0.269149,0.282212,0.440495,-0.113339,0.100775,-0.003253
389,0.278113,0.281626,0.443234,-0.113938,0.105518,-0.002307
390,0.286454,0.280568,0.445843,-0.114292,0.109966,-0.001343
391,0.294145,0.279033,0.448318,-0.114398,0.114108,-0.000381
392,0.301154,0.277009,0.450649,-0.114255,0.117928,0.000554
393,0.307465,0.274498,0.452836,-0.113865,0.121421,0.001448
394,0.313052,0.271504,0.454873,-0.113233,0.124575,0.002285
395,0.317895,0.268003,0.456756,-0.112349,0.127384,0.003044
396,0.321989,0.264024,0.458485,-0.111229,0.129843,0.003725
397,0.325289,0.259548,0.460051,-0.109867,0.131936,0.004321
398,0.327813,0.254581,0.461457,-0.108267,0.133671,0.004824
399,0.329534,0.249128,0.462696,-0.106433,0.135036,0.005242
400,0.330457,0.243202,0.463774,-0.104374,0.136036,0.005563
401,0.330558,0.236807,0.464682,-0.102093,0.136660,0.005793
402,0.329857,0.229953,0.465428,-0.099597,0.136919,0.005941
403,0.328330,0.222642,0.466006,-0.096887,0.136803,0.006007
404,0.325996,0.214885,0.466419,-0.093972,0.136322,0.006002
405,0.322851,0.206701,0.466669,-0.090861,0.135475,0.005925
406,0.318905,0.198099,0.466757,-0.087558,0.134268,0.005788
407,0.314158,0.189091,0.466686,-0.084074,0.132703,0.005606
408,0.308628,0.179693,0.466457,-0.080415,0.130788,0.005374
409,0.302323,0.169927,0.466076,-0.076592,0.128527,0.005100
410,0.295261,0.159788,0.465545,-0.072606,0.125932,0.004803
411,0.287461,0.149321,0.464870,-0.068477,0.123010,0.004478
412,0.278932,0.138523,0.464052,-0.064206,0.119766,0.004142
413,0.269692,0.127422,0.463097,-0.059806,0.116210,0.003791
414,0.259767,0.116032,0.462011,-0.055285,0.112356,0.003442
415,0.249183,0.104374,0.460799,-0.050653,0.108213,0.003092
416,0.237953,0.092464,0.459465,-0.045917,0.103789,0.002743
417,0.226117,0.080328,0.458018,-0.041092,0.099105,0.002405
418,0.213698,0.067976,0.456463,-0.036180,0.094168,0.002076
419,0.200732,0.055439,0.454808,-0.031199,0.088998,0.001758
420,0.187226,0.042728,0.453055,-0.026152,0.083597,0.001455
421,0.173224,0.029860,0.451213,-0.021048,0.077985,0.001171
422,0.158765,0.016875,0.449291,-0.015906,0.072179,0.000900
423,0.143852,0.003769,0.447291,-0.010724,0.066184,0.000647
424,0.128553,-0.009420,0.445225,-0.005518,0.060027,0.000402
425,0.112881,-0.022680,0.443097,-0.000296,0.053716,0.000177
426,0.096866,-0.035997,0.440913,0.004939,0.047265,-0.000034
427,0.080555,-0.049332,0.438683,0.010165,0.040693,-0.000228
428,0.063972,-0.062691,0.436411,0.015388,0.034012,-0.000416
429,0.047162,-0.076033,0.434106,0.020589,0.027242,-0.000591
430,0.030144,-0.089360,0.431773,0.025769,0.020392,-0.000754
431,0.012958,-0.102644,0.429417,0.030915,0.013479,-0.000908
432,-0.004341,-0.115865,0.427051,0.036021,0.006528,-0.001061
433,-0.021760,-0.129007,0.424673,0.041077,-0.000465,-0.001205
434,-0.039230,-0.142061,0.422296,0.046081,-0.007470,-0.001348
435,-0.056733,-0.155003,0.419922,0.051022,-0.014478,-0.001482
436,-0.074253,-0.167821,0.417555,0.055895,-0.021482,-0.001621
437,-0.091716,-0.180495,0.415208,0.060694,-0.028451,-0.001757
438,-0.109124,-0.193018,0.412880,0.065413,-0.035385,-0.001895
439,-0.126438,-0.205375,0.410578,0.070048,-0.042267,-0.002024
440,-0.143630,-0.217555,0.408307,0.074594,-0.049086,-0.002160
441,-0.160663,-0.229533,0.406073,0.079041,-0.055826,-0.002299
442,-0.177527,-0.241314,0.403876,0.083392,-0.062482,-0.002434
443,-0.194181,-0.252881,0.401726,0.087640,-0.069036,-0.002569
444,-0.210596,-0.264223,0.399624,0.091780,-0.075477,-0.002702
445,-0.226754,-0.275330,0.397574,0.095810,-0.081798,-0.002839
446,-0.242615,-0.286198,0.395582,0.099729,-0.087981,-0.002977
447,-0.258175,-0.296809,0.393649,0.103528,-0.094025,-0.003116
448,-0.273406,-0.307161,0.391777,0.107209,-0.099918,-0.003252
449,-0.288286,-0.317250,0.389972,0.110769,-0.105651,-0.003386
450,-0.302804,-0.327074,0.388232,0.114211,-0.111220,-0.003520
451,-0.316948,-0.336627,0.386560,0.117529,-0.116620,-0.003648
452,-0.330678,-0.345891,0.384963,0.120720,-0.121835,-0.003778
453,-0.343978,-0.354868,0.383441,0.123784,-0.126858,-0.003904
454,-1.231108,-1.028923,0.448142,0.067343,-0.048456,-0.004035
455,-4.453083,-3.317480,2.380378,-0.124160,0.175143,-0.013742
456,-0.185863,-0.220870,0.419339,0.048613,-0.059115,-0.063059
457,-0.197931,-0.240319,0.514635,0.039055,-0.054367,-0.062763
458,-0.166692,-0.203343,0.467663,0.031582,-0.046074,-0.061520
459,-0.152577,-0.189239,0.475175,0.023741,-0.039427,-0.058884
460,-0.139173,-0.175210,0.482650,0.016248,-0.032898,-0.055297
461,-0.125755,-0.161721,0.489842,0.009030,-0.026545,-0.050971
462,-0.112870,-0.148269,0.496111,0.002166,-0.020303,-0.046084
463,-0.100323,-0.135348,0.502767,-0.004397,-0.014254,-0.040823
464,-0.088078,-0.122698,0.508362,-0.010642,-0.008352,-0.035340
465,-0.075558,-0.111000,0.513628,-0.016613,-0.002681,-0.029787
466,-0.065048,-0.098877,0.519443,-0.022112,0.002855,-0.024265
467,-0.053789,-0.087612,0.523963,-0.027372,0.008181,-0.018951
468,-0.043561,-0.076700,0.528466,-0.032248,0.013308,-0.013882
469,-0.033661,-0.066251,0.532880,-0.036776,0.018207,-0.009165
470,-0.024324,-0.056400,0.536780,-0.040959,0.022901,-0.004841
471,-0.023835,-0.053294,0.521155,-0.045586,0.029258,-0.000954
472,-0.016625,-0.046896,0.519204,-0.049475,0.034121,0.002337
473,-0.008271,-0.038836,0.521343,-0.052837,0.038410,0.005102
474,-0.001468,-0.032095,0.521225,-0.055996,0.042720,0.007358
475,0.006511,-0.024756,0.523583,-0.058691,0.046532,0.009129
476,0.013566,-0.018286,0.524934,-0.061112,0.050199,0.010438
477,0.019858,-0.012515,0.525356,-0.063256,0.053753,0.011310
478,0.027982,-0.005859,0.529982,-0.064922,0.056630,0.011763
479,0.030778,-0.002807,0.524325,-0.066663,0.060277,0.011889
480,0.038603,0.003165,0.529771,-0.067719,0.062643,0.011640
481,0.041867,0.006193,0.526068,-0.068769,0.065617,0.011160
482,0.048292,0.010759,0.529881,-0.069310,0.067657,0.010410
483,0.052127,0.013708,0.528726,-0.069685,0.069900,0.009509
484,0.055126,0.015903,0.526611,-0.069836,0.072023,0.008458
485,0.060246,0.019190,0.529270,-0.069572,0.073465,0.007273
486,0.062572,0.020309,0.527254,-0.069254,0.075158,0.006041
487,0.066750,0.023046,0.529029,-0.068457,0.076178,0.004780
488,0.068800,0.023806,0.527031,-0.067571,0.077331,0.003555
489,0.072551,0.024752,0.528487,-0.066403,0.077902,0.002319
490,0.071945,0.025316,0.525096,-0.065036,0.078864,0.001184
491,0.075667,0.025781,0.527164,-0.063395,0.078928,0.000076
492,0.075346,0.025004,0.523266,-0.061672,0.079399,-0.000896
493,0.078379,0.025364,0.526009,-0.059581,0.078987,-0.001804
494,0.076541,0.023618,0.520707,-0.057521,0.079195,-0.002558
495,0.078308,0.022856,0.521833,-0.055145,0.078528,-0.003243
496,0.077860,0.021797,0.520177,-0.052582,0.077934,-0.003776
497,0.077681,0.019990,0.519086,-0.049937,0.077113,-0.004220
498,0.077909,0.018617,0.519054,-0.047046,0.075944,-0.004530
499,0.059450,0.025595,0.510750,-0.043456,0.076805,-0.004742
500,0.092373,0.003743,0.520652,-0.041479,0.071845,-0.004801
501,0.075653,0.012150,0.517504,-0.037678,0.071503,-0.004850
502,0.070499,0.007477,0.509599,-0.034583,0.070406,-0.004756
503,0.069841,0.005099,0.510395,-0.031117,0.068303,-0.004637
504,0.067583,0.005613,0.513919,-0.027239,0.065972,-0.004447
505,0.068149,-0.004208,0.506445,-0.024179,0.063808,-0.004147
506,0.059400,-0.006104,0.501843,-0.020484,0.062120,-0.003851
507,0.059711,-0.009501,0.503616,-0.016726,0.059195,-0.003564
508,0.054498,-0.014374,0.497966,-0.013143,0.057005,-0.003224
509,0.054523,-0.020609,0.497048,-0.009529,0.053894,-0.002874
510,0.050041,-0.025894,0.492354,-0.005944,0.051228,-0.002539
511,0.046253,-0.031477,0.488484,-0.002380,0.048339,-0.002214
512,0.041489,-0.036913,0.484167,0.001166,0.045429,-0.001913
513,0.037615,-0.042622,0.480552,0.004668,0.042265,-0.001632
514,0.034045,-0.048442,0.477601,0.008115,0.038910,-0.001378
515,0.029052,-0.053811,0.473588,0.011460,0.035680,-0.001186
516,0.052788,-0.050804,0.433942,0.015038,0.031519,-0.001013
517,-0.011070,-0.073283,0.499826,0.017832,0.029385,-0.000668
518,0.013572,-0.069973,0.461278,0.021098,0.025377,-0.000751
519,0.008066,-0.075049,0.456738,0.024108,0.021862,-0.000673
520,0.002257,-0.080225,0.453377,0.027028,0.018218,-0.000612
521,-0.003115,-0.085169,0.449663,0.029829,0.014509,-0.000588
522,-0.008630,-0.089704,0.445195,0.032487,0.010867,-0.000608
523,-0.015011,-0.094192,0.441549,0.035023,0.007211,-0.000643
524,-0.020610,-0.098220,0.437453,0.037473,0.003451,-0.000682
525,-0.027498,-0.102396,0.434665,0.039715,-0.000183,-0.000778
526,-0.033176,-0.106052,0.430238,0.041862,-0.003894,-0.000866
527,-0.039513,-0.109737,0.426811,0.043873,-0.007609,-0.000942
528,-0.045804,-0.113078,0.423343,0.045719,-0.011266,-0.001049
529,-0.052166,-0.116172,0.419979,0.047423,-0.014894,-0.001156
530,-0.058080,-0.118784,0.415895,0.048990,-0.018474,-0.001266
531,-0.065570,-0.121907,0.414504,0.050408,-0.022039,-0.001345
532,-0.071406,-0.123917,0.410560,0.051676,-0.025493,-0.001458
533,-0.078172,-0.126219,0.408335,0.052811,-0.028937,-0.001528
534,-0.084218,-0.127879,0.405137,0.053797,-0.032263,-0.001617
535,-0.090130,-0.129233,0.401812,0.054660,-0.035531,-0.001689
536,-0.122244,-0.139230,0.438812,0.055129,-0.038349,-0.001748
537,-0.100425,-0.129959,0.396074,0.055802,-0.041337,-0.002015
538,-0.106503,-0.130284,0.395529,0.056311,-0.044325,-0.002035
539,-0.115050,-0.133499,0.397108,0.056438,-0.047015,-0.002053
540,-0.118098,-0.131957,0.392879,0.056690,-0.049731,-0.002093
541,-0.123289,-0.131255,0.392815,0.056821,-0.052366,-0.002086
542,-0.128407,-0.131425,0.391695,0.056701,-0.054755,-0.002083
543,-0.132859,-0.129812,0.392284,0.056615,-0.057140,-0.002073
544,-0.137682,-0.130643,0.390139,0.056177,-0.059165,-0.002036
545,-0.147070,-0.134388,0.396077,0.055446,-0.061016,-0.001991
546,-0.145153,-0.128398,0.389353,0.055172,-0.063032,-0.001999
547,-0.148962,-0.127929,0.387900,0.054400,-0.064609,-0.001975
548,-0.151921,-0.126075,0.387820,0.053649,-0.066165,-0.001938
549,-0.155672,-0.126375,0.385065,0.052540,-0.067285,-0.001904
550,-0.158200,-0.124523,0.384643,0.051571,-0.068498,-0.001848
551,-0.197785,-0.131562,0.442086,0.050465,-0.069079,-0.001796
552,-0.160692,-0.119612,0.384365,0.049117,-0.069749,-0.002027
553,-0.161899,-0.117069,0.384177,0.047853,-0.070371,-0.001971
554,-0.162766,-0.114335,0.384049,0.046510,-0.070840,-0.001917
555,-0.163255,-0.111422,0.383985,0.045094,-0.071138,-0.001855
556,-0.163393,-0.108331,0.383977,0.043606,-0.071280,-0.001795
557,-0.163161,-0.105082,0.384028,0.042058,-0.071256,-0.001731
558,-0.162565,-0.101678,0.384134,0.040450,-0.071069,-0.001668
559,-0.161614,-0.098125,0.384293,0.038787,-0.070724,-0.001602
560,-0.160307,-0.094441,0.384503,0.037078,-0.070220,-0.001535
561,-0.158657,-0.090628,0.384760,0.035324,-0.069566,-0.001474
562,-0.156673,-0.086700,0.385061,0.033530,-0.068763,-0.001409
563,-0.154350,-0.082665,0.385406,0.031704,-0.067810,-0.001343
564,-0.151703,-0.078538,0.385790,0.029851,-0.066715,-0.001277
565,-0.148744,-0.074320,0.386211,0.027970,-0.065484,-0.001209
566,-0.145470,-0.070035,0.386667,0.026076,-0.064114,-0.001146
567,-0.141915,-0.065679,0.387152,0.024165,-0.062623,-0.001084
568,-0.138065,-0.061261,0.387666,0.022240,-0.061003,-0.001013
569,-0.133950,-0.056805,0.388205,0.020316,-0.059269,-0.000952
570,-0.129583,-0.052309,0.388765,0.018388,-0.057426,-0.000886
571,-0.145780,-0.067755,0.445291,0.015514,-0.056489,-0.000819
572,-0.119454,-0.042259,0.390132,0.014018,-0.053136,-0.001044
573,-0.126108,-0.049554,0.423658,0.011463,-0.051588,-0.000977
574,-0.112524,-0.036411,0.402718,0.009554,-0.048739,-0.001075
575,-0.110580,-0.035520,0.414444,0.007244,-0.046532,-0.001064
576,-0.104565,-0.030546,0.415548,0.005060,-0.044008,-0.001078
577,-0.098179,-0.025213,0.415998,0.002865,-0.041372,-0.001101
578,-0.091026,-0.019259,0.414193,0.000707,-0.038597,-0.001113
579,-0.086240,-0.016047,0.419916,-0.001522,-0.035955,-0.001082
580,-0.079974,-0.011321,0.421973,-0.003709,-0.033165,-0.001069
581,-0.063989,0.004174,0.396650,-0.005357,-0.029757,-0.001057
582,-0.075557,-0.011346,0.449126,-0.008284,-0.027988,-0.000903
583,-0.060488,0.002991,0.427673,-0.010153,-0.024499,-0.000992
584,-0.053690,0.008006,0.430203,-0.012323,-0.021535,-0.000986
585,-0.035524,0.025318,0.399558,-0.013876,-0.017848,-0.000971
586,-0.047511,0.012770,0.448235,-0.016514,-0.015694,-0.000785
587,-0.035826,0.021688,0.438120,-0.018534,-0.012348,-0.000822
588,-0.028094,0.024926,0.443114,-0.020725,-0.009468,-0.000814
589,-0.021251,0.029760,0.444282,-0.022850,-0.006318,-0.000801
590,-0.007108,0.042652,0.426560,-0.024556,-0.002826,-0.000810
591,-0.024551,0.015113,0.508889,-0.028062,-0.001843,-0.000697
592,0.017024,0.062762,0.404267,-0.028672,0.003920,-0.001011
593,0.024138,0.067376,0.404745,-0.030342,0.006825,-0.000769
594,0.031132,0.071821,0.405179,-0.031924,0.009674,-0.000519
595,0.038006,0.076099,0.405571,-0.033422,0.012465,-0.000257
596,0.044744,0.080208,0.405918,-0.034834,0.015194,0.000008
597,0.051304,0.084142,0.406216,-0.036161,0.017839,0.000263
598,0.057721,0.087896,0.406471,-0.037399,0.020418,0.000513
599,0.063956,0.091481,0.406678,-0.038556,0.022912,0.000747
600,0.070011,0.094893,0.406838,-0.039631,0.025324,0.000967
601,0.075882,0.098127,0.406953,-0.040623,0.027651,0.001175
602,0.081539,0.101187,0.407018,-0.041533,0.029880,0.001357
603,0.087000,0.104078,0.407038,-0.042366,0.032020,0.001519
604,0.092256,0.106804,0.407012,-0.043124,0.034066,0.001667
605,0.097282,0.109364,0.406940,-0.043809,0.036009,0.001783
606,1.706347,0.983034,2.393073,0.067024,-0.230276,0.001878
607,0.123971,0.352975,0.692277,0.000042,-0.015942,0.019059
608,0.023731,0.066124,0.395053,-0.020656,0.005692,0.022933
609,0.016223,0.060369,0.393728,-0.017642,0.002531,0.022930
610,0.009342,0.055341,0.392517,-0.015023,-0.000384,0.022202
611,0.002581,0.050417,0.391347,-0.012484,-0.003252,0.021082
612,-0.004082,0.045609,0.390215,-0.010032,-0.006081,0.019633
613,-0.382762,0.298155,0.616403,0.017146,0.013656,0.017933
614,-0.169290,0.114394,0.470552,0.010005,0.006171,0.018188
615,-0.001914,0.015836,0.389653,0.007205,-0.003535,0.016789
616,-0.407574,-0.120435,0.492624,-0.000360,0.028649,0.014649
617,0.006076,0.007704,0.390773,0.011354,0.000186,0.010104
618,0.005521,0.002322,0.390364,0.013913,-0.000084,0.007830
619,0.004974,-0.002790,0.389967,0.016299,-0.000361,0.005657
620,0.004420,-0.007641,0.389579,0.018519,-0.000651,0.003611
621,-0.079247,-0.223927,0.479677,0.003386,0.002623,0.001722
622,0.006118,-0.007619,0.389833,0.017368,-0.000385,-0.002564
623,0.005950,-0.010166,0.389542,0.018394,-0.000560,-0.004074
624,0.005777,-0.012458,0.389416,0.019284,-0.000750,-0.005317
625,0.006456,-0.018292,0.393987,0.019774,-0.001270,-0.006304
626,0.005304,-0.015746,0.389753,0.020375,-0.001240,-0.007144
627,0.208792,-0.037373,0.522030,0.021734,-0.028393,-0.007669
628,-0.005464,-0.017398,0.386969,0.019904,-0.006248,-0.007374
629,-0.007422,-0.017928,0.389114,0.020050,-0.007056,-0.007460
630,-0.008486,-0.018849,0.386236,0.019931,-0.007725,-0.007364
631,-0.009817,-0.019255,0.385897,0.019781,-0.008382,-0.007142
632,-0.011087,-0.019433,0.385572,0.019516,-0.009011,-0.006798
633,0.063267,0.002768,0.436891,0.022122,-0.019828,-0.006358
634,-0.012772,-0.018951,0.387129,0.019187,-0.012057,-0.005329
635,-0.015302,-0.018958,0.386268,0.018670,-0.012806,-0.004711
636,0.023712,0.046422,0.434045,0.024636,-0.020459,-0.004061
637,0.014529,0.034738,0.426214,0.024343,-0.020805,-0.002597
638,-0.026827,-0.023213,0.382604,0.019426,-0.015971,-0.001188
639,-0.026744,-0.020484,0.384223,0.019191,-0.017013,-0.000630
640,-0.030127,-0.022651,0.381978,0.018413,-0.017464,-0.000105
641,-0.031553,-0.022062,0.381700,0.017761,-0.018115,0.000317
642,-0.000197,0.135668,0.481308,0.032334,-0.027803,0.000670
643,-0.036054,-0.028108,0.380762,0.020611,-0.019715,0.003238
644,-0.037270,-0.028071,0.380511,0.020217,-0.020255,0.003409
645,-0.038358,-0.027829,0.380280,0.019727,-0.020743,0.003464
646,-0.039299,-0.027410,0.380070,0.019155,-0.021168,0.003432
647,-0.021618,0.312705,0.705217,0.053348,-0.042386,0.003301
648,-0.043645,-0.043783,0.379004,0.027783,-0.022056,0.008239
649,-0.065242,-0.003391,0.415192,0.032296,-0.022469,0.007905
650,-1.369666,-0.084925,2.733629,0.062445,-0.033480,0.007941
651,-0.034705,-0.474146,0.604524,-0.000376,-0.026008,0.031960
652,-0.035288,-0.034263,0.384268,0.021574,-0.015185,0.026091
653,-0.033306,-0.032710,0.384607,0.020453,-0.014374,0.024899
654,-0.410580,-0.248217,0.615578,0.004573,0.007154,0.023294
655,-0.087467,-0.033063,0.488280,0.019731,-0.010789,0.037572
656,-0.061593,-0.030956,0.455542,0.018089,-0.009561,0.035908
657,-0.055861,-0.029214,0.455589,0.016802,-0.008504,0.033577
658,-0.049795,-0.026805,0.454258,0.015487,-0.007454,0.030919
659,-0.032652,-0.032529,0.426050,0.013018,-0.005879,0.028037
660,-0.050558,-0.021847,0.479885,0.012667,-0.006067,0.025239
661,-0.009542,-0.017788,0.389806,0.010020,-0.003320,0.022464
662,-0.006796,-0.015343,0.390254,0.008552,-0.002285,0.018645
663,0.003762,-0.064637,0.586532,0.005785,-0.012258,0.014895
664,0.000612,-0.009811,0.391430,0.005074,0.000594,0.014849
665,0.003247,-0.007159,0.391849,0.003547,0.001572,0.011294
666,0.077214,0.093244,0.330806,0.009676,-0.001239,0.007927
667,0.008096,0.004570,0.399120,0.002146,0.003102,0.010215
668,0.009877,-0.001678,0.392806,0.000565,0.004166,0.007318
669,0.034282,-0.100529,0.739547,-0.003861,-0.015109,0.004441
670,0.021937,0.031631,0.418875,-0.000650,0.004647,0.015237
671,0.017637,0.005704,0.393876,-0.003961,0.007235,0.013282
672,0.019960,0.015362,0.400976,-0.004390,0.007375,0.010941
673,0.020902,0.009613,0.394323,-0.006114,0.008388,0.008757
674,0.022604,0.016046,0.398536,-0.006740,0.008631,0.006576
675,0.023686,0.013209,0.394664,-0.008075,0.009341,0.004602
676,0.023365,-0.094401,0.744918,-0.012958,-0.008310,0.002713
677,0.029284,0.020791,0.402362,-0.010939,0.010711,0.005782
678,0.025133,-0.007710,0.488464,-0.013087,0.007141,0.004428
679,0.031689,0.022288,0.395756,-0.013464,0.012238,0.004264
680,0.020304,-0.026340,0.489076,-0.017309,0.008989,0.002995
681,0.134397,-0.014989,0.517729,-0.017539,-0.002255,0.002671
682,0.023276,0.026405,0.417821,-0.017362,0.012415,0.007493
683,0.024570,0.018396,0.439492,-0.018696,0.011655,0.007177
684,0.026079,0.005458,0.439119,-0.020896,0.012105,0.007090
685,0.031426,0.029882,0.445219,-0.020057,0.011678,0.006686
686,0.032013,0.016663,0.442654,-0.021932,0.012163,0.006599
687,0.030960,0.011012,0.445408,-0.023439,0.012516,0.006307
688,0.039645,0.039871,0.396499,-0.022829,0.014598,0.005815
689,0.264254,-0.121499,0.538823,-0.034526,-0.012732,0.004919
690,0.024049,0.017902,0.430520,-0.027342,0.012653,0.014795
691,0.032273,0.033731,0.451812,-0.026674,0.010782,0.014826
692,0.119638,-0.038963,0.508109,-0.032446,0.000014,0.014450
693,0.037075,0.048605,0.395579,-0.028565,0.012415,0.017238
694,0.019705,0.017260,0.441009,-0.031204,0.011402,0.015964
695,0.031082,0.025361,0.454210,-0.031239,0.009618,0.015281
696,0.036942,0.053217,0.395459,-0.030533,0.012052,0.014097
697,0.023935,0.005853,0.494293,-0.033419,0.007790,0.012450
698,0.036985,0.055838,0.395393,-0.031614,0.011865,0.011533
699,0.056286,0.004609,0.543561,-0.033840,0.001838,0.009825
700,0.025325,0.038928,0.422498,-0.033801,0.010656,0.010203
701,0.035475,0.059140,0.395076,-0.032875,0.010950,0.009064
702,0.034701,0.059432,0.395304,-0.032826,0.010586,0.007466
703,0.013596,-0.007872,0.531830,-0.036324,0.005055,0.005951
704,0.032834,0.028842,0.446100,-0.035293,0.008169,0.005786
705,0.110572,-0.027317,0.514080,-0.038996,-0.003236,0.004630
706,0.030604,0.062078,0.394247,-0.034136,0.008340,0.004619
707,-0.002305,0.002424,0.457505,-0.038088,0.007780,0.003438
708,0.038144,0.055927,0.400246,-0.035061,0.007290,0.004144
709,0.091554,-0.036430,0.504034,-0.041164,-0.003494,0.003041
710,0.028512,0.065042,0.393658,-0.035274,0.007092,0.005631
711,0.027373,0.064891,0.393422,-0.034886,0.006594,0.004784
712,0.025505,0.034783,0.405177,-0.036770,0.005597,0.003959
713,0.355200,-0.316819,0.600194,-0.063015,-0.033819,0.002853
714,0.023645,0.066123,0.392241,-0.037336,0.003954,0.014210
715,0.016781,0.041994,0.463422,-0.038049,0.000011,0.013553
716,0.022163,0.038333,0.403708,-0.039097,0.002179,0.012975
717,0.098492,-0.053019,0.557692,-0.044476,-0.013653,0.011679
718,0.017507,0.067870,0.391303,-0.037860,0.000994,0.012554
719,0.008650,0.043163,0.445073,-0.038695,-0.001765,0.011346
720,0.009682,0.045057,0.435082,-0.038395,-0.001832,0.010426
721,0.020397,0.022164,0.449229,-0.039778,-0.004065,0.009373
722,0.043300,0.020620,0.470436,-0.039687,-0.008036,0.008156
723,0.015765,0.051082,0.465131,-0.037481,-0.006693,0.007781
724,0.008754,0.067835,0.390085,-0.036445,-0.002811,0.007044
725,0.019156,-0.015764,0.492557,-0.041125,-0.009664,0.005745
726,0.006640,0.067808,0.389784,-0.036091,-0.003765,0.004970
727,-0.004544,0.035761,0.457994,-0.036896,-0.006826,0.003808
728,-0.004148,0.046197,0.423173,-0.035967,-0.005137,0.003260
729,0.179506,-0.181956,0.491621,-0.052921,-0.025403,0.002787
730,-0.014951,0.026376,0.457865,-0.037835,-0.008736,0.005568
731,-0.000030,0.065544,0.389021,-0.035157,-0.006898,0.004616
732,-0.024805,-0.034185,0.473638,-0.041369,-0.009595,0.003849
733,-0.009197,0.017605,0.451357,-0.037575,-0.010294,0.005247
734,-0.039512,-0.034980,0.413186,-0.042384,-0.005957,0.004152
735,-0.003189,0.005817,0.436716,-0.038393,-0.010883,0.003989
736,-0.056772,-0.049121,0.435972,-0.042950,-0.006594,0.003217
737,-0.011483,-0.022819,0.440360,-0.040555,-0.010996,0.001595
738,-0.003714,-0.036632,0.436463,-0.041535,-0.011928,0.002642
739,-0.039992,-0.054645,0.436202,-0.043244,-0.009138,0.004005
740,-0.024711,-0.033831,0.439173,-0.041655,-0.010927,0.002963
741,-0.021021,-0.028887,0.439256,-0.041319,-0.011549,0.002667
742,-0.026547,-0.028794,0.441186,-0.041381,-0.011468,0.003050
743,-0.037154,-0.030424,0.435990,-0.041747,-0.010509,0.003023
744,-0.039079,-0.045319,0.426281,-0.043267,-0.009846,0.002776
745,-0.021613,-0.016266,0.450992,-0.040600,-0.012869,0.002071
746,-0.027880,-0.028054,0.433291,-0.041990,-0.011504,0.001284
747,-0.042907,-0.046380,0.420773,-0.043880,-0.009369,0.001749
748,-0.001452,0.001787,0.455492,-0.039521,-0.015050,0.001795
749,-0.038123,-0.014129,0.440927,-0.041251,-0.011206,0.002100
750,-0.048290,-0.026924,0.414096,-0.042796,-0.008511,0.001436
751,-0.021383,-0.031137,0.442695,-0.042777,-0.012160,0.000513
752,-0.019332,-0.032156,0.439601,-0.043125,-0.012074,0.000944
753,-0.019624,-0.032875,0.446409,-0.043308,-0.012383,0.001638
754,-0.015178,0.003678,0.453255,-0.040335,-0.013212,0.002016
755,-0.033773,-0.015584,0.418578,-0.042624,-0.009451,0.001896
756,-0.009134,0.065606,0.390280,-0.036334,-0.009748,0.002488
757,0.012099,0.015939,0.533453,-0.037423,-0.019288,0.002409
758,-0.010262,0.066130,0.390028,-0.035938,-0.009807,0.002101
759,-0.039461,0.019160,0.490642,-0.037543,-0.012224,0.001965
760,-0.008925,0.065922,0.390196,-0.035128,-0.009035,0.001470
761,-0.023287,-0.036678,0.466549,-0.041634,-0.011323,0.001326
762,-0.019478,-0.025165,0.436466,-0.041357,-0.009626,0.001990
763,-0.028723,-0.065891,0.423795,-0.044981,-0.007607,0.002290
764,0.006768,-0.015123,0.456062,-0.040338,-0.012208,0.002537
765,-0.005903,0.065015,0.391146,-0.034764,-0.007505,0.003543
766,0.021354,-0.011447,0.528981,-0.038019,-0.017148,0.003458
767,-0.039575,-0.012635,0.410115,-0.040499,-0.005165,0.004640
768,-0.031096,-0.052192,0.425864,-0.043337,-0.005884,0.005298
769,-0.018822,-0.051665,0.438399,-0.043265,-0.007136,0.004944
770,-0.014316,-0.026554,0.438530,-0.041357,-0.007129,0.004325
771,0.302398,-0.320366,0.487555,-0.064856,-0.037098,0.003648
772,-0.058521,-0.013797,0.419940,-0.043204,-0.003431,0.006338
773,-0.025466,-0.018157,0.455427,-0.043146,-0.007501,0.005213
774,-0.021807,-0.016247,0.411156,-0.044214,-0.005102,0.004192
775,-0.009891,0.004700,0.464297,-0.041969,-0.008999,0.002857
776,-0.030652,-0.014979,0.427892,-0.044449,-0.004968,0.001509
777,-0.014535,-0.005333,0.462263,-0.043342,-0.007833,0.000929
778,-0.006271,0.017968,0.426649,-0.042330,-0.006420,0.000612
779,0.045319,-0.010614,0.457086,-0.044287,-0.012428,0.000045
780,-0.024898,-0.004124,0.437731,-0.044548,-0.005204,0.003265
781,0.047971,-0.007328,0.467138,-0.044417,-0.012942,0.002760
782,-0.003348,0.037912,0.450437,-0.041378,-0.007714,0.003701
783,-0.001699,0.056800,0.396788,-0.040577,-0.004658,0.003882
784,0.096864,-0.089472,0.485336,-0.050957,-0.017611,0.003485
785,0.085902,-0.075199,0.447910,-0.051003,-0.014821,0.004886
786,-0.006567,0.057386,0.426153,-0.041212,-0.005860,0.005756
787,0.006829,0.032671,0.451916,-0.042510,-0.008033,0.005976
788,-0.008096,0.042317,0.449483,-0.041854,-0.006509,0.005824
789,0.004461,0.037282,0.446486,-0.042003,-0.007194,0.004970
790,-0.008783,0.048394,0.440644,-0.041036,-0.005511,0.004524
791,0.027958,0.014654,0.453258,-0.043142,-0.009114,0.003675
792,0.002138,0.042910,0.450811,-0.040768,-0.006623,0.003724
793,0.006062,0.003928,0.425856,-0.043963,-0.005308,0.003377
794,0.214552,-0.244286,0.451320,-0.063718,-0.024475,0.004266
795,-0.015482,0.004360,0.455951,-0.044827,-0.005916,0.005007
796,-0.013476,-0.008507,0.421880,-0.046432,-0.003985,0.004778
797,-0.011708,0.006163,0.447895,-0.044850,-0.005420,0.005559
798,-0.019405,-0.014318,0.428798,-0.046964,-0.003585,0.004198
799,0.014794,0.047738,0.466583,-0.041137,-0.008660,0.003909
800,-0.028244,-0.008494,0.419662,-0.046480,-0.002221,0.003180
801,0.075227,-0.046178,0.461091,-0.048720,-0.013348,0.002731
802,-0.010808,0.022596,0.441711,-0.043722,-0.005163,0.004798
803,-0.023375,-0.004510,0.422146,-0.046178,-0.002631,0.005010
804,0.076814,-0.038150,0.453987,-0.048337,-0.012944,0.004538
805,-0.030699,0.003597,0.430297,-0.045664,-0.002544,0.005993
806,-0.014079,0.005335,0.440336,-0.045255,-0.004246,0.004982
807,-0.009720,-0.011350,0.444816,-0.046462,-0.004762,0.003890
808,0.095422,-0.093696,0.459375,-0.052953,-0.014774,0.003097
809,-0.002491,0.048316,0.457214,-0.041899,-0.006837,0.005603
810,-0.010972,0.025967,0.436883,-0.043728,-0.004797,0.005134
811,-0.001671,0.019536,0.441291,-0.043955,-0.005648,0.005061
812,-0.024014,-0.011296,0.426979,-0.046633,-0.002691,0.004975
813,0.002028,0.014688,0.453404,-0.043893,-0.006280,0.004258
814,0.135296,-0.130847,0.454156,-0.055699,-0.017947,0.003776
815,-0.035506,-0.029310,0.425698,-0.048650,-0.002021,0.005671
816,0.003652,0.008421,0.451064,-0.045297,-0.006703,0.005035
817,-0.028588,-0.016147,0.429929,-0.047733,-0.002676,0.004720
818,-0.002279,0.013912,0.453443,-0.044820,-0.006168,0.003676
819,-0.023977,-0.014398,0.428287,-0.047534,-0.002778,0.002985
820,0.002127,0.015398,0.451861,-0.044581,-0.006261,0.002460
821,-0.004650,0.017039,0.445450,-0.044427,-0.005308,0.002412
822,0.035394,-0.034900,0.436518,-0.048710,-0.008104,0.002288
823,0.119281,-0.116958,0.458119,-0.055325,-0.016726,0.004841
824,0.000554,0.040705,0.462558,-0.042976,-0.007419,0.005359
825,0.003820,0.075039,0.391349,-0.040963,-0.003895,0.005372
826,-0.038147,-0.006007,0.471008,-0.045848,-0.004209,0.004933
827,0.033555,0.023746,0.457975,-0.043557,-0.009628,0.003652
828,-0.005669,0.043093,0.433212,-0.042179,-0.004988,0.003680
829,0.033063,-0.012878,0.455372,-0.045981,-0.009371,0.002911
830,0.034261,-0.001420,0.444459,-0.045175,-0.008941,0.002841
831,0.111761,-0.091918,0.449227,-0.052443,-0.016065,0.002843
832,0.003323,0.074255,0.391014,-0.040118,-0.004238,0.004396
833,-0.003944,0.018418,0.497006,-0.042357,-0.009246,0.003995
834,-0.012192,0.010499,0.426586,-0.043921,-0.004582,0.003922
835,-0.004878,-0.021601,0.427341,-0.046278,-0.005038,0.004265
836,0.005389,-0.029363,0.445009,-0.046499,-0.006877,0.004197
837,-0.021182,-0.029531,0.438579,-0.046666,-0.004255,0.004492
838,0.003344,0.003032,0.448113,-0.043694,-0.007020,0.003787
839,-0.003795,-0.020240,0.435907,-0.045651,-0.005744,0.003214
840,-0.014676,-0.022575,0.441628,-0.045594,-0.004956,0.003358
841,0.029937,-0.016735,0.456814,-0.044830,-0.009769,0.003118
842,0.149174,-0.158745,0.440376,-0.056850,-0.019301,0.003684
843,-0.008292,0.039316,0.450654,-0.041403,-0.007060,0.004238
844,-0.024331,-0.014145,0.430811,-0.045918,-0.004427,0.004191
845,-0.021820,-0.015588,0.438848,-0.045952,-0.005024,0.003477
846,-0.017646,-0.025340,0.436625,-0.046829,-0.005232,0.002405
847,-0.016527,0.003158,0.434554,-0.044575,-0.005165,0.002323
848,-0.014223,0.005508,0.441700,-0.044219,-0.005698,0.002029
849,0.017672,0.018756,0.468002,-0.042533,-0.010125,0.001906
850,-0.035174,-0.011342,0.423388,-0.045776,-0.003097,0.002374
851,0.035124,0.025160,0.472194,-0.041692,-0.011829,0.001901
852,0.040043,-0.014597,0.438480,-0.045348,-0.010545,0.002268
853,-0.004236,0.059662,0.427787,-0.039421,-0.006183,0.002764
854,-0.022844,-0.025930,0.433951,-0.045801,-0.004472,0.003096
855,-0.002643,0.019130,0.447327,-0.041898,-0.006939,0.002570
856,-0.006436,0.056827,0.429284,-0.038795,-0.005483,0.002191
857,0.318178,-0.393863,0.473928,-0.074565,-0.035779,0.002628
858,0.005456,0.010216,0.448431,-0.044205,-0.009468,0.002970
859,-0.000190,0.071512,0.390979,-0.040173,-0.006197,0.003798
860,0.049461,-0.064003,0.499650,-0.049127,-0.016298,0.003582
861,-0.043426,0.001005,0.429068,-0.046057,-0.004608,0.004320
862,-0.007886,0.025010,0.446970,-0.043576,-0.008538,0.003698
863,-0.024650,0.004826,0.428066,-0.045554,-0.006051,0.003043
864,-0.009308,0.023272,0.449722,-0.043602,-0.008591,0.002603
865,-0.018359,0.013812,0.443394,-0.044365,-0.007528,0.002048
866,-0.027447,-0.005989,0.428855,-0.046151,-0.005822,0.001042
867,-0.012513,-0.003727,0.440404,-0.045679,-0.007607,0.000219
868,-0.006153,0.013810,0.449965,-0.043975,-0.008746,-0.000268
869,-0.017414,-0.007285,0.430602,-0.045882,-0.006601,-0.000738
870,-0.010289,-0.009028,0.442011,-0.045726,-0.007681,-0.000896
871,-0.010490,-0.012566,0.441478,-0.045880,-0.007538,-0.000862
872,0.007021,0.008685,0.453762,-0.043807,-0.009824,-0.000998
873,-0.009356,0.008276,0.440749,-0.043993,-0.007705,-0.001010
874,-0.019972,-0.008711,0.430294,-0.045499,-0.005991,-0.000599
875,0.000944,0.004286,0.451684,-0.043725,-0.008834,-0.000175
876,0.039474,-0.071997,0.436971,-0.050083,-0.011277,0.000562
877,0.010853,-0.046716,0.437535,-0.048260,-0.008865,0.001316
878,-0.010911,0.002471,0.459506,-0.044111,-0.008255,0.002422
879,0.039547,-0.031291,0.439208,-0.047090,-0.011472,0.001906
880,-0.032063,-0.012868,0.429007,-0.045990,-0.004659,0.002618
881,0.068530,-0.052888,0.455166,-0.048770,-0.014677,0.002217
882,-0.031035,-0.007695,0.422194,-0.046022,-0.004384,0.002566
883,-0.020017,0.006671,0.439556,-0.044640,-0.005981,0.001987
884,-0.016601,-0.011515,0.442821,-0.045948,-0.006232,0.001388
885,-0.010072,-0.008989,0.447211,-0.045685,-0.006926,0.000795
886,-0.001170,0.026088,0.448085,-0.042659,-0.007725,0.000529
887,0.095383,-0.088436,0.449686,-0.051886,-0.016141,0.000420
888,0.021204,-0.056176,0.435389,-0.049952,-0.009225,0.002821
889,-0.005559,0.035053,0.467909,-0.042393,-0.008872,0.002911
890,-0.008063,0.051778,0.442096,-0.041195,-0.007198,0.001989
891,0.024339,-0.003706,0.437503,-0.045495,-0.009539,0.001847
892,-0.007654,0.013311,0.439475,-0.043948,-0.006765,0.002542
893,0.037748,-0.063582,0.430449,-0.050453,-0.009936,0.003221
894,-0.024970,-0.006824,0.433590,-0.046116,-0.004664,0.002783
895,-0.006610,-0.007264,0.447493,-0.045815,-0.006793,0.002370
896,-0.006808,-0.019741,0.441279,-0.046895,-0.006355,0.002044
897,-0.002834,0.016616,0.453141,-0.043725,-0.007365,0.001732
898,0.082177,-0.050098,0.455657,-0.048949,-0.014938,0.001180
899,-0.029019,-0.036026,0.421038,-0.048634,-0.003468,0.003215
900,0.003054,0.049972,0.465563,-0.041070,-0.008637,0.002977
901,0.046872,-0.029170,0.442851,-0.047634,-0.011120,0.002579
902,-0.011390,-0.027251,0.423145,-0.048026,-0.004931,0.002825
903,0.035837,0.019164,0.464222,-0.043545,-0.011308,0.003223
904,0.027852,0.009193,0.446115,-0.044451,-0.009750,0.003531
905,0.029271,-0.002840,0.444604,-0.045384,-0.009757,0.003198
906,0.029528,0.003529,0.444657,-0.044909,-0.009833,0.002828
907,0.030128,0.002613,0.444881,-0.044870,-0.009944,0.002668
908,-0.007995,0.027917,0.435725,-0.042820,-0.006183,0.002576
909,-0.002730,0.017671,0.441226,-0.043188,-0.006794,0.002888
910,0.009146,-0.035003,0.432981,-0.047497,-0.007217,0.003166
911,-0.011544,0.023857,0.441980,-0.042512,-0.005940,0.003697
912,0.011469,-0.039370,0.441854,-0.047469,-0.007754,0.003137
913,0.091503,-0.086717,0.458992,-0.051111,-0.015810,0.003472
914,-0.028824,-0.009462,0.429406,-0.045618,-0.004110,0.005057
915,-0.020003,-0.012200,0.436720,-0.045692,-0.005014,0.005310
916,-0.012108,0.004569,0.445593,-0.044184,-0.006192,0.004184
917,-0.022451,-0.007980,0.433638,-0.045374,-0.004507,0.003176
918,-0.001990,0.026445,0.447470,-0.042113,-0.006954,0.002387
919,-0.015764,-0.014341,0.436418,-0.045486,-0.004981,0.002025
920,0.052650,-0.002958,0.468237,-0.043855,-0.012690,0.002081
921,0.022814,0.016180,0.444691,-0.042657,-0.009072,0.002952
922,0.004308,0.041313,0.444879,-0.040367,-0.007459,0.002941
923,-0.028266,-0.013564,0.415403,-0.045070,-0.002690,0.002768
924,0.033001,0.021988,0.466267,-0.040983,-0.010660,0.002438
925,0.023087,0.021495,0.448470,-0.041069,-0.008941,0.002762
926,0.052255,-0.024278,0.437121,-0.044613,-0.010854,0.002610
927,0.021064,-0.005390,0.452696,-0.042551,-0.009100,0.002927
928,0.104830,-0.114158,0.441543,-0.051811,-0.015773,0.002565
929,-0.013571,0.027423,0.435877,-0.040890,-0.005701,0.003155
930,-0.010183,0.022526,0.442404,-0.040892,-0.006238,0.003264
931,-0.001105,0.032451,0.451453,-0.039646,-0.007608,0.002804
932,0.000021,0.012847,0.436299,-0.041078,-0.006888,0.002135
933,0.041631,-0.039256,0.446136,-0.044792,-0.010950,0.002346
934,-0.008574,0.033670,0.445456,-0.038859,-0.006795,0.002810
935,0.117564,-0.133385,0.445386,-0.052393,-0.017611,0.002279
936,-0.018149,0.025065,0.437525,-0.040224,-0.006038,0.003110
937,-0.004180,0.032208,0.438484,-0.039301,-0.007203,0.003015
938,-0.000736,0.043647,0.454433,-0.037782,-0.008485,0.003098
939,-0.007545,0.044960,0.435354,-0.037624,-0.006931,0.002528
940,-0.012778,0.041850,0.438774,-0.037314,-0.006589,0.002069
941,0.124105,-0.143535,0.456494,-0.051852,-0.019235,0.001458
942,-0.034068,-0.010730,0.422075,-0.042253,-0.004153,0.002573
943,-0.002720,0.012927,0.452114,-0.039572,-0.008453,0.002184
944,0.037905,0.005560,0.447129,-0.040037,-0.011881,0.001972
945,-0.009973,0.051028,0.423404,-0.036558,-0.006690,0.002631
946,0.060957,-0.024076,0.463653,-0.041417,-0.014933,0.002992
947,0.049940,-0.039066,0.450016,-0.043021,-0.013687,0.002727
948,-0.026065,0.006216,0.427835,-0.039877,-0.006093,0.002619
949,-0.014092,-0.002876,0.439224,-0.040134,-0.007612,0.002503
950,-0.016540,-0.005357,0.434607,-0.040275,-0.007137,0.002313
951,-0.006970,0.056829,0.410060,-0.035320,-0.006567,0.002261
952,0.183549,-0.179196,0.495007,-0.052572,-0.027771,0.002404
953,-0.029572,-0.031357,0.429115,-0.042728,-0.006702,0.004818
954,-0.007090,0.014676,0.449389,-0.038878,-0.009751,0.005737
955,-0.002840,0.065405,0.390273,-0.035512,-0.007083,0.005389
956,-0.024862,-0.032639,0.478574,-0.041589,-0.009738,0.005088
957,-0.029155,-0.064906,0.422648,-0.045436,-0.006144,0.005164
958,-0.011296,0.004587,0.470556,-0.039091,-0.010431,0.004939
959,0.000393,-0.016193,0.448369,-0.041146,-0.010576,0.004640
960,-0.022639,-0.003105,0.419678,-0.040716,-0.007099,0.003182
961,-0.003376,0.065409,0.390240,-0.035300,-0.006998,0.004423
962,-0.041021,-0.076957,0.462510,-0.045412,-0.007084,0.003982
963,0.066502,-0.035074,0.471554,-0.042216,-0.017047,0.004099
964,-0.011824,0.051738,0.415341,-0.036190,-0.007607,0.006417
965,0.173115,-0.230418,0.477862,-0.057902,-0.026901,0.006464
966,-0.022382,-0.005409,0.451310,-0.041452,-0.009584,0.008966
967,-0.004458,0.065747,0.389679,-0.036685,-0.007760,0.009777
968,-0.012504,-0.028271,0.505204,-0.042259,-0.013206,0.009133
969,-0.034394,0.006150,0.432858,-0.041200,-0.007398,0.009143
970,-0.035772,-0.051516,0.422109,-0.046170,-0.006368,0.008615
971,-0.038415,-0.039542,0.423519,-0.045544,-0.005976,0.007466
972,-0.028872,-0.011491,0.443939,-0.043240,-0.007742,0.005803
973,0.002823,-0.007414,0.465549,-0.042495,-0.011886,0.004083
974,-0.022260,0.028219,0.441998,-0.040238,-0.008543,0.002218
975,-0.028985,-0.002391,0.410706,-0.043142,-0.005677,0.001160
976,0.042409,0.004238,0.473374,-0.041402,-0.015243,0.000772
977,-0.029685,0.004030,0.431398,-0.042432,-0.006761,0.000989
978,-0.012734,-0.020539,0.429764,-0.044396,-0.007588,0.000711
979,0.105495,-0.061335,0.448919,-0.047483,-0.018810,0.000670
980,0.000460,-0.047380,0.440209,-0.047041,-0.009600,0.006436
981,-0.060751,-0.057952,0.426308,-0.048620,-0.003158,0.006148
982,-0.010777,-0.018973,0.451314,-0.045269,-0.008516,0.004791
983,-0.022534,-0.020430,0.441913,-0.045838,-0.006900,0.003865
984,-0.014063,-0.012963,0.438360,-0.045487,-0.007241,0.002642
985,0.008733,0.035401,0.465895,-0.041225,-0.010746,0.002052
986,-0.033985,-0.011787,0.419414,-0.045893,-0.004227,0.001247
987,-0.004258,0.007988,0.449518,-0.043786,-0.008063,0.000555
988,0.117483,-0.050466,0.459196,-0.048351,-0.019177,0.000071
989,-0.046140,-0.015423,0.424159,-0.046669,-0.003152,0.006238
990,-0.007152,-0.011029,0.439287,-0.046077,-0.006795,0.005786
991,0.000510,-0.007640,0.443072,-0.045949,-0.007435,0.005814
992,0.014151,0.040024,0.464915,-0.041720,-0.009887,0.005930
993,-0.014187,0.025529,0.435202,-0.043266,-0.005677,0.005482
994,0.009935,0.044137,0.446665,-0.041278,-0.008171,0.005065
995,-0.015651,0.022656,0.438181,-0.043047,-0.005208,0.004561
996,-0.013110,-0.011380,0.427799,-0.045805,-0.004277,0.004233
997,0.165843,-0.097068,0.469446,-0.051998,-0.021899,0.004158
998,-0.030393,-0.000709,0.433932,-0.045349,-0.003494,0.006966
999,-0.005674,0.021874,0.447975,-0.043269,-0.006146,0.005636
1000,0.177971,-0.179556,0.452029,-0.059646,-0.022159,0.004668
1001,-0.040958,0.016777,0.427421,-0.045183,-0.002499,0.006815
1002,-0.010481,0.028212,0.473438,-0.043386,-0.007268,0.005360
1003,0.013834,0.052883,0.441133,-0.041684,-0.007695,0.004093
1004,-0.007900,0.025728,0.430902,-0.043904,-0.005224,0.003209
1005,-0.010403,0.004841,0.448642,-0.045126,-0.005765,0.003152
1006,-0.000519,0.027223,0.437933,-0.043305,-0.005948,0.002364
1007,0.022493,0.022992,0.451097,-0.043083,-0.008690,0.002739
1008,0.053818,-0.031735,0.445598,-0.047634,-0.011034,0.003303
1009,0.073495,-0.073969,0.445116,-0.051193,-0.012707,0.006213
1010,0.048218,-0.046525,0.442238,-0.049333,-0.010696,0.005357
1011,-0.003806,0.046391,0.446306,-0.041774,-0.006674,0.005175
1012,0.000429,0.039416,0.452607,-0.042035,-0.007378,0.004535
1013,-0.004672,0.059057,0.430370,-0.040481,-0.005594,0.004463
1014,-0.025450,-0.021411,0.425599,-0.046626,-0.003042,0.004576
1015,0.080102,-0.041673,0.470152,-0.047488,-0.014648,0.003858
1016,-0.008169,0.042939,0.433758,-0.041360,-0.005495,0.004496
1017,-0.011126,0.009207,0.437505,-0.043607,-0.005229,0.003694
1018,-0.022557,-0.021132,0.429159,-0.046059,-0.003500,0.004073
1019,0.047574,-0.001231,0.469813,-0.043619,-0.011810,0.003302
1020,-0.001587,0.046819,0.436076,-0.040129,-0.006000,0.003543
1021,0.037931,-0.018406,0.449955,-0.044596,-0.010112,0.002897
1022,-0.010953,0.001210,0.448905,-0.042692,-0.005792,0.003523
1023,0.065660,-0.018760,0.439321,-0.044385,-0.011993,0.003089
1024,-0.006397,0.053949,0.436958,-0.038490,-0.005850,0.003789
1025,-0.003127,0.057543,0.428275,-0.037530,-0.005302,0.004082
1026,0.168694,-0.141240,0.462448,-0.052561,-0.021837,0.004276
1027,0.002185,0.069668,0.390529,-0.037055,-0.004581,0.006089
1028,0.234039,-0.321965,0.504954,-0.066951,-0.030715,0.005634
1029,-0.015025,0.022084,0.470356,-0.041461,-0.008863,0.007416
1030,-0.008361,0.050348,0.431083,-0.039831,-0.007477,0.007355
1031,-0.017505,0.027743,0.430753,-0.041454,-0.006695,0.006485
1032,-0.009223,0.026504,0.437258,-0.041196,-0.007778,0.005933
1033,-0.000300,0.070047,0.390697,-0.038012,-0.006185,0.005529
1034,-0.018731,-0.028098,0.475596,-0.044021,-0.009014,0.004900
1035,-0.009021,-0.019893,0.460885,-0.043823,-0.009295,0.005294
1036,-0.023001,-0.016255,0.420790,-0.044191,-0.006010,0.003940
1037,-0.001113,-0.020484,0.437728,-0.044069,-0.008725,0.004295
1038,-0.018097,-0.043425,0.439777,-0.046077,-0.007424,0.005703
1039,-0.023959,-0.041223,0.441827,-0.046063,-0.007132,0.005021
1040,-0.017275,-0.024881,0.430952,-0.045012,-0.007100,0.003991
1041,-0.009914,-0.014161,0.448203,-0.043838,-0.008717,0.003917
1042,-0.031507,-0.059670,0.412124,-0.048286,-0.004667,0.003583
1043,-0.000611,0.069387,0.391146,-0.037975,-0.006108,0.004364
1044,0.016900,-0.030174,0.525567,-0.043291,-0.014858,0.003891
1045,-0.010406,-0.044200,0.432625,-0.046419,-0.007683,0.004580
1046,-0.007306,0.004297,0.458655,-0.042280,-0.009502,0.006112
1047,-0.019851,0.014996,0.438071,-0.041742,-0.007273,0.004752
1048,-0.011178,0.008267,0.441132,-0.041956,-0.008006,0.004924
1049,-0.045685,0.014334,0.435516,-0.041556,-0.004435,0.003639
1050,-0.005493,-0.006067,0.438165,-0.042773,-0.007721,0.003099
1051,-0.017775,0.002388,0.441156,-0.042143,-0.006758,0.001824
1052,-0.023551,0.000523,0.433292,-0.042185,-0.005484,0.001630
1053,0.000986,0.012290,0.445648,-0.040743,-0.008062,0.001411
1054,0.111983,-0.050807,0.468682,-0.045380,-0.018949,0.001437
1055,-0.038367,-0.030197,0.407334,-0.045057,-0.002650,0.003513
1056,-0.015085,-0.028286,0.438893,-0.044446,-0.005971,0.003068
1057,0.046016,-0.058500,0.453307,-0.046747,-0.011997,0.002764
1058,0.094162,-0.150804,0.444093,-0.054881,-0.015933,0.005006
1059,-0.046744,-0.030945,0.433813,-0.046156,-0.003419,0.004446
1060,-0.016403,-0.015615,0.440694,-0.045088,-0.006075,0.003035
1061,-0.008950,0.001967,0.453900,-0.043598,-0.007429,0.001976
1062,-0.015407,0.000019,0.429610,-0.044221,-0.005398,0.000740
1063,-0.015509,-0.024282,0.440384,-0.046205,-0.005687,0.000730
1064,-0.012695,-0.019030,0.445798,-0.045987,-0.006126,0.000292
1065,-0.006126,-0.005567,0.442684,-0.045033,-0.006407,0.000216
1066,-0.009312,0.005570,0.445899,-0.044166,-0.006164,0.000935
1067,-0.011399,-0.009762,0.437476,-0.045692,-0.005318,0.000876
1068,-0.014812,-0.017501,0.433789,-0.046496,-0.004499,0.001154
1069,-0.009522,0.004931,0.438017,-0.044740,-0.004933,0.001158
1070,0.108655,-0.092421,0.473672,-0.052121,-0.017107,0.001097
1071,-0.004716,0.058394,0.427482,-0.041228,-0.005295,0.003136
1072,-0.028185,-0.038156,0.442487,-0.048664,-0.003480,0.003689
1073,-0.011851,-0.011582,0.440201,-0.046917,-0.004549,0.002846
1074,0.004905,0.039807,0.465292,-0.042296,-0.007347,0.002439
1075,-0.010063,-0.004240,0.424921,-0.046495,-0.003638,0.001466
1076,0.064152,-0.035352,0.457245,-0.048399,-0.011686,0.002219
1077,-0.033590,-0.032737,0.425137,-0.049061,-0.001377,0.003195
1078,0.036313,-0.032068,0.439660,-0.049003,-0.007924,0.002556
1079,-0.015719,0.006772,0.437969,-0.046164,-0.003253,0.003168
1080,0.039112,0.042332,0.489321,-0.042259,-0.010902,0.002571
1081,0.006518,0.032048,0.431805,-0.044013,-0.004996,0.002704
1082,0.049798,0.008308,0.453957,-0.045372,-0.009785,0.003312
1083,-0.003777,0.027722,0.438919,-0.043871,-0.004304,0.003683
1084,0.044891,-0.066520,0.428156,-0.051596,-0.007646,0.003353
1085,0.047287,-0.041273,0.455145,-0.049162,-0.009388,0.003702
1086,0.035336,-0.014705,0.443253,-0.047622,-0.007949,0.003891
1087,-0.011551,0.037593,0.446375,-0.043287,-0.004105,0.003510
1088,-0.005738,0.037576,0.445944,-0.043076,-0.004441,0.002461
1089,0.083276,-0.079239,0.429980,-0.052627,-0.011131,0.001740
1090,-0.009579,-0.006808,0.449981,-0.046605,-0.004396,0.003748
1091,0.018065,-0.006058,0.442434,-0.046905,-0.006379,0.003402
1092,0.024166,-0.005818,0.450178,-0.046763,-0.007448,0.003324
1093,-0.035058,-0.034525,0.421713,-0.049724,-0.000605,0.003671
1094,0.010598,0.045641,0.438272,-0.042781,-0.005297,0.003003
1095,0.332496,-0.257573,0.448171,-0.067253,-0.033718,0.002566
1096,0.048533,-0.015169,0.499916,-0.047938,-0.014103,0.006828
1097,-0.052817,0.009507,0.430305,-0.047654,-0.001911,0.007958
1098,0.005842,0.054765,0.440928,-0.043925,-0.007434,0.007010
1099,-0.002212,0.055179,0.443647,-0.043693,-0.007120,0.006316
1100,-0.003948,0.056162,0.438075,-0.043411,-0.006791,0.005564
1101,-0.022835,0.024350,0.440004,-0.045608,-0.005141,0.004788
1102,-0.003994,0.033246,0.437465,-0.044554,-0.006503,0.004102
1103,0.003282,0.024253,0.444577,-0.044840,-0.007557,0.003550
1104,-0.000118,0.036760,0.450604,-0.043407,-0.007755,0.003355
1105,-0.011657,0.022137,0.432435,-0.044483,-0.005762,0.002519
1106,-0.000016,0.033056,0.439145,-0.043010,-0.007041,0.002089
1107,-0.014656,0.001680,0.425693,-0.045333,-0.004831,0.001988
1108,0.143302,-0.115343,0.483486,-0.053580,-0.021858,0.001832
1109,0.012789,-0.067747,0.420598,-0.051215,-0.007888,0.003205
1110,0.006933,-0.059119,0.437691,-0.050585,-0.008377,0.002975
1111,0.004569,0.046241,0.470884,-0.041662,-0.010486,0.002852
1112,-0.019843,0.043249,0.435446,-0.041961,-0.006524,0.002205
1113,-0.018806,-0.009534,0.412159,-0.046274,-0.004983,0.001575
1114,0.009660,0.031515,0.468258,-0.041745,-0.010575,0.001678
1115,0.030355,0.012806,0.452287,-0.043123,-0.011757,0.001396
1116,0.090644,-0.118498,0.430912,-0.053997,-0.015875,0.001736
1117,-0.022707,-0.003148,0.453284,-0.044699,-0.007788,0.002991
1118,0.025364,-0.042069,0.418423,-0.048356,-0.010031,0.002194
1119,-0.006658,0.011201,0.455919,-0.043446,-0.009530,0.003114
1120,-0.035882,0.001108,0.417921,-0.044830,-0.004794,0.003260
1121,0.019775,0.047325,0.463323,-0.039922,-0.012171,0.002548
1122,-0.006900,0.024879,0.458021,-0.041555,-0.009859,0.002354
1123,-0.025957,0.028843,0.417710,-0.041501,-0.005914,0.001659
1124,0.007450,0.050661,0.456487,-0.038500,-0.010861,0.001317
1125,0.183569,-0.244727,0.440519,-0.062723,-0.025184,0.000998
1126,-0.041107,-0.025231,0.411600,-0.046346,-0.004888,0.002453
1127,0.012296,0.047061,0.485828,-0.039147,-0.013753,0.002370
1128,0.033959,-0.052002,0.418237,-0.048207,-0.012091,0.001989
1129,-0.038652,-0.018188,0.433677,-0.045410,-0.006632,0.004111
1130,0.021592,0.038485,0.472548,-0.040012,-0.014241,0.003704
1131,-0.057668,-0.018369,0.412618,-0.045581,-0.004070,0.003031
1132,-0.012777,-0.016650,0.434789,-0.044852,-0.008733,0.002236
1133,-0.009203,0.003565,0.439007,-0.043143,-0.009254,0.002070
1134,-0.002242,0.015266,0.452389,-0.041745,-0.010646,0.001971
1135,-0.028476,-0.021270,0.432368,-0.044970,-0.007213,0.001549
1136,-0.009441,-0.018195,0.436843,-0.044509,-0.008921,0.000942
1137,-0.006784,-0.016082,0.444619,-0.044249,-0.009503,0.000980
1138,-0.011135,-0.004044,0.435731,-0.043273,-0.008552,0.001191
1139,0.090286,-0.078094,0.450979,-0.049007,-0.018221,0.001058
1140,-0.031050,-0.020468,0.440065,-0.044954,-0.007421,0.004592
1141,-0.015648,-0.022692,0.439392,-0.045194,-0.008453,0.004516
1142,-0.017071,-0.018031,0.442094,-0.044929,-0.008406,0.004120
1143,-0.020161,-0.022773,0.435956,-0.045433,-0.007667,0.003684
1144,-0.015568,-0.017792,0.441567,-0.045065,-0.008233,0.003018
1145,-0.015618,-0.017723,0.441645,-0.045138,-0.008078,0.002542
1146,0.001709,0.013301,0.455218,-0.042287,-0.010293,0.002164
1147,-0.023788,-0.019738,0.425608,-0.045518,-0.006255,0.001853
1148,-0.009742,0.002616,0.438598,-0.043492,-0.007862,0.001497
1149,0.142604,-0.101140,0.455072,-0.051610,-0.021911,0.001390
1150,-0.014565,0.015493,0.454395,-0.042808,-0.008861,0.005561
1151,-0.019076,-0.013382,0.429541,-0.045622,-0.006759,0.005543
1152,-0.007383,-0.013439,0.439619,-0.045539,-0.008060,0.005470
1153,-0.002941,-0.010648,0.441963,-0.045367,-0.008428,0.005455
1154,0.009832,0.034335,0.466150,-0.041278,-0.010988,0.005499
1155,-0.013164,0.024089,0.433079,-0.042519,-0.007126,0.004887
1156,-0.018067,-0.010935,0.426475,-0.045360,-0.005880,0.004549
1157,-0.006584,-0.010528,0.442366,-0.045021,-0.007413,0.004318
1158,-0.010617,-0.018748,0.441466,-0.045622,-0.006793,0.004204
1159,0.001441,-0.011763,0.439694,-0.045082,-0.007549,0.003690
1160,0.123385,-0.078592,0.446999,-0.050486,-0.018493,0.003833
1161,-0.024997,-0.018735,0.445946,-0.046189,-0.005885,0.008633
1162,-0.008194,-0.011619,0.442576,-0.045811,-0.006858,0.008349
1163,0.013768,0.041339,0.465110,-0.040994,-0.010104,0.007934
1164,-0.013363,0.026318,0.434226,-0.042647,-0.006009,0.007146
1165,0.003441,0.044649,0.451798,-0.040533,-0.008233,0.006506
1166,0.028643,-0.001202,0.438369,-0.044176,-0.009521,0.005767
1167,0.104502,-0.098462,0.435066,-0.051965,-0.015698,0.006000
1168,-0.016750,0.004302,0.442703,-0.044139,-0.006004,0.009413
1169,-0.005625,0.037928,0.452020,-0.041181,-0.007396,0.008324
1170,-0.007876,0.041418,0.451197,-0.040621,-0.007055,0.007054
1171,-0.005546,0.036176,0.444731,-0.040802,-0.006664,0.006089
1172,0.023917,0.017119,0.449010,-0.041903,-0.009240,0.005540
1173,-0.009134,-0.022603,0.413705,-0.045582,-0.004128,0.005201
1174,0.083819,-0.005276,0.472028,-0.042836,-0.015288,0.005350
1175,0.067071,-0.083945,0.421550,-0.050260,-0.011314,0.007820
1176,-0.022781,-0.038342,0.441796,-0.046443,-0.004696,0.008468
1177,-0.013985,-0.017261,0.442490,-0.044937,-0.005395,0.007335
1178,-0.007823,-0.026824,0.440773,-0.045785,-0.005713,0.005767
1179,0.137418,-0.138680,0.460121,-0.054726,-0.019543,0.005789
1180,-0.046946,-0.022173,0.433866,-0.046698,-0.002811,0.008720
1181,-0.014225,0.002054,0.433390,-0.044811,-0.005283,0.007042
1182,-0.004508,0.000008,0.445860,-0.044750,-0.006721,0.006365
1183,0.012756,0.023965,0.467889,-0.042376,-0.009574,0.005798
1184,-0.021822,-0.003408,0.416871,-0.045539,-0.003723,0.005447
1185,0.007091,0.020826,0.453845,-0.042795,-0.008138,0.004871
1186,0.018111,0.023114,0.459080,-0.042401,-0.009594,0.004808
1187,-0.038638,0.008297,0.404392,-0.044570,-0.001446,0.004967
1188,-0.017080,-0.032788,0.444872,-0.047111,-0.004863,0.004527
1189,0.023394,0.023478,0.453440,-0.042422,-0.008993,0.004236
1190,-0.012979,-0.009736,0.432066,-0.045258,-0.004604,0.004850
1191,-0.007768,0.008714,0.435181,-0.043684,-0.005033,0.004387
1192,0.012741,-0.024757,0.450960,-0.045864,-0.007531,0.004267
1193,0.065279,-0.073817,0.456034,-0.049816,-0.012504,0.004724
1194,0.149931,-0.190132,0.449644,-0.060043,-0.019807,0.006148
1195,-0.038090,-0.006689,0.433057,-0.046663,-0.003241,0.006239
1196,0.005946,0.037510,0.468147,-0.042423,-0.008877,0.005325
1197,0.003660,0.053579,0.435251,-0.041572,-0.007077,0.004597
1198,-0.003426,0.052867,0.437328,-0.041261,-0.006594,0.003752
1199,0.024631,0.009274,0.452856,-0.044341,-0.009705,0.002973
1200,-0.003363,0.061254,0.428252,-0.040390,-0.005900,0.003301
1201,-0.017321,-0.009732,0.442774,-0.045427,-0.005130,0.003391
1202,-0.009400,0.007590,0.444572,-0.043978,-0.005908,0.002283
1203,0.007962,0.011469,0.437403,-0.043502,-0.007066,0.001928
1204,0.221402,-0.178074,0.464125,-0.058493,-0.027030,0.002209
1205,-0.023321,0.005002,0.441213,-0.044820,-0.005465,0.006482
1206,-0.025397,-0.005560,0.423997,-0.046106,-0.004085,0.006332
1207,-0.011568,-0.004743,0.445037,-0.045697,-0.006354,0.005599
1208,-0.021677,-0.010588,0.439106,-0.046250,-0.005175,0.004692
1209,-0.007985,0.019975,0.453137,-0.043450,-0.007207,0.003296
1210,-0.013235,0.011134,0.436487,-0.044307,-0.005838,0.002185
1211,-0.015399,-0.002533,0.434499,-0.045345,-0.005343,0.001941
1212,-0.014686,-0.012998,0.439914,-0.045951,-0.005550,0.002250
1213,-0.001772,0.000623,0.448016,-0.044623,-0.007098,0.002405
1214,-0.015427,-0.009582,0.434450,-0.045660,-0.005076,0.003125
1215,0.012900,0.046290,0.462778,-0.040347,-0.009151,0.003842
1216,-0.012599,0.019287,0.435174,-0.042755,-0.005402,0.003495
1217,-0.025633,-0.014481,0.426751,-0.045404,-0.003414,0.003495
1218,0.130075,-0.130272,0.472936,-0.053939,-0.019405,0.002944
1219,-0.019953,0.012419,0.433611,-0.043438,-0.004828,0.004399
1220,-0.027350,0.003285,0.417281,-0.044494,-0.002878,0.004300
1221,-0.012094,0.002040,0.439973,-0.044078,-0.005139,0.003698
1222,-0.010981,0.001321,0.442243,-0.043963,-0.005240,0.003101
1223,0.054731,-0.047923,0.460052,-0.047594,-0.011915,0.002476
1224,0.010091,0.040197,0.451026,-0.040685,-0.007914,0.004897
1225,-0.023292,-0.005768,0.422728,-0.044715,-0.003182,0.004707
1226,-0.008952,-0.012883,0.444955,-0.044775,-0.005378,0.004311
1227,0.082866,-0.085033,0.449423,-0.050516,-0.013562,0.003873
1228,-0.029481,0.001198,0.436770,-0.044124,-0.003414,0.005590
1229,-0.018858,0.001221,0.433103,-0.044063,-0.003854,0.004288
1230,-0.016386,-0.014376,0.448884,-0.045055,-0.004808,0.003150
1231,0.012842,0.035908,0.453163,-0.040722,-0.007555,0.002132
1232,0.279626,-0.178400,0.455025,-0.057997,-0.030876,0.001564
1233,-0.016790,0.014791,0.477416,-0.042817,-0.007737,0.008944
1234,0.002176,0.072052,0.390867,-0.039673,-0.004768,0.008627
1235,-0.049975,-0.040538,0.450321,-0.047627,-0.003063,0.008119
1236,-0.018614,-0.025635,0.430298,-0.046972,-0.004401,0.006622
1237,0.002866,0.018236,0.460622,-0.042957,-0.008031,0.005898
1238,-0.025651,-0.015527,0.422955,-0.046332,-0.003449,0.004764
1239,-0.001487,0.001546,0.448310,-0.044456,-0.006810,0.003984
1240,-0.006780,0.000784,0.450094,-0.044439,-0.006512,0.003831
1241,-0.014023,-0.043017,0.424585,-0.048416,-0.004336,0.003329
1242,0.022255,0.040670,0.475905,-0.040760,-0.010487,0.004417
1243,-0.011993,0.010345,0.431079,-0.043836,-0.005158,0.004004
1244,-0.018250,0.010563,0.436642,-0.043576,-0.004664,0.004211
1245,-0.021121,0.005930,0.426806,-0.043955,-0.003590,0.003198
1246,-0.012378,-0.001467,0.439331,-0.044100,-0.004744,0.002668
1247,-0.007559,-0.023884,0.449199,-0.045643,-0.005551,0.002389
1248,-0.003402,-0.036632,0.439099,-0.046818,-0.005253,0.002496
1249,-0.004803,-0.026973,0.444248,-0.046007,-0.005296,0.003699
1250,0.020007,-0.054560,0.440440,-0.048399,-0.007181,0.004173
1251,-0.011956,-0.026281,0.443390,-0.046305,-0.004547,0.005535
1252,0.116231,-0.118498,0.463788,-0.053645,-0.016832,0.005555
1253,-0.006133,0.034780,0.459882,-0.041838,-0.006679,0.006372
1254,-0.036305,0.002208,0.404820,-0.045499,-0.000658,0.006041
1255,-0.007543,0.002229,0.446417,-0.044709,-0.005044,0.005228
1256,-0.015687,-0.004083,0.440282,-0.045273,-0.003887,0.004428
1257,0.012624,0.044569,0.467883,-0.040718,-0.007917,0.003265
1258,-0.023756,0.018111,0.427114,-0.043497,-0.002440,0.002615
1259,0.076217,-0.020847,0.463087,-0.045718,-0.012925,0.001620
1260,-0.005613,0.055949,0.423997,-0.039953,-0.003833,0.004446
1261,0.099033,-0.103779,0.462263,-0.052015,-0.014615,0.004619
1262,-0.011257,0.041472,0.433574,-0.041518,-0.004026,0.005125
1263,-0.003597,0.025640,0.445899,-0.042224,-0.005138,0.004865
1264,-0.000148,0.060636,0.428964,-0.039294,-0.004378,0.004506
1265,0.034749,-0.054335,0.454342,-0.047732,-0.008449,0.004596
1266,0.121391,-0.128973,0.450829,-0.054342,-0.016131,0.005565
1267,0.012162,0.040964,0.448168,-0.041041,-0.007273,0.006977
1268,0.025666,-0.080141,0.424311,-0.051322,-0.006996,0.006861
1269,-0.037747,-0.011438,0.454377,-0.045693,-0.003205,0.005876
1270,0.072708,-0.028912,0.443685,-0.047123,-0.012287,0.004190
1271,-0.033454,-0.019102,0.423030,-0.047028,-0.002165,0.005772
1272,-0.006644,-0.017114,0.439850,-0.046628,-0.005161,0.005451
1273,-0.002447,-0.002774,0.454439,-0.045305,-0.006471,0.005228
1274,0.018930,0.042263,0.472711,-0.041215,-0.009703,0.004426
1275,-0.013871,0.023750,0.437912,-0.043322,-0.005143,0.004089
1276,0.005846,0.023195,0.442982,-0.042906,-0.007112,0.003161
1277,-0.030878,-0.029460,0.436027,-0.047406,-0.003504,0.003566
1278,0.010773,0.036298,0.446809,-0.041589,-0.007600,0.002175
1279,-0.028261,-0.013740,0.413145,-0.046076,-0.002048,0.002033
1280,0.037325,0.024640,0.468441,-0.041740,-0.010676,0.001763
1281,-0.001817,0.060705,0.428852,-0.039165,-0.005207,0.002171
1282,0.008581,0.038303,0.450752,-0.039864,-0.007122,0.002413
1283,-0.000234,0.040203,0.455373,-0.039391,-0.006640,0.001844
1284,0.020473,0.012280,0.441579,-0.041318,-0.007473,0.001682
1285,0.003661,0.047608,0.437143,-0.038108,-0.005773,0.001656
1286,0.472670,-0.447148,0.455045,-0.078110,-0.047236,0.001249
1287,-0.005034,0.052315,0.436865,-0.040287,-0.007524,0.007734
1288,-0.011788,0.046205,0.466189,-0.039960,-0.008650,0.008004
1289,-0.020217,0.024493,0.434596,-0.042051,-0.006252,0.007447
1290,0.000729,0.070809,0.390213,-0.038581,-0.005774,0.006830
1291,-0.041738,-0.026190,0.463278,-0.044894,-0.005818,0.006307
1292,-0.025139,-0.041783,0.444534,-0.046679,-0.006224,0.005113
1293,-0.022767,-0.029619,0.431444,-0.045955,-0.005825,0.003772
1294,-0.014505,-0.029597,0.441910,-0.045874,-0.007151,0.003380
1295,-0.015343,-0.028774,0.440088,-0.045926,-0.007096,0.003406
1296,-0.016306,-0.029181,0.439140,-0.046074,-0.007026,0.003777
1297,-0.015175,-0.029875,0.446693,-0.046131,-0.007632,0.004281
1298,-0.018197,-0.024406,0.438649,-0.045893,-0.007011,0.004611
1299,-0.028940,-0.036821,0.437790,-0.047084,-0.005992,0.005156
1300,-0.024086,-0.023623,0.438756,-0.046160,-0.006435,0.004801
1301,-0.031228,-0.030840,0.439078,-0.046896,-0.005722,0.004807
1302,-0.027423,-0.019961,0.438094,-0.046173,-0.005911,0.004050
1303,-0.010690,0.004522,0.437803,-0.044196,-0.007237,0.003887
1304,-0.028486,-0.030862,0.443106,-0.047167,-0.005799,0.004146
1305,-0.009879,0.020424,0.447117,-0.042954,-0.007560,0.002952
1306,-0.031736,-0.028817,0.432343,-0.047247,-0.004589,0.002035
1307,-0.012913,-0.017974,0.440684,-0.046234,-0.006389,0.001253
1308,0.001139,0.072300,0.391493,-0.039427,-0.004821,0.001556
1309,0.003491,-0.014699,0.506345,-0.044138,-0.010868,0.001181
1310,0.034550,-0.006616,0.469087,-0.044304,-0.011762,0.001470
1311,0.041383,-0.022558,0.428736,-0.046572,-0.010207,0.001961
1312,0.018561,-0.045458,0.430996,-0.048537,-0.008087,0.004533
1313,-0.010099,0.025460,0.450722,-0.042510,-0.006671,0.004984
1314,0.068313,-0.057661,0.446130,-0.049171,-0.013101,0.004380
1315,0.040888,-0.008548,0.451201,-0.045207,-0.011205,0.004283
1316,0.032641,-0.013940,0.446010,-0.046037,-0.010351,0.005051
1317,-0.018522,0.036002,0.451215,-0.041951,-0.006248,0.005195
1318,-0.010239,0.033846,0.432485,-0.042200,-0.005673,0.004268
1319,0.041840,0.003339,0.452220,-0.044116,-0.011134,0.003463
1320,-0.044189,-0.016432,0.413232,-0.046421,-0.001376,0.005140
1321,0.077748,-0.105258,0.459405,-0.052708,-0.014275,0.003817
1322,-0.040890,0.000543,0.417227,-0.045271,-0.001880,0.004832
1323,-0.013583,-0.019572,0.449012,-0.046425,-0.005579,0.003950
1324,0.076056,-0.066680,0.466893,-0.050036,-0.014454,0.002920
1325,-0.014442,0.039395,0.443747,-0.042337,-0.005828,0.003957
1326,-0.036825,-0.001586,0.408899,-0.046038,-0.001515,0.003199
1327,0.044059,-0.024137,0.450084,-0.047090,-0.010435,0.002392
1328,0.011772,0.037562,0.467586,-0.041992,-0.009096,0.003672
1329,-0.022599,0.003857,0.433477,-0.044991,-0.004170,0.004002
1330,-0.018907,-0.044635,0.420258,-0.049134,-0.003372,0.002943
1331,0.014113,0.029402,0.476643,-0.042167,-0.009379,0.003503
1332,0.032364,0.005514,0.439199,-0.044550,-0.009004,0.002727
1333,0.234642,-0.181965,0.447096,-0.059677,-0.027013,0.003683
1334,-0.023350,0.020370,0.454840,-0.044118,-0.006125,0.008338
1335,-0.009009,0.028181,0.440372,-0.043783,-0.006455,0.007608
1336,-0.027476,-0.013597,0.424555,-0.047463,-0.003821,0.006929
1337,-0.013539,0.026850,0.452561,-0.043726,-0.006559,0.005513
1338,-0.013653,0.017020,0.437345,-0.044540,-0.005633,0.004058
1339,-0.012929,0.022203,0.439471,-0.043925,-0.005681,0.003300
1340,-0.017359,-0.000573,0.429280,-0.045749,-0.004495,0.002711
1341,0.000277,0.014898,0.457113,-0.043821,-0.007481,0.002882
1342,-0.002282,0.006634,0.440244,-0.044541,-0.006333,0.002964
1343,-0.017641,-0.014560,0.433298,-0.046298,-0.004419,0.003813
1344,0.007517,0.008717,0.453440,-0.043876,-0.007638,0.003498
1345,-0.024241,-0.015328,0.422348,-0.046273,-0.002994,0.003578
1346,0.132665,-0.145030,0.468989,-0.056042,-0.019084,0.003293
1347,0.027838,-0.057018,0.428933,-0.050269,-0.008453,0.005072
1348,-0.018373,-0.003748,0.451856,-0.045892,-0.005733,0.006254
1349,-0.014534,0.013843,0.439172,-0.044754,-0.005268,0.005225
1350,-0.011340,0.019939,0.438292,-0.044156,-0.005340,0.003784
1351,0.007335,0.041509,0.463097,-0.041711,-0.008358,0.003092
1352,-0.009839,0.025496,0.433113,-0.043202,-0.005189,0.002127
1353,0.134332,-0.115486,0.453339,-0.054150,-0.018670,0.002076
1354,-0.018528,-0.029754,0.423196,-0.048271,-0.004277,0.004772
1355,0.012121,0.037731,0.454831,-0.042387,-0.008668,0.004714
1356,-0.004473,0.026899,0.447722,-0.043263,-0.006838,0.004621
1357,-0.024248,-0.011845,0.425891,-0.046618,-0.003696,0.004646
1358,-0.002748,-0.000042,0.447440,-0.045172,-0.006615,0.004062
1359,-0.010174,0.008916,0.443897,-0.044447,-0.005778,0.003753
1360,-0.004654,0.014720,0.445202,-0.043712,-0.006276,0.003084
1361,-0.022285,-0.019223,0.427960,-0.046620,-0.003573,0.002885
1362,0.107731,-0.094095,0.461201,-0.052036,-0.016664,0.002626
1363,0.002715,-0.008260,0.425595,-0.045935,-0.006239,0.004504
1364,-0.044237,-0.019879,0.443058,-0.047025,-0.002883,0.004622
1365,0.077799,-0.069096,0.463734,-0.050586,-0.014424,0.004112
1366,-0.033510,-0.002506,0.418808,-0.046358,-0.002570,0.004898
1367,-0.004394,-0.002351,0.446716,-0.045803,-0.006316,0.004521
1368,0.004662,0.033110,0.449048,-0.042746,-0.007315,0.004050
1369,-0.023414,-0.007628,0.434039,-0.046257,-0.003944,0.003607
1370,0.099037,-0.074174,0.463711,-0.051125,-0.016223,0.002760
1371,-0.038855,-0.015413,0.421445,-0.047582,-0.002336,0.004954
1372,0.012568,0.040060,0.451551,-0.042448,-0.008247,0.004017
1373,0.001410,0.016287,0.448031,-0.044312,-0.007047,0.003912
1374,-0.020274,0.010779,0.439270,-0.044777,-0.004613,0.004334
1375,-0.013367,0.024336,0.436483,-0.043502,-0.004896,0.003097
1376,-0.009384,0.006769,0.454467,-0.044385,-0.006130,0.002373
1377,0.118778,-0.091354,0.450282,-0.052248,-0.017004,0.001532
1378,0.078120,-0.103838,0.437879,-0.053889,-0.013209,0.004125
1379,-0.048617,0.010824,0.436270,-0.045486,-0.002225,0.004982
1380,0.026206,0.015771,0.457432,-0.044387,-0.009903,0.004754
1381,0.030507,0.018504,0.445580,-0.044342,-0.010057,0.003422
1382,0.025279,0.018603,0.446291,-0.044197,-0.009737,0.004137
1383,-0.030982,0.007970,0.428401,-0.045379,-0.003792,0.004131
1384,0.013753,0.062446,0.418391,-0.040678,-0.007130,0.003069
1385,-0.018339,0.028371,0.475154,-0.042227,-0.007442,0.002509
1386,0.092245,-0.081363,0.448036,-0.051243,-0.015391,0.001661
1387,0.061859,-0.081223,0.441716,-0.051601,-0.012790,0.004136
1388,-0.010005,0.044530,0.446780,-0.041563,-0.007235,0.004541
1389,-0.019589,0.022004,0.432226,-0.043476,-0.005430,0.003889
1390,-0.020865,-0.027872,0.427908,-0.047441,-0.004778,0.003541
1391,0.026507,0.033681,0.460407,-0.041687,-0.010774,0.002684
1392,0.150122,-0.164407,0.444618,-0.058098,-0.020779,0.002879
1393,-0.029348,-0.002899,0.457552,-0.045553,-0.006725,0.004082
1394,-0.006287,0.025452,0.426101,-0.043617,-0.006933,0.003683
1395,-0.020551,0.002261,0.434696,-0.045270,-0.006106,0.003710
1396,-0.002312,0.009280,0.461675,-0.044143,-0.009354,0.002849
1397,-0.011298,0.029981,0.427510,-0.042802,-0.006854,0.001825
1398,-0.029179,0.011929,0.435227,-0.043932,-0.005485,0.001986
1399,0.003191,0.046004,0.457165,-0.040408,-0.009457,0.001297
1400,-0.031503,-0.013182,0.413482,-0.045672,-0.003813,0.000897
1401,0.067593,-0.056185,0.454318,-0.048259,-0.014491,0.000991
1402,0.011877,-0.053631,0.431338,-0.048579,-0.008645,0.003476
1403,-0.022432,-0.014171,0.438468,-0.045448,-0.006007,0.003472
1404,0.005114,0.017781,0.466353,-0.042289,-0.010047,0.003168
1405,-0.019809,0.001933,0.418385,-0.044129,-0.005196,0.002721
1406,-0.012887,0.001721,0.440156,-0.043613,-0.006707,0.003622
1407,-0.014061,-0.018722,0.447081,-0.045107,-0.006914,0.003218
1408,-0.022397,-0.005977,0.430529,-0.044261,-0.005165,0.002620
1409,0.143010,-0.136298,0.476731,-0.054071,-0.022068,0.001756
1410,-0.038258,-0.011817,0.419923,-0.045609,-0.003827,0.003736
1411,-0.009697,-0.008287,0.444995,-0.044941,-0.007390,0.003433
1412,-0.012973,0.010023,0.446347,-0.043377,-0.007200,0.003140
1413,-0.006696,0.022889,0.448456,-0.042197,-0.007875,0.002022
1414,-0.024997,-0.008387,0.422014,-0.045039,-0.004577,0.001667
1415,0.048515,-0.031751,0.450661,-0.046383,-0.012382,0.001505
1416,0.034141,-0.049579,0.441813,-0.048140,-0.010844,0.004265
1417,-0.023358,-0.025896,0.441042,-0.046506,-0.005869,0.005056
1418,-0.020335,-0.007185,0.440995,-0.045149,-0.005949,0.004383
1419,-0.000394,0.022559,0.454960,-0.042392,-0.008451,0.003034
1420,-0.009697,0.030069,0.442229,-0.041853,-0.006911,0.001832
1421,-0.019717,-0.003724,0.428688,-0.044627,-0.004958,0.001172
1422,0.110524,-0.078420,0.470181,-0.049895,-0.018489,0.000785
1423,0.052170,-0.067016,0.432912,-0.050138,-0.011870,0.004082
1424,-0.014774,-0.006515,0.428883,-0.045836,-0.005919,0.004336
1425,-0.022773,-0.012058,0.442257,-0.046284,-0.005718,0.003909
1426,0.008610,0.027726,0.457445,-0.042650,-0.009300,0.003149
1427,-0.030096,-0.012749,0.426982,-0.046366,-0.004158,0.002498
1428,-0.002945,0.014752,0.453148,-0.043567,-0.007797,0.001839
1429,-0.002915,0.021997,0.443540,-0.043018,-0.007236,0.001534
1430,-0.008454,-0.016926,0.429708,-0.046295,-0.005742,0.001975
1431,0.096583,-0.074725,0.461241,-0.050475,-0.016567,0.002720
1432,-0.034148,-0.023838,0.426257,-0.047384,-0.003567,0.003924
1433,-0.000028,0.001038,0.449009,-0.045083,-0.007569,0.003434
1434,0.003276,0.040910,0.454961,-0.041675,-0.008275,0.003356
1435,0.006454,0.041882,0.448850,-0.041455,-0.008174,0.003369
1436,-0.010369,0.032207,0.425591,-0.042279,-0.005236,0.003441
1437,0.114471,-0.116252,0.450627,-0.053769,-0.017166,0.003784
1438,0.032540,-0.052109,0.437472,-0.049370,-0.009829,0.003849
1439,0.027146,0.024926,0.463755,-0.042834,-0.011093,0.005104
1440,-0.007863,0.053882,0.432092,-0.040939,-0.006467,0.005023
1441,-0.002694,0.041577,0.457278,-0.041074,-0.008135,0.004414
1442,0.005693,0.037667,0.442772,-0.041243,-0.007958,0.003783
1443,0.029697,0.004921,0.445388,-0.043589,-0.010077,0.003369
1444,-0.005516,0.038130,0.438794,-0.040739,-0.006766,0.003260
1445,0.038374,-0.013605,0.448708,-0.044324,-0.010972,0.002560
1446,-0.028237,-0.019190,0.416464,-0.045315,-0.003268,0.002905
1447,0.101116,-0.090150,0.460115,-0.050196,-0.016799,0.002607
1448,-0.037157,-0.013607,0.426537,-0.044849,-0.003400,0.004895
1449,0.117274,-0.091496,0.463973,-0.050451,-0.018850,0.003891
1450,-0.027415,-0.012431,0.452795,-0.044895,-0.006332,0.005301
1451,0.004624,0.042769,0.427300,-0.040655,-0.007708,0.004518
1452,-0.004008,0.060512,0.429014,-0.038917,-0.007005,0.004030
1453,-0.020890,-0.026671,0.441563,-0.045310,-0.005870,0.004182
1454,-0.021986,-0.005566,0.429117,-0.043907,-0.005012,0.003497
1455,0.017218,-0.018423,0.449904,-0.044449,-0.009529,0.002755
1456,-0.019821,-0.018001,0.437282,-0.044568,-0.005669,0.003652
1457,-0.021224,-0.012829,0.435128,-0.044195,-0.005273,0.003296
1458,-0.016136,-0.033850,0.447649,-0.045689,-0.006293,0.002855
1459,0.091151,-0.126504,0.441243,-0.053439,-0.015261,0.002592
1460,-0.026804,-0.030823,0.447537,-0.046260,-0.005821,0.004717
1461,-0.021745,-0.027079,0.438657,-0.046324,-0.005646,0.004573
1462,-0.008259,0.006077,0.449219,-0.043535,-0.007408,0.003945
1463,-0.023764,0.002819,0.424621,-0.044264,-0.004567,0.003501
1464,-0.012222,0.003001,0.441137,-0.043892,-0.006219,0.003220
1465,-0.011141,-0.015323,0.448587,-0.045259,-0.006614,0.003044
1466,0.012236,-0.012075,0.449820,-0.044986,-0.008734,0.002894
1467,-0.019213,-0.008031,0.434446,-0.045069,-0.005085,0.003401
1468,-0.015503,-0.013917,0.439649,-0.045431,-0.005421,0.003617
1469,-0.011356,-0.044065,0.429955,-0.048156,-0.004973,0.003363
1470,0.010596,0.022004,0.460432,-0.042396,-0.008529,0.004359
1471,-0.010334,0.001494,0.436449,-0.044430,-0.005322,0.004490
1472,-0.004522,0.010420,0.450377,-0.043360,-0.006375,0.004486
1473,-0.018377,-0.017928,0.419513,-0.046178,-0.003194,0.003686
1474,0.069117,-0.013304,0.468575,-0.044917,-0.013343,0.003907
1475,0.054057,-0.039380,0.453281,-0.047510,-0.011502,0.006255
1476,-0.030476,-0.002143,0.420441,-0.045309,-0.002331,0.005927
1477,-0.008003,0.013130,0.438224,-0.043635,-0.004856,0.005379
1478,-0.006620,0.011349,0.441898,-0.043571,-0.004982,0.004716
1479,0.116621,-0.074672,0.478745,-0.049857,-0.017797,0.003957
1480,-0.027722,-0.031195,0.417637,-0.047879,-0.002287,0.005525
1481,0.116767,-0.104970,0.465227,-0.053417,-0.017313,0.005324
1482,-0.006779,0.051556,0.440285,-0.041768,-0.005918,0.006466
1483,0.006477,0.038490,0.444943,-0.042439,-0.007159,0.006028
1484,-0.006735,0.041493,0.445898,-0.042075,-0.006025,0.005493
1485,0.026731,0.014727,0.449863,-0.043845,-0.009036,0.004521
1486,-0.002324,0.061052,0.429170,-0.040264,-0.005366,0.004478
1487,0.007416,-0.029886,0.436507,-0.047013,-0.006247,0.004499
1488,0.027648,-0.043180,0.448157,-0.047993,-0.008691,0.004500
1489,-0.005364,0.028866,0.453458,-0.042169,-0.006380,0.004940
1490,0.012100,0.010875,0.445340,-0.043515,-0.007417,0.003912
1491,0.120201,-0.106404,0.453859,-0.052795,-0.017132,0.004387
1492,-0.011981,0.033919,0.432278,-0.042467,-0.005120,0.004478
1493,-0.018383,-0.012231,0.430900,-0.045925,-0.004190,0.004661
1494,-0.016369,-0.020981,0.437894,-0.046483,-0.004621,0.004302
1495,-0.000330,0.007050,0.453353,-0.043879,-0.006939,0.003611
1496,0.031068,-0.016132,0.448492,-0.045736,-0.009530,0.003240
1497,-0.019155,-0.000081,0.448522,-0.044453,-0.005303,0.004235
1498,-0.011290,-0.015505,0.421361,-0.046057,-0.004283,0.003731
1499,0.035451,-0.019074,0.450157,-0.045755,-0.009864,0.004880
1500,-0.011644,0.017337,0.444239,-0.042983,-0.005672,0.004899
1501,-0.004806,-0.022860,0.429339,-0.046371,-0.005249,0.004169
1502,0.142377,-0.117992,0.451441,-0.053792,-0.019158,0.003818
1503,-0.033673,-0.014259,0.435386,-0.046476,-0.003615,0.005719
1504,-0.002591,0.020041,0.450498,-0.043374,-0.007081,0.004980
1505,-0.018526,-0.006401,0.437990,-0.045683,-0.005026,0.003943
1506,0.026625,0.030141,0.456803,-0.042167,-0.010033,0.003451
1507,-0.008673,0.047928,0.447583,-0.040830,-0.006657,0.003257
1508,-0.003925,0.011186,0.433619,-0.043605,-0.006151,0.002391
1509,-0.019557,0.003227,0.438179,-0.044035,-0.004871,0.002978
1510,0.076704,-0.066079,0.446322,-0.049450,-0.013590,0.002276
1511,0.066587,-0.085679,0.455202,-0.051275,-0.013707,0.005245
1512,-0.023727,0.034703,0.436588,-0.042029,-0.005175,0.005017
1513,-0.027208,-0.006112,0.422733,-0.045431,-0.003761,0.004507
1514,-0.012690,-0.006049,0.445671,-0.044999,-0.006135,0.003731
1515,0.003624,0.026572,0.457352,-0.041956,-0.008332,0.003042
1516,-0.002414,0.036797,0.442029,-0.041171,-0.007099,0.002789
1517,0.006940,0.037443,0.459490,-0.040434,-0.008848,0.002017
1518,0.081192,-0.075372,0.425975,-0.049932,-0.013288,0.001923
1519,0.121958,-0.131733,0.455459,-0.054455,-0.018788,0.005060
1520,-0.007757,0.058997,0.430472,-0.040071,-0.007014,0.006260
1521,-0.041459,-0.012516,0.437220,-0.045432,-0.004132,0.005792
1522,0.035258,0.017178,0.466249,-0.042276,-0.012405,0.004986
1523,-0.024433,-0.000769,0.441843,-0.044333,-0.006194,0.005125
1524,0.005167,0.034160,0.438149,-0.041137,-0.008595,0.004077
1525,-0.001058,0.056468,0.396626,-0.039648,-0.005870,0.004194
1526,0.057626,-0.044343,0.493904,-0.045981,-0.016147,0.003487
1527,-0.004896,0.033114,0.433340,-0.040474,-0.007498,0.004397
1528,0.057305,-0.020585,0.456098,-0.044232,-0.014153,0.004450
1529,0.054026,-0.041969,0.443565,-0.046116,-0.013494,0.004919
1530,0.031531,0.018307,0.442515,-0.041385,-0.011841,0.005264
1531,-0.011037,0.036585,0.443883,-0.039625,-0.008356,0.006351
1532,-0.026874,0.032169,0.441891,-0.039663,-0.006749,0.006304
1533,0.007036,0.051113,0.424750,-0.037815,-0.008752,0.005537
1534,-0.006497,0.011855,0.455012,-0.040046,-0.009228,0.004769
1535,0.153917,-0.197943,0.454057,-0.056967,-0.022919,0.004879
1536,-0.039602,-0.008716,0.418374,-0.043265,-0.005009,0.005119
1537,-0.025175,-0.026053,0.436176,-0.044139,-0.007004,0.004448
1538,-0.023073,-0.028426,0.445282,-0.044209,-0.007750,0.003500
1539,-0.030967,-0.014404,0.410202,-0.043647,-0.005018,0.002515
1540,0.032892,0.026735,0.491688,-0.038638,-0.015200,0.003185
1541,-0.024102,0.022866,0.438776,-0.039902,-0.007770,0.003424
1542,-0.000663,0.055290,0.407160,-0.037414,-0.008014,0.002776
1543,0.179567,-0.232104,0.481364,-0.059530,-0.027506,0.002182
1544,-0.044657,-0.004842,0.418787,-0.043363,-0.005484,0.004675
1545,-0.030801,-0.033223,0.437539,-0.045336,-0.007395,0.004320
1546,-0.013359,0.025563,0.461849,-0.040158,-0.010389,0.002907
1547,-0.013394,-0.040590,0.446177,-0.045804,-0.009671,0.002523
1548,-0.022065,0.023909,0.442413,-0.040740,-0.008922,0.001156
1549,-0.003985,0.052836,0.399312,-0.038982,-0.008074,0.000577
1550,0.001129,0.021633,0.484146,-0.039823,-0.013137,0.000063
1551,-0.013244,0.049111,0.406404,-0.038652,-0.007568,0.000830
1552,0.120819,-0.134536,0.476371,-0.052272,-0.022703,0.000750
1553,-0.007299,0.047699,0.431512,-0.038743,-0.009738,0.002846
1554,0.019784,0.010176,0.462421,-0.040891,-0.013699,0.003303
1555,-0.001051,0.008585,0.434744,-0.041506,-0.010497,0.003744
1556,-0.009442,0.047979,0.431310,-0.038163,-0.009451,0.003637
1557,-0.006548,0.018356,0.444060,-0.039858,-0.010180,0.003848
1558,-0.007303,0.035013,0.443074,-0.038202,-0.010082,0.004261
1559,-0.014735,0.017391,0.442991,-0.039211,-0.009318,0.003613
1560,0.165962,-0.216877,0.456027,-0.058061,-0.025433,0.003937
1561,-0.033476,0.007267,0.421468,-0.041534,-0.007050,0.004239
1562,0.012250,0.046654,0.456613,-0.037346,-0.012938,0.004178
1563,-0.025108,0.035675,0.447279,-0.038139,-0.009262,0.003644
1564,-0.002974,0.052323,0.407811,-0.037017,-0.008896,0.003073
1565,-0.006259,0.010072,0.472492,-0.038975,-0.011985,0.002541
1566,0.134402,-0.143394,0.433816,-0.051847,-0.021856,0.003153
1567,-0.036174,0.002678,0.460950,-0.040196,-0.009131,0.005740
1568,-0.019028,-0.001119,0.416254,-0.041323,-0.007978,0.005155
1569,-0.004867,0.066685,0.390089,-0.035926,-0.007748,0.004664
1570,-0.027711,-0.039836,0.490351,-0.042492,-0.010895,0.004223
1571,-0.034353,-0.061215,0.422709,-0.045635,-0.006438,0.003465
1572,0.196207,-0.263514,0.456859,-0.061848,-0.028359,0.003117
1573,-0.040566,-0.045515,0.465860,-0.045540,-0.009519,0.005585
1574,-0.042155,-0.013605,0.397215,-0.044594,-0.005268,0.004576
1575,0.028795,0.018654,0.501767,-0.040257,-0.017196,0.004574
1576,-0.039869,-0.012204,0.397925,-0.044961,-0.005710,0.004620
1577,0.006027,0.019724,0.470701,-0.041185,-0.013663,0.004193
1578,-0.044187,-0.013502,0.409220,-0.045088,-0.005812,0.002823
1579,0.023335,0.020419,0.480084,-0.041092,-0.015430,0.002709
1580,-0.021639,0.025719,0.426893,-0.041724,-0.008721,0.003164
1581,0.010316,0.017779,0.459452,-0.041649,-0.013102,0.002931
1582,-0.018059,0.042770,0.436015,-0.040043,-0.009402,0.002822
1583,-0.018804,0.010213,0.426417,-0.042546,-0.008383,0.002095
1584,-0.004648,0.070108,0.390309,-0.037849,-0.007359,0.002112
1585,-0.039467,-0.038171,0.475758,-0.044864,-0.008358,0.001747
1586,0.024791,-0.014511,0.459907,-0.043256,-0.012929,0.000984
1587,0.157785,-0.186191,0.457859,-0.057402,-0.024392,0.001567
1588,-0.048317,-0.021593,0.417472,-0.045901,-0.004795,0.003931
1589,-0.014499,-0.013803,0.439119,-0.045093,-0.008450,0.003365
1590,0.006908,0.034114,0.469851,-0.040700,-0.012124,0.003087
1591,-0.048484,-0.017219,0.412892,-0.045877,-0.003978,0.002362
1592,0.008186,0.030191,0.453556,-0.041136,-0.010806,0.001345
1593,-0.003264,0.033349,0.449552,-0.040840,-0.009592,0.001439
1594,0.057445,-0.038126,0.444225,-0.046590,-0.014442,0.000761
1595,0.067213,-0.075693,0.446422,-0.049689,-0.015415,0.002902
1596,-0.018115,0.037957,0.457398,-0.040860,-0.008892,0.004087
1597,-0.013259,0.027379,0.426991,-0.042061,-0.007338,0.003498
1598,0.011945,0.029724,0.453011,-0.041159,-0.010815,0.003466
1599,-0.010126,0.055992,0.430874,-0.039212,-0.007559,0.003489
1600,0.032581,-0.019230,0.447790,-0.044495,-0.011772,0.003822
1601,0.126313,-0.155167,0.452834,-0.055713,-0.020115,0.003902
1602,-0.014999,0.030317,0.449923,-0.041655,-0.008433,0.004361
1603,-0.008191,0.041990,0.430804,-0.040658,-0.007756,0.003582
1604,0.022033,-0.004430,0.442068,-0.044040,-0.010786,0.003160
1605,-0.014132,0.038573,0.445372,-0.040346,-0.007845,0.003977
1606,0.119172,-0.124728,0.449177,-0.053479,-0.019401,0.003147
1607,-0.016209,0.036703,0.436658,-0.041163,-0.007534,0.004313
1608,-0.012355,0.041717,0.448308,-0.040269,-0.008303,0.004362
1609,0.020511,-0.005079,0.438587,-0.043896,-0.010522,0.003549
1610,0.032310,-0.020492,0.446609,-0.044945,-0.012049,0.004242
1611,-0.008231,0.057266,0.427315,-0.038851,-0.007554,0.004796
1612,-0.027197,-0.033898,0.430674,-0.045797,-0.005555,0.004982
1613,-0.012525,-0.019542,0.438941,-0.044730,-0.007114,0.004357
1614,0.123389,-0.146707,0.463184,-0.054777,-0.020317,0.004126
1615,-0.042597,-0.024767,0.426471,-0.046365,-0.004470,0.005508
1616,0.010140,0.027861,0.471306,-0.041271,-0.011481,0.004960
1617,0.003308,0.036731,0.440621,-0.040818,-0.009373,0.004101
1618,-0.034448,-0.014827,0.412992,-0.045467,-0.004216,0.003698
1619,0.021857,0.045304,0.458496,-0.039573,-0.011443,0.003397
1620,-0.025671,-0.020390,0.425070,-0.045251,-0.005243,0.003868
1621,-0.011209,-0.022403,0.445265,-0.045109,-0.007391,0.003521
1622,-0.019149,-0.023864,0.434975,-0.045381,-0.006010,0.003273
1623,-0.012740,-0.025946,0.444781,-0.045463,-0.006957,0.002765
1624,0.130892,-0.147973,0.460748,-0.055185,-0.020415,0.002607
1625,-0.049256,-0.035485,0.429374,-0.047420,-0.003544,0.005689
1626,-0.012997,-0.010017,0.439153,-0.045496,-0.006873,0.004716
1627,0.002629,0.025640,0.453675,-0.042360,-0.009017,0.004443
1628,-0.019278,0.014393,0.423194,-0.043807,-0.005261,0.004027
1629,-0.005927,-0.005263,0.448996,-0.044913,-0.007559,0.003655
1630,-0.002209,0.003852,0.445451,-0.044212,-0.007609,0.003245
1631,-0.016636,-0.000700,0.429288,-0.044857,-0.005261,0.003419
1632,0.008864,0.027372,0.462558,-0.041963,-0.009253,0.002780
1633,-0.018588,-0.007391,0.427240,-0.045302,-0.004742,0.002755
1634,0.011025,0.020047,0.458631,-0.042339,-0.008852,0.002948
1635,0.130163,-0.110616,0.444604,-0.053233,-0.018400,0.003188
1636,-0.036120,-0.024555,0.433857,-0.047107,-0.003739,0.007023
1637,0.103253,-0.062577,0.462635,-0.049826,-0.017350,0.005976
1638,-0.030202,0.022915,0.442739,-0.043739,-0.005144,0.007156
1639,-0.028217,-0.009202,0.419379,-0.046725,-0.003550,0.007026
1640,-0.011204,-0.001115,0.447931,-0.045641,-0.006381,0.005994
1641,-0.023831,-0.008513,0.431626,-0.046522,-0.004235,0.004806
1642,-0.008154,0.002430,0.449778,-0.045351,-0.006420,0.003474
1643,0.002687,0.018623,0.450720,-0.043862,-0.007380,0.002650
1644,0.008472,0.018306,0.453998,-0.043772,-0.008006,0.002521
1645,-0.010713,0.021203,0.437611,-0.043697,-0.005350,0.003053
1646,-0.000202,0.026158,0.442797,-0.042896,-0.006349,0.002379
1647,0.167787,-0.176047,0.446930,-0.059238,-0.020916,0.002771
1648,0.044077,-0.043171,0.452217,-0.049277,-0.011306,0.005064
1649,-0.044632,-0.020557,0.433935,-0.048310,-0.002490,0.005849
1650,0.030195,0.055074,0.448879,-0.041787,-0.009777,0.005303
1651,-0.034463,-0.012656,0.424027,-0.047655,-0.002614,0.005140
1652,-0.011765,-0.011806,0.441652,-0.047294,-0.005207,0.004392
1653,0.006357,0.017647,0.453004,-0.044586,-0.007434,0.003762
1654,0.006516,0.048499,0.460050,-0.041851,-0.008011,0.003225
1655,-0.010990,0.048904,0.435134,-0.041847,-0.005093,0.002466
1656,-0.006396,0.044790,0.444894,-0.041573,-0.005791,0.001652
1657,0.180737,-0.219880,0.433279,-0.063133,-0.021120,0.000983
1658,0.001039,-0.068494,0.436490,-0.051757,-0.006390,0.005192
1659,-0.002012,0.038783,0.476701,-0.043194,-0.008694,0.004917
1660,-0.011715,0.011298,0.421188,-0.046033,-0.004735,0.004223
1661,0.014637,0.045117,0.449909,-0.042778,-0.008581,0.004376
1662,0.001397,0.043113,0.447004,-0.042675,-0.007257,0.004155
1663,0.058512,-0.042137,0.443335,-0.049321,-0.011966,0.004044
1664,-0.013642,0.015471,0.439768,-0.044693,-0.005643,0.004367
1665,-0.007444,-0.008482,0.426054,-0.046821,-0.005216,0.004049
1666,0.062939,-0.017969,0.469398,-0.046719,-0.013795,0.003894
1667,-0.013677,0.048518,0.436370,-0.041992,-0.005718,0.004300
1668,-0.001002,0.049624,0.449028,-0.041132,-0.007421,0.003503
1669,-0.003840,0.052313,0.442529,-0.040524,-0.006796,0.003034
1670,0.119941,-0.123687,0.445864,-0.054442,-0.017556,0.002579
1671,0.082029,-0.129535,0.432054,-0.055539,-0.013985,0.003857
1672,-0.022638,0.007219,0.448044,-0.044843,-0.006275,0.004251
1673,0.000746,0.048852,0.456281,-0.041262,-0.008880,0.003509
1674,-0.002540,0.052305,0.441167,-0.040886,-0.007898,0.003055
1675,-0.009557,0.048205,0.441219,-0.040788,-0.007278,0.002610
1676,-0.033065,-0.010613,0.418321,-0.045623,-0.003670,0.002162
1677,0.049844,-0.001473,0.468190,-0.043658,-0.013529,0.001834
1678,-0.005609,0.038230,0.439506,-0.040811,-0.007528,0.002229
1679,-0.014655,0.018042,0.434124,-0.042024,-0.006337,0.001654
1680,0.135280,-0.149568,0.444900,-0.055258,-0.019750,0.002006
1681,-0.020215,-0.014262,0.439212,-0.044931,-0.006626,0.002443
1682,0.044978,-0.067922,0.439018,-0.049385,-0.012240,0.002899
1683,-0.030706,-0.007964,0.438390,-0.044848,-0.005930,0.002434
1684,0.064585,-0.033451,0.457832,-0.046366,-0.015372,0.002016
1685,-0.040019,-0.017884,0.425953,-0.045999,-0.004844,0.003017
1686,-0.002097,0.008233,0.463833,-0.043127,-0.010235,0.002463
1687,-0.001624,0.071398,0.390286,-0.038783,-0.006549,0.001747
1688,-0.025244,-0.031266,0.470576,-0.045391,-0.008511,0.001461
1689,-0.004073,-0.022862,0.440399,-0.045345,-0.008588,0.002445
1690,0.012518,0.034559,0.466761,-0.040180,-0.011740,0.003380
1691,-0.037254,-0.013697,0.413343,-0.044981,-0.004422,0.003585
1692,0.011295,0.020719,0.459176,-0.041098,-0.011028,0.003124
1693,-0.032946,-0.025190,0.421338,-0.045331,-0.004986,0.003008
1694,0.056317,-0.024854,0.464879,-0.044404,-0.015128,0.002368
1695,-0.038469,-0.035373,0.419311,-0.046067,-0.004439,0.003125
1696,-0.013892,-0.026611,0.456726,-0.044891,-0.008425,0.002601
1697,0.048243,0.003767,0.454384,-0.042268,-0.013887,0.002021
1698,0.030490,-0.011104,0.444266,-0.043503,-0.011970,0.002912
1699,-0.009766,0.040381,0.426753,-0.039649,-0.007471,0.003488
1700,0.027901,0.018567,0.461472,-0.040462,-0.012553,0.003727
1701,0.088871,-0.111214,0.412774,-0.051727,-0.015078,0.004202
1702,0.025189,-0.031134,0.464564,-0.044767,-0.012788,0.006066
1703,-0.016544,0.029828,0.443693,-0.040561,-0.008309,0.005310
1704,0.000414,0.050905,0.433353,-0.038583,-0.009189,0.004562
1705,-0.017301,0.022120,0.446903,-0.040334,-0.008265,0.003943
1706,0.128603,-0.131003,0.455039,-0.052509,-0.021269,0.004186
1707,-0.044101,-0.037069,0.419917,-0.046134,-0.004798,0.004792
1708,0.003081,0.007367,0.453030,-0.042085,-0.010620,0.004282
1709,-0.032806,-0.026154,0.426326,-0.045364,-0.006001,0.004214
1710,-0.004716,0.007882,0.449770,-0.042157,-0.009656,0.003478
1711,0.007006,0.023727,0.451494,-0.040738,-0.010903,0.003235
1712,-0.009730,0.037246,0.446673,-0.039522,-0.009280,0.003881
1713,-0.013030,0.025541,0.436259,-0.040309,-0.008273,0.002981
1714,-0.001917,0.017867,0.443440,-0.040470,-0.009424,0.003320
1715,0.000719,0.018508,0.443361,-0.040118,-0.009548,0.003693
1716,0.045358,0.007573,0.449819,-0.040610,-0.013706,0.004220
1717,-0.035377,-0.018220,0.416806,-0.043192,-0.004775,0.005633
1718,-0.008180,0.056518,0.428620,-0.036533,-0.007407,0.004878
1719,0.184518,-0.200881,0.477493,-0.056173,-0.026555,0.005045
1720,0.064380,-0.114764,0.432013,-0.051515,-0.014809,0.007245
1721,-0.058478,-0.057063,0.426422,-0.047655,-0.003942,0.005555
1722,-0.001598,0.068991,0.391052,-0.037857,-0.006822,0.003993
1723,0.011133,0.017580,0.530143,-0.039237,-0.015604,0.003423
1724,-0.039361,-0.020315,0.413947,-0.044719,-0.004985,0.002715
1725,-0.028893,-0.053296,0.423961,-0.047309,-0.005994,0.002217
1726,0.002153,-0.014454,0.454380,-0.043752,-0.010311,0.002376
1727,-0.004706,-0.016122,0.437487,-0.044317,-0.008918,0.003137
1728,-0.011682,0.007136,0.448591,-0.042314,-0.008897,0.003706
1729,-0.008359,-0.007907,0.438468,-0.043766,-0.008463,0.004263
1730,-0.016428,-0.008690,0.433993,-0.043962,-0.007339,0.004951
1731,-0.009239,-0.003827,0.446756,-0.043451,-0.008538,0.005008
1732,-0.004601,0.011065,0.452283,-0.042065,-0.009173,0.004932
1733,-0.025233,-0.021791,0.428757,-0.045205,-0.005891,0.005053
1734,-0.028890,-0.022659,0.437456,-0.045280,-0.005808,0.003878
1735,0.074909,-0.080583,0.446007,-0.049863,-0.015152,0.002399
1736,-0.026249,-0.024896,0.442410,-0.045768,-0.006273,0.004217
1737,-0.018635,-0.008854,0.434591,-0.044936,-0.006217,0.003678
1738,-0.007794,0.000227,0.441264,-0.044198,-0.007287,0.003121
1739,-0.002252,0.001403,0.449436,-0.043993,-0.008020,0.003154
1740,-0.010694,0.004425,0.449922,-0.043792,-0.007252,0.003413
1741,0.133160,-0.117789,0.458962,-0.053727,-0.020229,0.002110
1742,-0.045021,0.001786,0.414482,-0.045531,-0.002625,0.005680
1743,-0.010314,-0.004324,0.451039,-0.045450,-0.007171,0.004921
1744,-0.014300,-0.033665,0.429654,-0.048341,-0.005426,0.003921
1745,0.009374,0.038811,0.477347,-0.041814,-0.010115,0.003901
1746,-0.004515,0.016406,0.430578,-0.044337,-0.006322,0.002937
1747,-0.021240,-0.008836,0.430139,-0.046422,-0.004470,0.003270
1748,0.009900,0.043567,0.464572,-0.041447,-0.008949,0.002897
1749,-0.022053,0.015690,0.425795,-0.044245,-0.003828,0.002332
1750,0.129708,-0.096359,0.462468,-0.052578,-0.018743,0.001820
1751,-0.011501,-0.046459,0.423514,-0.049676,-0.004637,0.004704
1752,0.058523,-0.075702,0.454270,-0.052120,-0.012287,0.005119
1753,-0.032113,-0.003554,0.432821,-0.047234,-0.003391,0.005160
1754,0.012729,0.043711,0.444856,-0.043036,-0.007684,0.004159
1755,-0.020962,-0.003143,0.441485,-0.046931,-0.004317,0.004078
1756,0.003613,0.017731,0.452447,-0.044886,-0.006908,0.003417
1757,-0.000135,0.031108,0.440524,-0.043895,-0.005867,0.002929
1758,-0.008923,-0.004853,0.432097,-0.046852,-0.004319,0.002693
1759,0.019689,0.041735,0.470682,-0.042267,-0.008881,0.002662
1760,0.142438,-0.085769,0.430249,-0.053130,-0.017258,0.002548
1761,0.024100,-0.010607,0.456507,-0.046976,-0.008982,0.005001
1762,0.022648,-0.019092,0.440307,-0.048166,-0.008039,0.004952
1763,-0.005661,0.051917,0.450847,-0.042291,-0.006303,0.004925
1764,0.071621,-0.065780,0.444848,-0.051670,-0.012528,0.004215
1765,0.031914,-0.038603,0.438080,-0.049974,-0.008991,0.004948
1766,-0.002354,0.055801,0.455708,-0.042248,-0.007291,0.005108
1767,-0.016230,0.028459,0.434016,-0.044392,-0.004720,0.004412
1768,-0.000883,0.023382,0.440180,-0.044381,-0.006160,0.003977
1769,0.053941,-0.016133,0.459220,-0.047008,-0.012051,0.003788
1770,0.049902,-0.080553,0.421709,-0.052941,-0.009805,0.004283
1771,0.032174,-0.072862,0.447575,-0.052343,-0.009857,0.004662
1772,0.020669,0.042885,0.457015,-0.043220,-0.009977,0.004827
1773,-0.008275,0.042740,0.419813,-0.043400,-0.005536,0.004449
1774,-0.005468,0.058049,0.448445,-0.041499,-0.007158,0.003719
1775,0.009513,0.032634,0.450707,-0.042847,-0.008294,0.004187
1776,0.152181,-0.165044,0.457140,-0.058893,-0.021043,0.004229
1777,-0.016727,0.046151,0.448070,-0.042550,-0.006849,0.005096
1778,-0.013603,0.027002,0.431317,-0.044028,-0.006062,0.004305
1779,0.004075,0.041716,0.455082,-0.042068,-0.009030,0.003741
1780,-0.015807,0.047344,0.435166,-0.041484,-0.006302,0.002857
1781,-0.013625,0.019447,0.431812,-0.043320,-0.006068,0.002126
1782,0.001987,0.024205,0.444459,-0.042289,-0.008008,0.001749
1783,0.106759,-0.094700,0.435481,-0.051764,-0.016549,0.001822
1784,0.188534,-0.253001,0.449016,-0.064967,-0.024956,0.005292
1785,-0.046748,-0.034765,0.442301,-0.048784,-0.005191,0.006875
1786,0.005079,0.041377,0.468941,-0.042308,-0.011338,0.006075
1787,-0.007022,0.044146,0.439758,-0.042264,-0.009050,0.005288
1788,-0.019693,0.022628,0.429346,-0.043982,-0.007390,0.004369
1789,-0.023015,-0.009841,0.425704,-0.046547,-0.006710,0.003769
1790,-0.011142,-0.010359,0.439056,-0.046291,-0.008417,0.003156
1791,-0.003959,0.009503,0.450830,-0.044379,-0.009854,0.002669
1792,-0.020124,-0.011326,0.429586,-0.046320,-0.007303,0.002043
1793,-0.010519,-0.011620,0.440300,-0.046072,-0.008656,0.001489
1794,-0.002446,0.020514,0.448648,-0.043162,-0.009917,0.001175
1795,-0.021382,0.002932,0.430168,-0.044662,-0.007217,0.000742
1796,0.013112,0.037295,0.462826,-0.040958,-0.012107,0.000266
1797,-0.011964,0.040304,0.446719,-0.040654,-0.009224,-0.000061
1798,-0.005140,0.041328,0.436480,-0.040220,-0.009173,-0.000525
1799,-0.016381,0.039466,0.445613,-0.039697,-0.008559,-0.000778
1800,0.195712,-0.241884,0.446382,-0.062379,-0.026703,-0.001135
1801,0.006034,-0.069770,0.421787,-0.049795,-0.009711,0.001882
1802,-0.007805,0.040225,0.473429,-0.040435,-0.011596,0.002399
1803,0.047162,-0.093030,0.424576,-0.051845,-0.013721,0.002185
1804,-0.040183,0.000853,0.442795,-0.044350,-0.007411,0.002065
1805,-0.008091,0.025360,0.445234,-0.042206,-0.010211,0.001087
1806,-0.025365,-0.012995,0.424773,-0.045556,-0.007418,0.001046
1807,-0.009443,-0.011449,0.439723,-0.045159,-0.009444,0.000938
1808,-0.008041,-0.011904,0.440277,-0.045183,-0.009562,0.001079
1809,0.007495,0.034998,0.466176,-0.040822,-0.012540,0.001310
1810,-0.013159,0.043485,0.441202,-0.040270,-0.009535,0.000962
1811,-0.018118,0.022261,0.431653,-0.041801,-0.008333,0.000568
1812,-0.021938,-0.013773,0.424563,-0.044605,-0.007195,0.000557
1813,-0.006284,-0.014577,0.440186,-0.044253,-0.009129,0.000696
1814,-0.005539,0.004857,0.439036,-0.042526,-0.009001,0.001143
1815,0.131185,-0.127401,0.468941,-0.052650,-0.022520,0.001566
1816,-0.033763,-0.023746,0.429759,-0.045592,-0.006594,0.003455
1817,0.015636,-0.046220,0.433186,-0.047396,-0.010862,0.003393
1818,-0.003232,0.070110,0.391433,-0.038499,-0.007172,0.004070
1819,0.094828,-0.100488,0.525387,-0.049823,-0.022827,0.003926
1820,-0.042152,-0.004198,0.425360,-0.044626,-0.005924,0.005142
1821,-0.009603,0.009285,0.442727,-0.043102,-0.009359,0.004711
1822,-0.014428,0.001982,0.437424,-0.043785,-0.008541,0.004309
1823,-0.000850,0.017770,0.446876,-0.042233,-0.010154,0.003971
1824,-0.047150,-0.057545,0.422739,-0.048846,-0.004501,0.003942
1825,-0.006521,-0.028511,0.449366,-0.046034,-0.009315,0.002581
1826,-0.007767,-0.000484,0.439390,-0.044104,-0.008607,0.002047
1827,0.071396,-0.009803,0.459655,-0.044420,-0.016601,0.001953
1828,0.085131,-0.101818,0.442900,-0.052480,-0.017151,0.004546
1829,-0.011886,0.036859,0.432152,-0.041828,-0.008419,0.004909
1830,-0.051532,-0.030628,0.434912,-0.047405,-0.004544,0.004955
1831,-0.010673,-0.031815,0.434172,-0.047539,-0.007709,0.004157
1832,-0.024580,-0.036495,0.440629,-0.048067,-0.006801,0.003381
1833,0.078713,-0.111338,0.444783,-0.054251,-0.015990,0.002472
1834,-0.038755,-0.011512,0.436547,-0.047124,-0.005638,0.004119
1835,-0.003834,0.063808,0.417599,-0.041211,-0.007287,0.003393
1836,0.071173,-0.061083,0.487438,-0.049859,-0.017463,0.003416
1837,0.004150,-0.073138,0.421529,-0.052894,-0.008405,0.004629
1838,0.010588,0.023877,0.479238,-0.044656,-0.012299,0.005066
1839,-0.029940,-0.003244,0.423696,-0.047751,-0.005567,0.005279
1840,-0.011701,-0.000912,0.439049,-0.047405,-0.007657,0.004557
1841,-0.009268,-0.003370,0.440035,-0.047685,-0.007742,0.004032
1842,-0.029294,-0.040310,0.428002,-0.051089,-0.005004,0.003718
1843,0.008638,-0.001332,0.453206,-0.047524,-0.009529,0.002975
1844,-0.018744,-0.037462,0.427274,-0.051230,-0.005534,0.002863
1845,0.009988,0.002412,0.458388,-0.047605,-0.009607,0.002663
1846,-0.006048,-0.003323,0.442642,-0.048363,-0.007300,0.002713
1847,0.032576,0.044009,0.466372,-0.044042,-0.012050,0.002426
1848,-0.008077,0.061148,0.432469,-0.043143,-0.006586,0.002536
1849,0.011570,0.040192,0.458369,-0.043827,-0.009305,0.002924
1850,0.003810,0.052653,0.445526,-0.042770,-0.007769,0.002511
1851,0.005335,0.051778,0.446054,-0.042268,-0.007622,0.002663
1852,0.012074,0.045864,0.437181,-0.042304,-0.007437,0.002771
1853,0.003683,0.049246,0.450180,-0.041410,-0.007155,0.002918
1854,0.443313,-0.599864,0.437392,-0.094643,-0.043945,0.003067
1855,-0.036519,-0.027868,0.439792,-0.051189,-0.004696,0.004086
1856,0.003463,-0.015345,0.447826,-0.050392,-0.008419,0.004503
1857,0.019655,-0.035967,0.467771,-0.052181,-0.011275,0.004504
1858,-0.000336,0.047965,0.408413,-0.046892,-0.006695,0.004973
1859,0.011757,0.045452,0.447595,-0.046327,-0.010043,0.004980
1860,0.025748,-0.008270,0.487769,-0.050121,-0.013783,0.004442
1861,-0.060002,-0.036397,0.398584,-0.054240,-0.001377,0.005291
1862,-0.026104,-0.001110,0.425227,-0.050993,-0.005282,0.004085
1863,0.004147,0.027684,0.468550,-0.047934,-0.010377,0.003196
1864,-0.020047,-0.037823,0.416496,-0.054297,-0.005171,0.002122
1865,0.037180,0.054283,0.431529,-0.046484,-0.011232,0.001581
1866,-0.022422,0.008215,0.466063,-0.049855,-0.008397,0.001141
1867,0.007822,0.051471,0.462258,-0.046012,-0.010806,0.000769
1868,0.001859,0.059294,0.401839,-0.045838,-0.007072,0.000279
1869,-0.005520,0.053261,0.496623,-0.044536,-0.011526,-0.000280
1870,-0.028602,-0.000597,0.404856,-0.049837,-0.004070,0.000114
1871,0.105469,-0.072496,0.442859,-0.054778,-0.017475,-0.000122
1872,0.080381,-0.079866,0.445526,-0.055575,-0.016053,0.002182
1873,0.059799,-0.071372,0.448096,-0.055162,-0.014832,0.001509
1874,0.131450,-0.204312,0.460879,-0.066464,-0.021964,0.001310
1875,-0.038176,0.027427,0.443924,-0.049238,-0.007177,0.002874
1876,-0.027497,-0.004676,0.433889,-0.051861,-0.007260,0.002391
1877,-0.023932,-0.005420,0.436552,-0.051914,-0.007668,0.001655
1878,-0.022382,-0.001488,0.442381,-0.051604,-0.008136,0.000712
1879,-0.024763,-0.004350,0.436147,-0.051924,-0.007555,-0.000144
1880,0.023916,0.061229,0.452505,-0.046118,-0.012965,-0.001037
1881,-0.001199,0.059653,0.414000,-0.046392,-0.008992,-0.001215
1882,-0.036483,0.022339,0.465354,-0.048463,-0.008395,-0.001495
1883,0.012420,0.017760,0.440807,-0.048777,-0.010924,-0.000946
1884,-0.015817,0.019910,0.444051,-0.048191,-0.008559,0.000577
1885,-0.018507,-0.002932,0.435408,-0.049901,-0.007607,0.000522
1886,0.006952,0.005511,0.439946,-0.048754,-0.009925,0.000471
1887,0.009875,0.056247,0.458154,-0.043869,-0.011373,0.000629
1888,0.049198,-0.006162,0.459587,-0.048539,-0.014784,0.000663
1889,0.187913,-0.201905,0.437176,-0.064685,-0.025465,0.002246
1890,-0.023023,0.026583,0.455250,-0.046513,-0.009116,0.004244
1891,0.001062,0.061226,0.418879,-0.044049,-0.009273,0.004474
1892,0.098087,-0.115452,0.463748,-0.057374,-0.020003,0.004292
1893,-0.038408,-0.000761,0.426092,-0.049235,-0.006447,0.004803
1894,-0.008512,0.003410,0.444348,-0.048354,-0.009832,0.004337
1895,0.010803,0.057752,0.428813,-0.043795,-0.010910,0.004095
1896,-0.033822,-0.017874,0.444646,-0.049415,-0.007705,0.003679
1897,0.081693,-0.085019,0.444173,-0.054676,-0.017479,0.003144
1898,-0.044616,-0.024182,0.440541,-0.050146,-0.006645,0.005407
1899,-0.011105,0.017470,0.450097,-0.046427,-0.010016,0.004110
1900,-0.036467,-0.017733,0.430301,-0.049537,-0.006611,0.003841
1901,-0.031320,-0.019167,0.433919,-0.049490,-0.007038,0.002518
1902,0.057980,-0.064566,0.449990,-0.052864,-0.015645,0.001093
1903,0.168743,-0.242865,0.454263,-0.067805,-0.025778,0.003795
1904,-0.040832,-0.006293,0.439606,-0.050272,-0.007744,0.005577
1905,-0.024340,-0.006694,0.436901,-0.050388,-0.008739,0.004940
1906,0.004591,-0.004159,0.465531,-0.049745,-0.013117,0.004243
1907,-0.008893,0.055706,0.415311,-0.045646,-0.009569,0.002777
1908,-0.050662,-0.007845,0.444837,-0.050433,-0.007125,0.002076
1909,-0.000396,0.041852,0.458370,-0.045885,-0.011997,0.001308
1910,-0.041217,-0.010087,0.418652,-0.050609,-0.006008,0.000536
1911,0.011255,0.038019,0.470105,-0.045488,-0.013267,-0.000110
1912,-0.026860,-0.011481,0.440794,-0.050072,-0.008468,-0.000409
1913,-0.013786,0.055090,0.432788,-0.044411,-0.008908,-0.001550
1914,0.036850,0.026204,0.454844,-0.045874,-0.014143,-0.001518
1915,0.005678,0.037792,0.437620,-0.044847,-0.010522,0.001019
1916,-0.001638,0.038401,0.446361,-0.044226,-0.010282,0.001313
1917,-0.014428,0.043720,0.434999,-0.043549,-0.008133,0.001509
1918,0.231957,-0.285957,0.461350,-0.069679,-0.030410,0.002055
1919,-0.016052,0.058816,0.420746,-0.043344,-0.007869,0.001559
1920,0.019416,0.022883,0.472850,-0.044759,-0.013676,0.002105
1921,-0.068946,-0.016738,0.385739,-0.049642,-0.000938,0.002349
1922,0.029713,0.054116,0.479532,-0.041779,-0.014334,0.001680
1923,0.020642,0.011144,0.458443,-0.045082,-0.012670,0.002341
1924,-0.016404,0.057993,0.426284,-0.041584,-0.007686,0.002883
1925,-0.000821,0.048849,0.442046,-0.041189,-0.009404,0.003203
1926,0.113445,-0.118275,0.460258,-0.053980,-0.020198,0.003398
1927,0.183182,-0.258851,0.426913,-0.066691,-0.024885,0.004785
1928,-0.058759,-0.037996,0.438228,-0.050062,-0.005159,0.006163
1929,-0.006068,-0.006054,0.444046,-0.047657,-0.009933,0.005481
1930,0.002440,0.026212,0.464196,-0.044649,-0.012224,0.004619
1931,-0.023857,0.021634,0.426408,-0.045565,-0.007932,0.003771
1932,-0.024150,0.002797,0.432392,-0.046856,-0.007971,0.003265
1933,0.001143,0.042864,0.451692,-0.043023,-0.011264,0.002404
1934,-0.022217,0.020187,0.435408,-0.044854,-0.008280,0.001771
1935,-0.021353,0.004158,0.434067,-0.045928,-0.008000,0.001184
