Step,Fx(N),Fy(N),Fz(N),Tx(Nm),Ty(Nm),Tz(Nm)
1,0.000000,-0.000000,0.000000,0.000000,-0.000000,0.000000
2,-0.876089,-0.740382,0.515798,0.085827,-0.113554,0.000000
3,-0.854477,-0.731680,0.505350,0.086433,-0.110832,-0.004053
4,-0.833533,-0.724889,0.493583,0.086920,-0.107957,0.003181
5,-0.811043,-0.714610,0.484193,0.087524,-0.105512,-0.009613
6,-0.790937,-0.709897,0.470722,0.087690,-0.102433,0.013102
7,-0.766225,-0.694245,0.464718,0.088280,-0.100566,-0.027126
8,-0.749236,-0.696543,0.445806,0.087667,-0.096599,0.044235
9,-0.718087,-0.665230,0.450227,0.088659,-0.096362,-0.082239
10,-0.711549,-0.691506,0.413736,0.086209,-0.089489,0.142024
11,-0.660952,-0.613486,0.450410,0.089245,-0.094344,-0.255492
12,-0.687967,-0.718057,0.357878,0.081893,-0.078299,0.449281
13,-0.579460,-0.417832,0.443937,0.097063,-0.092293,-0.599325
14,-0.671750,-0.789729,0.319571,0.068886,-0.069098,0.749460
15,-0.510389,-0.202395,0.405735,0.102373,-0.085841,-0.748377
16,-0.627587,-0.721565,0.298981,0.058384,-0.063601,0.749100
17,-0.470028,-0.133851,0.386563,0.090700,-0.081122,-0.748605
18,-0.583494,-0.651292,0.280507,0.045922,-0.058070,0.748876
19,-0.429818,-0.064620,0.369332,0.077636,-0.076278,-0.748720
20,-0.539972,-0.581787,0.263585,0.032598,-0.052638,0.748743
21,-0.389605,0.002708,0.353806,0.064192,-0.071257,-0.748763
22,-0.496974,-0.515473,0.247945,0.019347,-0.047291,0.748667
23,-0.349421,0.065861,0.339678,0.051215,-0.066061,-0.748767
24,-0.454533,-0.454375,0.233305,0.006928,-0.042024,0.748616
25,-0.309362,0.123071,0.326661,0.039353,-0.060709,-0.748755
26,-0.412693,-0.399898,0.219411,-0.004125,-0.036830,0.748572
27,-0.269593,0.173132,0.314464,0.029060,-0.055236,-0.748743
28,-0.371566,-0.352957,0.206012,-0.013456,-0.031714,0.748519
29,-0.230313,0.215423,0.302825,0.020586,-0.049691,-0.748742
30,-0.331249,-0.313895,0.192922,-0.020902,-0.026673,0.748452
31,-0.191800,0.249843,0.291491,0.014016,-0.044141,-0.748756
32,-0.291921,-0.282539,0.179958,-0.026467,-0.021731,0.748368
33,-0.154306,0.276727,0.280274,0.009294,-0.038652,-0.748785
34,-0.253734,-0.258355,0.167012,-0.030265,-0.016903,0.748267
35,-0.118075,0.296788,0.269043,0.006241,-0.033291,-0.748826
36,-0.216843,-0.240468,0.154025,-0.032524,-0.012215,0.748156
37,-0.083325,0.310988,0.257726,0.004606,-0.028118,-0.748876
38,-0.181372,-0.227869,0.141005,-0.033510,-0.007685,0.748036
39,-0.050231,0.320394,0.246310,0.004105,-0.023185,-0.748927
40,-0.147496,-0.219413,0.127957,-0.033534,-0.003356,0.747916
41,-0.018944,0.326093,0.234809,0.004439,-0.018541,-0.748976
42,-0.115295,-0.214039,0.114956,-0.032882,0.000758,0.747800
43,0.010444,0.329193,0.223283,0.005312,-0.014215,-0.749019
44,-0.084826,-0.210710,0.102088,-0.031834,0.004638,0.747692
45,0.037920,0.330638,0.211825,0.006465,-0.010220,-0.749050
46,-0.056117,-0.208546,0.089452,-0.030626,0.008274,0.747596
47,0.063490,0.331246,0.200525,0.007687,-0.006561,-0.749067
48,-0.029200,-0.206809,0.077130,-0.029452,0.011649,0.747515
49,0.087232,0.331680,0.189503,0.008798,-0.003224,-0.749069
50,-0.004020,-0.204939,0.065224,-0.028457,0.014772,0.747449
51,0.109161,0.332409,0.178808,0.009687,-0.000209,-0.749056
52,0.019461,-0.202574,0.053806,-0.027728,0.017646,0.747400
53,0.129434,0.333769,0.168557,0.010267,0.002522,-0.749028
54,0.041338,-0.199467,0.042954,-0.027319,0.020289,0.747365
55,0.148189,0.335911,0.158823,0.010514,0.005002,-0.748985
56,0.061721,-0.195543,0.032722,-0.027237,0.022721,0.747345
57,0.165521,0.338866,0.149642,0.010433,0.007255,-0.748932
58,0.080668,-0.190820,0.023135,-0.027465,0.024954,0.747336
59,0.181566,0.342573,0.141059,0.010055,0.009316,-0.748868
60,0.098304,-0.185409,0.014225,-0.027959,0.027014,0.747336
61,0.196414,0.346895,0.133087,0.009430,0.011208,-0.748798
62,0.114697,-0.179477,0.005986,-0.028661,0.028914,0.747345
63,0.210203,0.351694,0.125748,0.008611,0.012968,-0.748724
64,0.129950,-0.173191,-0.001579,-0.029513,0.030678,0.747359
65,0.223028,0.356762,0.119047,0.007664,0.014620,-0.748646
66,0.144132,-0.166761,-0.008483,-0.030455,0.032320,0.747375
67,0.234886,0.361908,0.112933,0.006650,0.016161,-0.748567
68,0.157275,-0.160374,-0.014762,-0.031423,0.033844,0.747394
69,0.245867,0.366902,0.107416,0.005620,0.017611,-0.748489
70,0.169457,-0.154231,-0.020427,-0.032376,0.035262,0.747414
71,0.256005,0.371511,0.102471,0.004623,0.018973,-0.748411
72,0.180727,-0.148550,-0.025499,-0.033272,0.036582,0.747434
73,0.265355,0.375648,0.098075,0.003703,0.020261,-0.748336
74,0.191098,-0.143425,-0.030024,-0.034067,0.037805,0.747454
75,0.273897,0.379242,0.094175,0.002892,0.021468,-0.748264
76,0.200586,-0.138898,-0.034043,-0.034741,0.038935,0.747472
77,0.281625,0.382258,0.090735,0.002208,0.022589,-0.748197
78,0.209197,-0.134918,-0.037590,-0.035284,0.039974,0.747487
79,0.288545,0.384751,0.087717,0.001657,0.023626,-0.748135
80,0.216900,-0.131449,-0.040715,-0.035693,0.040911,0.747497
81,0.294642,0.386784,0.085088,0.001231,0.024572,-0.748079
82,0.223758,-0.128465,-0.043414,-0.035990,0.041759,0.747504
83,0.299905,0.388362,0.082825,0.000917,0.025418,-0.748029
84,0.229733,-0.125916,-0.045731,-0.036192,0.042502,0.747508
85,0.304326,0.389583,0.080906,0.000689,0.026158,-0.747983
86,0.234811,-0.123759,-0.047696,-0.036318,0.043130,0.747510
87,0.307876,0.390445,0.079293,0.000537,0.026777,-0.747940
88,0.239015,-0.121969,-0.049328,-0.036379,0.043644,0.747511
89,0.310584,0.391031,0.077979,0.000437,0.027279,-0.747902
90,0.242353,-0.120468,-0.050646,-0.036404,0.044040,0.747512
91,0.312488,0.391381,0.076949,0.000376,0.027667,-0.747866
92,0.244878,-0.119204,-0.051657,-0.036406,0.044326,0.747511
93,0.313594,0.391521,0.076184,0.000344,0.027940,-0.747833
94,0.246586,-0.118177,-0.052395,-0.036387,0.044498,0.747511
95,0.313900,0.391493,0.075654,0.000328,0.028093,-0.747802
96,0.247505,-0.117359,-0.052879,-0.036357,0.044558,0.747510
97,0.313460,0.391323,0.075352,0.000322,0.028135,-0.747772
98,0.247658,-0.116702,-0.053130,-0.036327,0.044506,0.747510
99,0.312336,0.391010,0.075268,0.000325,0.028079,-0.747745
100,0.247148,-0.116240,-0.053146,-0.036288,0.044368,0.747510
101,0.310558,0.390582,0.075388,0.000331,0.027931,-0.747720
102,0.245977,-0.115928,-0.052955,-0.036249,0.044136,0.747509
103,0.308164,0.390021,0.075689,0.000350,0.027696,-0.747697
104,0.244147,-0.115824,-0.052592,-0.036198,0.043811,0.747510
105,0.305168,0.389314,0.076150,0.000379,0.027375,-0.747676
106,0.241743,-0.115881,-0.052055,-0.036143,0.043409,0.747511
107,0.301631,0.388468,0.076762,0.000420,0.026981,-0.747656
108,0.238827,-0.116149,-0.051358,-0.036070,0.042945,0.747511
109,0.297630,0.387473,0.077518,0.000482,0.026531,-0.747638
110,0.235408,-0.116600,-0.050527,-0.035984,0.042416,0.747511
111,0.293155,0.386327,0.078393,0.000561,0.026020,-0.747622
112,0.231518,-0.117270,-0.049583,-0.035875,0.041827,0.747512
113,0.288224,0.384995,0.079359,0.000669,0.025448,-0.747609
114,0.227176,-0.118167,-0.048547,-0.035741,0.041181,0.747513
115,0.282912,0.383517,0.080421,0.000798,0.024833,-0.747596
116,0.222428,-0.119238,-0.047426,-0.035591,0.040485,0.747513
117,0.277207,0.381848,0.081546,0.000957,0.024168,-0.747586
118,0.217321,-0.120549,-0.046238,-0.035411,0.039750,0.747514
119,0.271135,0.379996,0.082718,0.001149,0.023457,-0.747578
120,0.211818,-0.122086,-0.045018,-0.035200,0.038961,0.747514
121,0.264738,0.377974,0.083931,0.001370,0.022707,-0.747571
122,0.205982,-0.123831,-0.043767,-0.034963,0.038134,0.747514
123,0.258031,0.375798,0.085169,0.001614,0.021918,-0.747566
124,0.199868,-0.125759,-0.042487,-0.034707,0.037277,0.747514
125,0.251031,0.373457,0.086413,0.001891,0.021093,-0.747562
126,0.193434,-0.127887,-0.041216,-0.034425,0.036376,0.747514
127,0.243752,0.370956,0.087652,0.002193,0.020230,-0.747560
128,0.186711,-0.130198,-0.039961,-0.034119,0.035438,0.747514
129,0.236217,0.368305,0.088874,0.002519,0.019333,-0.747560
130,0.179767,-0.132681,-0.038720,-0.033794,0.034476,0.747514
131,0.228468,0.365526,0.090076,0.002868,0.018410,-0.747560
132,0.172582,-0.135328,-0.037518,-0.033449,0.033481,0.747514
133,0.220512,0.362612,0.091243,0.003241,0.017459,-0.747562
134,0.165185,-0.138142,-0.036361,-0.033083,0.032459,0.747514
135,0.212340,0.359567,0.092355,0.003638,0.016473,-0.747565
136,0.157590,-0.141097,-0.035260,-0.032699,0.031409,0.747515
137,0.204002,0.356406,0.093415,0.004053,0.015464,-0.747570
138,0.149846,-0.144181,-0.034214,-0.032302,0.030342,0.747515
139,0.195537,0.353173,0.094424,0.004478,0.014437,-0.747575
140,0.141945,-0.147370,-0.033240,-0.031894,0.029252,0.747517
141,0.186955,0.349847,0.095368,0.004921,0.013393,-0.747580
142,0.133918,-0.150668,-0.032341,-0.031475,0.028143,0.747517
143,0.178256,0.346434,0.096235,0.005376,0.012328,-0.747587
144,0.125818,-0.154066,-0.031512,-0.031044,0.027027,0.747519
145,0.169488,0.342953,0.097029,0.005845,0.011252,-0.747594
146,0.117639,-0.157529,-0.030767,-0.030609,0.025899,0.747520
147,0.160680,0.339406,0.097749,0.006317,0.010166,-0.747602
148,0.109420,-0.161086,-0.030107,-0.030166,0.024765,0.747522
149,0.151843,0.335773,0.098387,0.006800,0.009073,-0.747610
150,0.101144,-0.164757,-0.029548,-0.029711,0.023617,0.747525
151,0.142987,0.332060,0.098935,0.007292,0.007969,-0.747618
152,0.092907,-0.168493,-0.029069,-0.029251,0.022478,0.747528
153,0.134191,0.328294,0.099408,0.007793,0.006876,-0.747626
154,0.084704,-0.172316,-0.028684,-0.028777,0.021345,0.747532
155,0.125446,0.324465,0.099791,0.008309,0.005788,-0.747635
156,0.076525,-0.176178,-0.028399,-0.028299,0.020214,0.747536
157,0.116728,0.320614,0.100074,0.008831,0.004698,-0.747645
158,0.068413,-0.180085,-0.028212,-0.027812,0.019093,0.747539
159,0.108106,0.316743,0.100271,0.009358,0.003619,-0.747655
160,0.060384,-0.183998,-0.028123,-0.027322,0.017985,0.747544
161,0.099621,0.312881,0.100385,0.009888,0.002563,-0.747665
162,0.052481,-0.187919,-0.028125,-0.026830,0.016899,0.747548
163,0.091246,0.309031,0.100404,0.010419,0.001520,-0.747675
164,0.044676,-0.191834,-0.028231,-0.026337,0.015825,0.747552
165,0.082984,0.305200,0.100324,0.010951,0.000487,-0.747686
166,0.037011,-0.195722,-0.028435,-0.025843,0.014773,0.747557
167,0.074889,0.301416,0.100157,0.011476,-0.000524,-0.747697
168,0.029532,-0.199562,-0.028726,-0.025359,0.013752,0.747562
169,0.066967,0.297676,0.099898,0.012000,-0.001511,-0.747707
170,0.022157,-0.203359,-0.029131,-0.024878,0.012739,0.747568
171,0.059211,0.294008,0.099546,0.012512,-0.002480,-0.747718
172,0.014971,-0.207084,-0.029629,-0.024407,0.011756,0.747573
173,0.051646,0.290417,0.099101,0.013013,-0.003424,-0.747730
174,0.007971,-0.210735,-0.030224,-0.023946,0.010799,0.747578
175,0.044279,0.286891,0.098563,0.013507,-0.004345,-0.747741
176,0.001183,-0.214299,-0.030911,-0.023498,0.009873,0.747584
177,0.037119,0.283456,0.097933,0.013990,-0.005241,-0.747752
178,-0.005430,-0.217778,-0.031701,-0.023060,0.008968,0.747590
179,0.030162,0.280123,0.097209,0.014455,-0.006114,-0.747763
180,-0.011827,-0.221152,-0.032585,-0.022638,0.008092,0.747596
181,0.023441,0.276887,0.096398,0.014907,-0.006956,-0.747773
182,-0.018003,-0.224424,-0.033562,-0.022229,0.007247,0.747603
183,0.016972,0.273770,0.095504,0.015338,-0.007765,-0.747784
184,-0.023919,-0.227592,-0.034625,-0.021833,0.006442,0.747609
185,0.010739,0.270750,0.094518,0.015759,-0.008545,-0.747794
186,-0.029630,-0.230627,-0.035784,-0.021459,0.005660,0.747616
187,0.004768,0.267855,0.093452,0.016158,-0.009291,-0.747804
188,-0.035085,-0.233555,-0.037031,-0.021098,0.004915,0.747623
189,-0.000965,0.265058,0.092295,0.016545,-0.010009,-0.747813
190,-0.040297,-0.236373,-0.038366,-0.020749,0.004203,0.747630
191,-0.006436,0.262391,0.091057,0.016913,-0.010692,-0.747823
192,-0.045237,-0.239072,-0.039783,-0.020417,0.003531,0.747638
193,-0.011667,0.259825,0.089731,0.017266,-0.011349,-0.747832
194,-0.049972,-0.241661,-0.041297,-0.020096,0.002880,0.747644
195,-0.016608,0.257372,0.088330,0.017605,-0.011965,-0.747842
196,-0.054414,-0.244111,-0.042884,-0.019795,0.002274,0.747652
197,-0.021296,0.255032,0.086848,0.017928,-0.012551,-0.747850
198,-0.058602,-0.246449,-0.044554,-0.019508,0.001701,0.747660
199,-0.025709,0.252820,0.085291,0.018233,-0.013099,-0.747858
200,-0.062534,-0.248672,-0.046304,-0.019233,0.001163,0.747667
201,-0.029851,0.250713,0.083661,0.018525,-0.013612,-0.747866
202,-0.066220,-0.250783,-0.048134,-0.018971,0.000657,0.747674
203,-0.033749,0.248711,0.081952,0.018802,-0.014096,-0.747875
204,-0.069647,-0.252790,-0.050039,-0.018719,0.000188,0.747682
205,-0.037364,0.246831,0.080177,0.019062,-0.014540,-0.747882
206,-0.072807,-0.254653,-0.052014,-0.018488,-0.000246,0.747689
207,-0.040748,0.245048,0.078326,0.019312,-0.014959,-0.747889
208,-0.075724,-0.256402,-0.054061,-0.018272,-0.000647,0.747696
209,-0.043866,0.243395,0.076413,0.019538,-0.015341,-0.747897
210,-0.078395,-0.258046,-0.056179,-0.018068,-0.001015,0.747703
211,-0.046733,0.241840,0.074433,0.019755,-0.015692,-0.747903
212,-0.080851,-0.259568,-0.058368,-0.017879,-0.001359,0.747711
213,-0.049360,0.240402,0.072392,0.019952,-0.016011,-0.747909
214,-0.083017,-0.260979,-0.060610,-0.017704,-0.001657,0.747718
215,-0.051728,0.239056,0.070294,0.020140,-0.016294,-0.747916
216,-0.084977,-0.262302,-0.062921,-0.017536,-0.001930,0.747725
217,-0.053889,0.237831,0.068135,0.020308,-0.016554,-0.747921
218,-0.086690,-0.263485,-0.065285,-0.017392,-0.002169,0.747732
219,-0.055814,0.236695,0.065923,0.020466,-0.016781,-0.747927
220,-2.053232,0.943374,3.412914,0.135098,0.046855,0.747733
221,-2.296014,-0.345118,15.937508,0.319742,-0.548847,-0.817065
222,0.148963,0.058358,0.212609,-0.003643,0.060959,0.265824
223,0.137399,0.072264,0.250739,-0.007599,0.063924,-0.441350
224,0.174253,-0.076677,0.026754,-0.018188,0.080088,0.662075
225,0.093223,0.291352,0.313625,0.001606,0.068649,-0.755856
226,0.194413,-0.129282,0.028320,-0.029732,0.079613,0.747020
227,0.197265,0.341617,0.136137,0.000752,0.062138,-0.747510
228,0.143189,-0.109300,0.064864,-0.026474,0.069545,0.754780
229,-0.432673,0.089530,0.728085,-0.016617,0.105738,-0.761863
230,0.246949,-0.028170,0.031979,-0.048595,0.100679,0.681326
231,0.262554,0.413501,0.151876,-0.021684,0.077663,-0.747235
232,0.215013,-0.099630,0.015393,-0.055718,0.088409,0.748437
233,0.211301,0.405259,0.142534,-0.020193,0.063840,-0.747293
234,-0.028446,-0.201609,0.089617,-0.066237,0.097326,0.746037
235,0.215662,0.419074,0.143223,-0.025716,0.064124,-0.743907
236,0.157465,-0.091519,0.004750,-0.060520,0.071635,0.748566
237,0.150446,0.403124,0.130129,-0.020713,0.046747,-0.747270
238,0.088279,-0.111479,-0.009949,-0.056315,0.052509,0.748452
239,0.081898,0.376576,0.114958,-0.013745,0.028291,-0.747439
240,0.017248,-0.136791,-0.025796,-0.050342,0.032942,0.748296
241,0.013764,0.346657,0.099345,-0.005801,0.009910,-0.747632
242,-0.050668,-0.164961,-0.041468,-0.043322,0.014273,0.748119
243,-0.049598,0.315839,0.084473,0.002407,-0.007233,-0.747832
244,-0.111601,-0.193687,-0.055904,-0.035935,-0.002463,0.747940
245,-0.104955,0.286216,0.071226,0.010279,-0.022274,-0.748022
246,-0.162845,-0.221065,-0.068354,-0.028744,-0.016549,0.747772
247,-0.150069,0.259452,0.060209,0.017343,-0.034621,-0.748190
248,-0.202708,-0.245605,-0.078345,-0.022199,-0.027548,0.747625
249,-0.183765,0.236734,0.051740,0.023269,-0.043964,-0.748328
250,-0.230521,-0.266283,-0.085676,-0.016621,-0.035298,0.747508
251,-0.205779,0.218744,0.045897,0.027873,-0.050232,-0.748430
252,-0.246520,-0.282503,-0.090375,-0.012204,-0.039882,0.747424
253,-0.216613,0.205725,0.042562,0.031093,-0.053561,-0.748496
254,-0.251569,-0.294101,-0.092629,-0.009019,-0.041544,0.747375
255,-0.217357,0.197580,0.041482,0.032970,-0.054238,-0.748525
256,-0.247112,-0.301213,-0.092753,-0.007048,-0.040681,0.747359
257,-0.209510,0.193899,0.042314,0.033625,-0.052654,-0.748521
258,-0.234877,-0.304274,-0.091133,-0.006191,-0.037765,0.747372
259,-0.194927,0.193991,0.044639,0.033260,-0.049298,-0.748489
260,-0.216818,-0.303906,-0.088194,-0.006282,-0.033318,0.747408
261,-0.175453,0.197138,0.048047,0.032083,-0.044652,-0.748437
262,-0.194859,-0.300812,-0.084358,-0.007140,-0.027857,0.747463
263,-0.152996,0.202479,0.052118,0.030342,-0.039215,-0.748369
264,-0.170912,-0.295787,-0.080043,-0.008544,-0.021889,0.747530
265,-0.129253,0.209218,0.056480,0.028256,-0.033434,-0.748292
266,-0.146557,-0.289575,-0.075597,-0.010293,-0.015835,0.747602
267,-0.105737,0.216585,0.060799,0.026044,-0.027706,-0.748214
268,-0.123199,-0.282842,-0.071332,-0.012197,-0.010066,0.747675
269,-0.083644,0.223947,0.064810,0.023880,-0.022347,-0.748138
270,-0.101893,-0.276165,-0.067488,-0.014098,-0.004860,0.747744
271,-0.063888,0.230799,0.068307,0.021902,-0.017600,-0.748068
272,-0.083399,-0.269997,-0.064242,-0.015864,-0.000418,0.747806
273,-0.047074,0.236726,0.071148,0.020219,-0.013625,-0.748007
274,-0.068119,-0.264675,-0.061698,-0.017397,0.003157,0.747858
275,-0.033512,0.241517,0.073260,0.018888,-0.010507,-0.747958
276,-0.056268,-0.260397,-0.059912,-0.018638,0.005809,0.747900
277,-0.023246,0.245065,0.074625,0.017933,-0.008259,-0.747920
278,-0.047728,-0.257261,-0.058871,-0.019554,0.007574,0.747929
279,-0.016109,0.247366,0.075277,0.017347,-0.006840,-0.747893
280,-0.042229,-0.255234,-0.058520,-0.020153,0.008523,0.747949
281,-0.011793,0.248477,0.075279,0.017108,-0.006171,-0.747877
282,-0.039328,-0.254230,-0.058766,-0.020453,0.008780,0.747959
283,-0.009815,0.248619,0.074743,0.017153,-0.006123,-0.747869
284,-0.038572,-0.254095,-0.059508,-0.020493,0.008467,0.747960
285,-0.009676,0.247970,0.073782,0.017426,-0.006566,-0.747869
286,-0.039363,-0.254663,-0.060611,-0.020322,0.007745,0.747954
287,-0.010835,0.246760,0.072521,0.017859,-0.007356,-0.747873
288,-0.041160,-0.255688,-0.061951,-0.020002,0.006759,0.747944
289,-0.012775,0.245200,0.071080,0.018393,-0.008355,-0.747881
290,-0.043482,-0.257009,-0.063414,-0.019582,0.005641,0.747931
291,-0.015016,0.243496,0.069572,0.018967,-0.009435,-0.747890
292,-0.045883,-0.258429,-0.064896,-0.019115,0.004509,0.747916
293,-0.017144,0.241838,0.068096,0.019526,-0.010485,-0.747900
294,-0.047941,-0.259775,-0.066296,-0.018650,0.003479,0.747901
295,-0.018830,0.240387,0.066729,0.020028,-0.011415,-0.747909
296,-0.049413,-0.260919,-0.067556,-0.018225,0.002614,0.747887
297,-0.019840,0.239247,0.065528,0.020440,-0.012164,-0.747915
298,-0.050073,-0.261768,-0.068621,-0.017868,0.001975,0.747875
299,-0.020020,0.238471,0.064528,0.020752,-0.012686,-0.747919
300,-0.049868,-0.262287,-0.069477,-0.017592,0.001577,0.747866
301,-0.019329,0.238112,0.063742,0.020946,-0.012970,-0.747920
302,-0.048741,-0.262441,-0.070109,-0.017407,0.001435,0.747858
303,-0.017729,0.238149,0.063179,0.021030,-0.013005,-0.747918
304,-0.046732,-0.262226,-0.070522,-0.017319,0.001540,0.747854
305,-0.015313,0.238587,0.062822,0.021003,-0.012813,-0.747913
306,-0.043942,-0.261656,-0.070737,-0.017324,0.001863,0.747851
307,-0.012194,0.239359,0.062644,0.020884,-0.012424,-0.747906
308,-0.040518,-0.260795,-0.070786,-0.017407,0.002366,0.747851
309,-0.008510,0.240417,0.062616,0.020687,-0.011873,-0.747897
310,-0.036593,-0.259695,-0.070698,-0.017555,0.003014,0.747853
311,-0.004386,0.241674,0.062711,0.020437,-0.011192,-0.747887
312,-0.032337,-0.258410,-0.070509,-0.017757,0.003761,0.747855
313,-0.000049,0.243095,0.062880,0.020142,-0.010441,-0.747875
314,-0.027912,-0.257020,-0.070257,-0.017990,0.004563,0.747858
315,0.004412,0.244560,0.063102,0.019836,-0.009644,-0.747863
316,-0.023477,-0.255561,-0.069973,-0.018245,0.005379,0.747862
317,0.008829,0.246031,0.063341,0.019529,-0.008844,-0.747851
318,-0.019133,-0.254102,-0.069682,-0.018505,0.006183,0.747865
319,0.013099,0.247470,0.063576,0.019231,-0.008069,-0.747840
320,-0.015009,-0.252676,-0.069410,-0.018759,0.006940,0.747868
321,0.017117,0.248830,0.063783,0.018956,-0.007347,-0.747829
322,-0.011183,-0.251331,-0.069175,-0.018996,0.007630,0.747871
323,0.020814,0.250091,0.063949,0.018706,-0.006696,-0.747819
324,-0.007699,-0.250091,-0.068987,-0.019210,0.008241,0.747872
325,0.024139,0.251218,0.064061,0.018492,-0.006129,-0.747810
326,-0.004599,-0.248959,-0.068855,-0.019398,0.008762,0.747873
327,0.027095,0.252204,0.064123,0.018313,-0.005647,-0.747802
328,-0.001870,-0.247957,-0.068775,-0.019554,0.009198,0.747872
329,0.029687,0.253072,0.064134,0.018164,-0.005247,-0.747795
330,0.000489,-0.247076,-0.068748,-0.019682,0.009548,0.747871
331,0.031929,0.253787,0.064097,0.018056,-0.004927,-0.747789
332,0.002487,-0.246308,-0.068770,-0.019784,0.009815,0.747869
333,0.033848,0.254406,0.064020,0.017970,-0.004679,-0.747784
334,0.004214,-0.245637,-0.068823,-0.019863,0.010025,0.747867
335,0.035461,0.254914,0.063907,0.017907,-0.004498,-0.747780
336,0.005663,-0.245059,-0.068909,-0.019920,0.010174,0.747863
337,0.036847,0.255349,0.063774,0.017863,-0.004364,-0.747776
338,0.006898,-0.244565,-0.069012,-0.019958,0.010280,0.747860
339,0.038035,0.255718,0.063628,0.017833,-0.004268,-0.747773
340,0.007961,-0.244116,-0.069124,-0.019988,0.010356,0.747856
341,0.039085,0.256048,0.063483,0.017807,-0.004196,-0.747770
342,0.008899,-0.243710,-0.069234,-0.020010,0.010411,0.747852
343,0.040024,0.256340,0.063344,0.017787,-0.004138,-0.747767
344,0.009745,-0.243329,-0.069334,-0.020028,0.010458,0.747848
345,0.040874,0.256628,0.063216,0.017764,-0.004091,-0.747764
346,0.010523,-0.242978,-0.069421,-0.020042,0.010501,0.747845
347,0.041658,0.256899,0.063104,0.017740,-0.004047,-0.747762
348,0.011271,-0.242629,-0.069487,-0.020058,0.010551,0.747841
349,0.042437,0.257179,0.063020,0.017712,-0.003989,-0.747759
350,0.011986,-0.242284,-0.069532,-0.020077,0.010606,0.747838
351,0.043172,0.257455,0.062956,0.017678,-0.003930,-0.747756
352,0.012669,-0.241940,-0.069556,-0.020101,0.010666,0.747834
353,0.043864,0.257713,0.062910,0.017645,-0.003869,-0.747753
354,0.013337,-0.241604,-0.069556,-0.020127,0.010736,0.747831
355,0.044539,0.258003,0.062890,0.017600,-0.003798,-0.747750
356,0.013963,-0.241281,-0.069538,-0.020155,0.010809,0.747828
357,0.045180,0.258271,0.062890,0.017556,-0.003723,-0.747748
358,0.014580,-0.240952,-0.069497,-0.020188,0.010893,0.747826
359,0.045815,0.258540,0.062915,0.017508,-0.003636,-0.747745
360,0.015155,-0.240633,-0.069439,-0.020223,0.010979,0.747824
361,0.046377,0.258809,0.062952,0.017457,-0.003554,-0.747742
362,0.015661,-0.240340,-0.069371,-0.020257,0.011058,0.747821
363,0.046880,0.259046,0.063000,0.017412,-0.003476,-0.747740
364,0.016092,-0.240070,-0.069296,-0.020287,0.011131,0.747819
365,0.047304,0.259263,0.063057,0.017367,-0.003406,-0.747737
366,0.016463,-0.239826,-0.069211,-0.020315,0.011200,0.747817
367,0.047679,0.259458,0.063127,0.017326,-0.003337,-0.747735
368,0.016758,-0.239606,-0.069118,-0.020345,0.011260,0.747815
369,0.047935,0.259620,0.063195,0.017292,-0.003287,-0.747733
370,0.016947,-0.239406,-0.069027,-0.020370,0.011303,0.747813
371,0.048108,0.259749,0.063267,0.017263,-0.003249,-0.747731
372,0.017056,-0.239250,-0.068932,-0.020389,0.011336,0.747811
373,0.048173,0.259856,0.063339,0.017237,-0.003227,-0.747729
374,0.017064,-0.239117,-0.068839,-0.020406,0.011352,0.747809
375,0.048161,0.259934,0.063415,0.017215,-0.003216,-0.747728
376,0.016993,-0.239020,-0.068743,-0.020418,0.011359,0.747808
377,0.048062,0.259982,0.063494,0.017199,-0.003217,-0.747727
378,0.016812,-0.238958,-0.068651,-0.020425,0.011345,0.747806
379,0.047851,0.259991,0.063567,0.017192,-0.003238,-0.747726
380,0.016536,-0.238923,-0.068562,-0.020429,0.011315,0.747803
381,0.047547,0.259965,0.063639,0.017190,-0.003275,-0.747726
382,0.016164,-0.238935,-0.068477,-0.020422,0.011270,0.747802
383,0.047151,0.259922,0.063710,0.017191,-0.003326,-0.747726
384,0.015707,-0.238963,-0.068392,-0.020416,0.011210,0.747799
385,0.046684,0.259852,0.063783,0.017198,-0.003388,-0.747725
386,0.015173,-0.239027,-0.068310,-0.020404,0.011138,0.747798
387,0.046139,0.259765,0.063856,0.017205,-0.003463,-0.747725
388,0.014596,-0.239114,-0.068221,-0.020391,0.011062,0.747796
389,0.045524,0.259631,0.063928,0.017224,-0.003549,-0.747725
390,0.013931,-0.239223,-0.068138,-0.020371,0.010970,0.747794
391,0.044870,0.259494,0.064007,0.017243,-0.003638,-0.747725
392,0.013222,-0.239358,-0.068050,-0.020351,0.010873,0.747793
393,0.044132,0.259331,0.064082,0.017264,-0.003742,-0.747726
394,0.012453,-0.239506,-0.067963,-0.020327,0.010767,0.747791
395,0.043374,0.259153,0.064165,0.017288,-0.003846,-0.747727
396,0.011663,-0.239671,-0.067868,-0.020304,0.010662,0.747789
397,0.042572,0.258978,0.064252,0.017310,-0.003955,-0.747728
398,0.010829,-0.239851,-0.067773,-0.020279,0.010550,0.747788
399,0.041727,0.258769,0.064341,0.017340,-0.004070,-0.747728
400,0.009942,-0.240041,-0.067678,-0.020254,0.010429,0.747786
401,0.040840,0.258575,0.064432,0.017365,-0.004190,-0.747730
402,0.009026,-0.240258,-0.067580,-0.020223,0.010307,0.747785
403,0.039926,0.258355,0.064526,0.017395,-0.004313,-0.747730
404,0.008085,-0.240475,-0.067480,-0.020195,0.010181,0.747784
405,0.038982,0.258123,0.064623,0.017426,-0.004441,-0.747732
406,0.007124,-0.240709,-0.067375,-0.020164,0.010054,0.747783
407,0.038016,0.257893,0.064723,0.017456,-0.004570,-0.747733
408,0.006145,-0.240954,-0.067268,-0.020133,0.009925,0.747782
409,0.037051,0.257655,0.064831,0.017489,-0.004695,-0.747734
410,0.005162,-0.241201,-0.067156,-0.020103,0.009799,0.747781
411,0.036047,0.257407,0.064937,0.017522,-0.004828,-0.747736
412,0.004142,-0.241463,-0.067045,-0.020070,0.009666,0.747780
413,0.035035,0.257153,0.065048,0.017556,-0.004960,-0.747737
414,0.003118,-0.241727,-0.066932,-0.020038,0.009534,0.747779
415,0.034011,0.256897,0.065160,0.017590,-0.005094,-0.747739
416,0.002064,-0.242005,-0.066820,-0.020006,0.009395,0.747778
417,0.032966,0.256630,0.065272,0.017626,-0.005231,-0.747740
418,0.001019,-0.242290,-0.066704,-0.019970,0.009261,0.747778
419,0.031921,0.256350,0.065387,0.017665,-0.005366,-0.747742
420,-0.000039,-0.242590,-0.066588,-0.019933,0.009125,0.747777
421,0.030866,0.256072,0.065503,0.017703,-0.005504,-0.747744
422,-0.001092,-0.242885,-0.066469,-0.019898,0.008991,0.747777
423,0.029816,0.255813,0.065623,0.017737,-0.005639,-0.747746
424,-0.002166,-0.243185,-0.066353,-0.019863,0.008851,0.747776
425,0.028754,0.255525,0.065741,0.017779,-0.005777,-0.747748
426,-0.003240,-0.243486,-0.066238,-0.019827,0.008711,0.747776
427,0.027690,0.255232,0.065858,0.017822,-0.005915,-0.747750
428,-0.004306,-0.243794,-0.066120,-0.019790,0.008574,0.747776
429,0.026633,0.254954,0.065978,0.017860,-0.006053,-0.747752
430,-0.005370,-0.244100,-0.066002,-0.019755,0.008436,0.747775
431,0.025569,0.254666,0.066096,0.017901,-0.006192,-0.747754
432,-0.006439,-0.244426,-0.065888,-0.019715,0.008296,0.747775
433,0.024517,0.254376,0.066214,0.017944,-0.006329,-0.747756
434,-0.007487,-0.244742,-0.065771,-0.019676,0.008162,0.747775
435,0.023485,0.254105,0.066336,0.017981,-0.006463,-0.747758
436,-0.008519,-0.245042,-0.065652,-0.019642,0.008029,0.747775
437,0.022458,0.253814,0.066454,0.018025,-0.006596,-0.747760
438,-0.009553,-0.245356,-0.065537,-0.019605,0.007894,0.747775
439,0.021435,0.253528,0.066573,0.018066,-0.006730,-0.747762
440,-0.010570,-0.245670,-0.065423,-0.019568,0.007762,0.747775
441,0.020425,0.253250,0.066689,0.018108,-0.006864,-0.747765
442,-0.011592,-0.245974,-0.065313,-0.019535,0.007626,0.747775
443,0.019431,0.252975,0.066805,0.018147,-0.006994,-0.747766
444,-0.012571,-0.246295,-0.065200,-0.019494,0.007500,0.747775
445,0.018459,0.252702,0.066921,0.018188,-0.007122,-0.747769
446,-0.013541,-0.246590,-0.065088,-0.019462,0.007372,0.747776
447,0.017496,0.252426,0.067033,0.018229,-0.007250,-0.747771
448,-0.014502,-0.246891,-0.064981,-0.019426,0.007245,0.747776
449,0.016556,0.252165,0.067145,0.018269,-0.007375,-0.747773
450,-0.015433,-0.247189,-0.064873,-0.019391,0.007123,0.747776
451,0.015638,0.251912,0.067256,0.018305,-0.007498,-0.747775
452,-0.016339,-0.247476,-0.064765,-0.019359,0.007004,0.747776
453,0.014748,0.251659,0.067366,0.018343,-0.007616,-0.747777
454,-0.017205,-0.247748,-0.064656,-0.019328,0.006892,0.747777
455,0.013901,0.251423,0.067480,0.018380,-0.007726,-0.747779
456,-0.018067,-0.248020,-0.064553,-0.019297,0.006778,0.747777
457,0.013082,0.251193,0.067593,0.018413,-0.007832,-0.747781
458,-0.018866,-0.248278,-0.064443,-0.019268,0.006677,0.747778
459,0.012299,0.250967,0.067705,0.018446,-0.007933,-0.747783
460,-0.019644,-0.248541,-0.064338,-0.019238,0.006577,0.747778
461,0.011509,0.250736,0.067807,0.018483,-0.008039,-0.747785
462,-0.020424,-0.248794,-0.064240,-0.019209,0.006474,0.747778
463,0.010762,0.250532,0.067912,0.018514,-0.008138,-0.747787
464,-0.021154,-0.249031,-0.064138,-0.019184,0.006379,0.747779
465,0.010056,0.250323,0.068017,0.018546,-0.008230,-0.747789
466,-0.021852,-0.249276,-0.064040,-0.019156,0.006289,0.747779
467,0.009369,0.250125,0.068117,0.018576,-0.008321,-0.747791
468,-0.022530,-0.249493,-0.063944,-0.019134,0.006200,0.747780
469,0.008704,0.249927,0.068213,0.018606,-0.008411,-0.747793
470,-0.023175,-0.249710,-0.063852,-0.019109,0.006115,0.747781
471,0.008093,0.249748,0.068313,0.018636,-0.008490,-0.747794
472,-0.023780,-0.249923,-0.063759,-0.019085,0.006037,0.747781
473,0.007495,0.249584,0.068406,0.018661,-0.008570,-0.747796
474,-0.024378,-0.250118,-0.063672,-0.019064,0.005957,0.747782
475,0.006943,0.249436,0.068500,0.018683,-0.008643,-0.747798
476,-0.024897,-0.250306,-0.063579,-0.019045,0.005893,0.747783
477,0.006428,0.249277,0.068592,0.018709,-0.008709,-0.747799
478,-0.025410,-0.250487,-0.063493,-0.019024,0.005826,0.747784
479,0.005945,0.249139,0.068683,0.018730,-0.008772,-0.747800
480,-0.025888,-0.250666,-0.063410,-0.019004,0.005765,0.747784
481,0.005480,0.249001,0.068767,0.018753,-0.008835,-0.747802
482,-0.026328,-0.250813,-0.063327,-0.018990,0.005708,0.747785
483,0.005059,0.248872,0.068851,0.018775,-0.008890,-0.747804
484,-0.026751,-0.250968,-0.063250,-0.018973,0.005653,0.747786
485,0.004647,0.248760,0.068928,0.018791,-0.008947,-0.747805
486,-0.027136,-0.251114,-0.063174,-0.018957,0.005602,0.747786
487,0.004286,0.248653,0.069006,0.018809,-0.008995,-0.747806
488,-0.027482,-0.251247,-0.063099,-0.018943,0.005558,0.747786
489,0.003962,0.248554,0.069083,0.018827,-0.009038,-0.747807
490,-0.027810,-0.251356,-0.063029,-0.018934,0.005514,0.747787
491,0.003682,0.248472,0.069161,0.018841,-0.009072,-0.747809
492,-0.028094,-0.251467,-0.062959,-0.018922,0.005478,0.747788
493,0.003411,0.248399,0.069231,0.018852,-0.009109,-0.747810
494,-0.028354,-0.251570,-0.062892,-0.018913,0.005444,0.747788
495,0.003168,0.248327,0.069297,0.018865,-0.009143,-0.747811
496,-0.028577,-0.251660,-0.062827,-0.018905,0.005415,0.747789
497,0.002966,0.248260,0.069362,0.018879,-0.009170,-0.747812
498,-0.028768,-0.251739,-0.062764,-0.018897,0.005392,0.747790
499,0.002789,0.248203,0.069424,0.018890,-0.009194,-0.747812
500,-0.028940,-0.251820,-0.062706,-0.018889,0.005369,0.747790
501,0.002635,0.248155,0.069482,0.018900,-0.009217,-0.747813
502,-0.029098,-0.251887,-0.062654,-0.018882,0.005346,0.747791
503,0.002518,0.248125,0.069540,0.018905,-0.009232,-0.747814
504,-0.029203,-0.251942,-0.062598,-0.018878,0.005333,0.747792
505,0.002408,0.248092,0.069590,0.018912,-0.009251,-0.747815
506,-0.029284,-0.251984,-0.062546,-0.018875,0.005323,0.747793
507,0.002377,0.248079,0.069649,0.018915,-0.009251,-0.747816
508,-0.029316,-0.252016,-0.062491,-0.018875,0.005323,0.747793
509,0.002334,0.248063,0.069696,0.018919,-0.009259,-0.747816
510,-0.029354,-0.252046,-0.062445,-0.018872,0.005317,0.747794
511,0.002326,0.248055,0.069743,0.018923,-0.009261,-0.747816
512,-0.029347,-0.252063,-0.062397,-0.018874,0.005320,0.747795
513,0.002353,0.248066,0.069791,0.018924,-0.009256,-0.747817
514,-0.029333,-0.252078,-0.062356,-0.018872,0.005321,0.747796
515,0.002387,0.248071,0.069832,0.018926,-0.009253,-0.747817
516,-0.029302,-0.252088,-0.062319,-0.018873,0.005323,0.747796
517,0.002432,0.248070,0.069866,0.018929,-0.009250,-0.747818
518,-0.029229,-0.252094,-0.062280,-0.018872,0.005334,0.747796
519,0.002517,0.248100,0.069904,0.018926,-0.009240,-0.747819
520,-0.029138,-0.252087,-0.062243,-0.018874,0.005347,0.747797
521,0.002628,0.248127,0.069940,0.018924,-0.009225,-0.747818
522,-0.029021,-0.252063,-0.062208,-0.018879,0.005364,0.747797
523,0.002760,0.248167,0.069974,0.018921,-0.009208,-0.747819
524,-0.028896,-0.252038,-0.062177,-0.018884,0.005381,0.747797
525,0.002898,0.248205,0.070002,0.018917,-0.009192,-0.747819
526,-0.028741,-0.251997,-0.062144,-0.018893,0.005402,0.747798
527,0.003067,0.248255,0.070032,0.018910,-0.009170,-0.747819
528,-0.028583,-0.251953,-0.062118,-0.018901,0.005422,0.747799
529,0.003239,0.248307,0.070055,0.018905,-0.009149,-0.747820
530,-0.028392,-0.251913,-0.062090,-0.018907,0.005448,0.747799
531,0.003441,0.248359,0.070080,0.018900,-0.009123,-0.747819
532,-0.028214,-0.251873,-0.062071,-0.018912,0.005469,0.747800
533,0.003669,0.248419,0.070105,0.018892,-0.009092,-0.747819
534,-0.027989,-0.251818,-0.062046,-0.018920,0.005500,0.747800
535,0.003895,0.248483,0.070124,0.018885,-0.009063,-0.747819
536,-0.027759,-0.251772,-0.062026,-0.018925,0.005531,0.747801
537,0.004135,0.248553,0.070142,0.018877,-0.009032,-0.747819
538,-0.027504,-0.251703,-0.062003,-0.018935,0.005567,0.747801
539,0.004389,0.248628,0.070159,0.018867,-0.009000,-0.747819
540,-0.027244,-0.251630,-0.061984,-0.018946,0.005603,0.747801
541,0.004658,0.248706,0.070174,0.018857,-0.008964,-0.747818
542,-0.026976,-0.251561,-0.061967,-0.018955,0.005639,0.747802
543,0.004931,0.248780,0.070186,0.018848,-0.008930,-0.747818
544,-0.026706,-0.251482,-0.061954,-0.018966,0.005674,0.747802
545,0.005230,0.248871,0.070201,0.018836,-0.008889,-0.747818
546,-0.026427,-0.251390,-0.061940,-0.018980,0.005710,0.747802
547,0.005508,0.248959,0.070208,0.018823,-0.008855,-0.747817
548,-0.026148,-0.251313,-0.061931,-0.018989,0.005746,0.747803
549,0.005799,0.249030,0.070213,0.018817,-0.008819,-0.747817
550,-0.025861,-0.251234,-0.061924,-0.018999,0.005782,0.747803
551,0.006108,0.249125,0.070221,0.018804,-0.008779,-0.747817
552,-0.025549,-0.251149,-0.061913,-0.019009,0.005825,0.747803
553,0.006412,0.249209,0.070225,0.018793,-0.008740,-0.747817
554,-0.025234,-0.251063,-0.061904,-0.019020,0.005867,0.747803
555,0.006728,0.249304,0.070228,0.018781,-0.008700,-0.747816
556,-0.024915,-0.250965,-0.061896,-0.019032,0.005910,0.747803
557,0.007045,0.249396,0.070230,0.018768,-0.008660,-0.747816
558,-0.024609,-0.250867,-0.061892,-0.019048,0.005948,0.747804
559,0.007371,0.249505,0.070233,0.018751,-0.008617,-0.747815
560,-0.024291,-0.250769,-0.061888,-0.019060,0.005990,0.747804
561,0.007698,0.249596,0.070235,0.018739,-0.008575,-0.747815
562,-0.023973,-0.250676,-0.061885,-0.019071,0.006032,0.747804
563,0.008023,0.249692,0.070233,0.018727,-0.008533,-0.747814
564,-0.023653,-0.250582,-0.061883,-0.019082,0.006073,0.747804
565,0.008352,0.249773,0.070231,0.018718,-0.008491,-0.747814
566,-0.023326,-0.250478,-0.061881,-0.019095,0.006116,0.747804
567,0.008683,0.249868,0.070230,0.018705,-0.008448,-0.747813
568,-0.022991,-0.250387,-0.061877,-0.019105,0.006163,0.747804
569,0.009013,0.249967,0.070228,0.018691,-0.008404,-0.747812
570,-0.022688,-0.250286,-0.061880,-0.019118,0.006200,0.747804
571,0.009331,0.250057,0.070223,0.018679,-0.008364,-0.747811
572,-0.022377,-0.250192,-0.061882,-0.019130,0.006240,0.747804
573,0.009644,0.250159,0.070216,0.018664,-0.008325,-0.747811
574,-0.022037,-0.250093,-0.061879,-0.019142,0.006288,0.747804
575,0.009969,0.250252,0.070213,0.018650,-0.008283,-0.747810
576,-0.021735,-0.249992,-0.061882,-0.019155,0.006326,0.747804
577,0.010295,0.250349,0.070209,0.018637,-0.008239,-0.747810
578,-0.021435,-0.249895,-0.061886,-0.019166,0.006364,0.747804
579,0.010612,0.250443,0.070204,0.018624,-0.008197,-0.747809
580,-0.021125,-0.249799,-0.061888,-0.019176,0.006406,0.747804
581,0.010910,0.250534,0.070196,0.018611,-0.008160,-0.747809
582,-0.020819,-0.249697,-0.061889,-0.019190,0.006447,0.747804
583,0.011219,0.250623,0.070190,0.018599,-0.008119,-0.747808
584,-0.020515,-0.249604,-0.061891,-0.019202,0.006488,0.747804
585,0.011515,0.250716,0.070183,0.018586,-0.008081,-0.747807
586,-0.020236,-0.249510,-0.061897,-0.019212,0.006523,0.747804
587,0.011812,0.250800,0.070177,0.018572,-0.008042,-0.747807
588,-0.019948,-0.249417,-0.061900,-0.019223,0.006562,0.747804
589,0.012097,0.250882,0.070169,0.018561,-0.008004,-0.747806
590,-0.019663,-0.249332,-0.061903,-0.019234,0.006600,0.747803
591,0.012371,0.250973,0.070161,0.018547,-0.007969,-0.747806
592,-0.019383,-0.249244,-0.061905,-0.019245,0.006638,0.747803
593,0.012659,0.251051,0.070157,0.018536,-0.007929,-0.747805
594,-0.019125,-0.249153,-0.061911,-0.019256,0.006672,0.747803
595,0.012905,0.251121,0.070144,0.018527,-0.007899,-0.747804
596,-0.018867,-0.249074,-0.061915,-0.019264,0.006706,0.747803
597,0.013160,0.251196,0.070136,0.018514,-0.007866,-0.747804
598,-0.018622,-0.248987,-0.061920,-0.019275,0.006739,0.747803
599,0.013413,0.251274,0.070129,0.018504,-0.007832,-0.747803
600,-0.018391,-0.248908,-0.061927,-0.019285,0.006768,0.747803
601,0.013641,0.251345,0.070118,0.018495,-0.007803,-0.747802
602,-0.018173,-0.248838,-0.061935,-0.019291,0.006796,0.747803
603,0.013868,0.251412,0.070110,0.018483,-0.007773,-0.747802
604,-0.017943,-0.248759,-0.061939,-0.019302,0.006827,0.747803
605,0.014072,0.251471,0.070097,0.018476,-0.007749,-0.747802
606,-0.017745,-0.248689,-0.061948,-0.019309,0.006852,0.747802
607,0.014282,0.251535,0.070088,0.018466,-0.007721,-0.747801
608,-0.017552,-0.248623,-0.061956,-0.019316,0.006876,0.747802
609,0.014474,0.251599,0.070078,0.018456,-0.007697,-0.747801
610,-0.017353,-0.248555,-0.061961,-0.019323,0.006903,0.747802
611,0.014666,0.251649,0.070069,0.018449,-0.007672,-0.747800
612,-0.017172,-0.248490,-0.061967,-0.019331,0.006927,0.747802
613,0.014846,0.251709,0.070060,0.018439,-0.007648,-0.747800
614,-0.017000,-0.248431,-0.061973,-0.019338,0.006950,0.747802
615,0.015024,0.251759,0.070052,0.018431,-0.007623,-0.747799
616,-0.016837,-0.248375,-0.061980,-0.019344,0.006971,0.747802
617,0.015172,0.251806,0.070040,0.018425,-0.007606,-0.747799
618,-0.016677,-0.248315,-0.061985,-0.019352,0.006993,0.747802
619,0.015327,0.251851,0.070032,0.018417,-0.007585,-0.747799
620,-0.016533,-0.248269,-0.061992,-0.019356,0.007013,0.747801
621,0.015468,0.251898,0.070023,0.018410,-0.007566,-0.747798
622,-0.016420,-0.248218,-0.062004,-0.019361,0.007024,0.747801
623,0.015598,0.251928,0.070014,0.018406,-0.007549,-0.747797
624,-0.016288,-0.248182,-0.062009,-0.019364,0.007044,0.747801
625,0.015724,0.251972,0.070006,0.018399,-0.007531,-0.747797
626,-0.016166,-0.248135,-0.062014,-0.019370,0.007060,0.747801
627,0.015833,0.251989,0.069995,0.018397,-0.007517,-0.747797
628,-0.016067,-0.248096,-0.062023,-0.019374,0.007073,0.747800
629,0.015921,0.252026,0.069984,0.018392,-0.007507,-0.747796
630,-0.015973,-0.248058,-0.062030,-0.019378,0.007085,0.747800
631,0.016021,0.252063,0.069977,0.018385,-0.007493,-0.747796
632,-0.015872,-0.248017,-0.062034,-0.019384,0.007101,0.747800
633,0.016096,0.252081,0.069966,0.018382,-0.007483,-0.747796
634,-0.015818,-0.247986,-0.062046,-0.019386,0.007105,0.747800
635,0.016164,0.252105,0.069956,0.018378,-0.007475,-0.747795
636,-0.015748,-0.247959,-0.062053,-0.019389,0.007115,0.747800
637,0.016234,0.252127,0.069949,0.018374,-0.007464,-0.747795
638,-0.015692,-0.247934,-0.062061,-0.019391,0.007122,0.747800
639,0.016293,0.252149,0.069941,0.018370,-0.007455,-0.747795
640,-0.015645,-0.247911,-0.062070,-0.019395,0.007128,0.747799
641,0.016328,0.252161,0.069929,0.018368,-0.007452,-0.747795
642,-0.015601,-0.247894,-0.062077,-0.019396,0.007135,0.747799
643,0.016361,0.252170,0.069919,0.018366,-0.007448,-0.747794
644,-0.015589,-0.247875,-0.062090,-0.019397,0.007134,0.747799
645,0.016372,0.252175,0.069905,0.018365,-0.007449,-0.747795
646,-0.015547,-0.247861,-0.062095,-0.019399,0.007141,0.747799
647,0.016397,0.252183,0.069897,0.018363,-0.007444,-0.747794
648,-0.015546,-0.247852,-0.062107,-0.019399,0.007140,0.747799
649,0.016414,0.252195,0.069889,0.018360,-0.007441,-0.747794
650,-0.015529,-0.247842,-0.062114,-0.019400,0.007143,0.747798
651,0.016407,0.252183,0.069876,0.018361,-0.007443,-0.747794
652,-0.015526,-0.247838,-0.062124,-0.019400,0.007144,0.747798
653,0.016399,0.252190,0.069866,0.018359,-0.007444,-0.747794
654,-0.015550,-0.247833,-0.062137,-0.019399,0.007139,0.747798
655,0.016378,0.252187,0.069853,0.018361,-0.007448,-0.747794
656,-0.015566,-0.247830,-0.062147,-0.019399,0.007137,0.747798
657,0.016357,0.252185,0.069843,0.018360,-0.007450,-0.747793
658,-0.015593,-0.247830,-0.062159,-0.019399,0.007133,0.747798
659,0.016328,0.252178,0.069831,0.018360,-0.007454,-0.747793
660,-0.015613,-0.247836,-0.062168,-0.019398,0.007131,0.747798
661,0.016296,0.252168,0.069820,0.018362,-0.007458,-0.747793
662,-0.015663,-0.247841,-0.062182,-0.019396,0.007123,0.747797
663,0.016260,0.252162,0.069810,0.018361,-0.007462,-0.747793
664,-0.015688,-0.247847,-0.062191,-0.019396,0.007121,0.747797
665,0.016223,0.252151,0.069799,0.018361,-0.007466,-0.747793
666,-0.015715,-0.247849,-0.062199,-0.019395,0.007120,0.747797
667,0.016188,0.252138,0.069792,0.018362,-0.007468,-0.747793
668,-0.015786,-0.247865,-0.062215,-0.019393,0.007108,0.747797
669,0.016132,0.252124,0.069779,0.018364,-0.007474,-0.747793
670,-0.015830,-0.247882,-0.062226,-0.019390,0.007104,0.747797
671,0.016061,0.252103,0.069764,0.018367,-0.007485,-0.747793
672,-0.015893,-0.247895,-0.062240,-0.019387,0.007095,0.747797
673,0.015995,0.252081,0.069751,0.018369,-0.007493,-0.747793
674,-0.015966,-0.247911,-0.062255,-0.019384,0.007085,0.747796
675,0.015945,0.252074,0.069743,0.018369,-0.007497,-0.747793
676,-0.016016,-0.247922,-0.062265,-0.019384,0.007080,0.747796
677,0.015869,0.252045,0.069729,0.018374,-0.007507,-0.747793
678,-0.016111,-0.247947,-0.062285,-0.019380,0.007065,0.747796
679,0.015778,0.252020,0.069712,0.018377,-0.007520,-0.747793
680,-0.016204,-0.247965,-0.062303,-0.019376,0.007051,0.747796
681,0.015689,0.252001,0.069696,0.018378,-0.007533,-0.747793
682,-0.016280,-0.247989,-0.062319,-0.019374,0.007041,0.747796
683,0.015597,0.251967,0.069679,0.018384,-0.007545,-0.747793
684,-0.016361,-0.248014,-0.062334,-0.019370,0.007030,0.747796
685,0.015520,0.251950,0.069666,0.018385,-0.007553,-0.747793
686,-0.016435,-0.248037,-0.062349,-0.019367,0.007022,0.747796
687,0.015421,0.251919,0.069648,0.018389,-0.007568,-0.747793
688,-0.016524,-0.248063,-0.062367,-0.019364,0.007010,0.747795
689,0.015336,0.251895,0.069633,0.018393,-0.007577,-0.747793
690,-0.016619,-0.248081,-0.062386,-0.019362,0.006997,0.747795
691,0.015239,0.251868,0.069616,0.018395,-0.007590,-0.747793
692,-0.016712,-0.248113,-0.062405,-0.019357,0.006984,0.747795
693,0.015129,0.251836,0.069596,0.018400,-0.007606,-0.747793
694,-0.016804,-0.248146,-0.062425,-0.019352,0.006972,0.747795
695,0.015042,0.251812,0.069580,0.018403,-0.007615,-0.747793
696,-0.016897,-0.248164,-0.062444,-0.019350,0.006960,0.747795
697,0.014961,0.251789,0.069566,0.018406,-0.007623,-0.747794
698,-0.016985,-0.248188,-0.062463,-0.019347,0.006949,0.747795
699,0.014859,0.251753,0.069546,0.018412,-0.007637,-0.747794
700,-0.017084,-0.248220,-0.062485,-0.019343,0.006935,0.747795
701,0.014744,0.251724,0.069523,0.018415,-0.007653,-0.747794
702,-0.017173,-0.248249,-0.062506,-0.019339,0.006924,0.747795
703,0.014654,0.251694,0.069506,0.018418,-0.007663,-0.747794
704,-0.017291,-0.248282,-0.062533,-0.019334,0.006906,0.747795
705,0.014544,0.251666,0.069483,0.018422,-0.007678,-0.747794
706,-0.017385,-0.248313,-0.062556,-0.019329,0.006894,0.747795
707,0.014450,0.251638,0.069462,0.018426,-0.007689,-0.747794
708,-0.017475,-0.248334,-0.062579,-0.019328,0.006882,0.747795
709,0.014346,0.251605,0.069440,0.018431,-0.007703,-0.747795
710,-0.017578,-0.248366,-0.062605,-0.019323,0.006868,0.747795
711,0.014242,0.251577,0.069416,0.018434,-0.007717,-0.747795
712,-0.017661,-0.248399,-0.062628,-0.019319,0.006858,0.747795
713,0.014146,0.251548,0.069394,0.018437,-0.007728,-0.747795
714,-0.017762,-0.248429,-0.062656,-0.019315,0.006843,0.747795
715,0.014040,0.251513,0.069368,0.018441,-0.007743,-0.747796
716,-0.017844,-0.248454,-0.062680,-0.019312,0.006834,0.747795
717,0.013947,0.251487,0.069344,0.018446,-0.007754,-0.747796
718,-0.017950,-0.248489,-0.062712,-0.019307,0.006818,0.747795
719,0.013869,0.251461,0.069322,0.018448,-0.007761,-0.747795
720,-0.018032,-0.248511,-0.062738,-0.019304,0.006808,0.747795
721,0.013770,0.251430,0.069295,0.018452,-0.007775,-0.747796
722,-0.018107,-0.248537,-0.062764,-0.019303,0.006799,0.747795
723,0.013668,0.251399,0.069266,0.018458,-0.007789,-0.747796
724,-0.018205,-0.248568,-0.062797,-0.019298,0.006785,0.747795
725,0.013570,0.251380,0.069237,0.018460,-0.007802,-0.747796
726,-0.018293,-0.248590,-0.062828,-0.019295,0.006773,0.747795
727,0.013487,0.251348,0.069211,0.018466,-0.007811,-0.747796
728,-0.018368,-0.248618,-0.062857,-0.019291,0.006764,0.747795
729,0.013404,0.251329,0.069183,0.018467,-0.007821,-0.747797
730,-0.018459,-0.248643,-0.062892,-0.019287,0.006750,0.747795
731,0.013329,0.251304,0.069156,0.018470,-0.007829,-0.747796
732,-0.018523,-0.248665,-0.062921,-0.019285,0.006744,0.747795
733,0.013244,0.251280,0.069125,0.018473,-0.007839,-0.747797
734,-0.018606,-0.248687,-0.062956,-0.019282,0.006732,0.747795
735,0.013150,0.251250,0.069091,0.018478,-0.007853,-0.747797
736,-0.018679,-0.248714,-0.062991,-0.019279,0.006722,0.747795
737,0.013061,0.251220,0.069057,0.018483,-0.007866,-0.747797
738,-0.018745,-0.248730,-0.063025,-0.019277,0.006714,0.747795
739,0.012988,0.251202,0.069025,0.018485,-0.007874,-0.747797
740,-0.018824,-0.248757,-0.063063,-0.019273,0.006702,0.747795
741,0.012923,0.251184,0.068994,0.018487,-0.007881,-0.747797
742,-0.018894,-0.248777,-0.063100,-0.019271,0.006692,0.747795
743,0.012846,0.251172,0.068959,0.018487,-0.007891,-0.747797
744,-0.018971,-0.248803,-0.063141,-0.019266,0.006679,0.747795
745,0.012777,0.251150,0.068924,0.018490,-0.007900,-0.747798
746,-0.019025,-0.248826,-0.063178,-0.019264,0.006673,0.747795
747,0.012708,0.251124,0.068888,0.018494,-0.007909,-0.747798
748,-0.019078,-0.248848,-0.063216,-0.019260,0.006666,0.747795
749,0.012662,0.251113,0.068855,0.018494,-0.007913,-0.747798
750,-0.019135,-0.248861,-0.063257,-0.019260,0.006658,0.747795
751,0.012591,0.251082,0.068815,0.018500,-0.007923,-0.747798
752,-0.019188,-0.248883,-0.063298,-0.019256,0.006650,0.747796
753,0.012532,0.251061,0.068777,0.018502,-0.007931,-0.747798
754,-0.019232,-0.248900,-0.063338,-0.019254,0.006644,0.747795
755,0.012485,0.251050,0.068740,0.018503,-0.007935,-0.747799
756,-0.019278,-0.248920,-0.063380,-0.019252,0.006638,0.747796
757,0.012427,0.251029,0.068699,0.018507,-0.007943,-0.747799
758,-0.019324,-0.248940,-0.063424,-0.019249,0.006631,0.747796
759,0.012377,0.251008,0.068659,0.018508,-0.007950,-0.747799
760,-0.019365,-0.248953,-0.063468,-0.019248,0.006625,0.747796
761,0.012329,0.250991,0.068618,0.018511,-0.007957,-0.747799
762,-0.019402,-0.248968,-0.063512,-0.019245,0.006619,0.747796
763,0.012299,0.250984,0.068579,0.018512,-0.007958,-0.747799
764,-0.019436,-0.248981,-0.063557,-0.019242,0.006615,0.747796
765,0.012259,0.250971,0.068537,0.018513,-0.007963,-0.747799
766,-0.019468,-0.248992,-0.063603,-0.019242,0.006609,0.747796
767,0.012219,0.250953,0.068494,0.018516,-0.007968,-0.747799
768,-0.019485,-0.248999,-0.063646,-0.019241,0.006608,0.747796
769,0.012195,0.250939,0.068453,0.018517,-0.007970,-0.747799
770,-0.019507,-0.249006,-0.063692,-0.019240,0.006605,0.747796
771,0.012167,0.250934,0.068410,0.018518,-0.007973,-0.747799
772,-0.019524,-0.249019,-0.063739,-0.019238,0.006603,0.747796
773,0.012140,0.250922,0.068366,0.018520,-0.007975,-0.747800
774,-0.019548,-0.249029,-0.063788,-0.019236,0.006599,0.747796
775,0.012115,0.250913,0.068321,0.018522,-0.007978,-0.747799
776,-0.019570,-0.249036,-0.063838,-0.019235,0.006595,0.747796
777,0.012088,0.250906,0.068275,0.018522,-0.007982,-0.747800
778,-0.019587,-0.249037,-0.063887,-0.019235,0.006591,0.747796
779,0.012076,0.250901,0.068230,0.018522,-0.007982,-0.747799
780,-0.019589,-0.249039,-0.063935,-0.019234,0.006592,0.747796
781,0.012063,0.250901,0.068185,0.018522,-0.007983,-0.747799
782,-0.019588,-0.249041,-0.063983,-0.019234,0.006593,0.747796
783,0.012055,0.250892,0.068139,0.018523,-0.007982,-0.747799
784,-0.019589,-0.249037,-0.064032,-0.019235,0.006593,0.747797
785,0.012043,0.250889,0.068091,0.018523,-0.007983,-0.747800
786,-0.019590,-0.249050,-0.064084,-0.019233,0.006593,0.747796
787,0.012029,0.250881,0.068042,0.018524,-0.007985,-0.747800
788,-0.019596,-0.249053,-0.064137,-0.019232,0.006591,0.747796
789,0.012015,0.250881,0.067992,0.018524,-0.007987,-0.747800
790,-0.019602,-0.249047,-0.064191,-0.019232,0.006588,0.747797
791,0.012013,0.250879,0.067944,0.018523,-0.007986,-0.747800
792,-0.019591,-0.249047,-0.064241,-0.019232,0.006590,0.747796
793,0.012012,0.250874,0.067895,0.018526,-0.007986,-0.747800
794,-0.019609,-0.249056,-0.064301,-0.019230,0.006584,0.747796
795,0.011998,0.250875,0.067842,0.018525,-0.007989,-0.747799
796,-0.019598,-0.249046,-0.064354,-0.019231,0.006585,0.747796
797,0.012004,0.250870,0.067792,0.018525,-0.007987,-0.747800
798,-0.019589,-0.249049,-0.064408,-0.019230,0.006586,0.747797
799,0.012021,0.250881,0.067745,0.018523,-0.007982,-0.747800
800,-0.019561,-0.249036,-0.064459,-0.019232,0.006591,0.747796
801,0.012015,0.250871,0.067690,0.018525,-0.007984,-0.747800
802,-0.019564,-0.249040,-0.064518,-0.019231,0.006588,0.747796
803,0.012026,0.250876,0.067640,0.018523,-0.007982,-0.747800
804,-0.019539,-0.249035,-0.064571,-0.019232,0.006591,0.747797
805,0.012030,0.250872,0.067586,0.018524,-0.007981,-0.747800
806,-0.019516,-0.249022,-0.064626,-0.019232,0.006595,0.747797
807,0.012049,0.250879,0.067536,0.018523,-0.007977,-0.747800
808,-0.019492,-0.249022,-0.064681,-0.019232,0.006598,0.747796
809,0.012055,0.250877,0.067481,0.018523,-0.007977,-0.747800
810,-0.019472,-0.249011,-0.064737,-0.019233,0.006600,0.747797
811,0.012079,0.250889,0.067432,0.018520,-0.007971,-0.747800
812,-0.019452,-0.249006,-0.064794,-0.019233,0.006602,0.747797
813,0.012103,0.250895,0.067381,0.018518,-0.007966,-0.747800
814,-0.019421,-0.248994,-0.064849,-0.019236,0.006606,0.747796
815,0.012118,0.250896,0.067326,0.018519,-0.007964,-0.747800
816,-0.019400,-0.248988,-0.064907,-0.019237,0.006608,0.747797
817,0.012122,0.250898,0.067270,0.018519,-0.007964,-0.747800
818,-0.019375,-0.248988,-0.064965,-0.019235,0.006611,0.747797
819,0.012157,0.250906,0.067219,0.018517,-0.007957,-0.747800
820,-0.019353,-0.248975,-0.065024,-0.019236,0.006612,0.747797
821,0.012165,0.250907,0.067162,0.018517,-0.007957,-0.747800
822,-0.019319,-0.248961,-0.065081,-0.019238,0.006617,0.747797
823,0.012182,0.250905,0.067106,0.018517,-0.007955,-0.747800
824,-0.019291,-0.248956,-0.065139,-0.019238,0.006620,0.747796
825,0.012203,0.250915,0.067052,0.018514,-0.007951,-0.747800
826,-0.019269,-0.248944,-0.065199,-0.019238,0.006621,0.747796
827,0.012237,0.250926,0.067000,0.018513,-0.007944,-0.747799
828,-0.019238,-0.248931,-0.065257,-0.019240,0.006625,0.747797
829,0.012248,0.250928,0.066943,0.018512,-0.007944,-0.747800
830,-0.019218,-0.248931,-0.065318,-0.019239,0.006625,0.747796
831,0.012266,0.250932,0.066886,0.018512,-0.007941,-0.747800
832,-0.019183,-0.248920,-0.065376,-0.019240,0.006630,0.747796
833,0.012293,0.250938,0.066832,0.018510,-0.007937,-0.747799
834,-0.019152,-0.248908,-0.065435,-0.019241,0.006633,0.747797
835,0.012320,0.250946,0.066777,0.018508,-0.007932,-0.747799
836,-0.019111,-0.248895,-0.065492,-0.019243,0.006639,0.747797
837,0.012349,0.250953,0.066722,0.018507,-0.007927,-0.747799
838,-0.019080,-0.248886,-0.065552,-0.019242,0.006643,0.747797
839,0.012381,0.250962,0.066668,0.018506,-0.007921,-0.747799
840,-0.019045,-0.248869,-0.065610,-0.019245,0.006647,0.747796
841,0.012399,0.250962,0.066610,0.018505,-0.007919,-0.747799
842,-0.019010,-0.248859,-0.065670,-0.019246,0.006651,0.747797
843,0.012431,0.250970,0.066556,0.018504,-0.007914,-0.747799
844,-0.018984,-0.248849,-0.065731,-0.019247,0.006653,0.747797
845,0.012442,0.250974,0.066497,0.018503,-0.007913,-0.747799
846,-0.018952,-0.248845,-0.065790,-0.019246,0.006656,0.747796
847,0.012466,0.250976,0.066441,0.018503,-0.007910,-0.747799
848,-0.018919,-0.248830,-0.065850,-0.019247,0.006660,0.747796
849,0.012512,0.250993,0.066390,0.018499,-0.007900,-0.747799
850,-0.018883,-0.248820,-0.065909,-0.019249,0.006665,0.747796
851,0.012528,0.250999,0.066332,0.018498,-0.007898,-0.747799
852,-0.018853,-0.248813,-0.065969,-0.019248,0.006667,0.747796
853,0.012541,0.250999,0.066273,0.018498,-0.007898,-0.747798
854,-0.018813,-0.248797,-0.066027,-0.019251,0.006673,0.747797
855,0.012573,0.251008,0.066219,0.018495,-0.007892,-0.747798
856,-0.018767,-0.248783,-0.066083,-0.019253,0.006680,0.747796
857,0.012598,0.251013,0.066164,0.018495,-0.007887,-0.747799
858,-0.018735,-0.248775,-0.066143,-0.019252,0.006684,0.747796
859,0.012626,0.251015,0.066109,0.018493,-0.007883,-0.747798
860,-0.018713,-0.248767,-0.066204,-0.019253,0.006685,0.747796
861,0.012652,0.251023,0.066054,0.018491,-0.007879,-0.747798
862,-0.018685,-0.248752,-0.066264,-0.019255,0.006687,0.747796
863,0.012674,0.251030,0.065998,0.018490,-0.007875,-0.747798
864,-0.018642,-0.248745,-0.066320,-0.019255,0.006694,0.747796
865,0.012704,0.251035,0.065944,0.018490,-0.007869,-0.747799
866,-0.018607,-0.248732,-0.066378,-0.019256,0.006699,0.747796
867,0.012718,0.251042,0.065888,0.018488,-0.007868,-0.747798
868,-0.018581,-0.248721,-0.066437,-0.019257,0.006701,0.747796
869,0.012750,0.251041,0.065834,0.018487,-0.007861,-0.747798
870,-0.018550,-0.248714,-0.066496,-0.019258,0.006705,0.747796
871,0.012763,0.251046,0.065777,0.018486,-0.007860,-0.747798
872,-0.018526,-0.248707,-0.066556,-0.019259,0.006707,0.747796
873,0.012775,0.251051,0.065721,0.018485,-0.007859,-0.747798
874,-0.018507,-0.248696,-0.066616,-0.019259,0.006707,0.747796
875,0.012795,0.251051,0.065667,0.018485,-0.007855,-0.747798
876,-0.018476,-0.248686,-0.066673,-0.019258,0.006711,0.747796
877,0.012808,0.251044,0.065610,0.018487,-0.007853,-0.747797
878,-0.018456,-0.248686,-0.066733,-0.019258,0.006713,0.747796
879,0.012827,0.251052,0.065557,0.018484,-0.007850,-0.747798
880,-0.018438,-0.248680,-0.066793,-0.019257,0.006713,0.747796
881,0.012843,0.251056,0.065501,0.018485,-0.007847,-0.747798
882,-0.018410,-0.248670,-0.066850,-0.019258,0.006717,0.747796
883,0.012860,0.251060,0.065448,0.018482,-0.007844,-0.747798
884,-0.018387,-0.248656,-0.066908,-0.019260,0.006719,0.747796
885,0.012863,0.251061,0.065391,0.018482,-0.007845,-0.747797
886,-0.018367,-0.248649,-0.066965,-0.019261,0.006721,0.747796
887,0.012876,0.251061,0.065338,0.018482,-0.007843,-0.747797
888,-0.018344,-0.248644,-0.067022,-0.019260,0.006724,0.747796
889,0.012898,0.251075,0.065287,0.018478,-0.007838,-0.747797
890,-0.018316,-0.248639,-0.067077,-0.019261,0.006728,0.747796
891,0.012903,0.251076,0.065232,0.018478,-0.007838,-0.747797
892,-0.018306,-0.248622,-0.067136,-0.019262,0.006727,0.747796
893,0.012923,0.251083,0.065181,0.018477,-0.007833,-0.747797
894,-0.018280,-0.248615,-0.067190,-0.019263,0.006731,0.747796
895,0.012927,0.251082,0.065127,0.018476,-0.007833,-0.747797
896,-0.018256,-0.248607,-0.067245,-0.019263,0.006734,0.747795
897,0.012945,0.251087,0.065076,0.018475,-0.007828,-0.747797
898,-0.018236,-0.248599,-0.067300,-0.019264,0.006736,0.747796
899,0.012961,0.251092,0.065026,0.018473,-0.007825,-0.747797
900,-0.018215,-0.248587,-0.067355,-0.019266,0.006739,0.747796
901,0.012970,0.251086,0.064974,0.018475,-0.007823,-0.747797
902,-0.018207,-0.248583,-0.067412,-0.019265,0.006738,0.747796
903,0.012972,0.251087,0.064922,0.018473,-0.007823,-0.747797
904,-0.018196,-0.248579,-0.067467,-0.019265,0.006739,0.747796
905,0.012977,0.251095,0.064871,0.018471,-0.007822,-0.747797
906,-0.018168,-0.248571,-0.067519,-0.019267,0.006744,0.747796
907,0.012984,0.251093,0.064820,0.018470,-0.007820,-0.747797
908,-0.018154,-0.248563,-0.067572,-0.019266,0.006745,0.747795
909,0.013009,0.251103,0.064774,0.018469,-0.007813,-0.747797
910,-0.018136,-0.248552,-0.067624,-0.019267,0.006748,0.747796
911,0.013025,0.251111,0.064728,0.018466,-0.007808,-0.747796
912,-0.018118,-0.248548,-0.067677,-0.019268,0.006751,0.747795
913,0.013012,0.251102,0.064674,0.018469,-0.007811,-0.747796
914,-0.018120,-0.248546,-0.067732,-0.019267,0.006748,0.747795
915,0.013012,0.251100,0.064624,0.018468,-0.007811,-0.747797
916,-0.018114,-0.248547,-0.067786,-0.019266,0.006748,0.747796
917,0.013005,0.251097,0.064574,0.018468,-0.007812,-0.747797
918,-0.018126,-0.248547,-0.067843,-0.019264,0.006743,0.747795
919,0.012983,0.251092,0.064520,0.018470,-0.007818,-0.747797
920,-0.018132,-0.248540,-0.067898,-0.019264,0.006740,0.747796
921,0.012979,0.251092,0.064471,0.018469,-0.007818,-0.747796
922,-0.018126,-0.248539,-0.067950,-0.019264,0.006740,0.747796
923,0.012971,0.251090,0.064422,0.018469,-0.007819,-0.747797
924,-0.018122,-0.248535,-0.068001,-0.019264,0.006739,0.747795
925,0.012985,0.251077,0.064377,0.018472,-0.007815,-0.747796
926,-0.018103,-0.248529,-0.068049,-0.019265,0.006743,0.747795
927,0.012985,0.251079,0.064330,0.018472,-0.007814,-0.747796
928,-0.018091,-0.248523,-0.068097,-0.019265,0.006745,0.747795
929,0.012992,0.251086,0.064286,0.018469,-0.007811,-0.747797
930,-0.018077,-0.248516,-0.068145,-0.019267,0.006748,0.747795
931,0.012985,0.251085,0.064239,0.018469,-0.007812,-0.747796
932,-0.018081,-0.248508,-0.068196,-0.019268,0.006746,0.747795
933,0.012987,0.251090,0.064195,0.018466,-0.007810,-0.747796
934,-0.018062,-0.248511,-0.068241,-0.019267,0.006750,0.747795
935,0.012985,0.251083,0.064150,0.018467,-0.007809,-0.747796
936,-0.018059,-0.248504,-0.068290,-0.019268,0.006750,0.747796
937,0.012973,0.251082,0.064104,0.018467,-0.007811,-0.747796
938,-0.018055,-0.248505,-0.068337,-0.019267,0.006750,0.747795
939,0.012970,0.251079,0.064060,0.018467,-0.007811,-0.747796
940,-0.018058,-0.248500,-0.068386,-0.019267,0.006749,0.747795
941,0.012984,0.251088,0.064021,0.018465,-0.007805,-0.747796
942,-0.018060,-0.248498,-0.068433,-0.019268,0.006748,0.747795
943,0.012961,0.251074,0.063974,0.018467,-0.007810,-0.747796
944,-0.018061,-0.248497,-0.068479,-0.019267,0.006747,0.747795
945,0.012962,0.251074,0.063933,0.018466,-0.007807,-0.747796
946,-0.018075,-0.248500,-0.068529,-0.019265,0.006743,0.747795
947,0.012953,0.251072,0.063890,0.018467,-0.007808,-0.747796
948,-0.018074,-0.248494,-0.068574,-0.019266,0.006743,0.747795
949,0.012941,0.251069,0.063847,0.018466,-0.007810,-0.747796
950,-0.018080,-0.248495,-0.068620,-0.019266,0.006740,0.747795
951,0.012923,0.251062,0.063804,0.018469,-0.007813,-0.747796
952,-0.018071,-0.248488,-0.068662,-0.019266,0.006743,0.747795
953,0.012927,0.251067,0.063766,0.018466,-0.007810,-0.747796
954,-0.018068,-0.248487,-0.068705,-0.019267,0.006743,0.747795
955,0.012903,0.251055,0.063722,0.018468,-0.007814,-0.747796
956,-0.018077,-0.248496,-0.068749,-0.019265,0.006741,0.747795
957,0.012897,0.251055,0.063682,0.018468,-0.007814,-0.747796
958,-0.018087,-0.248497,-0.068794,-0.019264,0.006738,0.747795
959,0.012892,0.251049,0.063644,0.018468,-0.007813,-0.747796
960,-0.018092,-0.248497,-0.068837,-0.019263,0.006737,0.747795
961,0.012881,0.251047,0.063605,0.018468,-0.007815,-0.747796
962,-0.018086,-0.248495,-0.068876,-0.019264,0.006738,0.747794
963,0.012855,0.251043,0.063563,0.018468,-0.007819,-0.747796
964,-0.018086,-0.248492,-0.068917,-0.019264,0.006739,0.747795
965,0.012859,0.251040,0.063528,0.018469,-0.007816,-0.747796
966,-0.018109,-0.248490,-0.068961,-0.019263,0.006733,0.747794
967,0.012842,0.251033,0.063490,0.018469,-0.007819,-0.747796
968,-0.018122,-0.248498,-0.069003,-0.019262,0.006729,0.747794
969,0.012826,0.251029,0.063452,0.018470,-0.007821,-0.747796
970,-0.018117,-0.248503,-0.069041,-0.019261,0.006731,0.747795
971,0.012807,0.251023,0.063414,0.018471,-0.007824,-0.747796
972,-0.018133,-0.248499,-0.069082,-0.019261,0.006727,0.747794
973,0.012790,0.251018,0.063377,0.018471,-0.007826,-0.747796
974,-0.018141,-0.248506,-0.069121,-0.019260,0.006725,0.747794
975,0.012777,0.251010,0.063341,0.018471,-0.007828,-0.747796
976,-0.018135,-0.248505,-0.069157,-0.019260,0.006727,0.747795
977,0.012782,0.251018,0.063310,0.018469,-0.007825,-0.747796
978,-0.018132,-0.248498,-0.069192,-0.019260,0.006728,0.747794
979,0.012770,0.251009,0.063275,0.018471,-0.007826,-0.747796
980,-0.018132,-0.248502,-0.069227,-0.019260,0.006729,0.747794
981,0.012768,0.251013,0.063244,0.018470,-0.007824,-0.747796
982,-0.018138,-0.248500,-0.069263,-0.019260,0.006727,0.747795
983,0.012744,0.250997,0.063208,0.018473,-0.007828,-0.747796
984,-0.018150,-0.248509,-0.069300,-0.019258,0.006725,0.747794
985,0.012745,0.251005,0.063179,0.018470,-0.007826,-0.747796
986,-0.018148,-0.248506,-0.069333,-0.019259,0.006726,0.747795
987,0.012733,0.250992,0.063147,0.018472,-0.007827,-0.747796
988,-0.018147,-0.248505,-0.069366,-0.019259,0.006726,0.747794
989,0.012714,0.250989,0.063114,0.018472,-0.007830,-0.747796
990,-0.018165,-0.248508,-0.069402,-0.019257,0.006722,0.747794
991,0.012707,0.250992,0.063084,0.018472,-0.007830,-0.747796
992,-0.018155,-0.248506,-0.069431,-0.019258,0.006725,0.747794
993,0.012696,0.250986,0.063054,0.018472,-0.007831,-0.747796
994,-0.018178,-0.248506,-0.069467,-0.019258,0.006719,0.747794
995,0.012684,0.250978,0.063025,0.018473,-0.007833,-0.747796
996,-0.018179,-0.248511,-0.069498,-0.019257,0.006719,0.747795
997,0.012673,0.250980,0.062996,0.018473,-0.007833,-0.747796
998,-0.018197,-0.248513,-0.069531,-0.019255,0.006715,0.747794
999,0.012664,0.250973,0.062968,0.018473,-0.007834,-0.747796
1000,-0.018184,-0.248514,-0.069557,-0.019256,0.006719,0.747795
1001,0.012656,0.250971,0.062941,0.018473,-0.007834,-0.747797
1002,-0.018188,-0.248510,-0.069586,-0.019257,0.006718,0.747794
1003,0.012647,0.250964,0.062915,0.018474,-0.007835,-0.747796
1004,-0.018207,-0.248521,-0.069618,-0.019255,0.006714,0.747794
1005,0.012633,0.250957,0.062887,0.018474,-0.007837,-0.747796
1006,-0.018201,-0.248526,-0.069644,-0.019253,0.006716,0.747794
1007,0.012624,0.250957,0.062862,0.018474,-0.007837,-0.747796
1008,-0.018206,-0.248525,-0.069672,-0.019253,0.006715,0.747794
1009,0.012607,0.250953,0.062835,0.018474,-0.007840,-0.747796
1010,-0.018212,-0.248526,-0.069699,-0.019253,0.006713,0.747794
1011,0.012613,0.250953,0.062814,0.018473,-0.007837,-0.747796
1012,-0.018216,-0.248526,-0.069725,-0.019252,0.006713,0.747794
1013,0.012595,0.250948,0.062789,0.018474,-0.007840,-0.747796
1014,-0.018236,-0.248533,-0.069754,-0.019250,0.006708,0.747794
1015,0.012592,0.250948,0.062766,0.018475,-0.007840,-0.747796
1016,-0.018250,-0.248532,-0.069781,-0.019251,0.006704,0.747794
1017,0.012567,0.250939,0.062741,0.018476,-0.007844,-0.747796
1018,-0.018246,-0.248539,-0.069803,-0.019250,0.006706,0.747794
1019,0.012555,0.250936,0.062718,0.018477,-0.007846,-0.747796
1020,-0.042526,-0.157244,0.203071,-0.005766,-0.009181,0.764003
1021,-0.025510,0.207235,0.119541,0.024327,-0.009267,-0.751664
1022,-0.023495,-0.265802,-0.071475,-0.014047,0.005496,0.746648
1023,0.008245,0.232399,0.061242,0.023697,-0.008695,-0.747909
1024,-0.022892,-0.266373,-0.071488,-0.014267,0.005622,0.747685
1025,0.008200,0.233505,0.061322,0.023332,-0.008759,-0.747899
1026,-0.022488,-0.264766,-0.071328,-0.014772,0.005733,0.747699
1027,0.008367,0.235519,0.061479,0.022698,-0.008772,-0.747881
1028,-0.021955,-0.262458,-0.071094,-0.015479,0.005870,0.747717
1029,0.008740,0.238102,0.061697,0.021905,-0.008728,-0.747861
1030,-0.021337,-0.259746,-0.070813,-0.016300,0.006022,0.747738
1031,0.009268,0.240948,0.061953,0.021045,-0.008637,-0.747840
1032,-0.020661,-0.256912,-0.070507,-0.017144,0.006188,0.747758
1033,0.009867,0.243802,0.062220,0.020197,-0.008516,-0.747820
1034,-0.019979,-0.254194,-0.070198,-0.017943,0.006356,0.747778
1035,0.010541,0.246469,0.062490,0.019418,-0.008365,-0.747802
1036,-0.019349,-0.251746,-0.069911,-0.018650,0.006513,0.747794
1037,0.011193,0.248793,0.062738,0.018751,-0.008207,-0.747788
1038,-0.018752,-0.249694,-0.069649,-0.019233,0.006664,0.747808
1039,0.011813,0.250696,0.062959,0.018218,-0.008048,-0.747777
1040,-0.018260,-0.248079,-0.069430,-0.019679,0.006790,0.747817
1041,0.012352,0.252109,0.063141,0.017839,-0.007901,-0.747770
1042,-0.017875,-0.246904,-0.069258,-0.019990,0.006890,0.747823
1043,0.012772,0.253068,0.063279,0.017594,-0.007778,-0.747765
1044,-0.017621,-0.246202,-0.069138,-0.020162,0.006960,0.747826
1045,0.013071,0.253619,0.063373,0.017473,-0.007684,-0.747765
1046,-0.017476,-0.245855,-0.069062,-0.020228,0.007002,0.747826
1047,0.013252,0.253807,0.063429,0.017459,-0.007617,-0.747766
1048,-0.017463,-0.245824,-0.069032,-0.020204,0.007011,0.747824
1049,0.013314,0.253706,0.063448,0.017526,-0.007581,-0.747770
1050,-0.017551,-0.246053,-0.069039,-0.020107,0.006994,0.747820
1051,0.013263,0.253374,0.063435,0.017655,-0.007577,-0.747774
1052,-0.017681,-0.246443,-0.069065,-0.019968,0.006967,0.747815
1053,0.013121,0.252906,0.063398,0.017821,-0.007598,-0.747779
1054,-0.017915,-0.246930,-0.069121,-0.019803,0.006911,0.747810
1055,0.012931,0.252370,0.063350,0.018000,-0.007635,-0.747784
1056,-0.018160,-0.247481,-0.069184,-0.019627,0.006851,0.747806
1057,0.012683,0.251810,0.063289,0.018182,-0.007691,-0.747790
1058,-0.018444,-0.247999,-0.069254,-0.019463,0.006780,0.747801
1059,0.012412,0.251291,0.063225,0.018346,-0.007756,-0.747794
1060,-0.018691,-0.248465,-0.069315,-0.019319,0.006718,0.747797
1061,0.012147,0.250850,0.063168,0.018484,-0.007822,-0.747798
1062,-0.018973,-0.248858,-0.069380,-0.019200,0.006645,0.747794
1063,0.011889,0.250481,0.063115,0.018596,-0.007890,-0.747801
1064,-0.019205,-0.249178,-0.069431,-0.019104,0.006585,0.747791
1065,0.011673,0.250217,0.063076,0.018675,-0.007950,-0.747802
1066,-0.019375,-0.249383,-0.069462,-0.019045,0.006539,0.747790
1067,0.011484,0.250034,0.063045,0.018728,-0.008003,-0.747804
1068,-0.019512,-0.249517,-0.069484,-0.019006,0.006501,0.747789
1069,0.011357,0.249949,0.063032,0.018751,-0.008043,-0.747805
1070,-0.019605,-0.249558,-0.069490,-0.018997,0.006474,0.747789
1071,0.011275,0.249935,0.063031,0.018752,-0.008071,-0.747805
1072,-0.019640,-0.249533,-0.069481,-0.019005,0.006462,0.747789
1073,0.011240,0.249994,0.063043,0.018733,-0.008086,-0.747804
1074,-0.019642,-0.249466,-0.069463,-0.019024,0.006458,0.747790
1075,0.011240,0.250078,0.063062,0.018707,-0.008094,-0.747803
1076,-0.019618,-0.249361,-0.069435,-0.019055,0.006461,0.747790
1077,0.011299,0.250222,0.063097,0.018666,-0.008085,-0.747802
1078,-0.019543,-0.249222,-0.069395,-0.019097,0.006477,0.747791
1079,0.011373,0.250354,0.063134,0.018625,-0.008072,-0.747801
1080,-0.019441,-0.249100,-0.069351,-0.019131,0.006500,0.747792
1081,0.011488,0.250511,0.063180,0.018581,-0.008047,-0.747800
1082,-0.019336,-0.248952,-0.069303,-0.019173,0.006524,0.747793
1083,0.011600,0.250644,0.063225,0.018543,-0.008023,-0.747799
1084,-0.019213,-0.248830,-0.069253,-0.019206,0.006553,0.747794
1085,0.011724,0.250777,0.063273,0.018507,-0.007995,-0.747799
1086,-0.019093,-0.248716,-0.069203,-0.019238,0.006580,0.747795
1087,0.011837,0.250880,0.063317,0.018478,-0.007970,-0.747798
1088,-0.018980,-0.248627,-0.069154,-0.019261,0.006607,0.747796
1089,0.011963,0.250960,0.063363,0.018458,-0.007941,-0.747797
1090,-0.018872,-0.248558,-0.069109,-0.019278,0.006632,0.747796
1091,0.012067,0.251022,0.063406,0.018442,-0.007916,-0.747797
1092,-0.018782,-0.248522,-0.069068,-0.019285,0.006652,0.747796
1093,0.012176,0.251062,0.063447,0.018435,-0.007891,-0.747797
1094,-0.018699,-0.248491,-0.069028,-0.019292,0.006671,0.747796
1095,0.012236,0.251083,0.063479,0.018432,-0.007880,-0.747797
1096,-0.018631,-0.248466,-0.068991,-0.019299,0.006685,0.747796
1097,0.012297,0.251095,0.063511,0.018432,-0.007867,-0.747797
1098,-0.018598,-0.248476,-0.068963,-0.019294,0.006690,0.747796
1099,0.012326,0.251083,0.063536,0.018438,-0.007863,-0.747797
1100,-0.018573,-0.248497,-0.068936,-0.019285,0.006694,0.747796
1101,0.012382,0.251058,0.063567,0.018447,-0.007852,-0.747797
1102,-0.018548,-0.248509,-0.068908,-0.019280,0.006697,0.747796
1103,0.012396,0.251046,0.063590,0.018454,-0.007852,-0.747797
1104,-0.018536,-0.248539,-0.068884,-0.019271,0.006697,0.747796
1105,0.012403,0.251019,0.063611,0.018464,-0.007855,-0.747797
1106,-0.018531,-0.248553,-0.068860,-0.019265,0.006694,0.747795
1107,0.012417,0.251001,0.063635,0.018470,-0.007856,-0.747798
1108,-0.018529,-0.248567,-0.068835,-0.019260,0.006691,0.747795
1109,0.012418,0.250982,0.063657,0.018477,-0.007860,-0.747798
1110,-0.018528,-0.248580,-0.068810,-0.019255,0.006688,0.747795
1111,0.012424,0.250972,0.063681,0.018482,-0.007863,-0.747798
1112,-0.018527,-0.248591,-0.068784,-0.019252,0.006685,0.747795
1113,0.012417,0.250964,0.063703,0.018484,-0.007870,-0.747798
1114,-0.018524,-0.248599,-0.068757,-0.019248,0.006682,0.747795
1115,0.012433,0.250952,0.063729,0.018490,-0.007870,-0.747798
1116,-0.018521,-0.248608,-0.068729,-0.019247,0.006680,0.747795
1117,0.012448,0.250956,0.063758,0.018489,-0.007871,-0.747798
1118,-0.018521,-0.248605,-0.068702,-0.019246,0.006676,0.747795
1119,0.012469,0.250957,0.063787,0.018489,-0.007870,-0.747798
1120,-0.018500,-0.248609,-0.068669,-0.019246,0.006678,0.747795
1121,0.012466,0.250954,0.063812,0.018491,-0.007875,-0.747798
1122,-0.018488,-0.248608,-0.068637,-0.019245,0.006679,0.747795
1123,0.012492,0.250972,0.063844,0.018488,-0.007873,-0.747798
1124,-0.018464,-0.248592,-0.068602,-0.019249,0.006682,0.747795
1125,0.012512,0.250974,0.063875,0.018488,-0.007873,-0.747798
1126,-0.018461,-0.248581,-0.068570,-0.019252,0.006680,0.747795
1127,0.012536,0.250991,0.063907,0.018484,-0.007871,-0.747798
1128,-0.018421,-0.248575,-0.068530,-0.019254,0.006687,0.747795
1129,0.012576,0.251002,0.063944,0.018482,-0.007864,-0.747798
1130,-0.018400,-0.248563,-0.068494,-0.019255,0.006690,0.747795
1131,0.012610,0.251017,0.063980,0.018479,-0.007859,-0.747798
1132,-0.018372,-0.248555,-0.068455,-0.019258,0.006695,0.747795
1133,0.012629,0.251017,0.064013,0.018478,-0.007859,-0.747797
1134,-0.018343,-0.248549,-0.068415,-0.019260,0.006700,0.747795
1135,0.012672,0.251032,0.064052,0.018475,-0.007851,-0.747797
1136,-0.018298,-0.248535,-0.068372,-0.019262,0.006710,0.747795
1137,0.012718,0.251047,0.064093,0.018473,-0.007842,-0.747797
1138,-0.018267,-0.248529,-0.068330,-0.019263,0.006716,0.747795
1139,0.012765,0.251064,0.064134,0.018470,-0.007833,-0.747797
1140,-0.018243,-0.248516,-0.068290,-0.019266,0.006721,0.747795
1141,0.012787,0.251069,0.064171,0.018468,-0.007831,-0.747797
1142,-0.018220,-0.248519,-0.068250,-0.019265,0.006725,0.747795
1143,0.012829,0.251084,0.064212,0.018465,-0.007823,-0.747797
1144,-0.018191,-0.248505,-0.068207,-0.019269,0.006731,0.747795
1145,0.012847,0.251082,0.064247,0.018467,-0.007822,-0.747796
1146,-0.018177,-0.248501,-0.068166,-0.019269,0.006733,0.747795
1147,0.012867,0.251093,0.064286,0.018466,-0.007819,-0.747797
1148,-0.018155,-0.248499,-0.068124,-0.019271,0.006737,0.747795
1149,0.012872,0.251092,0.064321,0.018466,-0.007821,-0.747796
1150,-0.018152,-0.248502,-0.068085,-0.019270,0.006737,0.747795
1151,0.012896,0.251094,0.064360,0.018467,-0.007818,-0.747796
1152,-0.018142,-0.248497,-0.068044,-0.019271,0.006738,0.747795
1153,0.012918,0.251105,0.064400,0.018464,-0.007815,-0.747796
1154,-0.018119,-0.248495,-0.068000,-0.019273,0.006743,0.747795
1155,0.012918,0.251096,0.064435,0.018466,-0.007818,-0.747797
1156,-0.018127,-0.248493,-0.067961,-0.019272,0.006740,0.747795
1157,0.012945,0.251110,0.064478,0.018465,-0.007813,-0.747796
1158,-0.018123,-0.248494,-0.067919,-0.019273,0.006741,0.747795
1159,0.012957,0.251111,0.064517,0.018464,-0.007812,-0.747796
1160,-0.018117,-0.248496,-0.067877,-0.019272,0.006742,0.747795
1161,0.012948,0.251106,0.064552,0.018467,-0.007817,-0.747797
1162,-0.018133,-0.248498,-0.067839,-0.019271,0.006737,0.747795
1163,0.012952,0.251104,0.064590,0.018466,-0.007818,-0.747797
1164,-0.018121,-0.248497,-0.067794,-0.019272,0.006739,0.747795
1165,0.012955,0.251106,0.064629,0.018468,-0.007819,-0.747797
1166,-0.018114,-0.248501,-0.067750,-0.019271,0.006741,0.747795
1167,0.012967,0.251114,0.064670,0.018467,-0.007818,-0.747797
1168,-0.018116,-0.248499,-0.067707,-0.019272,0.006741,0.747795
1169,0.012990,0.251123,0.064715,0.018466,-0.007814,-0.747796
1170,-0.018111,-0.248493,-0.067661,-0.019273,0.006742,0.747795
1171,0.013000,0.251125,0.064757,0.018465,-0.007812,-0.747797
1172,-0.018107,-0.248509,-0.067617,-0.019269,0.006744,0.747795
1173,0.012995,0.251127,0.064796,0.018465,-0.007816,-0.747796
1174,-0.018102,-0.248505,-0.067571,-0.019271,0.006745,0.747795
1175,0.013015,0.251132,0.064841,0.018464,-0.007812,-0.747796
1176,-0.018093,-0.248504,-0.067523,-0.019270,0.006748,0.747795
1177,0.013032,0.251134,0.064885,0.018463,-0.007809,-0.747796
1178,-0.018085,-0.248503,-0.067476,-0.019272,0.006751,0.747795
1179,0.013042,0.251144,0.064929,0.018462,-0.007808,-0.747797
1180,-0.018086,-0.248502,-0.067429,-0.019273,0.006751,0.747795
1181,0.013048,0.251137,0.064972,0.018463,-0.007807,-0.747797
1182,-0.018085,-0.248507,-0.067383,-0.019273,0.006752,0.747795
1183,0.013041,0.251138,0.065013,0.018464,-0.007810,-0.747797
1184,-0.018090,-0.248508,-0.067337,-0.019273,0.006751,0.747795
1185,0.013032,0.251133,0.065054,0.018466,-0.007814,-0.747796
1186,-0.018102,-0.248511,-0.067292,-0.019272,0.006749,0.747795
1187,0.013049,0.251137,0.065100,0.018465,-0.007811,-0.747797
1188,-0.018119,-0.248511,-0.067248,-0.019272,0.006745,0.747795
1189,0.013051,0.251138,0.065144,0.018464,-0.007811,-0.747796
1190,-0.018108,-0.248515,-0.067197,-0.019273,0.006749,0.747795
1191,0.013061,0.251140,0.065190,0.018465,-0.007809,-0.747797
1192,-0.018116,-0.248520,-0.067150,-0.019273,0.006748,0.747795
1193,0.013052,0.251143,0.065232,0.018464,-0.007812,-0.747797
1194,-0.018109,-0.248527,-0.067100,-0.019270,0.006752,0.747795
1195,0.013066,0.251136,0.065279,0.018468,-0.007809,-0.747796
1196,-0.018124,-0.248527,-0.067055,-0.019272,0.006748,0.747795
1197,0.013062,0.251133,0.065324,0.018468,-0.007810,-0.747796
1198,-0.018135,-0.248529,-0.067007,-0.019273,0.006747,0.747795
1199,0.013061,0.251132,0.065368,0.018468,-0.007811,-0.747797
1200,-0.018127,-0.248528,-0.066955,-0.019273,0.006751,0.747795
1201,0.013057,0.251129,0.065412,0.018468,-0.007813,-0.747797
1202,-0.018135,-0.248533,-0.066906,-0.019273,0.006750,0.747795
1203,0.013060,0.251132,0.065459,0.018468,-0.007813,-0.747797
1204,-0.018151,-0.248532,-0.066860,-0.019274,0.006748,0.747795
1205,0.013060,0.251132,0.065505,0.018469,-0.007813,-0.747796
1206,-0.018165,-0.248538,-0.066812,-0.019274,0.006745,0.747795
1207,0.013041,0.251125,0.065546,0.018471,-0.007819,-0.747797
1208,-0.018182,-0.248544,-0.066765,-0.019272,0.006743,0.747795
1209,0.013047,0.251136,0.065594,0.018470,-0.007817,-0.747796
1210,-0.018196,-0.248548,-0.066717,-0.019273,0.006741,0.747795
1211,0.013049,0.251132,0.065641,0.018470,-0.007816,-0.747796
1212,-0.018195,-0.248549,-0.066666,-0.019273,0.006743,0.747796
1213,0.013041,0.251130,0.065686,0.018470,-0.007819,-0.747797
1214,-0.018187,-0.248555,-0.066613,-0.019273,0.006747,0.747796
1215,0.013040,0.251126,0.065732,0.018471,-0.007819,-0.747796
1216,-0.018211,-0.248558,-0.066566,-0.019273,0.006743,0.747795
1217,0.013044,0.251133,0.065781,0.018470,-0.007818,-0.747796
1218,-0.018234,-0.248565,-0.066519,-0.019272,0.006739,0.747796
1219,0.013034,0.251131,0.065825,0.018470,-0.007820,-0.747797
1220,-0.018247,-0.248572,-0.066470,-0.019271,0.006737,0.747795
1221,0.013029,0.251129,0.065871,0.018473,-0.007821,-0.747797
1222,-0.018262,-0.248571,-0.066422,-0.019270,0.006736,0.747795
1223,0.013017,0.251133,0.065916,0.018471,-0.007825,-0.747797
1224,-0.018265,-0.248579,-0.066371,-0.019271,0.006737,0.747795
1225,0.013013,0.251124,0.065962,0.018473,-0.007826,-0.747797
1226,-0.018291,-0.248583,-0.066324,-0.019271,0.006732,0.747795
1227,0.013002,0.251129,0.066007,0.018473,-0.007828,-0.747797
1228,-0.018294,-0.248592,-0.066273,-0.019270,0.006734,0.747796
1229,0.012997,0.251123,0.066054,0.018475,-0.007830,-0.747797
1230,-0.018306,-0.248594,-0.066223,-0.019271,0.006733,0.747796
1231,0.012993,0.251122,0.066100,0.018475,-0.007830,-0.747797
1232,-0.018322,-0.248600,-0.066174,-0.019270,0.006731,0.747796
1233,0.012981,0.251119,0.066144,0.018477,-0.007834,-0.747797
1234,-0.018336,-0.248604,-0.066125,-0.019270,0.006730,0.747795
1235,0.012973,0.251125,0.066191,0.018475,-0.007835,-0.747797
1236,-0.018364,-0.248607,-0.066079,-0.019269,0.006724,0.747796
1237,0.012966,0.251113,0.066236,0.018478,-0.007837,-0.747797
1238,-0.018364,-0.248614,-0.066027,-0.019269,0.006726,0.747795
1239,0.012971,0.251126,0.066285,0.018477,-0.007835,-0.747797
1240,-0.018369,-0.248616,-0.065976,-0.019269,0.006727,0.747795
1241,0.012971,0.251122,0.066333,0.018478,-0.007835,-0.747797
1242,-0.018384,-0.248618,-0.065926,-0.019271,0.006726,0.747796
1243,0.012964,0.251122,0.066379,0.018477,-0.007837,-0.747797
1244,-0.018389,-0.248626,-0.065876,-0.019270,0.006727,0.747796
1245,0.012953,0.251118,0.066424,0.018478,-0.007840,-0.747797
1246,-0.018418,-0.248625,-0.065830,-0.019270,0.006721,0.747796
1247,0.012940,0.251114,0.066468,0.018479,-0.007843,-0.747797
1248,-0.018430,-0.248636,-0.065782,-0.019269,0.006720,0.747796
1249,0.012928,0.251112,0.066512,0.018479,-0.007846,-0.747797
1250,-0.018431,-0.248640,-0.065730,-0.019269,0.006722,0.747795
1251,0.012933,0.251119,0.066560,0.018479,-0.007844,-0.747797
1252,-0.018446,-0.248646,-0.065682,-0.019268,0.006720,0.747796
1253,0.012935,0.251117,0.066607,0.018480,-0.007844,-0.747797
1254,-0.018461,-0.248649,-0.065634,-0.019268,0.006718,0.747796
1255,0.012934,0.251117,0.066654,0.018480,-0.007844,-0.747797
1256,-0.018476,-0.248654,-0.065586,-0.019269,0.006716,0.747796
1257,0.012907,0.251106,0.066694,0.018482,-0.007851,-0.747797
1258,-0.018491,-0.248660,-0.065538,-0.019267,0.006715,0.747796
1259,0.012914,0.251109,0.066742,0.018482,-0.007849,-0.747798
1260,-0.018500,-0.248665,-0.065490,-0.019268,0.006714,0.747796
1261,0.012903,0.251109,0.066786,0.018483,-0.007852,-0.747798
1262,-0.018517,-0.248670,-0.065443,-0.019266,0.006712,0.747796
1263,0.012893,0.251110,0.066829,0.018482,-0.007855,-0.747798
1264,-0.018522,-0.248677,-0.065394,-0.019266,0.006712,0.747796
1265,0.012896,0.251107,0.066875,0.018484,-0.007854,-0.747798
1266,-0.018532,-0.248680,-0.065346,-0.019267,0.006712,0.747796
1267,0.012887,0.251107,0.066919,0.018483,-0.007856,-0.747798
1268,-0.018545,-0.248690,-0.065299,-0.019265,0.006710,0.747796
1269,0.012884,0.251110,0.066964,0.018484,-0.007857,-0.747798
1270,-0.018562,-0.248686,-0.065252,-0.019267,0.006708,0.747796
1271,0.012881,0.251108,0.067008,0.018484,-0.007858,-0.747798
1272,-0.018568,-0.248694,-0.065205,-0.019267,0.006708,0.747796
1273,0.012873,0.251101,0.067051,0.018487,-0.007860,-0.747798
1274,-0.018576,-0.248698,-0.065158,-0.019266,0.006707,0.747796
1275,0.012881,0.251108,0.067097,0.018484,-0.007859,-0.747798
1276,-0.018568,-0.248700,-0.065107,-0.019268,0.006711,0.747796
1277,0.012885,0.251107,0.067143,0.018485,-0.007858,-0.747798
1278,-0.018583,-0.248701,-0.065062,-0.019267,0.006709,0.747796
1279,0.012887,0.251110,0.067187,0.018485,-0.007857,-0.747798
1280,-0.018596,-0.248708,-0.065017,-0.019265,0.006708,0.747796
1281,0.012885,0.251110,0.067230,0.018487,-0.007858,-0.747798
1282,-0.018600,-0.248705,-0.064969,-0.019267,0.006708,0.747796
1283,0.012866,0.251102,0.067268,0.018487,-0.007864,-0.747798
1284,-0.018608,-0.248716,-0.064924,-0.019266,0.006708,0.747796
1285,0.012879,0.251112,0.067315,0.018486,-0.007860,-0.747798
1286,-0.018623,-0.248719,-0.064880,-0.019266,0.006705,0.747796
1287,0.012876,0.251111,0.067357,0.018487,-0.007861,-0.747798
1288,-0.018625,-0.248721,-0.064833,-0.019266,0.006706,0.747796
1289,0.012869,0.251108,0.067398,0.018487,-0.007864,-0.747798
1290,-0.018626,-0.248727,-0.064787,-0.019267,0.006707,0.747796
1291,0.012868,0.251100,0.067439,0.018489,-0.007865,-0.747798
1292,-0.018639,-0.248728,-0.064744,-0.019267,0.006705,0.747796
1293,0.012854,0.251100,0.067478,0.018490,-0.007869,-0.747798
1294,-0.018660,-0.248735,-0.064702,-0.019266,0.006701,0.747796
1295,0.012849,0.251103,0.067519,0.018490,-0.007870,-0.747798
1296,-0.018664,-0.248736,-0.064658,-0.019266,0.006702,0.747796
1297,0.012869,0.251105,0.067564,0.018489,-0.007866,-0.747798
1298,-0.018654,-0.248738,-0.064611,-0.019267,0.006706,0.747796
1299,0.012883,0.251119,0.067608,0.018486,-0.007862,-0.747798
1300,-0.018663,-0.248742,-0.064568,-0.019267,0.006705,0.747796
1301,0.012870,0.251110,0.067645,0.018490,-0.007866,-0.747798
1302,-0.018673,-0.248740,-0.064526,-0.019266,0.006703,0.747796
1303,0.012867,0.251110,0.067684,0.018489,-0.007868,-0.747798
1304,-0.018681,-0.248749,-0.064484,-0.019267,0.006702,0.747796
1305,0.012861,0.251110,0.067723,0.018490,-0.007870,-0.747798
1306,-0.018684,-0.248752,-0.064441,-0.019266,0.006703,0.747796
1307,0.012872,0.251110,0.067764,0.018491,-0.007868,-0.747799
1308,-0.018686,-0.248751,-0.064399,-0.019267,0.006703,0.747796
1309,0.012867,0.251114,0.067802,0.018490,-0.007870,-0.747798
1310,-0.018687,-0.248752,-0.064357,-0.019267,0.006704,0.747796
1311,0.012874,0.251119,0.067841,0.018491,-0.007868,-0.747799
1312,-0.018702,-0.248757,-0.064317,-0.019267,0.006701,0.747796
1313,0.012864,0.251116,0.067877,0.018491,-0.007872,-0.747798
1314,-0.018709,-0.248759,-0.064278,-0.019268,0.006700,0.747796
1315,0.012864,0.251114,0.067915,0.018490,-0.007873,-0.747798
1316,-0.018710,-0.248765,-0.064237,-0.019267,0.006701,0.747796
1317,0.012865,0.251112,0.067952,0.018493,-0.007873,-0.747798
1318,-0.018724,-0.248769,-0.064200,-0.019266,0.006698,0.747796
1319,0.012875,0.251119,0.067991,0.018492,-0.007871,-0.747798
1320,-0.018721,-0.248769,-0.064158,-0.019266,0.006700,0.747796
1321,0.012869,0.251113,0.068025,0.018493,-0.007874,-0.747798
1322,-0.018737,-0.248774,-0.064122,-0.019267,0.006696,0.747796
1323,0.012867,0.251118,0.068061,0.018492,-0.007875,-0.747798
1324,-0.018728,-0.248776,-0.064081,-0.019266,0.006700,0.747796
1325,0.012870,0.251118,0.068097,0.018493,-0.007876,-0.747798
1326,-0.018721,-0.248776,-0.064041,-0.019266,0.006702,0.747797
1327,0.012892,0.251122,0.068137,0.018492,-0.007871,-0.747798
1328,-0.018734,-0.248780,-0.064005,-0.019267,0.006699,0.747797
1329,0.012888,0.251127,0.068170,0.018491,-0.007873,-0.747798
1330,-0.018725,-0.248776,-0.063965,-0.019267,0.006702,0.747796
1331,0.012892,0.251127,0.068205,0.018492,-0.007872,-0.747799
1332,-0.018725,-0.248779,-0.063928,-0.019267,0.006703,0.747797
1333,0.012892,0.251127,0.068239,0.018492,-0.007873,-0.747798
1334,-0.018745,-0.248784,-0.063896,-0.019267,0.006698,0.747797
1335,0.012882,0.251122,0.068269,0.018494,-0.007877,-0.747799
1336,-0.018748,-0.248790,-0.063860,-0.019266,0.006698,0.747797
1337,0.012893,0.251130,0.068305,0.018493,-0.007875,-0.747798
1338,-0.018749,-0.248784,-0.063824,-0.019267,0.006699,0.747797
1339,0.012898,0.251131,0.068338,0.018493,-0.007875,-0.747798
1340,-0.018735,-0.248784,-0.063786,-0.019268,0.006703,0.747797
1341,0.012912,0.251133,0.068372,0.018492,-0.007872,-0.747799
1342,-0.018742,-0.248787,-0.063753,-0.019269,0.006701,0.747797
1343,0.012904,0.251131,0.068401,0.018493,-0.007876,-0.747798
1344,-0.018745,-0.248788,-0.063719,-0.019268,0.006701,0.747797
1345,0.012898,0.251133,0.068431,0.018494,-0.007878,-0.747799
1346,-0.018758,-0.248792,-0.063689,-0.019267,0.006698,0.747797
1347,0.012907,0.251138,0.068463,0.018493,-0.007877,-0.747799
1348,-0.018754,-0.248794,-0.063655,-0.019267,0.006699,0.747797
1349,0.012917,0.251140,0.068495,0.018492,-0.007875,-0.747799
1350,-0.018745,-0.248793,-0.063620,-0.019268,0.006702,0.747797
1351,0.012933,0.251145,0.068528,0.018492,-0.007872,-0.747798
1352,-0.018735,-0.248788,-0.063586,-0.019269,0.006705,0.747797
1353,0.012942,0.251150,0.068559,0.018491,-0.007870,-0.747798
1354,-0.018731,-0.248785,-0.063553,-0.019270,0.006707,0.747797
1355,0.012959,0.251154,0.068591,0.018490,-0.007867,-0.747798
1356,-0.018713,-0.248785,-0.063518,-0.019272,0.006711,0.747797
1357,0.012954,0.251150,0.068617,0.018492,-0.007869,-0.747798
1358,-0.018719,-0.248788,-0.063489,-0.019270,0.006710,0.747797
1359,0.012967,0.251162,0.068648,0.018490,-0.007867,-0.747798
1360,-0.018719,-0.248788,-0.063459,-0.019271,0.006711,0.747797
1361,0.012963,0.251158,0.068673,0.018492,-0.007869,-0.747799
1362,-0.018748,-0.248793,-0.063436,-0.019270,0.006703,0.747797
1363,0.012955,0.251155,0.068697,0.018492,-0.007873,-0.747798
1364,-0.018737,-0.248796,-0.063405,-0.019270,0.006706,0.747797
1365,0.012959,0.251158,0.068724,0.018493,-0.007873,-0.747799
1366,-0.018748,-0.248788,-0.063379,-0.019271,0.006703,0.747797
1367,0.012963,0.251158,0.068750,0.018491,-0.007873,-0.747799
1368,-0.018740,-0.248797,-0.063350,-0.019268,0.006706,0.747797
1369,0.012985,0.251167,0.068780,0.018491,-0.007868,-0.747799
1370,-0.018742,-0.248794,-0.063323,-0.019270,0.006705,0.747797
1371,0.012987,0.251168,0.068805,0.018492,-0.007868,-0.747798
1372,-0.018733,-0.248793,-0.063294,-0.019271,0.006708,0.747797
1373,0.012986,0.251169,0.068828,0.018491,-0.007870,-0.747799
1374,-0.018725,-0.248792,-0.063267,-0.019271,0.006710,0.747797
1375,0.012998,0.251171,0.068853,0.018491,-0.007867,-0.747799
1376,-0.018742,-0.248796,-0.063245,-0.019271,0.006705,0.747797
1377,0.012990,0.251169,0.068874,0.018492,-0.007871,-0.747799
1378,-0.018734,-0.248794,-0.063218,-0.019272,0.006708,0.747797
1379,0.013004,0.251175,0.068899,0.018491,-0.007868,-0.747799
1380,-0.018736,-0.248797,-0.063195,-0.019271,0.006707,0.747797
1381,0.012995,0.251165,0.068918,0.018493,-0.007872,-0.747799
1382,-0.018733,-0.248802,-0.063170,-0.019271,0.006708,0.747797
1383,0.013016,0.251177,0.068944,0.018492,-0.007867,-0.747799
1384,-0.018728,-0.248799,-0.063146,-0.019272,0.006710,0.747797
1385,0.013016,0.251178,0.068964,0.018491,-0.007868,-0.747799
1386,-0.018712,-0.248794,-0.063120,-0.019272,0.006714,0.747797
1387,0.013026,0.251176,0.068987,0.018492,-0.007866,-0.747799
1388,-0.018716,-0.248798,-0.063099,-0.019273,0.006713,0.747797
1389,0.013026,0.251181,0.069006,0.018491,-0.007867,-0.747799
1390,-0.018709,-0.248797,-0.063076,-0.019272,0.006715,0.747797
1391,0.013047,0.251187,0.069030,0.018490,-0.007862,-0.747799
1392,-0.018727,-0.248796,-0.063059,-0.019272,0.006710,0.747797
1393,0.013033,0.251179,0.069044,0.018491,-0.007868,-0.747799
1394,-0.018728,-0.248798,-0.063040,-0.019272,0.006710,0.747797
1395,0.013047,0.251184,0.069066,0.018491,-0.007864,-0.747798
1396,-0.018716,-0.248799,-0.063017,-0.019272,0.006713,0.747797
1397,0.013056,0.251192,0.069085,0.018489,-0.007863,-0.747798
1398,-0.018708,-0.248793,-0.062996,-0.019274,0.006715,0.747797
1399,0.013050,0.251186,0.069100,0.018493,-0.007865,-0.747798
1400,-0.018720,-0.248801,-0.062981,-0.019272,0.006712,0.747797
1401,0.013051,0.251190,0.069116,0.018490,-0.007866,-0.747799
1402,-0.018714,-0.248798,-0.062962,-0.019273,0.006714,0.747797
1403,0.013059,0.251194,0.069134,0.018491,-0.007864,-0.747799
1404,-0.018708,-0.248797,-0.062943,-0.019273,0.006715,0.747797
1405,0.013069,0.251195,0.069151,0.018490,-0.007863,-0.747799
1406,-0.018705,-0.248798,-0.062926,-0.019273,0.006716,0.747797
1407,0.013068,0.251195,0.069165,0.018491,-0.007864,-0.747799
1408,-0.018721,-0.248797,-0.062913,-0.019273,0.006712,0.747797
1409,0.013066,0.251191,0.069178,0.018492,-0.007865,-0.747799
1410,-0.018709,-0.248792,-0.062895,-0.019275,0.006715,0.747797
1411,0.013084,0.251203,0.069197,0.018490,-0.007861,-0.747798
1412,-0.018708,-0.248794,-0.062880,-0.019275,0.006715,0.747797
1413,0.013076,0.251198,0.069207,0.018491,-0.007864,-0.747799
1414,-0.018709,-0.248798,-0.062867,-0.019274,0.006715,0.747797
1415,0.013082,0.251200,0.069221,0.018490,-0.007863,-0.747799
1416,-0.018708,-0.248796,-0.062853,-0.019275,0.006715,0.747797
1417,0.013072,0.251200,0.069231,0.018491,-0.007866,-0.747799
1418,-0.018712,-0.248793,-0.062840,-0.019273,0.006715,0.747797
1419,0.013101,0.251212,0.069248,0.018488,-0.007859,-0.747799
1420,-0.018696,-0.248790,-0.062825,-0.019274,0.006719,0.747797
1421,0.013108,0.251210,0.069261,0.018489,-0.007858,-0.747798
1422,-0.018695,-0.248790,-0.062813,-0.019276,0.006719,0.747797
1423,0.013103,0.251207,0.069269,0.018490,-0.007860,-0.747798
1424,-0.018690,-0.248791,-0.062801,-0.019276,0.006720,0.747797
1425,0.013098,0.251207,0.069277,0.018490,-0.007862,-0.747799
1426,-0.018685,-0.248789,-0.062789,-0.019276,0.006721,0.747797
1427,0.013107,0.251207,0.069288,0.018490,-0.007860,-0.747798
1428,-0.018690,-0.248789,-0.062780,-0.019276,0.006720,0.747797
1429,0.013109,0.251215,0.069297,0.018489,-0.007860,-0.747799
1430,-0.018694,-0.248791,-0.062772,-0.019275,0.006719,0.747797
1431,0.013112,0.251217,0.069306,0.018489,-0.007859,-0.747799
1432,-0.018690,-0.248789,-0.062763,-0.019276,0.006720,0.747797
1433,0.013121,0.251216,0.069316,0.018488,-0.007857,-0.747799
1434,-0.018696,-0.248789,-0.062756,-0.019276,0.006719,0.747797
1435,0.013111,0.251213,0.069320,0.018489,-0.007861,-0.747799
1436,-0.018684,-0.248788,-0.062746,-0.019277,0.006721,0.747797
1437,0.013117,0.251215,0.069327,0.018490,-0.007859,-0.747799
1438,-0.018692,-0.248785,-0.062741,-0.019277,0.006720,0.747797
1439,0.013099,0.251211,0.069329,0.018491,-0.007864,-0.747799
1440,-0.018717,-0.248798,-0.062741,-0.019274,0.006713,0.747797
1441,0.013100,0.251212,0.069334,0.018490,-0.007865,-0.747798
1442,-0.018709,-0.248797,-0.062734,-0.019274,0.006715,0.747797
1443,0.013114,0.251220,0.069342,0.018489,-0.007861,-0.747798
1444,-0.018701,-0.248785,-0.062727,-0.019276,0.006717,0.747797
1445,0.013125,0.251226,0.069348,0.018488,-0.007858,-0.747799
1446,-0.018684,-0.248785,-0.062720,-0.019277,0.006721,0.747797
1447,0.013123,0.251219,0.069350,0.018489,-0.007859,-0.747799
1448,-0.018681,-0.248787,-0.062716,-0.019276,0.006723,0.747797
1449,0.013130,0.251225,0.069355,0.018488,-0.007857,-0.747798
1450,-0.018690,-0.248787,-0.062714,-0.019277,0.006720,0.747797
1451,0.013132,0.251230,0.069358,0.018487,-0.007857,-0.747799
1452,-0.018683,-0.248779,-0.062710,-0.019278,0.006722,0.747797
1453,0.013131,0.251226,0.069359,0.018489,-0.007857,-0.747798
1454,-0.018692,-0.248781,-0.062710,-0.019278,0.006720,0.747797
1455,0.013114,0.251221,0.069356,0.018489,-0.007862,-0.747799
1456,-0.018683,-0.248784,-0.062708,-0.019277,0.006722,0.747797
1457,0.013131,0.251222,0.069360,0.018489,-0.007858,-0.747799
1458,-0.018688,-0.248784,-0.062708,-0.019278,0.006721,0.747797
1459,0.013115,0.251221,0.069357,0.018489,-0.007862,-0.747799
1460,-0.018698,-0.248784,-0.062711,-0.019276,0.006718,0.747797
1461,0.013126,0.251223,0.069359,0.018489,-0.007859,-0.747799
1462,-0.018689,-0.248782,-0.062709,-0.019278,0.006721,0.747797
1463,0.013123,0.251230,0.069357,0.018486,-0.007860,-0.747798
1464,-0.018685,-0.248786,-0.062711,-0.019277,0.006721,0.747797
1465,0.013135,0.251229,0.069357,0.018488,-0.007857,-0.747799
1466,-0.018676,-0.248777,-0.062711,-0.019278,0.006724,0.747797
1467,0.013126,0.251224,0.069353,0.018488,-0.007860,-0.747798
1468,-0.018689,-0.248784,-0.062717,-0.019277,0.006720,0.747797
1469,0.013137,0.251228,0.069352,0.018487,-0.007856,-0.747799
1470,-0.018692,-0.248784,-0.062720,-0.019278,0.006719,0.747797
1471,0.013138,0.251229,0.069349,0.018488,-0.007856,-0.747798
1472,-0.018685,-0.248782,-0.062723,-0.019277,0.006722,0.747797
1473,0.013130,0.251225,0.069343,0.018488,-0.007858,-0.747799
1474,-0.018694,-0.248784,-0.062730,-0.019277,0.006719,0.747797
1475,0.013110,0.251216,0.069333,0.018490,-0.007864,-0.747799
1476,-0.018702,-0.248783,-0.062737,-0.019277,0.006717,0.747797
1477,0.013109,0.251218,0.069328,0.018491,-0.007863,-0.747799
1478,-0.018719,-0.248791,-0.062747,-0.019275,0.006712,0.747797
1479,0.013118,0.251231,0.069325,0.018488,-0.007860,-0.747799
1480,-0.018701,-0.248782,-0.062749,-0.019276,0.006717,0.747797
1481,0.013122,0.251220,0.069318,0.018489,-0.007860,-0.747799
1482,-0.018691,-0.248783,-0.062755,-0.019276,0.006720,0.747797
1483,0.013125,0.251228,0.069312,0.018488,-0.007858,-0.747798
1484,-0.018688,-0.248779,-0.062761,-0.019276,0.006721,0.747797
1485,0.013128,0.251228,0.069305,0.018488,-0.007858,-0.747799
1486,-0.018695,-0.248776,-0.062771,-0.019278,0.006718,0.747797
1487,0.013125,0.251228,0.069296,0.018488,-0.007858,-0.747798
1488,-0.018693,-0.248784,-0.062780,-0.019277,0.006719,0.747797
1489,0.013112,0.251219,0.069284,0.018489,-0.007862,-0.747798
1490,-0.018705,-0.248782,-0.062792,-0.019277,0.006716,0.747797
1491,0.013114,0.251227,0.069276,0.018488,-0.007860,-0.747799
1492,-0.018704,-0.248784,-0.062803,-0.019276,0.006716,0.747797
1493,0.013108,0.251221,0.069264,0.018488,-0.007862,-0.747799
1494,-0.018695,-0.248787,-0.062812,-0.019276,0.006718,0.747797
1495,0.013122,0.251224,0.069257,0.018488,-0.007858,-0.747799
1496,-0.018684,-0.248778,-0.062822,-0.019276,0.006721,0.747797
1497,0.013114,0.251220,0.069243,0.018489,-0.007860,-0.747799
1498,-0.018690,-0.248776,-0.062835,-0.019278,0.006719,0.747797
1499,0.013125,0.251229,0.069235,0.018486,-0.007857,-0.747799
1501,0.000000,-0.000000,0.000000,0.000000,-0.000000,0.000000
1502,-0.876089,-0.740382,0.515798,0.085827,-0.113554,0.000000
1503,-0.854477,-0.731680,0.505350,0.086433,-0.110832,-0.004053
1504,-0.833533,-0.724889,0.493583,0.086920,-0.107957,0.003181
1505,-0.811043,-0.714610,0.484193,0.087524,-0.105512,-0.009613
1506,-0.790937,-0.709897,0.470722,0.087690,-0.102433,0.013102
1507,-0.766225,-0.694245,0.464718,0.088280,-0.100566,-0.027126
1508,-0.749236,-0.696543,0.445806,0.087667,-0.096599,0.044235
1509,-0.718087,-0.665230,0.450227,0.088659,-0.096362,-0.082239
1510,-0.711549,-0.691506,0.413736,0.086209,-0.089489,0.142024
1511,-0.660952,-0.613486,0.450410,0.089245,-0.094344,-0.255492
1512,-0.687967,-0.718057,0.357878,0.081893,-0.078299,0.449281
1513,-0.579460,-0.417832,0.443937,0.097063,-0.092293,-0.599325
1514,-0.671750,-0.789729,0.319571,0.068886,-0.069098,0.749460
1515,-0.510389,-0.202395,0.405735,0.102373,-0.085841,-0.748377
1516,-0.627587,-0.721565,0.298981,0.058384,-0.063601,0.749100
1517,-0.470028,-0.133851,0.386563,0.090700,-0.081122,-0.748605
1518,-0.583494,-0.651292,0.280507,0.045922,-0.058070,0.748876
1519,-0.429818,-0.064620,0.369332,0.077636,-0.076278,-0.748720
1520,-0.539972,-0.581787,0.263585,0.032598,-0.052638,0.748743
1521,-0.389605,0.002708,0.353806,0.064192,-0.071257,-0.748763
1522,-0.496974,-0.515473,0.247945,0.019347,-0.047291,0.748667
1523,-0.349421,0.065861,0.339678,0.051215,-0.066061,-0.748767
1524,-0.454533,-0.454375,0.233305,0.006928,-0.042024,0.748616
1525,-0.309362,0.123071,0.326661,0.039353,-0.060709,-0.748755
1526,-0.412693,-0.399898,0.219411,-0.004125,-0.036830,0.748572
1527,-0.269593,0.173132,0.314464,0.029060,-0.055236,-0.748743
1528,-0.371566,-0.352957,0.206012,-0.013456,-0.031714,0.748519
1529,-0.230313,0.215423,0.302825,0.020586,-0.049691,-0.748742
1530,-0.331249,-0.313895,0.192922,-0.020902,-0.026673,0.748452
1531,-0.191800,0.249843,0.291491,0.014016,-0.044141,-0.748756
1532,-0.291921,-0.282539,0.179958,-0.026467,-0.021731,0.748368
1533,-0.154306,0.276727,0.280274,0.009294,-0.038652,-0.748785
1534,-0.253734,-0.258355,0.167012,-0.030265,-0.016903,0.748267
1535,-0.118075,0.296788,0.269043,0.006241,-0.033291,-0.748826
1536,-0.216843,-0.240468,0.154025,-0.032524,-0.012215,0.748156
1537,-0.083325,0.310988,0.257726,0.004606,-0.028118,-0.748876
1538,-0.181372,-0.227869,0.141005,-0.033510,-0.007685,0.748036
1539,-0.050231,0.320394,0.246310,0.004105,-0.023185,-0.748927
1540,-0.147496,-0.219413,0.127957,-0.033534,-0.003356,0.747916
1541,-0.018944,0.326093,0.234809,0.004439,-0.018541,-0.748976
1542,-0.115295,-0.214039,0.114956,-0.032882,0.000758,0.747800
1543,0.010444,0.329193,0.223283,0.005312,-0.014215,-0.749019
1544,-0.084826,-0.210710,0.102088,-0.031834,0.004638,0.747692
1545,0.037920,0.330638,0.211825,0.006465,-0.010220,-0.749050
1546,-0.056117,-0.208546,0.089452,-0.030626,0.008274,0.747596
1547,0.063490,0.331246,0.200525,0.007687,-0.006561,-0.749067
1548,-0.029200,-0.206809,0.077130,-0.029452,0.011649,0.747515
1549,0.087232,0.331680,0.189503,0.008798,-0.003224,-0.749069
1550,-0.004020,-0.204939,0.065224,-0.028457,0.014772,0.747449
1551,0.109161,0.332409,0.178808,0.009687,-0.000209,-0.749056
1552,0.019461,-0.202574,0.053806,-0.027728,0.017646,0.747400
1553,0.129434,0.333769,0.168557,0.010267,0.002522,-0.749028
1554,0.041338,-0.199467,0.042954,-0.027319,0.020289,0.747365
1555,0.148189,0.335911,0.158823,0.010514,0.005002,-0.748985
1556,0.061721,-0.195543,0.032722,-0.027237,0.022721,0.747345
1557,0.165521,0.338866,0.149642,0.010433,0.007255,-0.748932
1558,0.080668,-0.190820,0.023135,-0.027465,0.024954,0.747336
1559,0.181566,0.342573,0.141059,0.010055,0.009316,-0.748868
1560,0.098304,-0.185409,0.014225,-0.027959,0.027014,0.747336
1561,0.196414,0.346895,0.133087,0.009430,0.011208,-0.748798
1562,0.114697,-0.179477,0.005986,-0.028661,0.028914,0.747345
1563,0.210203,0.351694,0.125748,0.008611,0.012968,-0.748724
1564,0.129950,-0.173191,-0.001579,-0.029513,0.030678,0.747359
1565,0.223028,0.356762,0.119047,0.007664,0.014620,-0.748646
1566,0.144132,-0.166761,-0.008483,-0.030455,0.032320,0.747375
1567,0.234886,0.361908,0.112933,0.006650,0.016161,-0.748567
1568,0.157275,-0.160374,-0.014762,-0.031423,0.033844,0.747394
1569,0.245867,0.366902,0.107416,0.005620,0.017611,-0.748489
1570,0.169457,-0.154231,-0.020427,-0.032376,0.035262,0.747414
1571,0.256005,0.371511,0.102471,0.004623,0.018973,-0.748411
1572,0.180727,-0.148550,-0.025499,-0.033272,0.036582,0.747434
1573,0.265355,0.375648,0.098075,0.003703,0.020261,-0.748336
1574,0.191098,-0.143425,-0.030024,-0.034067,0.037805,0.747454
1575,0.273897,0.379242,0.094175,0.002892,0.021468,-0.748264
1576,0.200586,-0.138898,-0.034043,-0.034741,0.038935,0.747472
1577,0.281625,0.382258,0.090735,0.002208,0.022589,-0.748197
1578,0.209197,-0.134918,-0.037590,-0.035284,0.039974,0.747487
1579,0.288545,0.384751,0.087717,0.001657,0.023626,-0.748135
1580,0.216900,-0.131449,-0.040715,-0.035693,0.040911,0.747497
1581,0.294642,0.386784,0.085088,0.001231,0.024572,-0.748079
1582,0.223758,-0.128465,-0.043414,-0.035990,0.041759,0.747504
1583,0.299905,0.388362,0.082825,0.000917,0.025418,-0.748029
1584,0.229733,-0.125916,-0.045731,-0.036192,0.042502,0.747508
1585,0.304326,0.389583,0.080906,0.000689,0.026158,-0.747983
1586,0.234811,-0.123759,-0.047696,-0.036318,0.043130,0.747510
1587,0.307876,0.390445,0.079293,0.000537,0.026777,-0.747940
1588,0.239015,-0.121969,-0.049328,-0.036379,0.043644,0.747511
1589,0.310584,0.391031,0.077979,0.000437,0.027279,-0.747902
1590,0.242353,-0.120468,-0.050646,-0.036404,0.044040,0.747512
1591,0.312488,0.391381,0.076949,0.000376,0.027667,-0.747866
1592,0.244878,-0.119204,-0.051657,-0.036406,0.044326,0.747511
1593,0.313594,0.391521,0.076184,0.000344,0.027940,-0.747833
1594,0.246586,-0.118177,-0.052395,-0.036387,0.044498,0.747511
1595,0.313900,0.391493,0.075654,0.000328,0.028093,-0.747802
1596,0.247505,-0.117359,-0.052879,-0.036357,0.044558,0.747510
1597,0.313460,0.391323,0.075352,0.000322,0.028135,-0.747772
1598,0.247658,-0.116702,-0.053130,-0.036327,0.044506,0.747510
1599,0.312336,0.391010,0.075268,0.000325,0.028079,-0.747745
1600,0.247148,-0.116240,-0.053146,-0.036288,0.044368,0.747510
1601,0.310558,0.390582,0.075388,0.000331,0.027931,-0.747720
1602,0.245977,-0.115928,-0.052955,-0.036249,0.044136,0.747509
1603,0.308164,0.390021,0.075689,0.000350,0.027696,-0.747697
1604,0.244147,-0.115824,-0.052592,-0.036198,0.043811,0.747510
1605,0.305168,0.389314,0.076150,0.000379,0.027375,-0.747676
1606,0.241743,-0.115881,-0.052055,-0.036143,0.043409,0.747511
1607,0.301631,0.388468,0.076762,0.000420,0.026981,-0.747656
1608,0.238827,-0.116149,-0.051358,-0.036070,0.042945,0.747511
1609,0.297630,0.387473,0.077518,0.000482,0.026531,-0.747638
1610,0.235408,-0.116600,-0.050527,-0.035984,0.042416,0.747511
1611,0.293155,0.386327,0.078393,0.000561,0.026020,-0.747622
1612,0.231518,-0.117270,-0.049583,-0.035875,0.041827,0.747512
1613,0.288224,0.384995,0.079359,0.000669,0.025448,-0.747609
1614,0.227176,-0.118167,-0.048547,-0.035741,0.041181,0.747513
1615,0.282912,0.383517,0.080421,0.000798,0.024833,-0.747596
1616,0.222428,-0.119238,-0.047426,-0.035591,0.040485,0.747513
1617,0.277207,0.381848,0.081546,0.000957,0.024168,-0.747586
1618,0.217321,-0.120549,-0.046238,-0.035411,0.039750,0.747514
1619,0.271135,0.379996,0.082718,0.001149,0.023457,-0.747578
1620,0.211818,-0.122086,-0.045018,-0.035200,0.038961,0.747514
1621,0.264738,0.377974,0.083931,0.001370,0.022707,-0.747571
1622,0.205982,-0.123831,-0.043767,-0.034963,0.038134,0.747514
1623,0.258031,0.375798,0.085169,0.001614,0.021918,-0.747566
1624,0.199868,-0.125759,-0.042487,-0.034707,0.037277,0.747514
1625,0.251031,0.373457,0.086413,0.001891,0.021093,-0.747562
1626,0.193434,-0.127887,-0.041216,-0.034425,0.036376,0.747514
1627,0.243752,0.370956,0.087652,0.002193,0.020230,-0.747560
1628,0.186711,-0.130198,-0.039961,-0.034119,0.035438,0.747514
1629,0.236217,0.368305,0.088874,0.002519,0.019333,-0.747560
1630,0.179767,-0.132681,-0.038720,-0.033794,0.034476,0.747514
1631,0.228468,0.365526,0.090076,0.002868,0.018410,-0.747560
1632,0.172582,-0.135328,-0.037518,-0.033449,0.033481,0.747514
1633,0.220512,0.362612,0.091243,0.003241,0.017459,-0.747562
1634,0.165185,-0.138142,-0.036361,-0.033083,0.032459,0.747514
1635,0.212340,0.359567,0.092355,0.003638,0.016473,-0.747565
1636,0.157590,-0.141097,-0.035260,-0.032699,0.031409,0.747515
1637,0.204002,0.356406,0.093415,0.004053,0.015464,-0.747570
1638,0.149846,-0.144181,-0.034214,-0.032302,0.030342,0.747515
1639,0.195537,0.353173,0.094424,0.004478,0.014437,-0.747575
1640,0.141945,-0.147370,-0.033240,-0.031894,0.029252,0.747517
1641,0.186955,0.349847,0.095368,0.004921,0.013393,-0.747580
1642,0.133918,-0.150668,-0.032341,-0.031475,0.028143,0.747517
1643,0.178256,0.346434,0.096235,0.005376,0.012328,-0.747587
1644,0.125818,-0.154066,-0.031512,-0.031044,0.027027,0.747519
1645,0.169488,0.342953,0.097029,0.005845,0.011252,-0.747594
1646,0.117639,-0.157529,-0.030767,-0.030609,0.025899,0.747520
1647,0.160680,0.339406,0.097749,0.006317,0.010166,-0.747602
1648,0.109420,-0.161086,-0.030107,-0.030166,0.024765,0.747522
1649,0.151843,0.335773,0.098387,0.006800,0.009073,-0.747610
1650,0.101144,-0.164757,-0.029548,-0.029711,0.023617,0.747525
1651,0.142987,0.332060,0.098935,0.007292,0.007969,-0.747618
1652,0.092907,-0.168493,-0.029069,-0.029251,0.022478,0.747528
1653,0.134191,0.328294,0.099408,0.007793,0.006876,-0.747626
1654,0.084704,-0.172316,-0.028684,-0.028777,0.021345,0.747532
1655,0.125446,0.324465,0.099791,0.008309,0.005788,-0.747635
1656,0.076525,-0.176178,-0.028399,-0.028299,0.020214,0.747536
1657,0.116728,0.320614,0.100074,0.008831,0.004698,-0.747645
1658,0.068413,-0.180085,-0.028212,-0.027812,0.019093,0.747539
1659,0.108106,0.316743,0.100271,0.009358,0.003619,-0.747655
1660,0.060384,-0.183998,-0.028123,-0.027322,0.017985,0.747544
1661,0.099621,0.312881,0.100385,0.009888,0.002563,-0.747665
1662,0.052481,-0.187919,-0.028125,-0.026830,0.016899,0.747548
1663,0.091246,0.309031,0.100404,0.010419,0.001520,-0.747675
1664,0.044676,-0.191834,-0.028231,-0.026337,0.015825,0.747552
1665,0.082984,0.305200,0.100324,0.010951,0.000487,-0.747686
1666,0.037011,-0.195722,-0.028435,-0.025843,0.014773,0.747557
1667,0.074889,0.301416,0.100157,0.011476,-0.000524,-0.747697
1668,0.029532,-0.199562,-0.028726,-0.025359,0.013752,0.747562
1669,0.066967,0.297676,0.099898,0.012000,-0.001511,-0.747707
1670,0.022157,-0.203359,-0.029131,-0.024878,0.012739,0.747568
1671,0.059211,0.294008,0.099546,0.012512,-0.002480,-0.747718
1672,0.014971,-0.207084,-0.029629,-0.024407,0.011756,0.747573
1673,0.051646,0.290417,0.099101,0.013013,-0.003424,-0.747730
1674,0.007971,-0.210735,-0.030224,-0.023946,0.010799,0.747578
1675,0.044279,0.286891,0.098563,0.013507,-0.004345,-0.747741
1676,0.001183,-0.214299,-0.030911,-0.023498,0.009873,0.747584
1677,0.037119,0.283456,0.097933,0.013990,-0.005241,-0.747752
1678,-0.005430,-0.217778,-0.031701,-0.023060,0.008968,0.747590
1679,0.030162,0.280123,0.097209,0.014455,-0.006114,-0.747763
1680,-0.011827,-0.221152,-0.032585,-0.022638,0.008092,0.747596
1681,0.023441,0.276887,0.096398,0.014907,-0.006956,-0.747773
1682,-0.018003,-0.224424,-0.033562,-0.022229,0.007247,0.747603
1683,0.016972,0.273770,0.095504,0.015338,-0.007765,-0.747784
1684,-0.023919,-0.227592,-0.034625,-0.021833,0.006442,0.747609
1685,0.010739,0.270750,0.094518,0.015759,-0.008545,-0.747794
1686,-0.029630,-0.230627,-0.035784,-0.021459,0.005660,0.747616
1687,0.004768,0.267855,0.093452,0.016158,-0.009291,-0.747804
1688,-0.035085,-0.233555,-0.037031,-0.021098,0.004915,0.747623
1689,-0.000965,0.265058,0.092295,0.016545,-0.010009,-0.747813
1690,-0.040297,-0.236373,-0.038366,-0.020749,0.004203,0.747630
1691,-0.006436,0.262391,0.091057,0.016913,-0.010692,-0.747823
1692,-0.045237,-0.239072,-0.039783,-0.020417,0.003531,0.747638
1693,-0.011667,0.259825,0.089731,0.017266,-0.011349,-0.747832
1694,-0.049972,-0.241661,-0.041297,-0.020096,0.002880,0.747644
1695,-0.016608,0.257372,0.088330,0.017605,-0.011965,-0.747842
1696,-0.054414,-0.244111,-0.042884,-0.019795,0.002274,0.747652
1697,-0.021296,0.255032,0.086848,0.017928,-0.012551,-0.747850
1698,-0.058602,-0.246449,-0.044554,-0.019508,0.001701,0.747660
1699,-0.025709,0.252820,0.085291,0.018233,-0.013099,-0.747858
1700,-0.062534,-0.248672,-0.046304,-0.019233,0.001163,0.747667
1701,-0.029851,0.250713,0.083661,0.018525,-0.013612,-0.747866
1702,-0.066220,-0.250783,-0.048134,-0.018971,0.000657,0.747674
1703,-0.033749,0.248711,0.081952,0.018802,-0.014096,-0.747875
1704,-0.069647,-0.252790,-0.050039,-0.018719,0.000188,0.747682
1705,-0.037364,0.246831,0.080177,0.019062,-0.014540,-0.747882
1706,-0.072807,-0.254653,-0.052014,-0.018488,-0.000246,0.747689
1707,-0.040748,0.245048,0.078326,0.019312,-0.014959,-0.747889
1708,-0.075724,-0.256402,-0.054061,-0.018272,-0.000647,0.747696
1709,-0.043866,0.243395,0.076413,0.019538,-0.015341,-0.747897
1710,-0.078395,-0.258046,-0.056179,-0.018068,-0.001015,0.747703
1711,-0.046733,0.241840,0.074433,0.019755,-0.015692,-0.747903
1712,-0.080851,-0.259568,-0.058368,-0.017879,-0.001359,0.747711
1713,-0.049360,0.240402,0.072392,0.019952,-0.016011,-0.747909
1714,-0.083017,-0.260979,-0.060610,-0.017704,-0.001657,0.747718
1715,-0.051728,0.239056,0.070294,0.020140,-0.016294,-0.747916
1716,-0.084977,-0.262302,-0.062921,-0.017536,-0.001930,0.747725
1717,-0.053889,0.237831,0.068135,0.020308,-0.016554,-0.747921
1718,-0.086690,-0.263485,-0.065285,-0.017392,-0.002169,0.747732
1719,-0.055814,0.236695,0.065923,0.020466,-0.016781,-0.747927
1720,-2.053232,0.943374,3.412914,0.135098,0.046855,0.747733
1721,-2.296014,-0.345118,15.937508,0.319742,-0.548847,-0.817065
1722,0.148963,0.058358,0.212609,-0.003643,0.060959,0.265824
1723,0.137399,0.072264,0.250739,-0.007599,0.063924,-0.441350
1724,0.174253,-0.076677,0.026754,-0.018188,0.080088,0.662075
1725,0.093223,0.291352,0.313625,0.001606,0.068649,-0.755856
1726,0.194413,-0.129282,0.028320,-0.029732,0.079613,0.747020
1727,0.197265,0.341617,0.136137,0.000752,0.062138,-0.747510
1728,0.143189,-0.109300,0.064864,-0.026474,0.069545,0.754780
1729,-0.432673,0.089530,0.728085,-0.016617,0.105738,-0.761863
1730,0.246949,-0.028170,0.031979,-0.048595,0.100679,0.681326
1731,0.262554,0.413501,0.151876,-0.021684,0.077663,-0.747235
1732,0.215013,-0.099630,0.015393,-0.055718,0.088409,0.748437
1733,0.211301,0.405259,0.142534,-0.020193,0.063840,-0.747293
1734,-0.028446,-0.201609,0.089617,-0.066237,0.097326,0.746037
1735,0.215662,0.419074,0.143223,-0.025716,0.064124,-0.743907
1736,0.157465,-0.091519,0.004750,-0.060520,0.071635,0.748566
1737,0.150446,0.403124,0.130129,-0.020713,0.046747,-0.747270
1738,0.088279,-0.111479,-0.009949,-0.056315,0.052509,0.748452
1739,0.081898,0.376576,0.114958,-0.013745,0.028291,-0.747439
1740,0.017248,-0.136791,-0.025796,-0.050342,0.032942,0.748296
1741,0.013764,0.346657,0.099345,-0.005801,0.009910,-0.747632
1742,-0.050668,-0.164961,-0.041468,-0.043322,0.014273,0.748119
1743,-0.049598,0.315839,0.084473,0.002407,-0.007233,-0.747832
1744,-0.111601,-0.193687,-0.055904,-0.035935,-0.002463,0.747940
1745,-0.104955,0.286216,0.071226,0.010279,-0.022274,-0.748022
1746,-0.162845,-0.221065,-0.068354,-0.028744,-0.016549,0.747772
1747,-0.150069,0.259452,0.060209,0.017343,-0.034621,-0.748190
1748,-0.202708,-0.245605,-0.078345,-0.022199,-0.027548,0.747625
1749,-0.183765,0.236734,0.051740,0.023269,-0.043964,-0.748328
1750,-0.230521,-0.266283,-0.085676,-0.016621,-0.035298,0.747508
1751,-0.205779,0.218744,0.045897,0.027873,-0.050232,-0.748430
1752,-0.246520,-0.282503,-0.090375,-0.012204,-0.039882,0.747424
1753,-0.216613,0.205725,0.042562,0.031093,-0.053561,-0.748496
1754,-0.251569,-0.294101,-0.092629,-0.009019,-0.041544,0.747375
1755,-0.217357,0.197580,0.041482,0.032970,-0.054238,-0.748525
1756,-0.247112,-0.301213,-0.092753,-0.007048,-0.040681,0.747359
1757,-0.209510,0.193899,0.042314,0.033625,-0.052654,-0.748521
1758,-0.234877,-0.304274,-0.091133,-0.006191,-0.037765,0.747372
1759,-0.194927,0.193991,0.044639,0.033260,-0.049298,-0.748489
1760,-0.216818,-0.303906,-0.088194,-0.006282,-0.033318,0.747408
1761,-0.175453,0.197138,0.048047,0.032083,-0.044652,-0.748437
1762,-0.194859,-0.300812,-0.084358,-0.007140,-0.027857,0.747463
1763,-0.152996,0.202479,0.052118,0.030342,-0.039215,-0.748369
1764,-0.170912,-0.295787,-0.080043,-0.008544,-0.021889,0.747530
1765,-0.129253,0.209218,0.056480,0.028256,-0.033434,-0.748292
1766,-0.146557,-0.289575,-0.075597,-0.010293,-0.015835,0.747602
1767,-0.105737,0.216585,0.060799,0.026044,-0.027706,-0.748214
1768,-0.123199,-0.282842,-0.071332,-0.012197,-0.010066,0.747675
1769,-0.083644,0.223947,0.064810,0.023880,-0.022347,-0.748138
1770,-0.101893,-0.276165,-0.067488,-0.014098,-0.004860,0.747744
1771,-0.063888,0.230799,0.068307,0.021902,-0.017600,-0.748068
1772,-0.083399,-0.269997,-0.064242,-0.015864,-0.000418,0.747806
1773,-0.047074,0.236726,0.071148,0.020219,-0.013625,-0.748007
1774,-0.068119,-0.264675,-0.061698,-0.017397,0.003157,0.747858
1775,-0.033512,0.241517,0.073260,0.018888,-0.010507,-0.747958
1776,-0.056268,-0.260397,-0.059912,-0.018638,0.005809,0.747900
1777,-0.023246,0.245065,0.074625,0.017933,-0.008259,-0.747920
1778,-0.047728,-0.257261,-0.058871,-0.019554,0.007574,0.747929
1779,-0.016109,0.247366,0.075277,0.017347,-0.006840,-0.747893
1780,-0.042229,-0.255234,-0.058520,-0.020153,0.008523,0.747949
1781,-0.011793,0.248477,0.075279,0.017108,-0.006171,-0.747877
1782,-0.039328,-0.254230,-0.058766,-0.020453,0.008780,0.747959
1783,-0.009815,0.248619,0.074743,0.017153,-0.006123,-0.747869
1784,-0.038572,-0.254095,-0.059508,-0.020493,0.008467,0.747960
1785,-0.009676,0.247970,0.073782,0.017426,-0.006566,-0.747869
1786,-0.039363,-0.254663,-0.060611,-0.020322,0.007745,0.747954
1787,-0.010835,0.246760,0.072521,0.017859,-0.007356,-0.747873
1788,-0.041160,-0.255688,-0.061951,-0.020002,0.006759,0.747944
1789,-0.012775,0.245200,0.071080,0.018393,-0.008355,-0.747881
1790,-0.043482,-0.257009,-0.063414,-0.019582,0.005641,0.747931
1791,-0.015016,0.243496,0.069572,0.018967,-0.009435,-0.747890
1792,-0.045883,-0.258429,-0.064896,-0.019115,0.004509,0.747916
1793,-0.017144,0.241838,0.068096,0.019526,-0.010485,-0.747900
1794,-0.047941,-0.259775,-0.066296,-0.018650,0.003479,0.747901
1795,-0.018830,0.240387,0.066729,0.020028,-0.011415,-0.747909
1796,-0.049413,-0.260919,-0.067556,-0.018225,0.002614,0.747887
1797,-0.019840,0.239247,0.065528,0.020440,-0.012164,-0.747915
1798,-0.050073,-0.261768,-0.068621,-0.017868,0.001975,0.747875
1799,-0.020020,0.238471,0.064528,0.020752,-0.012686,-0.747919
1800,-0.049868,-0.262287,-0.069477,-0.017592,0.001577,0.747866
1801,-0.019329,0.238112,0.063742,0.020946,-0.012970,-0.747920
1802,-0.048741,-0.262441,-0.070109,-0.017407,0.001435,0.747858
1803,-0.017729,0.238149,0.063179,0.021030,-0.013005,-0.747918
1804,-0.046732,-0.262226,-0.070522,-0.017319,0.001540,0.747854
1805,-0.015313,0.238587,0.062822,0.021003,-0.012813,-0.747913
1806,-0.043942,-0.261656,-0.070737,-0.017324,0.001863,0.747851
1807,-0.012194,0.239359,0.062644,0.020884,-0.012424,-0.747906
1808,-0.040518,-0.260795,-0.070786,-0.017407,0.002366,0.747851
1809,-0.008510,0.240417,0.062616,0.020687,-0.011873,-0.747897
1810,-0.036593,-0.259695,-0.070698,-0.017555,0.003014,0.747853
1811,-0.004386,0.241674,0.062711,0.020437,-0.011192,-0.747887
1812,-0.032337,-0.258410,-0.070509,-0.017757,0.003761,0.747855
1813,-0.000049,0.243095,0.062880,0.020142,-0.010441,-0.747875
1814,-0.027912,-0.257020,-0.070257,-0.017990,0.004563,0.747858
1815,0.004412,0.244560,0.063102,0.019836,-0.009644,-0.747863
1816,-0.023477,-0.255561,-0.069973,-0.018245,0.005379,0.747862
1817,0.008829,0.246031,0.063341,0.019529,-0.008844,-0.747851
1818,-0.019133,-0.254102,-0.069682,-0.018505,0.006183,0.747865
1819,0.013099,0.247470,0.063576,0.019231,-0.008069,-0.747840
1820,-0.015009,-0.252676,-0.069410,-0.018759,0.006940,0.747868
1821,0.017117,0.248830,0.063783,0.018956,-0.007347,-0.747829
1822,-0.011183,-0.251331,-0.069175,-0.018996,0.007630,0.747871
1823,0.020814,0.250091,0.063949,0.018706,-0.006696,-0.747819
1824,-0.007699,-0.250091,-0.068987,-0.019210,0.008241,0.747872
1825,0.024139,0.251218,0.064061,0.018492,-0.006129,-0.747810
1826,-0.004599,-0.248959,-0.068855,-0.019398,0.008762,0.747873
1827,0.027095,0.252204,0.064123,0.018313,-0.005647,-0.747802
1828,-0.001870,-0.247957,-0.068775,-0.019554,0.009198,0.747872
1829,0.029687,0.253072,0.064134,0.018164,-0.005247,-0.747795
1830,0.000489,-0.247076,-0.068748,-0.019682,0.009548,0.747871
1831,0.031929,0.253787,0.064097,0.018056,-0.004927,-0.747789
1832,0.002487,-0.246308,-0.068770,-0.019784,0.009815,0.747869
1833,0.033848,0.254406,0.064020,0.017970,-0.004679,-0.747784
1834,0.004214,-0.245637,-0.068823,-0.019863,0.010025,0.747867
1835,0.035461,0.254914,0.063907,0.017907,-0.004498,-0.747780
1836,0.005663,-0.245059,-0.068909,-0.019920,0.010174,0.747863
1837,0.036847,0.255349,0.063774,0.017863,-0.004364,-0.747776
1838,0.006898,-0.244565,-0.069012,-0.019958,0.010280,0.747860
1839,0.038035,0.255718,0.063628,0.017833,-0.004268,-0.747773
1840,0.007961,-0.244116,-0.069124,-0.019988,0.010356,0.747856
1841,0.039085,0.256048,0.063483,0.017807,-0.004196,-0.747770
1842,0.008899,-0.243710,-0.069234,-0.020010,0.010411,0.747852
1843,0.040024,0.256340,0.063344,0.017787,-0.004138,-0.747767
1844,0.009745,-0.243329,-0.069334,-0.020028,0.010458,0.747848
1845,0.040874,0.256628,0.063216,0.017764,-0.004091,-0.747764
1846,0.010523,-0.242978,-0.069421,-0.020042,0.010501,0.747845
1847,0.041658,0.256899,0.063104,0.017740,-0.004047,-0.747762
1848,0.011271,-0.242629,-0.069487,-0.020058,0.010551,0.747841
1849,0.042437,0.257179,0.063020,0.017712,-0.003989,-0.747759
1850,0.011986,-0.242284,-0.069532,-0.020077,0.010606,0.747838
1851,0.043172,0.257455,0.062956,0.017678,-0.003930,-0.747756
1852,0.012669,-0.241940,-0.069556,-0.020101,0.010666,0.747834
1853,0.043864,0.257713,0.062910,0.017645,-0.003869,-0.747753
1854,0.013337,-0.241604,-0.069556,-0.020127,0.010736,0.747831
1855,0.044539,0.258003,0.062890,0.017600,-0.003798,-0.747750
1856,0.013963,-0.241281,-0.069538,-0.020155,0.010809,0.747828
1857,0.045180,0.258271,0.062890,0.017556,-0.003723,-0.747748
1858,0.014580,-0.240952,-0.069497,-0.020188,0.010893,0.747826
1859,0.045815,0.258540,0.062915,0.017508,-0.003636,-0.747745
1860,0.015155,-0.240633,-0.069439,-0.020223,0.010979,0.747824
1861,0.046377,0.258809,0.062952,0.017457,-0.003554,-0.747742
1862,0.015661,-0.240340,-0.069371,-0.020257,0.011058,0.747821
1863,0.046880,0.259046,0.063000,0.017412,-0.003476,-0.747740
1864,0.016092,-0.240070,-0.069296,-0.020287,0.011131,0.747819
1865,0.047304,0.259263,0.063057,0.017367,-0.003406,-0.747737
1866,0.016463,-0.239826,-0.069211,-0.020315,0.011200,0.747817
1867,0.047679,0.259458,0.063127,0.017326,-0.003337,-0.747735
1868,0.016758,-0.239606,-0.069118,-0.020345,0.011260,0.747815
1869,0.047935,0.259620,0.063195,0.017292,-0.003287,-0.747733
1870,0.016947,-0.239406,-0.069027,-0.020370,0.011303,0.747813
1871,0.048108,0.259749,0.063267,0.017263,-0.003249,-0.747731
1872,0.017056,-0.239250,-0.068932,-0.020389,0.011336,0.747811
1873,0.048173,0.259856,0.063339,0.017237,-0.003227,-0.747729
1874,0.017064,-0.239117,-0.068839,-0.020406,0.011352,0.747809
1875,0.048161,0.259934,0.063415,0.017215,-0.003216,-0.747728
1876,0.016993,-0.239020,-0.068743,-0.020418,0.011359,0.747808
1877,0.048062,0.259982,0.063494,0.017199,-0.003217,-0.747727
1878,0.016812,-0.238958,-0.068651,-0.020425,0.011345,0.747806
1879,0.047851,0.259991,0.063567,0.017192,-0.003238,-0.747726
1880,0.016536,-0.238923,-0.068562,-0.020429,0.011315,0.747803
1881,0.047547,0.259965,0.063639,0.017190,-0.003275,-0.747726
1882,0.016164,-0.238935,-0.068477,-0.020422,0.011270,0.747802
1883,0.047151,0.259922,0.063710,0.017191,-0.003326,-0.747726
1884,0.015707,-0.238963,-0.068392,-0.020416,0.011210,0.747799
1885,0.046684,0.259852,0.063783,0.017198,-0.003388,-0.747725
1886,0.015173,-0.239027,-0.068310,-0.020404,0.011138,0.747798
1887,0.046139,0.259765,0.063856,0.017205,-0.003463,-0.747725
1888,0.014596,-0.239114,-0.068221,-0.020391,0.011062,0.747796
1889,0.045524,0.259631,0.063928,0.017224,-0.003549,-0.747725
1890,0.013931,-0.239223,-0.068138,-0.020371,0.010970,0.747794
1891,0.044870,0.259494,0.064007,0.017243,-0.003638,-0.747725
1892,0.013222,-0.239358,-0.068050,-0.020351,0.010873,0.747793
1893,0.044132,0.259331,0.064082,0.017264,-0.003742,-0.747726
1894,0.012453,-0.239506,-0.067963,-0.020327,0.010767,0.747791
1895,0.043374,0.259153,0.064165,0.017288,-0.003846,-0.747727
1896,0.011663,-0.239671,-0.067868,-0.020304,0.010662,0.747789
1897,0.042572,0.258978,0.064252,0.017310,-0.003955,-0.747728
1898,0.010829,-0.239851,-0.067773,-0.020279,0.010550,0.747788
1899,0.041727,0.258769,0.064341,0.017340,-0.004070,-0.747728
1900,0.009942,-0.240041,-0.067678,-0.020254,0.010429,0.747786
1901,0.040840,0.258575,0.064432,0.017365,-0.004190,-0.747730
1902,0.009026,-0.240258,-0.067580,-0.020223,0.010307,0.747785
1903,0.039926,0.258355,0.064526,0.017395,-0.004313,-0.747730
1904,0.008085,-0.240475,-0.067480,-0.020195,0.010181,0.747784
1905,0.038982,0.258123,0.064623,0.017426,-0.004441,-0.747732
1906,0.007124,-0.240709,-0.067375,-0.020164,0.010054,0.747783
1907,0.038016,0.257893,0.064723,0.017456,-0.004570,-0.747733
1908,0.006145,-0.240954,-0.067268,-0.020133,0.009925,0.747782
1909,0.037051,0.257655,0.064831,0.017489,-0.004695,-0.747734
1910,0.005162,-0.241201,-0.067156,-0.020103,0.009799,0.747781
1911,0.036047,0.257407,0.064937,0.017522,-0.004828,-0.747736
1912,0.004142,-0.241463,-0.067045,-0.020070,0.009666,0.747780
1913,0.035035,0.257153,0.065048,0.017556,-0.004960,-0.747737
1914,0.003118,-0.241727,-0.066932,-0.020038,0.009534,0.747779
1915,0.034011,0.256897,0.065160,0.017590,-0.005094,-0.747739
1916,0.002064,-0.242005,-0.066820,-0.020006,0.009395,0.747778
1917,0.032966,0.256630,0.065272,0.017626,-0.005231,-0.747740
1918,0.001019,-0.242290,-0.066704,-0.019970,0.009261,0.747778
1919,0.031921,0.256350,0.065387,0.017665,-0.005366,-0.747742
1920,-0.000039,-0.242590,-0.066588,-0.019933,0.009125,0.747777
1921,0.030866,0.256072,0.065503,0.017703,-0.005504,-0.747744
1922,-0.001092,-0.242885,-0.066469,-0.019898,0.008991,0.747777
1923,0.029816,0.255813,0.065623,0.017737,-0.005639,-0.747746
1924,-0.002166,-0.243185,-0.066353,-0.019863,0.008851,0.747776
1925,0.028754,0.255525,0.065741,0.017779,-0.005777,-0.747748
1926,-0.003240,-0.243486,-0.066238,-0.019827,0.008711,0.747776
1927,0.027690,0.255232,0.065858,0.017822,-0.005915,-0.747750
1928,-0.004306,-0.243794,-0.066120,-0.019790,0.008574,0.747776
1929,0.026633,0.254954,0.065978,0.017860,-0.006053,-0.747752
1930,-0.005370,-0.244100,-0.066002,-0.019755,0.008436,0.747775
1931,0.025569,0.254666,0.066096,0.017901,-0.006192,-0.747754
1932,-0.006439,-0.244426,-0.065888,-0.019715,0.008296,0.747775
1933,0.024517,0.254376,0.066214,0.017944,-0.006329,-0.747756
1934,-0.007487,-0.244742,-0.065771,-0.019676,0.008162,0.747775
1935,0.023485,0.254105,0.066336,0.017981,-0.006463,-0.747758
1936,-0.008519,-0.245042,-0.065652,-0.019642,0.008029,0.747775
1937,0.022458,0.253814,0.066454,0.018025,-0.006596,-0.747760
1938,-0.009553,-0.245356,-0.065537,-0.019605,0.007894,0.747775
1939,0.021435,0.253528,0.066573,0.018066,-0.006730,-0.747762
1940,-0.010570,-0.245670,-0.065423,-0.019568,0.007762,0.747775
1941,0.020425,0.253250,0.066689,0.018108,-0.006864,-0.747765
1942,-0.011592,-0.245974,-0.065313,-0.019535,0.007626,0.747775
1943,0.019431,0.252975,0.066805,0.018147,-0.006994,-0.747766
1944,-0.012571,-0.246295,-0.065200,-0.019494,0.007500,0.747775
1945,0.018459,0.252702,0.066921,0.018188,-0.007122,-0.747769
1946,-0.013541,-0.246590,-0.065088,-0.019462,0.007372,0.747776
1947,0.017496,0.252426,0.067033,0.018229,-0.007250,-0.747771
1948,-0.014502,-0.246891,-0.064981,-0.019426,0.007245,0.747776
1949,0.016556,0.252165,0.067145,0.018269,-0.007375,-0.747773
1950,-0.015433,-0.247189,-0.064873,-0.019391,0.007123,0.747776
1951,0.015638,0.251912,0.067256,0.018305,-0.007498,-0.747775
1952,-0.016339,-0.247476,-0.064765,-0.019359,0.007004,0.747776
1953,0.014748,0.251659,0.067366,0.018343,-0.007616,-0.747777
1954,-0.017205,-0.247748,-0.064656,-0.019328,0.006892,0.747777
1955,0.013901,0.251423,0.067480,0.018380,-0.007726,-0.747779
1956,-0.018067,-0.248020,-0.064553,-0.019297,0.006778,0.747777
1957,0.013082,0.251193,0.067593,0.018413,-0.007832,-0.747781
1958,-0.018866,-0.248278,-0.064443,-0.019268,0.006677,0.747778
1959,0.012299,0.250967,0.067705,0.018446,-0.007933,-0.747783
1960,-0.019644,-0.248541,-0.064338,-0.019238,0.006577,0.747778
1961,0.011509,0.250736,0.067807,0.018483,-0.008039,-0.747785
1962,-0.020424,-0.248794,-0.064240,-0.019209,0.006474,0.747778
1963,0.010762,0.250532,0.067912,0.018514,-0.008138,-0.747787
1964,-0.021154,-0.249031,-0.064138,-0.019184,0.006379,0.747779
1965,0.010056,0.250323,0.068017,0.018546,-0.008230,-0.747789
1966,-0.021852,-0.249276,-0.064040,-0.019156,0.006289,0.747779
1967,0.009369,0.250125,0.068117,0.018576,-0.008321,-0.747791
1968,-0.022530,-0.249493,-0.063944,-0.019134,0.006200,0.747780
1969,0.008704,0.249927,0.068213,0.018606,-0.008411,-0.747793
1970,-0.023175,-0.249710,-0.063852,-0.019109,0.006115,0.747781
1971,0.008093,0.249748,0.068313,0.018636,-0.008490,-0.747794
1972,-0.023780,-0.249923,-0.063759,-0.019085,0.006037,0.747781
1973,0.007495,0.249584,0.068406,0.018661,-0.008570,-0.747796
1974,-0.024378,-0.250118,-0.063672,-0.019064,0.005957,0.747782
1975,0.006943,0.249436,0.068500,0.018683,-0.008643,-0.747798
1976,-0.024897,-0.250306,-0.063579,-0.019045,0.005893,0.747783
1977,0.006428,0.249277,0.068592,0.018709,-0.008709,-0.747799
1978,-0.025410,-0.250487,-0.063493,-0.019024,0.005826,0.747784
1979,0.005945,0.249139,0.068683,0.018730,-0.008772,-0.747800
1980,-0.025888,-0.250666,-0.063410,-0.019004,0.005765,0.747784
1981,0.005480,0.249001,0.068767,0.018753,-0.008835,-0.747802
1982,-0.026328,-0.250813,-0.063327,-0.018990,0.005708,0.747785
1983,0.005059,0.248872,0.068851,0.018775,-0.008890,-0.747804
1984,-0.026751,-0.250968,-0.063250,-0.018973,0.005653,0.747786
1985,0.004647,0.248760,0.068928,0.018791,-0.008947,-0.747805
1986,-0.027136,-0.251114,-0.063174,-0.018957,0.005602,0.747786
1987,0.004286,0.248653,0.069006,0.018809,-0.008995,-0.747806
1988,-0.027482,-0.251247,-0.063099,-0.018943,0.005558,0.747786
1989,0.003962,0.248554,0.069083,0.018827,-0.009038,-0.747807
1990,-0.027810,-0.251356,-0.063029,-0.018934,0.005514,0.747787
1991,0.003682,0.248472,0.069161,0.018841,-0.009072,-0.747809
1992,-0.028094,-0.251467,-0.062959,-0.018922,0.005478,0.747788
1993,0.003411,0.248399,0.069231,0.018852,-0.009109,-0.747810
1994,-0.028354,-0.251570,-0.062892,-0.018913,0.005444,0.747788
1995,0.003168,0.248327,0.069297,0.018865,-0.009143,-0.747811
1996,-0.028577,-0.251660,-0.062827,-0.018905,0.005415,0.747789
1997,0.002966,0.248260,0.069362,0.018879,-0.009170,-0.747812
1998,-0.028768,-0.251739,-0.062764,-0.018897,0.005392,0.747790
1999,0.002789,0.248203,0.069424,0.018890,-0.009194,-0.747812
2000,-0.028940,-0.251820,-0.062706,-0.018889,0.005369,0.747790
2001,0.002635,0.248155,0.069482,0.018900,-0.009217,-0.747813
2002,-0.029098,-0.251887,-0.062654,-0.018882,0.005346,0.747791
2003,0.002518,0.248125,0.069540,0.018905,-0.009232,-0.747814
2004,-0.029203,-0.251942,-0.062598,-0.018878,0.005333,0.747792
2005,0.002408,0.248092,0.069590,0.018912,-0.009251,-0.747815
2006,-0.029284,-0.251984,-0.062546,-0.018875,0.005323,0.747793
2007,0.002377,0.248079,0.069649,0.018915,-0.009251,-0.747816
2008,-0.029316,-0.252016,-0.062491,-0.018875,0.005323,0.747793
2009,0.002334,0.248063,0.069696,0.018919,-0.009259,-0.747816
2010,-0.029354,-0.252046,-0.062445,-0.018872,0.005317,0.747794
2011,0.002326,0.248055,0.069743,0.018923,-0.009261,-0.747816
2012,-0.029347,-0.252063,-0.062397,-0.018874,0.005320,0.747795
2013,0.002353,0.248066,0.069791,0.018924,-0.009256,-0.747817
2014,-0.029333,-0.252078,-0.062356,-0.018872,0.005321,0.747796
2015,0.002387,0.248071,0.069832,0.018926,-0.009253,-0.747817
2016,-0.029302,-0.252088,-0.062319,-0.018873,0.005323,0.747796
2017,0.002432,0.248070,0.069866,0.018929,-0.009250,-0.747818
2018,-0.029229,-0.252094,-0.062280,-0.018872,0.005334,0.747796
2019,0.002517,0.248100,0.069904,0.018926,-0.009240,-0.747819
2020,-0.029138,-0.252087,-0.062243,-0.018874,0.005347,0.747797
2021,0.002628,0.248127,0.069940,0.018924,-0.009225,-0.747818
2022,-0.029021,-0.252063,-0.062208,-0.018879,0.005364,0.747797
2023,0.002760,0.248167,0.069974,0.018921,-0.009208,-0.747819
2024,-0.028896,-0.252038,-0.062177,-0.018884,0.005381,0.747797
2025,0.002898,0.248205,0.070002,0.018917,-0.009192,-0.747819
2026,-0.028741,-0.251997,-0.062144,-0.018893,0.005402,0.747798
2027,0.003067,0.248255,0.070032,0.018910,-0.009170,-0.747819
2028,-0.028583,-0.251953,-0.062118,-0.018901,0.005422,0.747799
2029,0.003239,0.248307,0.070055,0.018905,-0.009149,-0.747820
2030,-0.028392,-0.251913,-0.062090,-0.018907,0.005448,0.747799
2031,0.003441,0.248359,0.070080,0.018900,-0.009123,-0.747819
2032,-0.028214,-0.251873,-0.062071,-0.018912,0.005469,0.747800
2033,0.003669,0.248419,0.070105,0.018892,-0.009092,-0.747819
2034,-0.027989,-0.251818,-0.062046,-0.018920,0.005500,0.747800
2035,0.003895,0.248483,0.070124,0.018885,-0.009063,-0.747819
2036,-0.027759,-0.251772,-0.062026,-0.018925,0.005531,0.747801
2037,0.004135,0.248553,0.070142,0.018877,-0.009032,-0.747819
2038,-0.027504,-0.251703,-0.062003,-0.018935,0.005567,0.747801
2039,0.004389,0.248628,0.070159,0.018867,-0.009000,-0.747819
2040,-0.027244,-0.251630,-0.061984,-0.018946,0.005603,0.747801
2041,0.004658,0.248706,0.070174,0.018857,-0.008964,-0.747818
2042,-0.026976,-0.251561,-0.061967,-0.018955,0.005639,0.747802
2043,0.004931,0.248780,0.070186,0.018848,-0.008930,-0.747818
2044,-0.026706,-0.251482,-0.061954,-0.018966,0.005674,0.747802
2045,0.005230,0.248871,0.070201,0.018836,-0.008889,-0.747818
2046,-0.026427,-0.251390,-0.061940,-0.018980,0.005710,0.747802
2047,0.005508,0.248959,0.070208,0.018823,-0.008855,-0.747817
2048,-0.026148,-0.251313,-0.061931,-0.018989,0.005746,0.747803
2049,0.005799,0.249030,0.070213,0.018817,-0.008819,-0.747817
2050,-0.025861,-0.251234,-0.061924,-0.018999,0.005782,0.747803
2051,0.006108,0.249125,0.070221,0.018804,-0.008779,-0.747817
2052,-0.025549,-0.251149,-0.061913,-0.019009,0.005825,0.747803
2053,0.006412,0.249209,0.070225,0.018793,-0.008740,-0.747817
2054,-0.025234,-0.251063,-0.061904,-0.019020,0.005867,0.747803
2055,0.006728,0.249304,0.070228,0.018781,-0.008700,-0.747816
2056,-0.024915,-0.250965,-0.061896,-0.019032,0.005910,0.747803
2057,0.007045,0.249396,0.070230,0.018768,-0.008660,-0.747816
2058,-0.024609,-0.250867,-0.061892,-0.019048,0.005948,0.747804
2059,0.007371,0.249505,0.070233,0.018751,-0.008617,-0.747815
2060,-0.024291,-0.250769,-0.061888,-0.019060,0.005990,0.747804
2061,0.007698,0.249596,0.070235,0.018739,-0.008575,-0.747815
2062,-0.023973,-0.250676,-0.061885,-0.019071,0.006032,0.747804
2063,0.008023,0.249692,0.070233,0.018727,-0.008533,-0.747814
2064,-0.023653,-0.250582,-0.061883,-0.019082,0.006073,0.747804
2065,0.008352,0.249773,0.070231,0.018718,-0.008491,-0.747814
2066,-0.023326,-0.250478,-0.061881,-0.019095,0.006116,0.747804
2067,0.008683,0.249868,0.070230,0.018705,-0.008448,-0.747813
2068,-0.022991,-0.250387,-0.061877,-0.019105,0.006163,0.747804
2069,0.009013,0.249967,0.070228,0.018691,-0.008404,-0.747812
2070,-0.022688,-0.250286,-0.061880,-0.019118,0.006200,0.747804
2071,0.009331,0.250057,0.070223,0.018679,-0.008364,-0.747811
2072,-0.022377,-0.250192,-0.061882,-0.019130,0.006240,0.747804
2073,0.009644,0.250159,0.070216,0.018664,-0.008325,-0.747811
2074,-0.022037,-0.250093,-0.061879,-0.019142,0.006288,0.747804
2075,0.009969,0.250252,0.070213,0.018650,-0.008283,-0.747810
2076,-0.021735,-0.249992,-0.061882,-0.019155,0.006326,0.747804
2077,0.010295,0.250349,0.070209,0.018637,-0.008239,-0.747810
2078,-0.021435,-0.249895,-0.061886,-0.019166,0.006364,0.747804
2079,0.010612,0.250443,0.070204,0.018624,-0.008197,-0.747809
2080,-0.021125,-0.249799,-0.061888,-0.019176,0.006406,0.747804
2081,0.010910,0.250534,0.070196,0.018611,-0.008160,-0.747809
2082,-0.020819,-0.249697,-0.061889,-0.019190,0.006447,0.747804
2083,0.011219,0.250623,0.070190,0.018599,-0.008119,-0.747808
2084,-0.020515,-0.249604,-0.061891,-0.019202,0.006488,0.747804
2085,0.011515,0.250716,0.070183,0.018586,-0.008081,-0.747807
2086,-0.020236,-0.249510,-0.061897,-0.019212,0.006523,0.747804
2087,0.011812,0.250800,0.070177,0.018572,-0.008042,-0.747807
2088,-0.019948,-0.249417,-0.061900,-0.019223,0.006562,0.747804
2089,0.012097,0.250882,0.070169,0.018561,-0.008004,-0.747806
2090,-0.019663,-0.249332,-0.061903,-0.019234,0.006600,0.747803
2091,0.012371,0.250973,0.070161,0.018547,-0.007969,-0.747806
2092,-0.019383,-0.249244,-0.061905,-0.019245,0.006638,0.747803
2093,0.012659,0.251051,0.070157,0.018536,-0.007929,-0.747805
2094,-0.019125,-0.249153,-0.061911,-0.019256,0.006672,0.747803
2095,0.012905,0.251121,0.070144,0.018527,-0.007899,-0.747804
2096,-0.018867,-0.249074,-0.061915,-0.019264,0.006706,0.747803
2097,0.013160,0.251196,0.070136,0.018514,-0.007866,-0.747804
2098,-0.018622,-0.248987,-0.061920,-0.019275,0.006739,0.747803
2099,0.013413,0.251274,0.070129,0.018504,-0.007832,-0.747803
2100,-0.018391,-0.248908,-0.061927,-0.019285,0.006768,0.747803
2101,0.013641,0.251345,0.070118,0.018495,-0.007803,-0.747802
2102,-0.018173,-0.248838,-0.061935,-0.019291,0.006796,0.747803
2103,0.013868,0.251412,0.070110,0.018483,-0.007773,-0.747802
2104,-0.017943,-0.248759,-0.061939,-0.019302,0.006827,0.747803
2105,0.014072,0.251471,0.070097,0.018476,-0.007749,-0.747802
2106,-0.017745,-0.248689,-0.061948,-0.019309,0.006852,0.747802
2107,0.014282,0.251535,0.070088,0.018466,-0.007721,-0.747801
2108,-0.017552,-0.248623,-0.061956,-0.019316,0.006876,0.747802
2109,0.014474,0.251599,0.070078,0.018456,-0.007697,-0.747801
2110,-0.017353,-0.248555,-0.061961,-0.019323,0.006903,0.747802
2111,0.014666,0.251649,0.070069,0.018449,-0.007672,-0.747800
2112,-0.017172,-0.248490,-0.061967,-0.019331,0.006927,0.747802
2113,0.014846,0.251709,0.070060,0.018439,-0.007648,-0.747800
2114,-0.017000,-0.248431,-0.061973,-0.019338,0.006950,0.747802
2115,0.015024,0.251759,0.070052,0.018431,-0.007623,-0.747799
2116,-0.016837,-0.248375,-0.061980,-0.019344,0.006971,0.747802
2117,0.015172,0.251806,0.070040,0.018425,-0.007606,-0.747799
2118,-0.016677,-0.248315,-0.061985,-0.019352,0.006993,0.747802
2119,0.015327,0.251851,0.070032,0.018417,-0.007585,-0.747799
2120,-0.016533,-0.248269,-0.061992,-0.019356,0.007013,0.747801
2121,0.015468,0.251898,0.070023,0.018410,-0.007566,-0.747798
2122,-0.016420,-0.248218,-0.062004,-0.019361,0.007024,0.747801
2123,0.015598,0.251928,0.070014,0.018406,-0.007549,-0.747797
2124,-0.016288,-0.248182,-0.062009,-0.019364,0.007044,0.747801
2125,0.015724,0.251972,0.070006,0.018399,-0.007531,-0.747797
2126,-0.016166,-0.248135,-0.062014,-0.019370,0.007060,0.747801
2127,0.015833,0.251989,0.069995,0.018397,-0.007517,-0.747797
2128,-0.016067,-0.248096,-0.062023,-0.019374,0.007073,0.747800
2129,0.015921,0.252026,0.069984,0.018392,-0.007507,-0.747796
2130,-0.015973,-0.248058,-0.062030,-0.019378,0.007085,0.747800
2131,0.016021,0.252063,0.069977,0.018385,-0.007493,-0.747796
2132,-0.015872,-0.248017,-0.062034,-0.019384,0.007101,0.747800
2133,0.016096,0.252081,0.069966,0.018382,-0.007483,-0.747796
2134,-0.015818,-0.247986,-0.062046,-0.019386,0.007105,0.747800
2135,0.016164,0.252105,0.069956,0.018378,-0.007475,-0.747795
2136,-0.015748,-0.247959,-0.062053,-0.019389,0.007115,0.747800
2137,0.016234,0.252127,0.069949,0.018374,-0.007464,-0.747795
2138,-0.015692,-0.247934,-0.062061,-0.019391,0.007122,0.747800
2139,0.016293,0.252149,0.069941,0.018370,-0.007455,-0.747795
2140,-0.015645,-0.247911,-0.062070,-0.019395,0.007128,0.747799
2141,0.016328,0.252161,0.069929,0.018368,-0.007452,-0.747795
2142,-0.015601,-0.247894,-0.062077,-0.019396,0.007135,0.747799
2143,0.016361,0.252170,0.069919,0.018366,-0.007448,-0.747794
2144,-0.015589,-0.247875,-0.062090,-0.019397,0.007134,0.747799
2145,0.016372,0.252175,0.069905,0.018365,-0.007449,-0.747795
2146,-0.015547,-0.247861,-0.062095,-0.019399,0.007141,0.747799
2147,0.016397,0.252183,0.069897,0.018363,-0.007444,-0.747794
2148,-0.015546,-0.247852,-0.062107,-0.019399,0.007140,0.747799
2149,0.016414,0.252195,0.069889,0.018360,-0.007441,-0.747794
2150,-0.015529,-0.247842,-0.062114,-0.019400,0.007143,0.747798
2151,0.016407,0.252183,0.069876,0.018361,-0.007443,-0.747794
2152,-0.015526,-0.247838,-0.062124,-0.019400,0.007144,0.747798
2153,0.016399,0.252190,0.069866,0.018359,-0.007444,-0.747794
2154,-0.015550,-0.247833,-0.062137,-0.019399,0.007139,0.747798
2155,0.016378,0.252187,0.069853,0.018361,-0.007448,-0.747794
2156,-0.015566,-0.247830,-0.062147,-0.019399,0.007137,0.747798
2157,0.016357,0.252185,0.069843,0.018360,-0.007450,-0.747793
2158,-0.015593,-0.247830,-0.062159,-0.019399,0.007133,0.747798
2159,0.016328,0.252178,0.069831,0.018360,-0.007454,-0.747793
2160,-0.015613,-0.247836,-0.062168,-0.019398,0.007131,0.747798
2161,0.016296,0.252168,0.069820,0.018362,-0.007458,-0.747793
2162,-0.015663,-0.247841,-0.062182,-0.019396,0.007123,0.747797
2163,0.016260,0.252162,0.069810,0.018361,-0.007462,-0.747793
2164,-0.015688,-0.247847,-0.062191,-0.019396,0.007121,0.747797
2165,0.016223,0.252151,0.069799,0.018361,-0.007466,-0.747793
2166,-0.015715,-0.247849,-0.062199,-0.019395,0.007120,0.747797
2167,0.016188,0.252138,0.069792,0.018362,-0.007468,-0.747793
2168,-0.015786,-0.247865,-0.062215,-0.019393,0.007108,0.747797
2169,0.016132,0.252124,0.069779,0.018364,-0.007474,-0.747793
2170,-0.015830,-0.247882,-0.062226,-0.019390,0.007104,0.747797
2171,0.016061,0.252103,0.069764,0.018367,-0.007485,-0.747793
2172,-0.015893,-0.247895,-0.062240,-0.019387,0.007095,0.747797
2173,0.015995,0.252081,0.069751,0.018369,-0.007493,-0.747793
2174,-0.015966,-0.247911,-0.062255,-0.019384,0.007085,0.747796
2175,0.015945,0.252074,0.069743,0.018369,-0.007497,-0.747793
2176,-0.016016,-0.247922,-0.062265,-0.019384,0.007080,0.747796
2177,0.015869,0.252045,0.069729,0.018374,-0.007507,-0.747793
2178,-0.016111,-0.247947,-0.062285,-0.019380,0.007065,0.747796
2179,0.015778,0.252020,0.069712,0.018377,-0.007520,-0.747793
2180,-0.016204,-0.247965,-0.062303,-0.019376,0.007051,0.747796
2181,0.015689,0.252001,0.069696,0.018378,-0.007533,-0.747793
2182,-0.016280,-0.247989,-0.062319,-0.019374,0.007041,0.747796
2183,0.015597,0.251967,0.069679,0.018384,-0.007545,-0.747793
2184,-0.016361,-0.248014,-0.062334,-0.019370,0.007030,0.747796
2185,0.015520,0.251950,0.069666,0.018385,-0.007553,-0.747793
2186,-0.016435,-0.248037,-0.062349,-0.019367,0.007022,0.747796
2187,0.015421,0.251919,0.069648,0.018389,-0.007568,-0.747793
2188,-0.016524,-0.248063,-0.062367,-0.019364,0.007010,0.747795
2189,0.015336,0.251895,0.069633,0.018393,-0.007577,-0.747793
2190,-0.016619,-0.248081,-0.062386,-0.019362,0.006997,0.747795
2191,0.015239,0.251868,0.069616,0.018395,-0.007590,-0.747793
2192,-0.016712,-0.248113,-0.062405,-0.019357,0.006984,0.747795
2193,0.015129,0.251836,0.069596,0.018400,-0.007606,-0.747793
2194,-0.016804,-0.248146,-0.062425,-0.019352,0.006972,0.747795
2195,0.015042,0.251812,0.069580,0.018403,-0.007615,-0.747793
2196,-0.016897,-0.248164,-0.062444,-0.019350,0.006960,0.747795
2197,0.014961,0.251789,0.069566,0.018406,-0.007623,-0.747794
2198,-0.016985,-0.248188,-0.062463,-0.019347,0.006949,0.747795
2199,0.014859,0.251753,0.069546,0.018412,-0.007637,-0.747794
2200,-0.017084,-0.248220,-0.062485,-0.019343,0.006935,0.747795
2201,0.014744,0.251724,0.069523,0.018415,-0.007653,-0.747794
2202,-0.017173,-0.248249,-0.062506,-0.019339,0.006924,0.747795
2203,0.014654,0.251694,0.069506,0.018418,-0.007663,-0.747794
2204,-0.017291,-0.248282,-0.062533,-0.019334,0.006906,0.747795
2205,0.014544,0.251666,0.069483,0.018422,-0.007678,-0.747794
2206,-0.017385,-0.248313,-0.062556,-0.019329,0.006894,0.747795
2207,0.014450,0.251638,0.069462,0.018426,-0.007689,-0.747794
2208,-0.017475,-0.248334,-0.062579,-0.019328,0.006882,0.747795
2209,0.014346,0.251605,0.069440,0.018431,-0.007703,-0.747795
2210,-0.017578,-0.248366,-0.062605,-0.019323,0.006868,0.747795
2211,0.014242,0.251577,0.069416,0.018434,-0.007717,-0.747795
2212,-0.017661,-0.248399,-0.062628,-0.019319,0.006858,0.747795
2213,0.014146,0.251548,0.069394,0.018437,-0.007728,-0.747795
2214,-0.017762,-0.248429,-0.062656,-0.019315,0.006843,0.747795
2215,0.014040,0.251513,0.069368,0.018441,-0.007743,-0.747796
2216,-0.017844,-0.248454,-0.062680,-0.019312,0.006834,0.747795
2217,0.013947,0.251487,0.069344,0.018446,-0.007754,-0.747796
2218,-0.017950,-0.248489,-0.062712,-0.019307,0.006818,0.747795
2219,0.013869,0.251461,0.069322,0.018448,-0.007761,-0.747795
2220,-0.018032,-0.248511,-0.062738,-0.019304,0.006808,0.747795
2221,0.013770,0.251430,0.069295,0.018452,-0.007775,-0.747796
2222,-0.018107,-0.248537,-0.062764,-0.019303,0.006799,0.747795
2223,0.013668,0.251399,0.069266,0.018458,-0.007789,-0.747796
2224,-0.018205,-0.248568,-0.062797,-0.019298,0.006785,0.747795
2225,0.013570,0.251380,0.069237,0.018460,-0.007802,-0.747796
2226,-0.018293,-0.248590,-0.062828,-0.019295,0.006773,0.747795
2227,0.013487,0.251348,0.069211,0.018466,-0.007811,-0.747796
2228,-0.018368,-0.248618,-0.062857,-0.019291,0.006764,0.747795
2229,0.013404,0.251329,0.069183,0.018467,-0.007821,-0.747797
2230,-0.018459,-0.248643,-0.062892,-0.019287,0.006750,0.747795
2231,0.013329,0.251304,0.069156,0.018470,-0.007829,-0.747796
2232,-0.018523,-0.248665,-0.062921,-0.019285,0.006744,0.747795
2233,0.013244,0.251280,0.069125,0.018473,-0.007839,-0.747797
2234,-0.018606,-0.248687,-0.062956,-0.019282,0.006732,0.747795
2235,0.013150,0.251250,0.069091,0.018478,-0.007853,-0.747797
2236,-0.018679,-0.248714,-0.062991,-0.019279,0.006722,0.747795
2237,0.013061,0.251220,0.069057,0.018483,-0.007866,-0.747797
2238,-0.018745,-0.248730,-0.063025,-0.019277,0.006714,0.747795
2239,0.012988,0.251202,0.069025,0.018485,-0.007874,-0.747797
2240,-0.018824,-0.248757,-0.063063,-0.019273,0.006702,0.747795
2241,0.012923,0.251184,0.068994,0.018487,-0.007881,-0.747797
2242,-0.018894,-0.248777,-0.063100,-0.019271,0.006692,0.747795
2243,0.012846,0.251172,0.068959,0.018487,-0.007891,-0.747797
2244,-0.018971,-0.248803,-0.063141,-0.019266,0.006679,0.747795
2245,0.012777,0.251150,0.068924,0.018490,-0.007900,-0.747798
2246,-0.019025,-0.248826,-0.063178,-0.019264,0.006673,0.747795
2247,0.012708,0.251124,0.068888,0.018494,-0.007909,-0.747798
2248,-0.019078,-0.248848,-0.063216,-0.019260,0.006666,0.747795
2249,0.012662,0.251113,0.068855,0.018494,-0.007913,-0.747798
2250,-0.019135,-0.248861,-0.063257,-0.019260,0.006658,0.747795
2251,0.012591,0.251082,0.068815,0.018500,-0.007923,-0.747798
2252,-0.019188,-0.248883,-0.063298,-0.019256,0.006650,0.747796
2253,0.012532,0.251061,0.068777,0.018502,-0.007931,-0.747798
2254,-0.019232,-0.248900,-0.063338,-0.019254,0.006644,0.747795
2255,0.012485,0.251050,0.068740,0.018503,-0.007935,-0.747799
2256,-0.019278,-0.248920,-0.063380,-0.019252,0.006638,0.747796
2257,0.012427,0.251029,0.068699,0.018507,-0.007943,-0.747799
2258,-0.019324,-0.248940,-0.063424,-0.019249,0.006631,0.747796
2259,0.012377,0.251008,0.068659,0.018508,-0.007950,-0.747799
2260,-0.019365,-0.248953,-0.063468,-0.019248,0.006625,0.747796
2261,0.012329,0.250991,0.068618,0.018511,-0.007957,-0.747799
2262,-0.019402,-0.248968,-0.063512,-0.019245,0.006619,0.747796
2263,0.012299,0.250984,0.068579,0.018512,-0.007958,-0.747799
2264,-0.019436,-0.248981,-0.063557,-0.019242,0.006615,0.747796
2265,0.012259,0.250971,0.068537,0.018513,-0.007963,-0.747799
2266,-0.019468,-0.248992,-0.063603,-0.019242,0.006609,0.747796
2267,0.012219,0.250953,0.068494,0.018516,-0.007968,-0.747799
2268,-0.019485,-0.248999,-0.063646,-0.019241,0.006608,0.747796
2269,0.012195,0.250939,0.068453,0.018517,-0.007970,-0.747799
2270,-0.019507,-0.249006,-0.063692,-0.019240,0.006605,0.747796
2271,0.012167,0.250934,0.068410,0.018518,-0.007973,-0.747799
2272,-0.019524,-0.249019,-0.063739,-0.019238,0.006603,0.747796
2273,0.012140,0.250922,0.068366,0.018520,-0.007975,-0.747800
2274,-0.019548,-0.249029,-0.063788,-0.019236,0.006599,0.747796
2275,0.012115,0.250913,0.068321,0.018522,-0.007978,-0.747799
2276,-0.019570,-0.249036,-0.063838,-0.019235,0.006595,0.747796
2277,0.012088,0.250906,0.068275,0.018522,-0.007982,-0.747800
2278,-0.019587,-0.249037,-0.063887,-0.019235,0.006591,0.747796
2279,0.012076,0.250901,0.068230,0.018522,-0.007982,-0.747799
2280,-0.019589,-0.249039,-0.063935,-0.019234,0.006592,0.747796
2281,0.012063,0.250901,0.068185,0.018522,-0.007983,-0.747799
2282,-0.019588,-0.249041,-0.063983,-0.019234,0.006593,0.747796
2283,0.012055,0.250892,0.068139,0.018523,-0.007982,-0.747799
2284,-0.019589,-0.249037,-0.064032,-0.019235,0.006593,0.747797
2285,0.012043,0.250889,0.068091,0.018523,-0.007983,-0.747800
2286,-0.019590,-0.249050,-0.064084,-0.019233,0.006593,0.747796
2287,0.012029,0.250881,0.068042,0.018524,-0.007985,-0.747800
2288,-0.019596,-0.249053,-0.064137,-0.019232,0.006591,0.747796
2289,0.012015,0.250881,0.067992,0.018524,-0.007987,-0.747800
2290,-0.019602,-0.249047,-0.064191,-0.019232,0.006588,0.747797
2291,0.012013,0.250879,0.067944,0.018523,-0.007986,-0.747800
2292,-0.019591,-0.249047,-0.064241,-0.019232,0.006590,0.747796
2293,0.012012,0.250874,0.067895,0.018526,-0.007986,-0.747800
2294,-0.019609,-0.249056,-0.064301,-0.019230,0.006584,0.747796
2295,0.011998,0.250875,0.067842,0.018525,-0.007989,-0.747799
2296,-0.019598,-0.249046,-0.064354,-0.019231,0.006585,0.747796
2297,0.012004,0.250870,0.067792,0.018525,-0.007987,-0.747800
2298,-0.019589,-0.249049,-0.064408,-0.019230,0.006586,0.747797
2299,0.012021,0.250881,0.067745,0.018523,-0.007982,-0.747800
2300,-0.019561,-0.249036,-0.064459,-0.019232,0.006591,0.747796
2301,0.012015,0.250871,0.067690,0.018525,-0.007984,-0.747800
2302,-0.019564,-0.249040,-0.064518,-0.019231,0.006588,0.747796
2303,0.012026,0.250876,0.067640,0.018523,-0.007982,-0.747800
2304,-0.019539,-0.249035,-0.064571,-0.019232,0.006591,0.747797
2305,0.012030,0.250872,0.067586,0.018524,-0.007981,-0.747800
2306,-0.019516,-0.249022,-0.064626,-0.019232,0.006595,0.747797
2307,0.012049,0.250879,0.067536,0.018523,-0.007977,-0.747800
2308,-0.019492,-0.249022,-0.064681,-0.019232,0.006598,0.747796
2309,0.012055,0.250877,0.067481,0.018523,-0.007977,-0.747800
2310,-0.019472,-0.249011,-0.064737,-0.019233,0.006600,0.747797
2311,0.012079,0.250889,0.067432,0.018520,-0.007971,-0.747800
2312,-0.019452,-0.249006,-0.064794,-0.019233,0.006602,0.747797
2313,0.012103,0.250895,0.067381,0.018518,-0.007966,-0.747800
2314,-0.019421,-0.248994,-0.064849,-0.019236,0.006606,0.747796
2315,0.012118,0.250896,0.067326,0.018519,-0.007964,-0.747800
2316,-0.019400,-0.248988,-0.064907,-0.019237,0.006608,0.747797
2317,0.012122,0.250898,0.067270,0.018519,-0.007964,-0.747800
2318,-0.019375,-0.248988,-0.064965,-0.019235,0.006611,0.747797
2319,0.012157,0.250906,0.067219,0.018517,-0.007957,-0.747800
2320,-0.019353,-0.248975,-0.065024,-0.019236,0.006612,0.747797
2321,0.012165,0.250907,0.067162,0.018517,-0.007957,-0.747800
2322,-0.019319,-0.248961,-0.065081,-0.019238,0.006617,0.747797
2323,0.012182,0.250905,0.067106,0.018517,-0.007955,-0.747800
2324,-0.019291,-0.248956,-0.065139,-0.019238,0.006620,0.747796
2325,0.012203,0.250915,0.067052,0.018514,-0.007951,-0.747800
2326,-0.019269,-0.248944,-0.065199,-0.019238,0.006621,0.747796
2327,0.012237,0.250926,0.067000,0.018513,-0.007944,-0.747799
2328,-0.019238,-0.248931,-0.065257,-0.019240,0.006625,0.747797
2329,0.012248,0.250928,0.066943,0.018512,-0.007944,-0.747800
2330,-0.019218,-0.248931,-0.065318,-0.019239,0.006625,0.747796
2331,0.012266,0.250932,0.066886,0.018512,-0.007941,-0.747800
2332,-0.019183,-0.248920,-0.065376,-0.019240,0.006630,0.747796
2333,0.012293,0.250938,0.066832,0.018510,-0.007937,-0.747799
2334,-0.019152,-0.248908,-0.065435,-0.019241,0.006633,0.747797
2335,0.012320,0.250946,0.066777,0.018508,-0.007932,-0.747799
2336,-0.019111,-0.248895,-0.065492,-0.019243,0.006639,0.747797
2337,0.012349,0.250953,0.066722,0.018507,-0.007927,-0.747799
2338,-0.019080,-0.248886,-0.065552,-0.019242,0.006643,0.747797
2339,0.012381,0.250962,0.066668,0.018506,-0.007921,-0.747799
2340,-0.019045,-0.248869,-0.065610,-0.019245,0.006647,0.747796
2341,0.012399,0.250962,0.066610,0.018505,-0.007919,-0.747799
2342,-0.019010,-0.248859,-0.065670,-0.019246,0.006651,0.747797
2343,0.012431,0.250970,0.066556,0.018504,-0.007914,-0.747799
2344,-0.018984,-0.248849,-0.065731,-0.019247,0.006653,0.747797
2345,0.012442,0.250974,0.066497,0.018503,-0.007913,-0.747799
2346,-0.018952,-0.248845,-0.065790,-0.019246,0.006656,0.747796
2347,0.012466,0.250976,0.066441,0.018503,-0.007910,-0.747799
2348,-0.018919,-0.248830,-0.065850,-0.019247,0.006660,0.747796
2349,0.012512,0.250993,0.066390,0.018499,-0.007900,-0.747799
2350,-0.018883,-0.248820,-0.065909,-0.019249,0.006665,0.747796
2351,0.012528,0.250999,0.066332,0.018498,-0.007898,-0.747799
2352,-0.018853,-0.248813,-0.065969,-0.019248,0.006667,0.747796
2353,0.012541,0.250999,0.066273,0.018498,-0.007898,-0.747798
2354,-0.018813,-0.248797,-0.066027,-0.019251,0.006673,0.747797
2355,0.012573,0.251008,0.066219,0.018495,-0.007892,-0.747798
2356,-0.018767,-0.248783,-0.066083,-0.019253,0.006680,0.747796
2357,0.012598,0.251013,0.066164,0.018495,-0.007887,-0.747799
2358,-0.018735,-0.248775,-0.066143,-0.019252,0.006684,0.747796
2359,0.012626,0.251015,0.066109,0.018493,-0.007883,-0.747798
2360,-0.018713,-0.248767,-0.066204,-0.019253,0.006685,0.747796
2361,0.012652,0.251023,0.066054,0.018491,-0.007879,-0.747798
2362,-0.018685,-0.248752,-0.066264,-0.019255,0.006687,0.747796
2363,0.012674,0.251030,0.065998,0.018490,-0.007875,-0.747798
2364,-0.018642,-0.248745,-0.066320,-0.019255,0.006694,0.747796
2365,0.012704,0.251035,0.065944,0.018490,-0.007869,-0.747799
2366,-0.018607,-0.248732,-0.066378,-0.019256,0.006699,0.747796
2367,0.012718,0.251042,0.065888,0.018488,-0.007868,-0.747798
2368,-0.018581,-0.248721,-0.066437,-0.019257,0.006701,0.747796
2369,0.012750,0.251041,0.065834,0.018487,-0.007861,-0.747798
2370,-0.018550,-0.248714,-0.066496,-0.019258,0.006705,0.747796
2371,0.012763,0.251046,0.065777,0.018486,-0.007860,-0.747798
2372,-0.018526,-0.248707,-0.066556,-0.019259,0.006707,0.747796
2373,0.012775,0.251051,0.065721,0.018485,-0.007859,-0.747798
2374,-0.018507,-0.248696,-0.066616,-0.019259,0.006707,0.747796
2375,0.012795,0.251051,0.065667,0.018485,-0.007855,-0.747798
2376,-0.018476,-0.248686,-0.066673,-0.019258,0.006711,0.747796
2377,0.012808,0.251044,0.065610,0.018487,-0.007853,-0.747797
2378,-0.018456,-0.248686,-0.066733,-0.019258,0.006713,0.747796
2379,0.012827,0.251052,0.065557,0.018484,-0.007850,-0.747798
2380,-0.018438,-0.248680,-0.066793,-0.019257,0.006713,0.747796
2381,0.012843,0.251056,0.065501,0.018485,-0.007847,-0.747798
2382,-0.018410,-0.248670,-0.066850,-0.019258,0.006717,0.747796
2383,0.012860,0.251060,0.065448,0.018482,-0.007844,-0.747798
2384,-0.018387,-0.248656,-0.066908,-0.019260,0.006719,0.747796
2385,0.012863,0.251061,0.065391,0.018482,-0.007845,-0.747797
2386,-0.018367,-0.248649,-0.066965,-0.019261,0.006721,0.747796
2387,0.012876,0.251061,0.065338,0.018482,-0.007843,-0.747797
2388,-0.018344,-0.248644,-0.067022,-0.019260,0.006724,0.747796
2389,0.012898,0.251075,0.065287,0.018478,-0.007838,-0.747797
2390,-0.018316,-0.248639,-0.067077,-0.019261,0.006728,0.747796
2391,0.012903,0.251076,0.065232,0.018478,-0.007838,-0.747797
2392,-0.018306,-0.248622,-0.067136,-0.019262,0.006727,0.747796
2393,0.012923,0.251083,0.065181,0.018477,-0.007833,-0.747797
2394,-0.018280,-0.248615,-0.067190,-0.019263,0.006731,0.747796
2395,0.012927,0.251082,0.065127,0.018476,-0.007833,-0.747797
2396,-0.018256,-0.248607,-0.067245,-0.019263,0.006734,0.747795
2397,0.012945,0.251087,0.065076,0.018475,-0.007828,-0.747797
2398,-0.018236,-0.248599,-0.067300,-0.019264,0.006736,0.747796
2399,0.012961,0.251092,0.065026,0.018473,-0.007825,-0.747797
2400,-0.018215,-0.248587,-0.067355,-0.019266,0.006739,0.747796
2401,0.012970,0.251086,0.064974,0.018475,-0.007823,-0.747797
2402,-0.018207,-0.248583,-0.067412,-0.019265,0.006738,0.747796
2403,0.012972,0.251087,0.064922,0.018473,-0.007823,-0.747797
2404,-0.018196,-0.248579,-0.067467,-0.019265,0.006739,0.747796
2405,0.012977,0.251095,0.064871,0.018471,-0.007822,-0.747797
2406,-0.018168,-0.248571,-0.067519,-0.019267,0.006744,0.747796
2407,0.012984,0.251093,0.064820,0.018470,-0.007820,-0.747797
2408,-0.018154,-0.248563,-0.067572,-0.019266,0.006745,0.747795
2409,0.013009,0.251103,0.064774,0.018469,-0.007813,-0.747797
2410,-0.018136,-0.248552,-0.067624,-0.019267,0.006748,0.747796
2411,0.013025,0.251111,0.064728,0.018466,-0.007808,-0.747796
2412,-0.018118,-0.248548,-0.067677,-0.019268,0.006751,0.747795
2413,0.013012,0.251102,0.064674,0.018469,-0.007811,-0.747796
2414,-0.018120,-0.248546,-0.067732,-0.019267,0.006748,0.747795
2415,0.013012,0.251100,0.064624,0.018468,-0.007811,-0.747797
2416,-0.018114,-0.248547,-0.067786,-0.019266,0.006748,0.747796
2417,0.013005,0.251097,0.064574,0.018468,-0.007812,-0.747797
2418,-0.018126,-0.248547,-0.067843,-0.019264,0.006743,0.747795
2419,0.012983,0.251092,0.064520,0.018470,-0.007818,-0.747797
2420,-0.018132,-0.248540,-0.067898,-0.019264,0.006740,0.747796
2421,0.012979,0.251092,0.064471,0.018469,-0.007818,-0.747796
2422,-0.018126,-0.248539,-0.067950,-0.019264,0.006740,0.747796
2423,0.012971,0.251090,0.064422,0.018469,-0.007819,-0.747797
2424,-0.018122,-0.248535,-0.068001,-0.019264,0.006739,0.747795
2425,0.012985,0.251077,0.064377,0.018472,-0.007815,-0.747796
2426,-0.018103,-0.248529,-0.068049,-0.019265,0.006743,0.747795
2427,0.012985,0.251079,0.064330,0.018472,-0.007814,-0.747796
2428,-0.018091,-0.248523,-0.068097,-0.019265,0.006745,0.747795
2429,0.012992,0.251086,0.064286,0.018469,-0.007811,-0.747797
2430,-0.018077,-0.248516,-0.068145,-0.019267,0.006748,0.747795
2431,0.012985,0.251085,0.064239,0.018469,-0.007812,-0.747796
2432,-0.018081,-0.248508,-0.068196,-0.019268,0.006746,0.747795
2433,0.012987,0.251090,0.064195,0.018466,-0.007810,-0.747796
2434,-0.018062,-0.248511,-0.068241,-0.019267,0.006750,0.747795
2435,0.012985,0.251083,0.064150,0.018467,-0.007809,-0.747796
2436,-0.018059,-0.248504,-0.068290,-0.019268,0.006750,0.747796
2437,0.012973,0.251082,0.064104,0.018467,-0.007811,-0.747796
2438,-0.018055,-0.248505,-0.068337,-0.019267,0.006750,0.747795
2439,0.012970,0.251079,0.064060,0.018467,-0.007811,-0.747796
2440,-0.018058,-0.248500,-0.068386,-0.019267,0.006749,0.747795
2441,0.012984,0.251088,0.064021,0.018465,-0.007805,-0.747796
2442,-0.018060,-0.248498,-0.068433,-0.019268,0.006748,0.747795
2443,0.012961,0.251074,0.063974,0.018467,-0.007810,-0.747796
2444,-0.018061,-0.248497,-0.068479,-0.019267,0.006747,0.747795
2445,0.012962,0.251074,0.063933,0.018466,-0.007807,-0.747796
2446,-0.018075,-0.248500,-0.068529,-0.019265,0.006743,0.747795
2447,0.012953,0.251072,0.063890,0.018467,-0.007808,-0.747796
2448,-0.018074,-0.248494,-0.068574,-0.019266,0.006743,0.747795
2449,0.012941,0.251069,0.063847,0.018466,-0.007810,-0.747796
2450,-0.018080,-0.248495,-0.068620,-0.019266,0.006740,0.747795
2451,0.012923,0.251062,0.063804,0.018469,-0.007813,-0.747796
2452,-0.018071,-0.248488,-0.068662,-0.019266,0.006743,0.747795
2453,0.012927,0.251067,0.063766,0.018466,-0.007810,-0.747796
2454,-0.018068,-0.248487,-0.068705,-0.019267,0.006743,0.747795
2455,0.012903,0.251055,0.063722,0.018468,-0.007814,-0.747796
2456,-0.018077,-0.248496,-0.068749,-0.019265,0.006741,0.747795
2457,0.012897,0.251055,0.063682,0.018468,-0.007814,-0.747796
2458,-0.018087,-0.248497,-0.068794,-0.019264,0.006738,0.747795
2459,0.012892,0.251049,0.063644,0.018468,-0.007813,-0.747796
2460,-0.018092,-0.248497,-0.068837,-0.019263,0.006737,0.747795
2461,0.012881,0.251047,0.063605,0.018468,-0.007815,-0.747796
2462,-0.018086,-0.248495,-0.068876,-0.019264,0.006738,0.747794
2463,0.012855,0.251043,0.063563,0.018468,-0.007819,-0.747796
2464,-0.018086,-0.248492,-0.068917,-0.019264,0.006739,0.747795
2465,0.012859,0.251040,0.063528,0.018469,-0.007816,-0.747796
2466,-0.018109,-0.248490,-0.068961,-0.019263,0.006733,0.747794
2467,0.012842,0.251033,0.063490,0.018469,-0.007819,-0.747796
2468,-0.018122,-0.248498,-0.069003,-0.019262,0.006729,0.747794
2469,0.012826,0.251029,0.063452,0.018470,-0.007821,-0.747796
2470,-0.018117,-0.248503,-0.069041,-0.019261,0.006731,0.747795
2471,0.012807,0.251023,0.063414,0.018471,-0.007824,-0.747796
2472,-0.018133,-0.248499,-0.069082,-0.019261,0.006727,0.747794
2473,0.012790,0.251018,0.063377,0.018471,-0.007826,-0.747796
2474,-0.018141,-0.248506,-0.069121,-0.019260,0.006725,0.747794
2475,0.012777,0.251010,0.063341,0.018471,-0.007828,-0.747796
2476,-0.018135,-0.248505,-0.069157,-0.019260,0.006727,0.747795
2477,0.012782,0.251018,0.063310,0.018469,-0.007825,-0.747796
2478,-0.018132,-0.248498,-0.069192,-0.019260,0.006728,0.747794
2479,0.012770,0.251009,0.063275,0.018471,-0.007826,-0.747796
2480,-0.018132,-0.248502,-0.069227,-0.019260,0.006729,0.747794
2481,0.012768,0.251013,0.063244,0.018470,-0.007824,-0.747796
2482,-0.018138,-0.248500,-0.069263,-0.019260,0.006727,0.747795
2483,0.012744,0.250997,0.063208,0.018473,-0.007828,-0.747796
2484,-0.018150,-0.248509,-0.069300,-0.019258,0.006725,0.747794
2485,0.012745,0.251005,0.063179,0.018470,-0.007826,-0.747796
2486,-0.018148,-0.248506,-0.069333,-0.019259,0.006726,0.747795
2487,0.012733,0.250992,0.063147,0.018472,-0.007827,-0.747796
2488,-0.018147,-0.248505,-0.069366,-0.019259,0.006726,0.747794
2489,0.012714,0.250989,0.063114,0.018472,-0.007830,-0.747796
2490,-0.018165,-0.248508,-0.069402,-0.019257,0.006722,0.747794
2491,0.012707,0.250992,0.063084,0.018472,-0.007830,-0.747796
2492,-0.018155,-0.248506,-0.069431,-0.019258,0.006725,0.747794
2493,0.012696,0.250986,0.063054,0.018472,-0.007831,-0.747796
2494,-0.018178,-0.248506,-0.069467,-0.019258,0.006719,0.747794
2495,0.012684,0.250978,0.063025,0.018473,-0.007833,-0.747796
2496,-0.018179,-0.248511,-0.069498,-0.019257,0.006719,0.747795
2497,0.012673,0.250980,0.062996,0.018473,-0.007833,-0.747796
2498,-0.018197,-0.248513,-0.069531,-0.019255,0.006715,0.747794
2499,0.012664,0.250973,0.062968,0.018473,-0.007834,-0.747796
2500,-0.018184,-0.248514,-0.069557,-0.019256,0.006719,0.747795
2501,0.012656,0.250971,0.062941,0.018473,-0.007834,-0.747797
2502,-0.018188,-0.248510,-0.069586,-0.019257,0.006718,0.747794
2503,0.012647,0.250964,0.062915,0.018474,-0.007835,-0.747796
2504,-0.018207,-0.248521,-0.069618,-0.019255,0.006714,0.747794
2505,0.012633,0.250957,0.062887,0.018474,-0.007837,-0.747796
2506,-0.018201,-0.248526,-0.069644,-0.019253,0.006716,0.747794
2507,0.012624,0.250957,0.062862,0.018474,-0.007837,-0.747796
2508,-0.018206,-0.248525,-0.069672,-0.019253,0.006715,0.747794
2509,0.012607,0.250953,0.062835,0.018474,-0.007840,-0.747796
2510,-0.018212,-0.248526,-0.069699,-0.019253,0.006713,0.747794
2511,0.012613,0.250953,0.062814,0.018473,-0.007837,-0.747796
2512,-0.018216,-0.248526,-0.069725,-0.019252,0.006713,0.747794
2513,0.012595,0.250948,0.062789,0.018474,-0.007840,-0.747796
2514,-0.018236,-0.248533,-0.069754,-0.019250,0.006708,0.747794
2515,0.012592,0.250948,0.062766,0.018475,-0.007840,-0.747796
2516,-0.018250,-0.248532,-0.069781,-0.019251,0.006704,0.747794
2517,0.012567,0.250939,0.062741,0.018476,-0.007844,-0.747796
2518,-0.018246,-0.248539,-0.069803,-0.019250,0.006706,0.747794
2519,0.012555,0.250936,0.062718,0.018477,-0.007846,-0.747796
2520,-0.042526,-0.157244,0.203071,-0.005766,-0.009181,0.764003
2521,-0.025510,0.207235,0.119541,0.024327,-0.009267,-0.751664
2522,-0.023495,-0.265802,-0.071475,-0.014047,0.005496,0.746648
2523,0.008245,0.232399,0.061242,0.023697,-0.008695,-0.747909
2524,-0.022892,-0.266373,-0.071488,-0.014267,0.005622,0.747685
2525,0.008200,0.233505,0.061322,0.023332,-0.008759,-0.747899
2526,-0.022488,-0.264766,-0.071328,-0.014772,0.005733,0.747699
2527,0.008367,0.235519,0.061479,0.022698,-0.008772,-0.747881
2528,-0.021955,-0.262458,-0.071094,-0.015479,0.005870,0.747717
2529,0.008740,0.238102,0.061697,0.021905,-0.008728,-0.747861
2530,-0.021337,-0.259746,-0.070813,-0.016300,0.006022,0.747738
2531,0.009268,0.240948,0.061953,0.021045,-0.008637,-0.747840
2532,-0.020661,-0.256912,-0.070507,-0.017144,0.006188,0.747758
2533,0.009867,0.243802,0.062220,0.020197,-0.008516,-0.747820
2534,-0.019979,-0.254194,-0.070198,-0.017943,0.006356,0.747778
2535,0.010541,0.246469,0.062490,0.019418,-0.008365,-0.747802
2536,-0.019349,-0.251746,-0.069911,-0.018650,0.006513,0.747794
2537,0.011193,0.248793,0.062738,0.018751,-0.008207,-0.747788
2538,-0.018752,-0.249694,-0.069649,-0.019233,0.006664,0.747808
2539,0.011813,0.250696,0.062959,0.018218,-0.008048,-0.747777
2540,-0.018260,-0.248079,-0.069430,-0.019679,0.006790,0.747817
2541,0.012352,0.252109,0.063141,0.017839,-0.007901,-0.747770
2542,-0.017875,-0.246904,-0.069258,-0.019990,0.006890,0.747823
2543,0.012772,0.253068,0.063279,0.017594,-0.007778,-0.747765
2544,-0.017621,-0.246202,-0.069138,-0.020162,0.006960,0.747826
2545,0.013071,0.253619,0.063373,0.017473,-0.007684,-0.747765
2546,-0.017476,-0.245855,-0.069062,-0.020228,0.007002,0.747826
2547,0.013252,0.253807,0.063429,0.017459,-0.007617,-0.747766
2548,-0.017463,-0.245824,-0.069032,-0.020204,0.007011,0.747824
2549,0.013314,0.253706,0.063448,0.017526,-0.007581,-0.747770
2550,-0.017551,-0.246053,-0.069039,-0.020107,0.006994,0.747820
2551,0.013263,0.253374,0.063435,0.017655,-0.007577,-0.747774
2552,-0.017681,-0.246443,-0.069065,-0.019968,0.006967,0.747815
2553,0.013121,0.252906,0.063398,0.017821,-0.007598,-0.747779
2554,-0.017915,-0.246930,-0.069121,-0.019803,0.006911,0.747810
2555,0.012931,0.252370,0.063350,0.018000,-0.007635,-0.747784
2556,-0.018160,-0.247481,-0.069184,-0.019627,0.006851,0.747806
2557,0.012683,0.251810,0.063289,0.018182,-0.007691,-0.747790
2558,-0.018444,-0.247999,-0.069254,-0.019463,0.006780,0.747801
2559,0.012412,0.251291,0.063225,0.018346,-0.007756,-0.747794
2560,-0.018691,-0.248465,-0.069315,-0.019319,0.006718,0.747797
2561,0.012147,0.250850,0.063168,0.018484,-0.007822,-0.747798
2562,-0.018973,-0.248858,-0.069380,-0.019200,0.006645,0.747794
2563,0.011889,0.250481,0.063115,0.018596,-0.007890,-0.747801
2564,-0.019205,-0.249178,-0.069431,-0.019104,0.006585,0.747791
2565,0.011673,0.250217,0.063076,0.018675,-0.007950,-0.747802
2566,-0.019375,-0.249383,-0.069462,-0.019045,0.006539,0.747790
2567,0.011484,0.250034,0.063045,0.018728,-0.008003,-0.747804
2568,-0.019512,-0.249517,-0.069484,-0.019006,0.006501,0.747789
2569,0.011357,0.249949,0.063032,0.018751,-0.008043,-0.747805
2570,-0.019605,-0.249558,-0.069490,-0.018997,0.006474,0.747789
2571,0.011275,0.249935,0.063031,0.018752,-0.008071,-0.747805
2572,-0.019640,-0.249533,-0.069481,-0.019005,0.006462,0.747789
2573,0.011240,0.249994,0.063043,0.018733,-0.008086,-0.747804
2574,-0.019642,-0.249466,-0.069463,-0.019024,0.006458,0.747790
2575,0.011240,0.250078,0.063062,0.018707,-0.008094,-0.747803
2576,-0.019618,-0.249361,-0.069435,-0.019055,0.006461,0.747790
2577,0.011299,0.250222,0.063097,0.018666,-0.008085,-0.747802
2578,-0.019543,-0.249222,-0.069395,-0.019097,0.006477,0.747791
2579,0.011373,0.250354,0.063134,0.018625,-0.008072,-0.747801
2580,-0.019441,-0.249100,-0.069351,-0.019131,0.006500,0.747792
2581,0.011488,0.250511,0.063180,0.018581,-0.008047,-0.747800
2582,-0.019336,-0.248952,-0.069303,-0.019173,0.006524,0.747793
2583,0.011600,0.250644,0.063225,0.018543,-0.008023,-0.747799
2584,-0.019213,-0.248830,-0.069253,-0.019206,0.006553,0.747794
2585,0.011724,0.250777,0.063273,0.018507,-0.007995,-0.747799
2586,-0.019093,-0.248716,-0.069203,-0.019238,0.006580,0.747795
2587,0.011837,0.250880,0.063317,0.018478,-0.007970,-0.747798
2588,-0.018980,-0.248627,-0.069154,-0.019261,0.006607,0.747796
2589,0.011963,0.250960,0.063363,0.018458,-0.007941,-0.747797
2590,-0.018872,-0.248558,-0.069109,-0.019278,0.006632,0.747796
2591,0.012067,0.251022,0.063406,0.018442,-0.007916,-0.747797
2592,-0.018782,-0.248522,-0.069068,-0.019285,0.006652,0.747796
2593,0.012176,0.251062,0.063447,0.018435,-0.007891,-0.747797
2594,-0.018699,-0.248491,-0.069028,-0.019292,0.006671,0.747796
2595,0.012236,0.251083,0.063479,0.018432,-0.007880,-0.747797
2596,-0.018631,-0.248466,-0.068991,-0.019299,0.006685,0.747796
2597,0.012297,0.251095,0.063511,0.018432,-0.007867,-0.747797
2598,-0.018598,-0.248476,-0.068963,-0.019294,0.006690,0.747796
2599,0.012326,0.251083,0.063536,0.018438,-0.007863,-0.747797
2600,-0.018573,-0.248497,-0.068936,-0.019285,0.006694,0.747796
2601,0.012382,0.251058,0.063567,0.018447,-0.007852,-0.747797
2602,-0.018548,-0.248509,-0.068908,-0.019280,0.006697,0.747796
2603,0.012396,0.251046,0.063590,0.018454,-0.007852,-0.747797
2604,-0.018536,-0.248539,-0.068884,-0.019271,0.006697,0.747796
2605,0.012403,0.251019,0.063611,0.018464,-0.007855,-0.747797
2606,-0.018531,-0.248553,-0.068860,-0.019265,0.006694,0.747795
2607,0.012417,0.251001,0.063635,0.018470,-0.007856,-0.747798
2608,-0.018529,-0.248567,-0.068835,-0.019260,0.006691,0.747795
2609,0.012418,0.250982,0.063657,0.018477,-0.007860,-0.747798
2610,-0.018528,-0.248580,-0.068810,-0.019255,0.006688,0.747795
2611,0.012424,0.250972,0.063681,0.018482,-0.007863,-0.747798
2612,-0.018527,-0.248591,-0.068784,-0.019252,0.006685,0.747795
2613,0.012417,0.250964,0.063703,0.018484,-0.007870,-0.747798
2614,-0.018524,-0.248599,-0.068757,-0.019248,0.006682,0.747795
2615,0.012433,0.250952,0.063729,0.018490,-0.007870,-0.747798
2616,-0.018521,-0.248608,-0.068729,-0.019247,0.006680,0.747795
2617,0.012448,0.250956,0.063758,0.018489,-0.007871,-0.747798
2618,-0.018521,-0.248605,-0.068702,-0.019246,0.006676,0.747795
2619,0.012469,0.250957,0.063787,0.018489,-0.007870,-0.747798
2620,-0.018500,-0.248609,-0.068669,-0.019246,0.006678,0.747795
2621,0.012466,0.250954,0.063812,0.018491,-0.007875,-0.747798
2622,-0.018488,-0.248608,-0.068637,-0.019245,0.006679,0.747795
2623,0.012492,0.250972,0.063844,0.018488,-0.007873,-0.747798
2624,-0.018464,-0.248592,-0.068602,-0.019249,0.006682,0.747795
2625,0.012512,0.250974,0.063875,0.018488,-0.007873,-0.747798
2626,-0.018461,-0.248581,-0.068570,-0.019252,0.006680,0.747795
2627,0.012536,0.250991,0.063907,0.018484,-0.007871,-0.747798
2628,-0.018421,-0.248575,-0.068530,-0.019254,0.006687,0.747795
2629,0.012576,0.251002,0.063944,0.018482,-0.007864,-0.747798
2630,-0.018400,-0.248563,-0.068494,-0.019255,0.006690,0.747795
2631,0.012610,0.251017,0.063980,0.018479,-0.007859,-0.747798
2632,-0.018372,-0.248555,-0.068455,-0.019258,0.006695,0.747795
2633,0.012629,0.251017,0.064013,0.018478,-0.007859,-0.747797
2634,-0.018343,-0.248549,-0.068415,-0.019260,0.006700,0.747795
2635,0.012672,0.251032,0.064052,0.018475,-0.007851,-0.747797
2636,-0.018298,-0.248535,-0.068372,-0.019262,0.006710,0.747795
2637,0.012718,0.251047,0.064093,0.018473,-0.007842,-0.747797
2638,-0.018267,-0.248529,-0.068330,-0.019263,0.006716,0.747795
2639,0.012765,0.251064,0.064134,0.018470,-0.007833,-0.747797
2640,-0.018243,-0.248516,-0.068290,-0.019266,0.006721,0.747795
2641,0.012787,0.251069,0.064171,0.018468,-0.007831,-0.747797
2642,-0.018220,-0.248519,-0.068250,-0.019265,0.006725,0.747795
2643,0.012829,0.251084,0.064212,0.018465,-0.007823,-0.747797
2644,-0.018191,-0.248505,-0.068207,-0.019269,0.006731,0.747795
2645,0.012847,0.251082,0.064247,0.018467,-0.007822,-0.747796
2646,-0.018177,-0.248501,-0.068166,-0.019269,0.006733,0.747795
2647,0.012867,0.251093,0.064286,0.018466,-0.007819,-0.747797
2648,-0.018155,-0.248499,-0.068124,-0.019271,0.006737,0.747795
2649,0.012872,0.251092,0.064321,0.018466,-0.007821,-0.747796
2650,-0.018152,-0.248502,-0.068085,-0.019270,0.006737,0.747795
2651,0.012896,0.251094,0.064360,0.018467,-0.007818,-0.747796
2652,-0.018142,-0.248497,-0.068044,-0.019271,0.006738,0.747795
2653,0.012918,0.251105,0.064400,0.018464,-0.007815,-0.747796
2654,-0.018119,-0.248495,-0.068000,-0.019273,0.006743,0.747795
2655,0.012918,0.251096,0.064435,0.018466,-0.007818,-0.747797
2656,-0.018127,-0.248493,-0.067961,-0.019272,0.006740,0.747795
2657,0.012945,0.251110,0.064478,0.018465,-0.007813,-0.747796
2658,-0.018123,-0.248494,-0.067919,-0.019273,0.006741,0.747795
2659,0.012957,0.251111,0.064517,0.018464,-0.007812,-0.747796
2660,-0.018117,-0.248496,-0.067877,-0.019272,0.006742,0.747795
2661,0.012948,0.251106,0.064552,0.018467,-0.007817,-0.747797
2662,-0.018133,-0.248498,-0.067839,-0.019271,0.006737,0.747795
2663,0.012952,0.251104,0.064590,0.018466,-0.007818,-0.747797
2664,-0.018121,-0.248497,-0.067794,-0.019272,0.006739,0.747795
2665,0.012955,0.251106,0.064629,0.018468,-0.007819,-0.747797
2666,-0.018114,-0.248501,-0.067750,-0.019271,0.006741,0.747795
2667,0.012967,0.251114,0.064670,0.018467,-0.007818,-0.747797
2668,-0.018116,-0.248499,-0.067707,-0.019272,0.006741,0.747795
2669,0.012990,0.251123,0.064715,0.018466,-0.007814,-0.747796
2670,-0.018111,-0.248493,-0.067661,-0.019273,0.006742,0.747795
2671,0.013000,0.251125,0.064757,0.018465,-0.007812,-0.747797
2672,-0.018107,-0.248509,-0.067617,-0.019269,0.006744,0.747795
2673,0.012995,0.251127,0.064796,0.018465,-0.007816,-0.747796
2674,-0.018102,-0.248505,-0.067571,-0.019271,0.006745,0.747795
2675,0.013015,0.251132,0.064841,0.018464,-0.007812,-0.747796
2676,-0.018093,-0.248504,-0.067523,-0.019270,0.006748,0.747795
2677,0.013032,0.251134,0.064885,0.018463,-0.007809,-0.747796
2678,-0.018085,-0.248503,-0.067476,-0.019272,0.006751,0.747795
2679,0.013042,0.251144,0.064929,0.018462,-0.007808,-0.747797
2680,-0.018086,-0.248502,-0.067429,-0.019273,0.006751,0.747795
2681,0.013048,0.251137,0.064972,0.018463,-0.007807,-0.747797
2682,-0.018085,-0.248507,-0.067383,-0.019273,0.006752,0.747795
2683,0.013041,0.251138,0.065013,0.018464,-0.007810,-0.747797
2684,-0.018090,-0.248508,-0.067337,-0.019273,0.006751,0.747795
2685,0.013032,0.251133,0.065054,0.018466,-0.007814,-0.747796
2686,-0.018102,-0.248511,-0.067292,-0.019272,0.006749,0.747795
2687,0.013049,0.251137,0.065100,0.018465,-0.007811,-0.747797
2688,-0.018119,-0.248511,-0.067248,-0.019272,0.006745,0.747795
2689,0.013051,0.251138,0.065144,0.018464,-0.007811,-0.747796
2690,-0.018108,-0.248515,-0.067197,-0.019273,0.006749,0.747795
2691,0.013061,0.251140,0.065190,0.018465,-0.007809,-0.747797
2692,-0.018116,-0.248520,-0.067150,-0.019273,0.006748,0.747795
2693,0.013052,0.251143,0.065232,0.018464,-0.007812,-0.747797
2694,-0.018109,-0.248527,-0.067100,-0.019270,0.006752,0.747795
