Step,Fx(N),Fy(N),Fz(N),Tx(Nm),Ty(Nm),Tz(Nm)
1,0.000000,-0.000000,0.000000,0.000000,-0.000000,0.000000
2,-0.872171,-0.777677,1.805609,0.083696,-0.184028,-0.000009
3,-0.873218,-0.783907,1.773936,0.091491,-0.186637,-0.000401
4,-0.875823,-0.792616,1.739991,0.100366,-0.189921,-0.000818
5,-0.879925,-0.803660,1.703923,0.110255,-0.193853,-0.001256
6,-0.885448,-0.816891,1.665897,0.121084,-0.198395,-0.001694
7,-0.892335,-0.832160,1.626027,0.132783,-0.203523,-0.002145
8,-0.900519,-0.849303,1.584469,0.145275,-0.209205,-0.002592
9,-0.909917,-0.868173,1.541371,0.158491,-0.215405,-0.003043
10,-0.920475,-0.888598,1.496870,0.172351,-0.222098,-0.003481
11,-0.932103,-0.910433,1.451113,0.186787,-0.229243,-0.003913
12,-0.944735,-0.933499,1.404238,0.201715,-0.236811,-0.004340
13,-0.958288,-0.957643,1.356405,0.217066,-0.244766,-0.004747
14,-0.972693,-0.982702,1.307746,0.232763,-0.253076,-0.005146
15,-0.987862,-1.008523,1.258424,0.248738,-0.261703,-0.005533
16,-1.003731,-1.034944,1.208573,0.264915,-0.270617,-0.005908
17,-1.020198,-1.061809,1.158357,0.281223,-0.279775,-0.006261
18,-1.037201,-1.088960,1.107913,0.297588,-0.289147,-0.006610
19,-1.054659,-1.116259,1.057388,0.313947,-0.298700,-0.006947
20,-1.072487,-1.143557,1.006940,0.330231,-0.308393,-0.007266
21,-1.090617,-1.170715,0.956693,0.346376,-0.318199,-0.007582
22,-1.108969,-1.197600,0.906800,0.362319,-0.328080,-0.007881
23,-1.127452,-1.224065,0.857409,0.377992,-0.337996,-0.008175
24,-1.146024,-1.250010,0.808622,0.393347,-0.347929,-0.008458
25,-1.164581,-1.275306,0.760609,0.408323,-0.357832,-0.008733
26,-1.183064,-1.299828,0.713468,0.422862,-0.367679,-0.008997
27,-1.201388,-1.323490,0.667339,0.436920,-0.377433,-0.009255
28,-1.219493,-1.346184,0.622330,0.450446,-0.387065,-0.009507
29,-1.237299,-1.367816,0.578560,0.463396,-0.396540,-0.009750
30,-1.254752,-1.388296,0.536108,0.475723,-0.405835,-0.009988
31,-1.271787,-1.407544,0.495077,0.487390,-0.414920,-0.010214
32,-1.288322,-1.425498,0.455566,0.498364,-0.423760,-0.010429
33,-1.304306,-1.442082,0.417646,0.508609,-0.432330,-0.010637
34,-1.319676,-1.457242,0.381390,0.518098,-0.440604,-0.010838
35,-1.334367,-1.470915,0.346870,0.526798,-0.448553,-0.011029
36,-1.348342,-1.483065,0.314123,0.534692,-0.456161,-0.011210
37,-1.361523,-1.493648,0.283216,0.541759,-0.463393,-0.011381
38,-1.373870,-1.502628,0.254184,0.547980,-0.470233,-0.011536
39,-1.385322,-1.509982,0.227068,0.553344,-0.476654,-0.011680
40,-1.395846,-1.515688,0.201873,0.557842,-0.482642,-0.011813
41,-1.405383,-1.519727,0.178641,0.561464,-0.488172,-0.011928
42,-1.413898,-1.522089,0.157371,0.564208,-0.493231,-0.012026
43,-1.421355,-1.522771,0.138056,0.566074,-0.497804,-0.012112
44,-1.427699,-1.521780,0.120721,0.567068,-0.501867,-0.012180
45,-1.432915,-1.519103,0.105332,0.567185,-0.505418,-0.012234
46,-1.436960,-1.514769,0.091894,0.566445,-0.508436,-0.012267
47,-1.439809,-1.508781,0.080374,0.564852,-0.510917,-0.012281
48,-1.441440,-1.501161,0.070752,0.562421,-0.512850,-0.012278
49,-1.441811,-1.491923,0.063013,0.559164,-0.514221,-0.012254
50,-1.440926,-1.481117,0.057103,0.555111,-0.515032,-0.012207
51,-1.438770,-1.468751,0.052981,0.550271,-0.515283,-0.012150
52,-1.435296,-1.454866,0.050636,0.544671,-0.514953,-0.012073
53,-1.430530,-1.439499,0.049989,0.538335,-0.514058,-0.011972
54,-1.424439,-1.422691,0.051013,0.531291,-0.512587,-0.011858
55,-1.417031,-1.404484,0.053651,0.523563,-0.510545,-0.011723
56,-1.408304,-1.384923,0.057840,0.515183,-0.507935,-0.011573
57,-1.398262,-1.364056,0.063524,0.506181,-0.504764,-0.011404
58,-1.386887,-1.341941,0.070657,0.496592,-0.501024,-0.011221
59,-1.374201,-1.318635,0.079162,0.486452,-0.496731,-0.011016
60,-1.360220,-1.294177,0.088977,0.475785,-0.491894,-0.010802
61,-1.344941,-1.268621,0.100048,0.464627,-0.486513,-0.010573
62,-1.328395,-1.242037,0.112287,0.453016,-0.480605,-0.010332
63,-1.310605,-1.214481,0.125624,0.440988,-0.474185,-0.010076
64,-1.291573,-1.186009,0.140003,0.428576,-0.467254,-0.009811
65,-1.271316,-1.156675,0.155351,0.415812,-0.459823,-0.009533
66,-1.249873,-1.126559,0.171584,0.402741,-0.451911,-0.009248
67,-1.227281,-1.095713,0.188627,0.389392,-0.443537,-0.008950
68,-1.203533,-1.064195,0.206427,0.375800,-0.434697,-0.008648
69,-1.178691,-1.032066,0.224888,0.361998,-0.425422,-0.008337
70,-1.152782,-0.999402,0.243935,0.348026,-0.415724,-0.008019
71,-1.125840,-0.966249,0.263499,0.333912,-0.405619,-0.007698
72,-1.097898,-0.932678,0.283505,0.319691,-0.395123,-0.007373
73,-1.069007,-0.898740,0.303869,0.305390,-0.384258,-0.007044
74,-1.039198,-0.864507,0.324526,0.291048,-0.373039,-0.006713
75,-1.008520,-0.830025,0.345399,0.276687,-0.361485,-0.006385
76,-0.977011,-0.795360,0.366421,0.262338,-0.349614,-0.006049
77,-0.944715,-0.760575,0.387519,0.248036,-0.337444,-0.005718
78,-0.911684,-0.725717,0.408620,0.233800,-0.324998,-0.005387
79,-0.877964,-0.690835,0.429664,0.219655,-0.312295,-0.005053
80,-0.843612,-0.655990,0.450579,0.205627,-0.299358,-0.004730
81,-0.808662,-0.621224,0.471316,0.191738,-0.286200,-0.004396
82,-0.773174,-0.586596,0.491801,0.178012,-0.272847,-0.004079
83,-0.737205,-0.552140,0.511976,0.164463,-0.259324,-0.003757
84,-0.700788,-0.517909,0.531806,0.151115,-0.245639,-0.003437
85,-0.663994,-0.483940,0.551223,0.137982,-0.231825,-0.003127
86,-0.626871,-0.450286,0.570180,0.125086,-0.217900,-0.002815
87,-0.589478,-0.416969,0.588625,0.112434,-0.203887,-0.002518
88,-0.551847,-0.384036,0.606532,0.100044,-0.189799,-0.002220
89,-0.514048,-0.351511,0.623854,0.087924,-0.175663,-0.001925
90,-0.476142,-0.319439,0.640543,0.076091,-0.161505,-0.001644
91,-0.438154,-0.287830,0.656590,0.064545,-0.147333,-0.001361
92,-0.400169,-0.256726,0.671937,0.053301,-0.133183,-0.001090
93,-0.362210,-0.226151,0.686581,0.042367,-0.119061,-0.000822
94,-0.324342,-0.196117,0.700490,0.031742,-0.104994,-0.000562
95,-0.286622,-0.166649,0.713637,0.021433,-0.091005,-0.000312
96,-0.249096,-0.137767,0.726004,0.011445,-0.077112,-0.000076
97,-0.211815,-0.109483,0.737583,0.001779,-0.063335,0.000165
98,-0.174815,-0.081814,0.748364,-0.007563,-0.049687,0.000392
99,-0.138152,-0.054769,0.758331,-0.016581,-0.036193,0.000610
100,-0.101869,-0.028347,0.767489,-0.025281,-0.022868,0.000825
101,-0.066006,-0.002574,0.775828,-0.033657,-0.009727,0.001031
102,-0.030608,0.022560,0.783349,-0.041716,0.003211,0.001230
103,0.004280,0.047058,0.790054,-0.049466,0.015928,0.001420
104,0.038621,0.070908,0.795943,-0.056906,0.028409,0.001597
105,0.072385,0.094113,0.801030,-0.064041,0.040644,0.001774
106,0.105518,0.116669,0.805315,-0.070875,0.052609,0.001944
107,0.138004,0.138601,0.808820,-0.077423,0.064300,0.002099
108,0.169799,0.159895,0.811547,-0.083684,0.075698,0.002251
109,0.200880,0.180560,0.813514,-0.089665,0.086795,0.002392
110,0.231225,0.200618,0.814743,-0.095381,0.097581,0.002534
111,0.260794,0.220075,0.815243,-0.100838,0.108041,0.002662
112,0.289576,0.238930,0.815038,-0.106040,0.118171,0.002786
113,0.317540,0.257197,0.814146,-0.110995,0.127958,0.002905
114,0.344659,0.274900,0.812584,-0.115720,0.137391,0.003013
115,0.370935,0.292051,0.810387,-0.120223,0.146472,0.003115
116,0.396349,0.308652,0.807575,-0.124506,0.155195,0.003212
117,0.420865,0.324732,0.804160,-0.128587,0.163543,0.003303
118,0.444502,0.340309,0.800186,-0.132477,0.171524,0.003384
119,0.467237,0.355386,0.795667,-0.136178,0.179132,0.003465
120,0.489072,0.369992,0.790640,-0.139709,0.186366,0.003541
121,0.509999,0.384142,0.785123,-0.143074,0.193223,0.003608
122,0.530020,0.397846,0.779157,-0.146285,0.199706,0.003677
123,0.549115,0.411129,0.772747,-0.149352,0.205805,0.003735
124,0.567316,0.424002,0.765946,-0.152283,0.211537,0.003794
125,0.584604,0.436493,0.758765,-0.155091,0.216892,0.003842
126,0.600981,0.448613,0.751236,-0.157785,0.221871,0.003891
127,0.616482,0.460376,0.743396,-0.160369,0.226493,0.003937
128,0.631093,0.471807,0.735263,-0.162858,0.230748,0.003982
129,0.644852,0.482927,0.726880,-0.165263,0.234656,0.004017
130,0.657750,0.493734,0.718260,-0.167581,0.238214,0.004056
131,0.669809,0.504259,0.709436,-0.169830,0.241429,0.004088
132,0.681040,0.514517,0.700431,-0.172015,0.244309,0.004122
133,0.691476,0.524531,0.691286,-0.174150,0.246868,0.004154
134,0.701125,0.534294,0.682009,-0.176228,0.249109,0.004179
135,0.710014,0.543838,0.672634,-0.178266,0.251046,0.004208
136,0.718164,0.553178,0.663188,-0.180270,0.252687,0.004238
137,0.725599,0.562324,0.653694,-0.182245,0.254044,0.004261
138,0.732339,0.571284,0.644168,-0.184194,0.255124,0.004284
139,0.738414,0.580077,0.634641,-0.186125,0.255944,0.004304
140,0.743865,0.588715,0.625140,-0.188044,0.256520,0.004331
141,0.748700,0.597208,0.615673,-0.189954,0.256856,0.004349
142,0.752950,0.605571,0.606267,-0.191861,0.256966,0.004372
143,0.756649,0.613812,0.596940,-0.193768,0.256866,0.004396
144,0.759823,0.621931,0.587709,-0.195676,0.256568,0.004418
145,0.762510,0.629956,0.578595,-0.197594,0.256087,0.004443
146,0.764740,0.637889,0.569616,-0.199522,0.255438,0.004463
147,0.766541,0.645728,0.560786,-0.201460,0.254633,0.004490
148,0.767935,0.653490,0.552112,-0.203412,0.253683,0.004511
149,0.768964,0.661185,0.543618,-0.205384,0.252606,0.004539
150,0.769652,0.668806,0.535308,-0.207369,0.251412,0.004562
151,0.770041,0.676355,0.527198,-0.209368,0.250120,0.004591
152,0.770149,0.683865,0.519298,-0.211394,0.248739,0.004619
153,0.770013,0.691328,0.511619,-0.213442,0.247285,0.004652
154,0.769675,0.698742,0.504172,-0.215509,0.245776,0.004686
155,0.769148,0.706103,0.496956,-0.217593,0.244218,0.004719
156,0.768459,0.713427,0.489978,-0.219698,0.242623,0.004751
157,0.767654,0.720712,0.483254,-0.221822,0.241012,0.004786
158,0.766752,0.727971,0.476784,-0.223970,0.239393,0.004819
159,0.765775,0.735193,0.470568,-0.226136,0.237774,0.004860
160,0.764746,0.742376,0.464607,-0.228317,0.236168,0.004902
161,0.763713,0.749533,0.458912,-0.230515,0.234593,0.004939
162,0.762673,0.756659,0.453476,-0.232731,0.233050,0.004984
163,0.761681,0.763756,0.448310,-0.234961,0.231562,0.005029
164,0.760733,0.770817,0.443400,-0.237201,0.230127,0.005077
165,0.759864,0.777846,0.438753,-0.239452,0.228760,0.005125
166,0.759080,0.784838,0.434362,-0.241710,0.227465,0.005171
167,0.758427,0.791807,0.430232,-0.243980,0.226259,0.005219
168,0.757899,0.798741,0.426357,-0.246256,0.225142,0.005274
169,0.757535,0.805637,0.422733,-0.248536,0.224129,0.005327
170,0.757340,0.812490,0.419354,-0.250815,0.223222,0.005379
171,0.757331,0.819304,0.416222,-0.253095,0.222429,0.005430
172,0.757501,0.826074,0.413315,-0.255373,0.221746,0.005480
173,0.757882,0.832803,0.410641,-0.257649,0.221186,0.005534
174,0.758494,0.839478,0.408194,-0.259915,0.220759,0.005586
175,0.759332,0.846102,0.405965,-0.262176,0.220461,0.005645
176,0.760411,0.852666,0.403945,-0.264421,0.220299,0.005701
177,0.761721,0.859182,0.402124,-0.266661,0.220267,0.005757
178,0.763302,0.865627,0.400504,-0.268881,0.220382,0.005818
179,0.765132,0.872009,0.399070,-0.271086,0.220635,0.005871
180,0.767211,0.878325,0.397813,-0.273275,0.221025,0.005933
181,0.769571,0.884571,0.396734,-0.275445,0.221566,0.005988
182,0.772166,0.890736,0.395809,-0.277590,0.222235,0.006050
183,0.775040,0.896820,0.395043,-0.279711,0.223053,0.006102
184,0.778165,0.902824,0.394423,-0.281809,0.224006,0.006160
185,0.781560,0.908736,0.393943,-0.283877,0.225102,0.006217
186,0.785186,0.914550,0.393584,-0.285914,0.226324,0.006272
187,0.789069,0.920278,0.393352,-0.287925,0.227682,0.006326
188,0.793180,0.925901,0.393226,-0.289901,0.229163,0.006384
189,0.797534,0.931418,0.393205,-0.291842,0.230772,0.006434
190,0.802112,0.936825,0.393278,-0.293748,0.232501,0.006490
191,0.806912,0.942124,0.393440,-0.295618,0.234348,0.006543
192,0.811918,0.947294,0.393679,-0.297444,0.236307,0.006596
193,0.817101,0.952359,0.393987,-0.299238,0.238362,0.006646
194,0.822482,0.957282,0.394357,-0.300982,0.240523,0.006699
195,0.828027,0.962086,0.394783,-0.302689,0.242775,0.006746
196,0.833722,0.966748,0.395252,-0.304347,0.245111,0.006795
197,0.839561,0.971280,0.395763,-0.305964,0.247527,0.006841
198,0.845532,0.975660,0.396305,-0.307528,0.250017,0.006882
199,0.851624,0.979901,0.396879,-0.309049,0.252578,0.006926
200,0.857804,0.983988,0.397469,-0.310518,0.255192,0.006970
201,0.864048,0.987921,0.398069,-0.311937,0.257850,0.007014
202,0.870371,0.991693,0.398674,-0.313301,0.260557,0.007049
203,0.876751,0.995317,0.399290,-0.314620,0.263304,0.007084
204,0.883155,0.998753,0.399895,-0.315872,0.266074,0.007121
205,0.889569,1.002032,0.400493,-0.317076,0.268863,0.007153
206,0.895978,1.005138,0.401076,-0.318224,0.271662,0.007186
207,0.902367,1.008062,0.401640,-0.319312,0.274465,0.007220
208,0.908721,1.010808,0.402182,-0.320342,0.277265,0.007247
209,0.915017,1.013373,0.402700,-0.321313,0.280052,0.007270
210,0.921237,1.015748,0.403182,-0.322221,0.282816,0.007297
211,0.927380,1.017940,0.403638,-0.323072,0.285559,0.007321
212,0.933395,1.019928,0.404049,-0.323855,0.288256,0.007345
213,0.939305,1.021729,0.404429,-0.324578,0.290918,0.007365
214,0.945061,1.023320,0.404761,-0.325230,0.293523,0.007379
215,0.950653,1.024711,0.405048,-0.325818,0.296067,0.007394
216,0.956075,1.025895,0.405292,-0.326339,0.298546,0.007408
217,0.961306,1.026872,0.405484,-0.326792,0.300952,0.007426
218,0.966338,1.027639,0.405630,-0.327178,0.303280,0.007434
219,0.971163,1.028189,0.405727,-0.327490,0.305528,0.007438
220,0.975752,1.028525,0.405773,-0.327732,0.307682,0.007443
221,0.980081,1.028649,0.405764,-0.327906,0.309732,0.007448
222,0.984164,1.028558,0.405705,-0.328010,0.311683,0.007453
223,0.987971,1.028237,0.405593,-0.328036,0.313524,0.007452
224,0.991496,1.027696,0.405430,-0.327989,0.315251,0.007443
225,0.994715,1.026925,0.405211,-0.327866,0.316854,0.007444
226,0.997635,1.025931,0.404942,-0.327669,0.318336,0.007434
227,1.000241,1.024708,0.404623,-0.327395,0.319691,0.007430
228,1.002521,1.023254,0.404250,-0.327043,0.320913,0.007423
229,1.004478,1.021576,0.403832,-0.326617,0.322004,0.007408
230,1.006088,1.019667,0.403363,-0.326112,0.322953,0.007390
231,1.007370,1.017530,0.402850,-0.325531,0.323770,0.007375
232,1.008285,1.015157,0.402288,-0.324869,0.324436,0.007361
233,1.008853,1.012564,0.401687,-0.324134,0.324963,0.007340
234,1.009043,1.009730,0.401038,-0.323315,0.325334,0.007314
235,1.008872,1.006665,0.400349,-0.322416,0.325560,0.007291
236,1.008328,1.003367,0.399620,-0.321438,0.325634,0.007270
237,1.007424,0.999844,0.398856,-0.320382,0.325562,0.007240
238,1.006145,0.996093,0.398055,-0.319249,0.325339,0.007215
239,1.004501,0.992112,0.397223,-0.318035,0.324968,0.007183
240,1.002485,0.987906,0.396360,-0.316742,0.324448,0.007152
241,1.000088,0.983467,0.395465,-0.315368,0.323774,0.007118
242,0.997324,0.978805,0.394543,-0.313916,0.322953,0.007083
243,0.994191,0.973927,0.393597,-0.312389,0.321984,0.007043
244,0.990696,0.968814,0.392628,-0.310777,0.320871,0.007007
245,0.986828,0.963490,0.391637,-0.309093,0.319609,0.006963
246,0.982615,0.957951,0.390628,-0.307332,0.318211,0.006923
247,0.978036,0.952199,0.389600,-0.305497,0.316667,0.006878
248,0.973128,0.946236,0.388560,-0.303585,0.314994,0.006835
249,0.967860,0.940063,0.387505,-0.301601,0.313180,0.006784
250,0.962269,0.933678,0.386439,-0.299539,0.311239,0.006737
251,0.956341,0.927091,0.385363,-0.297405,0.309167,0.006687
252,0.950106,0.920315,0.384283,-0.295205,0.306977,0.006636
253,0.943546,0.913330,0.383195,-0.292930,0.304661,0.006585
254,0.936668,0.906159,0.382099,-0.290589,0.302223,0.006530
255,0.929507,0.898795,0.381004,-0.288178,0.299677,0.006471
256,0.922050,0.891251,0.379906,-0.285703,0.297019,0.006416
257,0.914322,0.883515,0.378809,-0.283159,0.294258,0.006359
258,0.906321,0.875608,0.377713,-0.280554,0.291397,0.006299
259,0.898052,0.867527,0.376619,-0.277887,0.288435,0.006240
260,0.889537,0.859276,0.375527,-0.275160,0.285382,0.006174
261,0.880793,0.850865,0.374441,-0.272376,0.282247,0.006112
262,0.871819,0.842295,0.373359,-0.269534,0.279028,0.006044
263,0.862625,0.833565,0.372284,-0.266637,0.275731,0.005981
264,0.853220,0.824692,0.371213,-0.263689,0.272358,0.005914
265,0.843626,0.815673,0.370152,-0.260690,0.268921,0.005848
266,0.833845,0.806508,0.369094,-0.257638,0.265419,0.005778
267,0.823891,0.797220,0.368047,-0.254545,0.261859,0.005706
268,-3.883209,-2.627596,6.186150,-0.449889,0.402921,0.005603
269,-0.393354,0.896152,14.562270,-0.035856,-0.323497,-0.028907
270,0.896622,0.845633,0.470626,-0.314662,0.324660,-0.021405
271,0.898395,0.862237,0.460447,-0.320179,0.332757,-0.020988
272,0.911409,0.870946,0.462979,-0.325484,0.338815,-0.020053
273,0.923317,0.879145,0.465340,-0.330387,0.344467,-0.018650
274,0.934559,0.886687,0.467518,-0.334951,0.349739,-0.016869
275,0.944629,0.893783,0.469568,-0.339136,0.354644,-0.014804
276,0.953810,0.900264,0.471459,-0.342958,0.359159,-0.012529
277,1.009602,0.938363,0.416069,-0.344480,0.361671,-0.010101
278,1.015679,0.942451,0.416985,-0.346756,0.364552,-0.007408
279,0.872850,0.847039,0.593687,-0.354183,0.371746,-0.004704
280,0.979454,0.918365,0.477835,-0.353693,0.372494,-0.002636
281,0.983469,0.921055,0.479105,-0.355398,0.374807,-0.000399
282,1.014452,0.941199,0.447349,-0.355627,0.375726,0.001837
283,0.960598,0.904548,0.513556,-0.358264,0.378564,0.004006
284,0.990655,0.924151,0.481342,-0.358011,0.378999,0.005661
285,0.990525,0.923296,0.482450,-0.358087,0.379557,0.007260
286,0.990903,0.922700,0.481875,-0.357771,0.379709,0.008610
287,0.988174,0.919800,0.483456,-0.357055,0.379409,0.009758
288,0.986428,0.917454,0.482876,-0.355956,0.378711,0.010652
289,0.983705,0.914327,0.482186,-0.354465,0.377587,0.011332
290,0.978422,0.909294,0.483077,-0.352592,0.376028,0.011831
291,0.973739,0.904541,0.482314,-0.350372,0.374093,0.012063
292,0.967748,0.898778,0.481915,-0.347806,0.371771,0.012123
293,0.960834,0.892228,0.481281,-0.344838,0.369003,0.012033
294,0.952946,0.884930,0.480836,-0.341595,0.365915,0.011754
295,0.944493,0.877141,0.479979,-0.338023,0.362453,0.011371
296,0.935433,0.868805,0.478612,-0.334083,0.358567,0.010917
297,0.924826,0.859356,0.478171,-0.329929,0.354406,0.010377
298,0.914110,0.849744,0.476882,-0.325468,0.349898,0.009791
299,0.902366,0.839314,0.475711,-0.320704,0.345027,0.009182
300,0.890091,0.828361,0.474482,-0.315751,0.339897,0.008547
301,0.876941,0.817024,0.473024,-0.310488,0.334422,0.007738
302,0.863222,0.805213,0.471775,-0.305106,0.328770,0.006864
303,0.848637,0.792572,0.470415,-0.299410,0.322712,0.006324
304,0.833817,0.779749,0.468772,-0.293572,0.316462,0.005801
305,0.816789,0.765391,0.468571,-0.287548,0.309952,0.005344
306,0.848103,0.782363,0.411906,-0.279713,0.301746,0.004880
307,0.739079,0.708192,0.516576,-0.276164,0.297170,0.004674
308,0.767905,0.723513,0.462545,-0.268458,0.289003,0.004214
309,0.749311,0.707832,0.462069,-0.261939,0.281725,0.003910
310,0.776470,0.722203,0.407869,-0.253828,0.273015,0.003599
311,0.717989,0.680855,0.451276,-0.247912,0.266015,0.003544
312,0.646131,0.630944,0.511741,-0.242815,0.259754,0.003413
313,0.708283,0.667493,0.415979,-0.233547,0.249867,0.003033
314,0.623269,0.608997,0.490735,-0.228565,0.243515,0.003009
315,0.636488,0.614078,0.451463,-0.220806,0.234824,0.002725
316,0.617066,0.598059,0.449416,-0.213840,0.226694,0.002555
317,0.596733,0.581445,0.448249,-0.206887,0.218529,0.002391
318,0.576786,0.565122,0.446323,-0.199884,0.210263,0.002251
319,0.556422,0.548542,0.445072,-0.192995,0.202071,0.002111
320,0.535896,0.531922,0.443774,-0.186090,0.193822,0.001942
321,0.515587,0.515451,0.442264,-0.179239,0.185588,0.001878
322,0.495185,0.499040,0.440867,-0.172450,0.177394,0.001858
323,0.474858,0.482618,0.439680,-0.165778,0.169281,0.001842
324,0.454578,0.466253,0.438370,-0.159131,0.161157,0.001854
325,0.434445,0.450026,0.437057,-0.152574,0.153102,0.001868
326,0.414194,0.433681,0.436025,-0.146095,0.145089,0.001908
327,0.393055,0.416763,0.436389,-0.139802,0.137255,0.001930
328,0.410179,0.424816,0.390934,-0.132519,0.128667,0.001886
329,0.389159,0.408082,0.389871,-0.125974,0.120517,0.002003
330,0.265846,0.325876,0.515641,-0.123191,0.115561,0.002103
331,0.315374,0.354539,0.432603,-0.115602,0.106852,0.001600
332,0.297674,0.340214,0.431353,-0.110108,0.099842,0.001368
333,0.313688,0.347738,0.387971,-0.103411,0.091846,0.001312
334,0.294278,0.332251,0.387150,-0.097584,0.084462,0.001376
335,0.275083,0.316926,0.386365,-0.091858,0.077187,0.001433
336,0.124124,0.216899,0.552116,-0.091012,0.073937,0.001481
337,0.208223,0.268373,0.429605,-0.083899,0.066158,0.000496
338,0.226583,0.277781,0.386295,-0.078239,0.059383,0.000163
339,0.143309,0.220778,0.469748,-0.075668,0.054891,0.000230
340,0.161874,0.230466,0.427729,-0.070452,0.048644,-0.000088
341,-1.915947,-0.691678,1.474830,-0.133452,0.187830,-0.000174
342,0.234413,0.260517,0.402108,-0.076585,0.068098,-0.007769
343,0.230806,0.253428,0.403048,-0.074610,0.067367,-0.007730
344,0.227187,0.246419,0.403981,-0.072678,0.066627,-0.007504
345,0.223558,0.239460,0.404904,-0.070769,0.065880,-0.007107
346,0.219911,0.232563,0.405816,-0.068889,0.065121,-0.006572
347,0.216255,0.225710,0.406717,-0.067027,0.064355,-0.005929
348,0.212559,0.218910,0.407603,-0.065190,0.063566,-0.005203
349,0.208845,0.212147,0.408476,-0.063366,0.062766,-0.004432
350,0.205094,0.205424,0.409336,-0.061559,0.061945,-0.003624
351,0.201294,0.198730,0.410177,-0.059763,0.061098,-0.002814
352,0.197450,0.192071,0.411002,-0.057980,0.060227,-0.002018
353,0.193556,0.185433,0.411810,-0.056203,0.059328,-0.001247
354,0.189589,0.178817,0.412596,-0.054433,0.058393,-0.000525
355,0.185576,0.172218,0.413364,-0.052665,0.057433,0.000144
356,0.181492,0.165636,0.414111,-0.050901,0.056436,0.000746
357,0.177332,0.159054,0.414835,-0.049131,0.055402,0.001284
358,0.173099,0.152483,0.415537,-0.047361,0.054331,0.001741
359,0.168790,0.145915,0.416215,-0.045587,0.053221,0.002122
360,0.164396,0.139340,0.416867,-0.043803,0.052070,0.002431
361,0.159921,0.132762,0.417495,-0.042010,0.050879,0.002665
362,0.155344,0.126161,0.418095,-0.040200,0.049640,0.002828
363,0.150659,0.119556,0.418665,-0.038381,0.048349,0.002920
364,0.145907,0.112933,0.419210,-0.036545,0.047025,0.002956
365,0.141038,0.106292,0.419725,-0.034694,0.045647,0.002938
366,0.136079,0.099631,0.420211,-0.032824,0.044226,0.002864
367,0.131007,0.092936,0.420665,-0.030929,0.042752,0.002747
368,0.125847,0.086225,0.421092,-0.029019,0.041238,0.002600
369,0.120574,0.079488,0.421486,-0.027088,0.039671,0.002417
370,0.115204,0.072708,0.421848,-0.025127,0.038060,0.002213
371,0.109734,0.065915,0.422181,-0.023152,0.036403,0.001997
372,0.104161,0.059081,0.422481,-0.021148,0.034699,0.001765
373,0.098472,0.052211,0.422748,-0.019118,0.032942,0.001533
374,0.092693,0.045316,0.422984,-0.017066,0.031144,0.001297
375,0.086808,0.038383,0.423187,-0.014987,0.029299,0.001064
376,0.080816,0.031419,0.423357,-0.012884,0.027405,0.000843
377,0.074742,0.024417,0.423498,-0.010753,0.025474,0.000633
378,0.068565,0.017387,0.423606,-0.008600,0.023497,0.000428
379,0.062291,0.010312,0.423681,-0.006416,0.021477,0.000240
380,0.055936,0.003219,0.423727,-0.004215,0.019419,0.000071
381,0.049491,-0.003913,0.423742,-0.001985,0.017322,-0.000081
382,0.042960,-0.011070,0.423726,0.000265,0.015186,-0.000221
383,0.036357,-0.018246,0.423683,0.002534,0.013018,-0.000342
384,0.029682,-0.025461,0.423610,0.004831,0.010817,-0.000448
385,0.022923,-0.032682,0.423508,0.007138,0.008578,-0.000541
386,0.016101,-0.039940,0.423378,0.009473,0.006311,-0.000615
387,0.009207,-0.047213,0.423220,0.011824,0.004011,-0.000679
388,0.002262,-0.054514,0.423037,0.014196,0.001688,-0.000730
389,-0.004735,-0.061816,0.422829,0.016578,-0.000659,-0.000778
390,-0.011793,-0.069135,0.422595,0.018976,-0.003035,-0.000810
391,-0.018888,-0.076461,0.422338,0.021387,-0.005427,-0.000836
392,-0.026015,-0.083793,0.422059,0.023808,-0.007835,-0.000862
393,-0.033179,-0.091129,0.421758,0.026240,-0.010261,-0.000877
394,-0.040383,-0.098456,0.421434,0.028675,-0.012706,-0.000891
395,-0.047595,-0.105788,0.421093,0.031121,-0.015156,-0.000905
396,-0.054835,-0.113105,0.420732,0.033569,-0.017620,-0.000921
397,-0.062082,-0.120406,0.420353,0.036016,-0.020090,-0.000932
398,-0.069342,-0.127699,0.419956,0.038468,-0.022567,-0.000948
399,-0.076602,-0.134973,0.419544,0.040918,-0.025046,-0.000966
400,-0.083853,-0.142231,0.419118,0.043370,-0.027524,-0.000985
401,-0.091106,-0.149445,0.418677,0.045808,-0.030004,-0.001012
402,-0.098354,-0.156635,0.418221,0.048242,-0.032486,-0.001036
403,-0.105559,-0.163792,0.417757,0.050669,-0.034951,-0.001062
404,-0.112762,-0.170906,0.417279,0.053083,-0.037419,-0.001102
405,-0.119915,-0.177982,0.416794,0.055487,-0.039867,-0.001135
406,-0.127050,-0.185011,0.416297,0.057877,-0.042312,-0.001175
407,-0.134142,-0.191990,0.415793,0.060251,-0.044740,-0.001218
408,-0.141194,-0.198917,0.415281,0.062608,-0.047154,-0.001262
409,-0.148187,-0.205778,0.414765,0.064942,-0.049547,-0.001317
410,-0.155130,-0.212593,0.414243,0.067263,-0.051921,-0.001367
411,-0.162017,-0.219338,0.413716,0.069557,-0.054274,-0.001420
412,-0.168824,-0.226003,0.413188,0.071823,-0.056597,-0.001478
413,-0.175576,-0.232603,0.412657,0.074066,-0.058900,-0.001536
414,-0.182262,-0.239134,0.412120,0.076284,-0.061179,-0.001591
415,-0.188860,-0.245583,0.411587,0.078474,-0.063424,-0.001652
416,-0.195384,-0.251948,0.411051,0.080631,-0.065642,-0.001710
417,-0.201814,-0.258233,0.410518,0.082759,-0.067823,-0.001769
418,-0.208165,-0.264428,0.409984,0.084853,-0.069975,-0.001823
419,-0.214415,-0.270538,0.409454,0.086916,-0.072087,-0.001882
420,-0.220578,-0.276548,0.408924,0.088941,-0.074168,-0.001934
421,-0.226637,-0.282465,0.408399,0.090931,-0.076209,-0.001994
422,-0.232606,-0.288289,0.407875,0.092887,-0.078217,-0.002051
423,-0.238449,-0.294010,0.407359,0.094803,-0.080174,-0.002101
424,-0.244198,-0.299625,0.406845,0.096679,-0.082098,-0.002150
425,-0.249829,-0.305137,0.406337,0.098517,-0.083976,-0.002200
426,-0.255347,-0.310545,0.405835,0.100314,-0.085811,-0.002247
427,-0.260751,-0.315848,0.405338,0.102072,-0.087603,-0.002291
428,-0.266048,-0.321033,0.404846,0.103786,-0.089356,-0.002332
429,-0.271224,-0.326105,0.404361,0.105456,-0.091062,-0.002376
430,-4.887360,-3.624396,0.820399,-0.186311,0.342996,-0.002461
431,-0.108136,-0.205956,0.430309,0.040052,-0.021660,-0.034805
432,-0.086594,-0.189421,0.434918,0.032276,-0.012494,-0.034975
433,-0.115042,-0.233471,0.587936,0.021550,-0.006916,-0.034316
434,-0.071572,-0.242141,0.629708,0.011359,-0.001894,-0.033403
435,-0.031532,-0.154880,0.489892,0.005959,0.012502,-0.032156
436,-0.012587,-0.135029,0.485818,-0.001210,0.021089,-0.029921
437,0.014260,-0.104384,0.455463,-0.007274,0.029937,-0.027291
438,0.031885,-0.090360,0.458832,-0.013367,0.037286,-0.024230
439,0.048689,-0.077112,0.461937,-0.019026,0.044262,-0.020994
440,-0.013958,-0.149490,0.681571,-0.028758,0.046736,-0.017660
441,0.051668,-0.142131,0.670104,-0.036275,0.050158,-0.015004
442,0.084984,-0.063114,0.536245,-0.039667,0.061989,-0.012438
443,0.094027,-0.055188,0.551864,-0.045069,0.067456,-0.009507
444,0.106575,-0.039302,0.546200,-0.049790,0.073337,-0.006771
445,0.113570,-0.032009,0.559967,-0.054441,0.078234,-0.004203
446,0.121711,-0.022512,0.567384,-0.058698,0.082982,-0.001898
447,0.160393,0.022833,0.479988,-0.060567,0.089461,0.000169
448,0.104496,-0.038510,0.658391,-0.066866,0.089764,0.002254
449,0.179491,0.039877,0.483918,-0.066936,0.097085,0.003471
450,0.111558,-0.022842,0.670558,-0.072443,0.097160,0.004999
451,0.157072,0.021552,0.579423,-0.073569,0.102128,0.005655
452,0.161732,0.028123,0.581833,-0.075466,0.104939,0.006381
453,0.166136,0.034186,0.583524,-0.077019,0.107422,0.006861
454,0.170670,0.040159,0.583036,-0.078214,0.109635,0.007119
455,0.173048,0.044281,0.586499,-0.079083,0.111423,0.007185
456,0.178070,0.050036,0.581919,-0.079603,0.113095,0.007050
457,0.179025,0.052945,0.584924,-0.079845,0.114325,0.006785
458,0.182075,0.056728,0.581918,-0.079703,0.115309,0.006390
459,0.201325,0.041940,0.596668,-0.080490,0.113401,0.005903
460,0.204856,0.052775,0.576799,-0.079741,0.114076,0.005244
461,0.202328,0.054932,0.575510,-0.078999,0.113888,0.004591
462,0.171296,0.065609,0.583729,-0.077151,0.115545,0.003906
463,0.178125,0.068218,0.571351,-0.075599,0.114971,0.003202
464,0.177023,0.068238,0.568356,-0.073821,0.114273,0.002526
465,0.192187,0.063044,0.555361,-0.072234,0.112200,0.001882
466,0.183947,0.060045,0.560122,-0.070466,0.111074,0.001169
467,0.180874,0.058795,0.555578,-0.068158,0.109493,0.000576
468,0.176438,0.057788,0.549785,-0.065627,0.107833,0.000023
469,0.172137,0.054675,0.545707,-0.062897,0.105683,-0.000422
470,0.166937,0.051728,0.542350,-0.059991,0.103363,-0.000840
471,0.136187,0.051945,0.555121,-0.056501,0.102419,-0.001209
472,0.150664,0.052028,0.531446,-0.053101,0.099363,-0.001573
473,0.145950,0.046570,0.527446,-0.049749,0.096667,-0.001832
474,0.142132,0.041832,0.522175,-0.046210,0.093763,-0.002017
475,0.136720,0.036592,0.519518,-0.042557,0.090659,-0.002137
476,0.132507,0.031911,0.512537,-0.038852,0.087588,-0.002244
477,0.127636,0.026365,0.507385,-0.035061,0.084218,-0.002275
478,0.122018,0.020457,0.504337,-0.031209,0.080638,-0.002275
479,0.116220,0.015910,0.497041,-0.027317,0.077284,-0.002267
480,0.111054,0.009705,0.493293,-0.023390,0.073382,-0.002211
481,0.105059,0.003795,0.488201,-0.019495,0.069596,-0.002172
482,0.138690,0.011177,0.438269,-0.014960,0.064259,-0.002089
483,0.053731,-0.022578,0.521775,-0.012076,0.062178,-0.001791
484,0.086394,-0.014575,0.473517,-0.007827,0.057278,-0.001900
485,0.112462,-0.008573,0.430892,-0.003397,0.051865,-0.001780
486,0.004926,-0.036330,0.523982,-0.000093,0.051270,-0.001493
487,0.065222,-0.029951,0.459909,0.003895,0.044815,-0.001549
488,0.056314,-0.036525,0.457444,0.007528,0.040699,-0.001437
489,0.050890,-0.042506,0.452069,0.011119,0.036250,-0.001303
490,0.043503,-0.048688,0.448596,0.014605,0.031861,-0.001185
491,0.036382,-0.054538,0.444771,0.017975,0.027473,-0.001085
492,0.030047,-0.059899,0.439561,0.021233,0.023075,-0.001001
493,0.022996,-0.065285,0.435223,0.024363,0.018661,-0.000921
494,0.012915,-0.071068,0.434170,0.027319,0.014413,-0.000869
495,0.014093,-0.072781,0.418528,0.030325,0.009849,-0.000812
496,0.012112,-0.075126,0.406021,0.033241,0.005261,-0.000727
497,-0.039569,-0.094731,0.459659,0.035389,0.001784,-0.000627
498,-0.014732,-0.087983,0.414465,0.038053,-0.002797,-0.000740
499,-0.022230,-0.092085,0.410923,0.040325,-0.006948,-0.000738
500,-0.091529,-0.105957,0.508872,0.042882,-0.010625,-0.000744
501,-0.030512,-0.096706,0.397056,0.044372,-0.014222,-0.000912
502,-0.039016,-0.100404,0.395288,0.046210,-0.018113,-0.000889
503,-0.047354,-0.103809,0.393589,0.047883,-0.021922,-0.000884
504,-0.055467,-0.106924,0.391967,0.049395,-0.025623,-0.000873
505,-0.063369,-0.109732,0.390417,0.050739,-0.029222,-0.000877
506,-0.071026,-0.112230,0.388945,0.051916,-0.032706,-0.000885
507,-0.078398,-0.114408,0.387554,0.052924,-0.036057,-0.000907
508,-0.085511,-0.116282,0.386239,0.053770,-0.039286,-0.000925
509,-0.092312,-0.117841,0.385006,0.054452,-0.042370,-0.000950
510,-0.098782,-0.119065,0.383858,0.054963,-0.045302,-0.000978
511,-0.104915,-0.119983,0.382792,0.055317,-0.048079,-0.001009
512,-0.110704,-0.120582,0.381808,0.055512,-0.050698,-0.001039
513,-0.116130,-0.120864,0.380907,0.055549,-0.053152,-0.001069
514,-0.121167,-0.120834,0.380091,0.055431,-0.055429,-0.001101
515,-0.125820,-0.120494,0.379357,0.055164,-0.057532,-0.001129
516,-0.130071,-0.119851,0.378707,0.054751,-0.059453,-0.001157
517,-0.133927,-0.118912,0.378135,0.054196,-0.061196,-0.001183
518,-0.137365,-0.117676,0.377645,0.053503,-0.062751,-0.001204
519,-0.140374,-0.116143,0.377236,0.052671,-0.064113,-0.001221
520,-0.142984,-0.114353,0.376900,0.051722,-0.065296,-0.001228
521,-0.145162,-0.112278,0.376641,0.050643,-0.066287,-0.001237
522,-0.146901,-0.109950,0.376457,0.049451,-0.067082,-0.001236
523,-0.148228,-0.107367,0.376343,0.048146,-0.067693,-0.001236
524,-0.149128,-0.104545,0.376298,0.046739,-0.068115,-0.001225
525,-0.149601,-0.101490,0.376322,0.045230,-0.068348,-0.001210
526,-0.149641,-0.098216,0.376411,0.043632,-0.068389,-0.001192
527,-0.149281,-0.094724,0.376561,0.041940,-0.068254,-0.001163
528,-0.148499,-0.091041,0.376772,0.040174,-0.067933,-0.001135
529,-0.147304,-0.087168,0.377040,0.038331,-0.067431,-0.001101
530,-0.145711,-0.083117,0.377362,0.036419,-0.066754,-0.001060
531,-0.143733,-0.078907,0.377733,0.034448,-0.065909,-0.001019
532,-0.141378,-0.074545,0.378152,0.032420,-0.064900,-0.000967
533,-0.138642,-0.070044,0.378616,0.030345,-0.063725,-0.000920
534,-0.135547,-0.065415,0.379122,0.028225,-0.062395,-0.000869
535,-0.132109,-0.060668,0.379666,0.026067,-0.060916,-0.000811
536,-0.128330,-0.055817,0.380244,0.023878,-0.059290,-0.000757
537,-0.124240,-0.050887,0.380853,0.021669,-0.057530,-0.000691
538,-0.119820,-0.045865,0.381493,0.019434,-0.055630,-0.000630
539,-0.115119,-0.040780,0.382156,0.017187,-0.053610,-0.000566
540,-0.110135,-0.035638,0.382841,0.014931,-0.051469,-0.000504
541,-0.104885,-0.030454,0.383544,0.012673,-0.049216,-0.000444
542,-0.178396,-0.042154,0.504978,0.010560,-0.045831,-0.000383
543,-0.091111,-0.019298,0.385478,0.007896,-0.043207,-0.000543
544,-0.084722,-0.013932,0.386274,0.005612,-0.040481,-0.000482
545,-0.078156,-0.008581,0.387073,0.003350,-0.037682,-0.000417
546,-0.102933,-0.013267,0.440158,0.000941,-0.034620,-0.000349
547,-0.107903,-0.002180,0.452571,-0.000851,-0.030622,-0.000390
548,-0.054647,0.008069,0.389954,-0.003553,-0.027577,-0.000419
549,-0.047112,0.013398,0.390783,-0.005739,-0.024389,-0.000342
550,-0.039500,0.018673,0.391596,-0.007887,-0.021175,-0.000254
551,-0.031809,0.023901,0.392394,-0.009999,-0.017934,-0.000170
552,-0.024072,0.029055,0.393171,-0.012065,-0.014680,-0.000075
553,-0.016315,0.034132,0.393924,-0.014084,-0.011423,0.000012
554,-0.008543,0.039130,0.394652,-0.016056,-0.008168,0.000103
555,-0.000802,0.044032,0.395348,-0.017974,-0.004934,0.000197
556,0.006929,0.048840,0.396016,-0.019838,-0.001711,0.000279
557,0.014613,0.053543,0.396651,-0.021645,0.001484,0.000365
558,0.022237,0.058131,0.397251,-0.023391,0.004646,0.000450
559,0.029790,0.062617,0.397816,-0.025083,0.007770,0.000530
560,0.037253,0.066979,0.398343,-0.026711,0.010848,0.000600
561,0.044594,0.071219,0.398828,-0.028277,0.013866,0.000664
562,0.051821,0.075334,0.399273,-0.029781,0.016828,0.000728
563,0.058917,0.079313,0.399676,-0.031217,0.019726,0.000788
564,0.065867,0.083164,0.400036,-0.032591,0.022555,0.000837
565,0.695909,1.652191,2.226380,0.132307,-0.140345,0.000836
566,0.180762,0.159486,0.584507,0.015922,-0.005422,0.011442
567,0.044726,0.012305,0.394650,0.008201,0.016542,0.012836
568,0.168820,0.056919,0.502596,0.018936,-0.000808,0.012617
569,0.599059,-0.313833,0.845631,-0.000520,-0.062857,0.012577
570,0.014713,-0.005830,0.401964,0.012835,0.004492,0.009863
571,0.013206,-0.008884,0.391649,0.015505,0.002722,0.009028
572,0.010311,-0.013317,0.389238,0.017759,0.001081,0.007991
573,0.046791,-0.036114,0.424255,0.019008,-0.006078,0.006892
574,0.000439,-0.021854,0.389285,0.021114,-0.002781,0.005611
575,0.023015,-0.291484,0.538788,0.002161,-0.014522,0.004455
576,-0.007518,-0.018748,0.386888,0.018063,-0.007031,0.001174
577,-0.011046,-0.020474,0.386336,0.018644,-0.008554,0.000118
578,-0.034591,-0.101655,0.422921,0.012736,-0.009938,-0.000823
579,-0.088940,-0.109337,0.420518,0.010035,-0.006087,-0.002367
580,-0.038632,-0.045839,0.398974,0.013152,-0.010296,-0.003845
581,-0.357346,-0.023714,0.465203,0.014098,0.015640,-0.004628
582,-0.007155,-0.014221,0.387263,0.014391,-0.006800,-0.005650
583,-0.007458,-0.013560,0.387113,0.013862,-0.006976,-0.005865
584,-0.007720,-0.012745,0.386968,0.013259,-0.007133,-0.005930
585,-0.106627,0.221462,0.498219,0.034282,-0.004533,-0.005858
586,-0.007818,-0.012772,0.390292,0.018078,-0.005278,-0.003990
587,-0.004121,-0.020581,0.386871,0.017643,-0.005081,-0.003619
588,-0.018805,0.027023,0.428666,0.022450,-0.006036,-0.003285
589,-0.005534,-0.016927,0.392822,0.019739,-0.004669,-0.002571
590,-0.002384,-0.024956,0.386560,0.019257,-0.004243,-0.002140
591,-0.001713,-0.025280,0.386473,0.019154,-0.003990,-0.001767
592,-0.001026,-0.025428,0.386388,0.018959,-0.003734,-0.001416
593,0.036037,0.045091,0.435116,0.025674,-0.009854,-0.001078
594,-0.001344,-0.028486,0.385937,0.020122,-0.003829,-0.000093
595,0.008696,-0.009617,0.398967,0.021776,-0.005333,0.000180
596,-0.000733,-0.029487,0.385649,0.020084,-0.003617,0.000604
597,-0.000212,-0.029400,0.385541,0.019742,-0.003441,0.000783
598,0.069407,0.008367,0.437282,0.023604,-0.012881,0.000920
599,-0.002499,-0.030634,0.384892,0.019738,-0.004493,0.001459
600,-0.002333,-0.030317,0.384751,0.019271,-0.004469,0.001498
601,-0.002130,-0.029846,0.384614,0.018731,-0.004430,0.001497
602,-0.001901,-0.029231,0.384479,0.018123,-0.004382,0.001452
603,-0.001649,-0.028476,0.384345,0.017451,-0.004326,0.001379
604,-0.001347,-0.027597,0.384215,0.016725,-0.004250,0.001273
605,-0.001020,-0.026585,0.384087,0.015939,-0.004164,0.001150
606,-0.000675,-0.025464,0.383959,0.015107,-0.004071,0.001010
607,-0.000272,-0.024242,0.383834,0.014234,-0.003952,0.000866
608,0.050107,-0.012503,0.416724,0.014899,-0.010500,0.000715
609,0.151526,0.198804,0.679073,0.036995,-0.036813,0.000741
610,0.064299,0.043057,0.524750,0.025722,-0.023238,0.002837
611,-0.015721,-0.034528,0.381309,0.018664,-0.010144,0.003631
612,-0.017142,-0.035128,0.381004,0.018637,-0.010738,0.003434
613,-1.295477,-0.422594,2.847924,0.023206,-0.031748,0.003177
614,-0.029059,-0.330930,0.491016,-0.005115,-0.005097,0.032480
615,-0.002482,-0.025408,0.386613,0.011759,-0.001910,0.029675
616,-0.000764,-0.023203,0.386882,0.010443,-0.001216,0.028591
617,-0.224370,-0.032638,0.715463,0.012951,0.001950,0.027007
618,-0.017905,-0.020910,0.452302,0.009208,0.000786,0.029194
619,0.008637,-0.017994,0.388766,0.007593,0.003246,0.025525
620,-0.057018,-0.033816,0.496708,0.006515,0.004263,0.022971
621,0.013602,-0.032580,0.402737,0.004091,0.004731,0.021408
622,0.015682,-0.010929,0.389977,0.003475,0.006154,0.018314
623,-0.073373,-0.010529,0.543964,0.004480,0.006684,0.015452
624,-0.007922,-0.009027,0.439463,0.002555,0.008464,0.015498
625,-0.022116,-0.052641,0.477116,-0.001699,0.009100,0.013413
626,0.002128,-0.002012,0.434620,-0.000036,0.010498,0.011497
627,0.003641,-0.001056,0.435549,-0.001000,0.011499,0.009543
628,0.005090,-0.000236,0.435431,-0.001900,0.012559,0.007800
629,0.006437,0.000843,0.434630,-0.002744,0.013641,0.006185
630,0.024322,-0.033230,0.404418,-0.007055,0.014954,0.004661
631,0.037406,0.007093,0.393407,-0.006329,0.015285,0.002202
632,0.036121,-0.003469,0.407929,-0.008076,0.015413,0.000447
633,0.039979,0.007285,0.395610,-0.009244,0.016397,-0.001362
634,-0.381129,-0.481427,0.491300,-0.050282,0.049313,-0.002718
635,0.046433,0.002567,0.400801,-0.014496,0.019647,0.049464
636,0.048924,0.020134,0.395200,-0.014813,0.020517,0.048279
637,0.050890,0.015996,0.398055,-0.016421,0.020959,0.046284
638,-0.094343,0.010572,0.651563,-0.014464,0.020681,0.043477
639,0.012323,0.008564,0.466192,-0.018430,0.023049,0.042132
640,0.057175,0.025631,0.398147,-0.019403,0.023750,0.038557
641,0.058271,0.031584,0.396603,-0.020008,0.024312,0.034348
642,0.059480,0.033230,0.396688,-0.020720,0.024701,0.029943
643,-0.084746,0.046677,0.571937,-0.017752,0.028559,0.025438
644,0.036940,-0.073205,0.529091,-0.028092,0.022234,0.022697
645,0.065171,0.036234,0.399070,-0.023451,0.027073,0.021728
646,0.066554,0.032838,0.400656,-0.024374,0.027220,0.017495
647,-0.013500,-0.106261,0.531254,-0.034848,0.027806,0.013356
648,0.070096,0.030810,0.403167,-0.026616,0.028274,0.024047
649,-0.011572,-0.054372,0.476579,-0.033625,0.032053,0.020466
650,0.073955,0.038894,0.401743,-0.028014,0.029448,0.025480
651,0.023771,-0.022739,0.500687,-0.032398,0.028757,0.022046
652,0.034386,0.044053,0.441917,-0.028751,0.031507,0.023695
653,0.075233,0.050779,0.398366,-0.029065,0.030628,0.020655
654,0.005947,0.057411,0.479100,-0.027488,0.032450,0.017250
655,0.053754,0.049356,0.446678,-0.028116,0.030597,0.014736
656,0.076828,0.051184,0.398312,-0.028466,0.031177,0.011885
657,-0.004027,-0.049409,0.529592,-0.034905,0.031402,0.008815
658,-0.072747,-0.326496,0.340588,-0.063288,0.048345,0.007459
659,0.047209,0.061657,0.444778,-0.031884,0.032561,0.039344
660,0.082111,0.041135,0.405881,-0.034117,0.031702,0.037516
661,0.085282,0.058805,0.405253,-0.033094,0.031013,0.034568
662,0.079328,0.042369,0.405147,-0.034486,0.031058,0.031358
663,0.078241,0.050576,0.401808,-0.034141,0.030775,0.027715
664,-1.166376,-0.588692,0.587080,-0.086151,0.129089,0.023971
665,0.082910,0.065894,0.400498,-0.037033,0.034993,0.054386
666,0.025061,0.069517,0.478126,-0.035774,0.035958,0.050887
667,0.036670,0.059481,0.455073,-0.036333,0.036854,0.044570
668,0.039042,0.070744,0.441841,-0.035250,0.037882,0.039074
669,-0.014402,0.000159,0.486386,-0.040168,0.041241,0.034670
670,0.050436,0.070138,0.439932,-0.035627,0.038950,0.030129
671,0.048906,-0.033169,0.457529,-0.043411,0.038611,0.025463
672,0.085530,0.049080,0.407693,-0.038005,0.038055,0.027219
673,-0.326588,-0.524545,0.481300,-0.085412,0.070631,0.022323
674,0.093455,0.073285,0.401445,-0.040494,0.039329,0.070518
675,0.093570,0.073972,0.401294,-0.040478,0.039226,0.066216
676,0.056344,0.071055,0.453588,-0.039846,0.039400,0.061175
677,0.010845,0.058739,0.493052,-0.039917,0.041297,0.054313
678,0.047415,0.071864,0.442568,-0.038870,0.041283,0.047082
679,0.051374,0.072432,0.440975,-0.037972,0.041211,0.042213
680,0.054134,0.071898,0.439217,-0.036982,0.041187,0.037404
681,0.035261,-0.045390,0.484583,-0.045208,0.040764,0.032555
682,0.056489,-0.001346,0.461751,-0.043059,0.040001,0.033319
683,0.049315,0.076932,0.442504,-0.037137,0.041382,0.038861
684,0.048048,0.012481,0.455981,-0.041230,0.040920,0.035431
685,0.002579,-0.010973,0.448544,-0.043324,0.045047,0.034673
686,0.093278,0.053638,0.406328,-0.038308,0.039162,0.039644
687,-0.036228,-0.022167,0.435841,-0.043981,0.048195,0.033876
688,-0.009758,-0.010482,0.476682,-0.041989,0.044065,0.040274
689,0.024167,0.004288,0.456473,-0.040890,0.042320,0.038515
690,0.028893,0.005299,0.446754,-0.040599,0.042278,0.038179
691,0.093420,0.059874,0.405031,-0.036246,0.038475,0.037955
692,-0.059445,-0.067954,0.470713,-0.045711,0.047359,0.032316
693,-0.006020,0.000780,0.457645,-0.040129,0.043558,0.040643
694,0.046591,0.067170,0.442328,-0.034320,0.039793,0.037810
695,0.041400,0.028927,0.447865,-0.036272,0.039681,0.034012
696,0.018281,-0.020811,0.452982,-0.039804,0.041048,0.031017
697,0.024853,-0.002487,0.455618,-0.038027,0.039871,0.036008
698,-0.073289,-0.110073,0.416816,-0.047402,0.050154,0.036435
699,0.054779,0.068042,0.449041,-0.032550,0.036958,0.045741
700,0.045521,0.068628,0.448188,-0.031474,0.037244,0.040858
701,0.045096,0.065669,0.448143,-0.030458,0.036812,0.035882
702,0.035193,0.028821,0.439795,-0.032397,0.037687,0.030719
703,0.044791,0.064528,0.445880,-0.028353,0.035901,0.026854
704,-0.028850,-0.128844,0.474883,-0.042720,0.040342,0.024018
705,0.043266,0.041995,0.422108,-0.030392,0.036126,0.034881
706,0.013264,-0.013438,0.425662,-0.034003,0.037982,0.032441
707,0.004045,-0.017612,0.460673,-0.033203,0.036380,0.034120
708,0.017471,-0.016257,0.421071,-0.033352,0.036764,0.032950
709,-0.014644,-0.069740,0.431934,-0.037077,0.038361,0.035195
710,-0.006424,-0.047177,0.439135,-0.035102,0.036725,0.041404
711,0.078679,0.056025,0.396045,-0.027064,0.030875,0.044615
712,-0.010421,0.034055,0.506450,-0.026443,0.031707,0.039649
713,0.033362,0.048472,0.441407,-0.025112,0.031021,0.034931
714,0.036742,0.049207,0.438741,-0.023902,0.030220,0.031057
715,0.031903,-0.021503,0.453017,-0.028453,0.029461,0.027500
716,-0.280742,-0.156642,0.444385,-0.040287,0.056263,0.025686
717,0.055692,0.057499,0.411554,-0.023292,0.028792,0.036173
718,0.037799,0.043124,0.441313,-0.022825,0.028126,0.033010
719,0.026242,-0.008726,0.444891,-0.026102,0.028469,0.030314
720,-0.112863,-0.276291,0.447189,-0.048355,0.040034,0.030745
721,0.060875,0.054129,0.405992,-0.023526,0.026358,0.054499
722,-0.278523,-0.177121,0.513376,-0.040996,0.049504,0.049503
723,0.067298,0.051253,0.395062,-0.025317,0.026233,0.053263
724,0.066019,0.050943,0.394777,-0.024973,0.025540,0.047623
725,0.064608,0.050487,0.394474,-0.024563,0.024793,0.041641
726,0.063080,0.049892,0.394154,-0.024090,0.023998,0.035494
727,0.061409,0.049166,0.393814,-0.023559,0.023145,0.029326
728,0.059623,0.048301,0.393455,-0.022965,0.022249,0.023287
729,0.064862,0.039769,0.380116,-0.023131,0.021391,0.017492
730,-0.009624,0.001779,0.408415,-0.024653,0.027643,0.016109
731,0.048410,0.038567,0.395978,-0.022206,0.023384,0.010327
732,-0.202930,0.092375,0.781509,-0.011369,0.023918,0.005471
733,0.045248,0.045597,0.422579,-0.017390,0.022881,0.010856
734,0.033734,0.043116,0.434534,-0.016050,0.022632,0.007924
735,-0.061653,-0.112123,0.466155,-0.027460,0.029036,0.005410
736,-0.015197,-0.032373,0.442854,-0.022327,0.026106,0.009604
737,0.022680,0.033864,0.426192,-0.016875,0.023267,0.011121
738,0.014554,0.019114,0.435262,-0.017002,0.023194,0.010242
739,-0.072860,-0.172921,0.443745,-0.032364,0.030040,0.009593
740,0.031223,0.051400,0.425750,-0.015021,0.021236,0.017900
741,-0.050379,-0.095674,0.437799,-0.025983,0.027461,0.016760
742,0.017047,0.022317,0.442976,-0.016628,0.020901,0.021052
743,0.025455,0.039336,0.438139,-0.014657,0.019967,0.019597
744,0.022757,0.036992,0.436768,-0.014028,0.019825,0.018103
745,-0.058241,-0.111802,0.434061,-0.025838,0.026743,0.016472
746,0.020879,0.037901,0.441094,-0.014070,0.019153,0.021666
747,0.021088,0.035980,0.437199,-0.013525,0.018939,0.020018
748,0.020307,0.034571,0.436331,-0.012839,0.018692,0.018256
749,-0.003228,0.002477,0.448041,-0.014625,0.019943,0.016394
750,-0.055387,-0.142345,0.433092,-0.026822,0.025093,0.014682
751,0.007608,0.014073,0.425080,-0.015295,0.019546,0.021879
752,0.014904,0.023268,0.450353,-0.013694,0.017341,0.022544
753,0.016405,0.010318,0.461968,-0.014174,0.016202,0.020601
754,0.001460,0.006821,0.439797,-0.014628,0.018240,0.018674
755,-0.039894,-0.070016,0.424995,-0.020995,0.022354,0.017864
756,0.018477,0.035430,0.438577,-0.012278,0.016267,0.021008
757,-0.064205,-0.106508,0.434576,-0.023686,0.023524,0.019120
758,0.023747,0.041490,0.433877,-0.012020,0.015543,0.022827
759,0.011089,0.030778,0.435008,-0.012192,0.016284,0.020883
760,-0.086893,-0.146338,0.441284,-0.026545,0.024462,0.018677
761,0.020006,0.038969,0.435368,-0.012346,0.015181,0.023588
762,0.011072,0.031097,0.435612,-0.012399,0.015722,0.021598
763,-0.075476,-0.120586,0.437269,-0.024748,0.023155,0.019349
764,0.016510,0.035369,0.438331,-0.012662,0.014870,0.023261
765,-0.044172,-0.063928,0.432663,-0.020641,0.020370,0.021324
766,0.013059,0.033230,0.437838,-0.012864,0.014963,0.023071
767,0.012522,0.031974,0.435901,-0.012582,0.014974,0.020902
768,-0.072905,-0.153429,0.433712,-0.027779,0.022603,0.018798
769,0.010605,0.033618,0.439845,-0.013437,0.014801,0.024896
770,0.011842,0.032679,0.436526,-0.013240,0.014795,0.022796
771,0.012803,-0.008378,0.467110,-0.015805,0.013030,0.020686
772,0.009152,0.011877,0.441181,-0.014951,0.014512,0.019212
773,0.017271,0.035994,0.433746,-0.012963,0.014009,0.017542
774,0.008078,0.001518,0.453826,-0.015033,0.013697,0.015628
775,-0.036540,-0.072564,0.419443,-0.021953,0.019338,0.013992
776,0.013736,0.034785,0.436113,-0.013332,0.013993,0.017759
777,0.011468,0.004162,0.460930,-0.015075,0.012764,0.015966
778,0.001055,0.000833,0.433585,-0.015948,0.015002,0.014449
779,-0.006690,-0.010952,0.430547,-0.016936,0.015785,0.014934
780,-0.021218,-0.040565,0.419585,-0.019601,0.017579,0.016207
781,0.006150,0.031835,0.435176,-0.013693,0.014441,0.018942
782,0.011033,0.032577,0.433993,-0.013230,0.014090,0.017078
783,-0.085448,-0.137112,0.452934,-0.026852,0.021639,0.015308
784,-0.005981,-0.004141,0.437147,-0.017331,0.015467,0.019284
785,-0.028501,-0.036224,0.437658,-0.020026,0.017423,0.018962
786,0.010684,0.034302,0.435388,-0.014472,0.014190,0.019450
787,0.011042,0.033585,0.433816,-0.014211,0.014319,0.017646
788,0.008702,-0.010538,0.450607,-0.017276,0.013681,0.015761
789,0.011608,0.007753,0.447925,-0.016100,0.013466,0.016815
790,0.005713,0.004888,0.436328,-0.016603,0.014605,0.016092
791,0.015440,0.012819,0.445425,-0.015771,0.013247,0.016644
792,0.005330,0.004718,0.435775,-0.016562,0.014634,0.015998
793,0.014226,0.011727,0.446403,-0.015766,0.013269,0.016649
794,0.008399,0.011444,0.435411,-0.015891,0.014317,0.015850
795,-0.044147,-0.069166,0.430506,-0.022605,0.019207,0.015863
796,0.009436,0.010323,0.443821,-0.016209,0.013938,0.018743
797,0.009527,0.021747,0.446736,-0.015131,0.013778,0.017479
798,0.013282,0.014760,0.435861,-0.015724,0.014055,0.015926
799,0.013149,0.009838,0.441542,-0.015853,0.013760,0.016013
800,0.011520,0.011842,0.443476,-0.015566,0.013776,0.016070
801,0.009039,0.008445,0.436980,-0.015856,0.014357,0.015431
802,-0.014142,-0.042917,0.432729,-0.020079,0.016580,0.015912
803,-0.022721,-0.031891,0.442771,-0.019249,0.016815,0.017799
804,0.007737,-0.005053,0.439582,-0.017331,0.014393,0.017868
805,0.008524,0.023129,0.444809,-0.014893,0.014044,0.017713
806,0.016529,0.015683,0.439554,-0.015392,0.013655,0.016166
807,0.012121,0.008604,0.438471,-0.015830,0.014113,0.015967
808,0.013259,0.012942,0.441273,-0.015334,0.013855,0.016100
809,-0.014027,-0.055154,0.432995,-0.021027,0.016672,0.015816
810,0.004052,-0.005029,0.445154,-0.016970,0.014419,0.018253
811,0.008723,0.023394,0.443970,-0.014674,0.014078,0.017679
812,0.014028,0.014829,0.438116,-0.015258,0.013958,0.016163
813,-0.015954,-0.038468,0.431567,-0.019636,0.016900,0.016054
814,0.007063,0.017612,0.449873,-0.014849,0.013938,0.017740
815,0.015676,0.015295,0.438570,-0.015129,0.013836,0.016238
816,-0.029843,-0.060362,0.431481,-0.021442,0.018201,0.015766
817,0.008331,-0.003466,0.444437,-0.016822,0.014209,0.018203
818,0.010058,0.033339,0.433805,-0.013946,0.014638,0.017655
819,0.016287,0.004690,0.449197,-0.015693,0.013337,0.016040
820,-0.005276,-0.040911,0.431637,-0.019836,0.016110,0.016043
821,0.006761,0.018035,0.448995,-0.014875,0.014112,0.017785
822,0.016373,0.015414,0.439572,-0.015152,0.013820,0.016269
823,-0.023672,-0.053529,0.429902,-0.020941,0.017806,0.015694
824,0.006106,0.019683,0.446979,-0.014830,0.014340,0.018142
825,0.010667,0.020769,0.447132,-0.014629,0.013980,0.016589
826,-0.031032,-0.057652,0.423771,-0.021433,0.018913,0.015110
827,0.005815,0.022267,0.443184,-0.014808,0.014834,0.018176
828,0.014661,0.035247,0.434650,-0.013644,0.014574,0.016526
829,-0.044334,-0.076355,0.442151,-0.022483,0.019401,0.014968
830,0.010802,0.033545,0.434618,-0.013990,0.015080,0.017628
831,0.011877,0.011241,0.457672,-0.015122,0.013822,0.016017
832,-0.031815,-0.056321,0.424699,-0.021384,0.019446,0.014645
833,0.011070,0.033569,0.434943,-0.013955,0.015299,0.017424
834,0.010291,-0.019103,0.447617,-0.017770,0.014760,0.015853
835,0.003319,0.010223,0.442260,-0.015679,0.015627,0.016207
836,0.011532,0.032833,0.432446,-0.013853,0.015586,0.015951
837,-0.028487,-0.073263,0.427507,-0.022436,0.019446,0.014288
838,0.006540,0.032914,0.436752,-0.014212,0.016068,0.018735
839,0.013256,0.033677,0.434425,-0.013747,0.015771,0.017031
840,0.006672,-0.008474,0.474414,-0.016231,0.014378,0.015401
841,0.019345,0.020832,0.447429,-0.014560,0.014542,0.013865
842,-0.037369,-0.085951,0.420833,-0.023687,0.021000,0.013329
843,0.011458,0.033649,0.435503,-0.014024,0.016064,0.017630
844,0.012470,0.026895,0.440265,-0.014106,0.015871,0.016149
845,0.014765,0.033360,0.433912,-0.013306,0.016109,0.014632
846,-0.051348,-0.137244,0.434278,-0.027180,0.022023,0.013105
847,0.009106,0.034303,0.439083,-0.014383,0.016572,0.020282
848,0.013842,0.034037,0.435077,-0.014052,0.016557,0.018776
849,0.007786,0.001457,0.464636,-0.015942,0.015685,0.017122
850,0.030635,0.012679,0.452002,-0.015331,0.014266,0.015494
851,0.014121,0.022570,0.439115,-0.014621,0.016299,0.015394
852,0.016532,0.033569,0.432156,-0.013475,0.016522,0.014344
853,0.015083,0.032539,0.432752,-0.013001,0.016713,0.012768
854,-0.093282,-0.276686,0.433134,-0.038531,0.026361,0.011126
855,0.007146,0.041500,0.422382,-0.014604,0.018039,0.023989
856,0.013395,0.034069,0.436071,-0.014494,0.017000,0.022281
857,0.015142,0.008409,0.466423,-0.015853,0.015301,0.020720
858,0.016551,0.022047,0.451450,-0.015156,0.015890,0.019266
859,-0.020000,-0.101618,0.428268,-0.025814,0.020369,0.017655
860,0.019529,-0.014363,0.449410,-0.019039,0.015697,0.022330
861,0.010441,0.035091,0.437056,-0.015466,0.017110,0.022276
862,0.014776,0.035368,0.435443,-0.015142,0.016948,0.020315
863,0.014797,0.028868,0.441049,-0.015227,0.016724,0.018320
864,-0.080549,-0.208725,0.434532,-0.035072,0.025550,0.016304
865,0.005336,0.037846,0.425373,-0.016522,0.018601,0.025486
866,0.018848,0.038788,0.437982,-0.015865,0.016924,0.023124
867,0.017282,0.037011,0.436332,-0.015658,0.017211,0.021142
868,0.017196,0.036119,0.435382,-0.015295,0.017371,0.019059
869,0.007817,-0.056805,0.470261,-0.022094,0.016345,0.016880
870,-0.077792,-0.240571,0.370184,-0.040135,0.029230,0.017861
871,0.047041,0.034470,0.392495,-0.018595,0.017309,0.043015
872,0.046735,0.034783,0.392369,-0.018613,0.017095,0.039976
873,0.046348,0.034983,0.392231,-0.018577,0.016844,0.036431
874,-0.085546,0.011146,0.607199,-0.017301,0.016526,0.032535
875,0.013522,-0.049016,0.489658,-0.023641,0.015039,0.030425
876,0.013093,0.032177,0.441899,-0.018499,0.017468,0.031860
877,0.022816,0.005707,0.442170,-0.020514,0.016653,0.027975
878,0.014945,-0.013257,0.429531,-0.022312,0.017979,0.026495
879,0.017903,-0.012770,0.453168,-0.022024,0.016414,0.026952
880,0.014374,0.005291,0.442278,-0.021000,0.017213,0.026264
881,0.047320,0.028285,0.395942,-0.019768,0.016736,0.024820
882,-0.064469,-0.147392,0.418191,-0.034318,0.025192,0.020637
883,0.001590,0.014338,0.476804,-0.020583,0.016432,0.034986
884,0.047249,0.033148,0.394443,-0.020454,0.016814,0.031765
885,0.046645,0.033304,0.394272,-0.020410,0.016539,0.027740
886,0.045854,0.038039,0.392154,-0.019944,0.016330,0.023600
887,0.044907,0.026584,0.396443,-0.020590,0.015794,0.019494
888,0.044453,0.038420,0.391815,-0.019878,0.015550,0.015306
889,-0.122795,-0.019460,0.683088,-0.019993,0.014194,0.011467
890,0.036031,-0.017083,0.453625,-0.020801,0.014473,0.017142
891,0.045968,0.038869,0.392315,-0.019899,0.016344,0.012662
892,0.045354,0.038440,0.392140,-0.019524,0.016019,0.009407
893,0.044756,0.020840,0.398876,-0.020457,0.015301,0.006352
894,-0.241315,-0.408791,0.487437,-0.055376,0.035782,0.003412
895,-0.003364,0.011687,0.465741,-0.022707,0.016916,0.042978
896,0.045923,0.040277,0.392380,-0.021729,0.016533,0.043884
897,0.045493,0.040458,0.392237,-0.021631,0.016283,0.041017
898,-0.053809,0.051662,0.522412,-0.018580,0.017716,0.037610
899,0.045886,0.039335,0.392287,-0.020522,0.016564,0.035124
900,0.048694,-0.002217,0.409885,-0.023421,0.015155,0.031062
901,0.044971,0.035197,0.394854,-0.021098,0.015745,0.026488
902,-0.082114,-0.005791,0.626826,-0.020900,0.014004,0.022117
903,0.036109,0.001359,0.405089,-0.021832,0.016903,0.024710
904,0.044936,0.033276,0.402274,-0.020577,0.016082,0.019943
905,-0.026615,0.022473,0.510557,-0.020007,0.016133,0.015708
906,-0.019353,-0.088421,0.435563,-0.030004,0.019812,0.013455
907,0.046509,0.027092,0.397732,-0.021343,0.015965,0.021298
908,-0.042599,-0.004109,0.488115,-0.022609,0.018533,0.017862
909,-0.042001,-0.106818,0.427022,-0.031818,0.022181,0.018526
910,-0.038666,-0.085755,0.461568,-0.030232,0.020167,0.028043
911,0.045772,0.040895,0.392416,-0.021387,0.016520,0.035703
912,-0.003377,0.046218,0.457521,-0.019716,0.017082,0.032512
913,0.047004,0.022148,0.400015,-0.021913,0.015943,0.029663
914,-0.027902,0.049270,0.490821,-0.018250,0.017275,0.025831
915,0.014398,0.042908,0.434673,-0.018563,0.016952,0.023044
916,0.042028,0.022419,0.397076,-0.020043,0.016639,0.019689
917,0.032233,-0.003613,0.405017,-0.021908,0.016953,0.015831
918,-0.301060,-0.615168,0.505947,-0.072490,0.040006,0.011823
919,0.044011,0.046856,0.392836,-0.025839,0.015851,0.044796
920,-0.082322,0.111673,0.464590,-0.019716,0.023234,0.040699
921,0.006558,0.048831,0.446845,-0.022967,0.017728,0.040580
922,0.046917,0.044715,0.393103,-0.023621,0.017308,0.036447
923,0.046798,0.044535,0.392995,-0.023324,0.017186,0.031615
924,-0.046392,0.042801,0.532039,-0.020973,0.017748,0.026686
925,0.015055,0.045767,0.436834,-0.020901,0.018252,0.024349
926,0.048101,0.041417,0.393091,-0.021002,0.017872,0.020009
927,-0.015001,0.046469,0.471596,-0.018681,0.019088,0.015387
928,0.048588,0.038790,0.393017,-0.019227,0.018110,0.011746
929,0.054228,-0.074956,0.440418,-0.027396,0.015038,0.007678
930,-0.199195,-0.412296,0.438288,-0.058463,0.037034,0.002874
931,0.049516,0.042838,0.393231,-0.023122,0.018436,0.043876
932,0.049353,0.043001,0.393104,-0.022995,0.018299,0.041118
933,-0.038663,0.029767,0.582526,-0.020931,0.015321,0.037808
934,0.033092,-0.004361,0.407416,-0.024745,0.019498,0.032863
935,-0.023228,0.044539,0.496189,-0.021127,0.019620,0.028088
936,-0.168432,-0.388070,0.449963,-0.057383,0.035734,0.025125
937,0.051690,0.046170,0.393830,-0.025452,0.019538,0.058152
938,0.051560,0.046674,0.393728,-0.025477,0.019396,0.054195
939,0.051314,0.046995,0.393608,-0.025414,0.019202,0.049543
940,0.050972,0.047156,0.393470,-0.025274,0.018965,0.044381
941,0.050265,0.047137,0.394098,-0.025038,0.018658,0.038894
942,0.049946,0.047115,0.393140,-0.024826,0.018345,0.033204
943,-0.171390,0.035720,0.706884,-0.020718,0.020668,0.027534
944,0.060403,-0.021682,0.424031,-0.027279,0.017770,0.028064
945,-0.005351,0.001306,0.523580,-0.025671,0.017407,0.021813
946,-0.070697,-0.154567,0.433806,-0.040026,0.028232,0.020628
947,0.052851,0.047606,0.393928,-0.025029,0.019953,0.040262
948,0.052673,0.030517,0.400564,-0.026010,0.019395,0.034913
949,-0.062951,0.024354,0.517990,-0.024864,0.023279,0.029326
950,0.014696,-0.055961,0.416880,-0.032520,0.022464,0.024775
951,0.013467,0.053271,0.451835,-0.022983,0.020299,0.029135
952,0.016629,0.046441,0.442111,-0.022813,0.020650,0.024865
953,0.018005,0.045491,0.440026,-0.022122,0.020701,0.020262
954,-0.164155,-0.315851,0.424336,-0.052130,0.037900,0.015808
955,-0.046329,-0.157741,0.425059,-0.041978,0.027873,0.038185
956,0.054336,0.049671,0.394225,-0.026715,0.020658,0.051498
957,-0.016325,0.050472,0.490815,-0.025155,0.021466,0.047291
958,0.016601,0.050543,0.451823,-0.025259,0.020951,0.043025
959,0.018028,0.054037,0.442333,-0.024634,0.021407,0.038253
960,0.054812,0.048717,0.394186,-0.025077,0.020854,0.033515
961,-0.021325,0.049876,0.493664,-0.022976,0.021967,0.028195
962,0.018014,0.047206,0.441955,-0.022926,0.021741,0.023587
963,0.055292,0.045859,0.394112,-0.022839,0.021071,0.018696
964,0.041686,-0.023688,0.419083,-0.027672,0.020860,0.013797
965,0.054748,0.046839,0.393887,-0.023177,0.020561,0.008570
966,-0.029393,0.045493,0.492766,-0.021097,0.022527,0.004374
967,0.067076,-0.029781,0.427009,-0.026875,0.018168,0.005437
968,-0.017175,-0.005052,0.585771,-0.023447,0.016128,0.001632
969,0.054033,0.045014,0.393646,-0.021850,0.020193,0.004358
970,-0.104342,-0.152796,0.440295,-0.037225,0.031490,0.001974
971,0.035358,0.054518,0.432825,-0.020592,0.019903,0.011958
972,0.025060,0.045803,0.431875,-0.020326,0.020743,0.011310
973,0.053801,0.042177,0.393421,-0.020306,0.020170,0.010177
974,0.053079,0.041129,0.393186,-0.019605,0.019805,0.008375
975,0.008225,0.004427,0.404411,-0.021891,0.023078,0.006621
976,0.054841,0.021193,0.404576,-0.020334,0.018879,0.004622
977,0.051926,0.040661,0.392694,-0.019013,0.019072,0.002772
978,0.050971,0.039590,0.392416,-0.018317,0.018608,0.001353
979,-0.135251,0.050461,0.680049,-0.012339,0.019003,0.000089
980,-0.440016,-0.753949,0.424800,-0.082146,0.061757,0.005183
981,0.055990,0.049572,0.394281,-0.025610,0.021430,0.042326
982,0.055584,0.050747,0.394144,-0.025972,0.021154,0.039802
983,-0.061627,0.137764,0.542931,-0.016449,0.022778,0.036725
984,0.013237,0.058620,0.432731,-0.021156,0.023431,0.037361
985,0.024724,0.045434,0.450417,-0.021043,0.021614,0.033932
986,0.023876,0.040481,0.447603,-0.020831,0.021816,0.030075
987,0.022429,0.041394,0.444239,-0.020183,0.022127,0.027255
988,0.022366,0.043179,0.443479,-0.019323,0.022141,0.024373
989,0.023951,0.042183,0.443217,-0.018594,0.021936,0.020947
990,0.056122,0.040380,0.393799,-0.018579,0.021671,0.017722
991,0.055499,0.039203,0.393582,-0.017855,0.021319,0.013760
992,-0.040968,0.044604,0.517602,-0.014753,0.022866,0.009992
993,0.025852,0.038169,0.432440,-0.015107,0.022175,0.008712
994,0.026225,0.036876,0.433077,-0.014061,0.022027,0.006140
995,-0.016918,-0.110134,0.509060,-0.024279,0.021830,0.003999
996,-0.001045,-0.030308,0.409555,-0.020740,0.025422,0.007559
997,0.016899,0.020249,0.461558,-0.016278,0.021084,0.011911
998,0.021033,0.027604,0.435447,-0.015460,0.021975,0.011656
999,-0.050961,-0.096510,0.423995,-0.025430,0.028929,0.010855
1000,0.020357,0.014124,0.449376,-0.016130,0.021233,0.015614
1001,-0.000043,0.001748,0.430095,-0.017028,0.023861,0.014518
1002,-0.049104,-0.092304,0.435049,-0.024467,0.027912,0.014511
1003,0.018564,0.024850,0.439756,-0.015110,0.021706,0.018248
1004,0.018053,0.013417,0.448962,-0.015416,0.021163,0.016736
1005,-0.026990,-0.069192,0.429773,-0.022377,0.025991,0.015206
1006,0.016805,0.017943,0.445409,-0.015167,0.021218,0.018772
1007,-0.021026,-0.040335,0.438327,-0.019859,0.024808,0.017094
1008,0.023889,0.035899,0.438152,-0.013555,0.020796,0.018051
1009,0.020179,0.013740,0.457262,-0.014603,0.019926,0.016578
1010,-0.036186,-0.072965,0.424522,-0.022330,0.026467,0.015196
1011,0.023220,0.035258,0.438305,-0.013319,0.020470,0.018230
1012,-0.036202,-0.065993,0.439839,-0.021372,0.025494,0.016740
1013,0.023871,0.035471,0.438424,-0.013283,0.020228,0.018398
1014,-0.036927,-0.066578,0.439621,-0.021433,0.025402,0.016881
1015,0.022770,0.012531,0.442261,-0.015206,0.019990,0.018494
1016,-0.025531,-0.046301,0.437062,-0.020131,0.024343,0.017312
1017,0.022969,0.035017,0.437987,-0.013538,0.019978,0.018329
1018,-0.040531,-0.072156,0.438856,-0.022190,0.025433,0.016696
1019,0.025532,0.036452,0.438093,-0.013620,0.019606,0.018462
1020,-0.038997,-0.067123,0.439844,-0.021970,0.025074,0.016856
1021,0.023310,0.034947,0.437401,-0.013965,0.019713,0.018346
1022,-0.033597,-0.064385,0.441438,-0.021941,0.024360,0.016641
1023,0.017404,0.032944,0.434635,-0.014412,0.020265,0.018265
1024,-0.018287,-0.036677,0.444390,-0.019833,0.022774,0.016414
1025,0.020485,0.034219,0.436243,-0.014314,0.019739,0.017529
1026,0.018270,-0.004337,0.455346,-0.016912,0.018884,0.015857
1027,0.022935,0.035340,0.435828,-0.014180,0.019294,0.014772
1028,0.020059,0.006698,0.453664,-0.015889,0.018513,0.013197
1029,0.023520,0.034714,0.433474,-0.013910,0.019046,0.012182
1030,0.021207,0.033103,0.432773,-0.013533,0.019164,0.010717
1031,0.009532,-0.009915,0.463537,-0.016168,0.018346,0.009232
1032,-0.072499,-0.175266,0.410329,-0.031189,0.028352,0.009815
1033,0.015295,0.040911,0.420601,-0.014526,0.020084,0.018636
1034,0.020573,0.034471,0.435446,-0.014214,0.018837,0.017161
1035,0.020199,0.033711,0.434876,-0.013845,0.018818,0.015958
1036,0.014145,-0.011261,0.479823,-0.016525,0.016878,0.014657
1037,-0.047699,-0.148315,0.423883,-0.029378,0.025055,0.013415
1038,-0.008262,-0.047317,0.426467,-0.022186,0.021197,0.021276
1039,0.003017,0.019618,0.437184,-0.016904,0.019595,0.024660
1040,0.017560,0.035673,0.436551,-0.015517,0.018390,0.022645
1041,0.018433,0.035509,0.436147,-0.015166,0.018302,0.020983
1042,0.048956,0.031283,0.392346,-0.015723,0.017903,0.019208
1043,-0.018390,-0.013896,0.531666,-0.017247,0.015997,0.016482
1044,0.029102,0.042534,0.431590,-0.014471,0.017038,0.015520
1045,0.000676,-0.004893,0.451902,-0.017648,0.018397,0.013941
1046,-0.206551,-0.605565,0.327868,-0.070473,0.043641,0.012781
1047,0.048314,0.036344,0.392409,-0.020617,0.017685,0.066481
1048,0.047802,0.037936,0.392289,-0.021263,0.017353,0.064186
1049,-0.057949,0.052910,0.546094,-0.018131,0.017917,0.060823
1050,0.041597,0.000625,0.425060,-0.023725,0.016318,0.058437
1051,0.047876,0.039622,0.392475,-0.021493,0.017384,0.052779
1052,-0.082436,0.089019,0.562809,-0.014973,0.019139,0.046946
1053,0.048299,0.037957,0.392633,-0.019989,0.017744,0.043415
1054,-0.011560,0.026549,0.491599,-0.019304,0.017379,0.037202
1055,0.048275,0.037129,0.392593,-0.019266,0.017700,0.035925
1056,0.047829,0.036825,0.392454,-0.018979,0.017407,0.029741
1057,0.047280,0.036391,0.392296,-0.018632,0.017074,0.023675
1058,0.044252,-0.009268,0.414764,-0.021789,0.015799,0.017853
1059,-0.123577,0.059488,0.631484,-0.013747,0.018131,0.011869
1060,-0.005745,-0.018611,0.447676,-0.021389,0.018936,0.009203
1061,0.018900,-0.037033,0.412072,-0.023699,0.018655,0.005160
1062,-0.104817,-0.345551,0.351396,-0.050956,0.032773,0.006555
1063,0.012900,0.041416,0.439305,-0.019428,0.017610,0.038505
1064,0.016578,0.011670,0.450780,-0.021417,0.016783,0.036146
1065,-0.008860,0.013479,0.493280,-0.021159,0.016524,0.032976
1066,-0.010107,-0.023778,0.457171,-0.024975,0.018630,0.030039
1067,-0.012293,-0.022125,0.449256,-0.025416,0.019231,0.030814
1068,0.044332,0.040295,0.395826,-0.021257,0.017145,0.032312
1069,0.046755,0.040007,0.392505,-0.021133,0.016845,0.028379
1070,0.046260,0.039853,0.392353,-0.020884,0.016559,0.024286
1071,-1.285936,-0.687201,0.637622,-0.079020,0.119148,0.020171
1072,0.050212,0.045034,0.395392,-0.024877,0.020452,0.051292
1073,0.050996,0.046341,0.395446,-0.025314,0.020703,0.047466
1074,0.051609,0.047155,0.395464,-0.025497,0.020886,0.043135
1075,0.052089,0.047804,0.395457,-0.025599,0.021010,0.038397
1076,0.052396,0.048268,0.395420,-0.025612,0.021059,0.033414
1077,0.052562,0.048554,0.395357,-0.025537,0.021048,0.028316
1078,0.052559,0.048679,0.395263,-0.025386,0.020967,0.023242
1079,-0.137433,0.076074,0.594257,-0.020004,0.027392,0.018287
1080,0.052379,0.046814,0.401103,-0.023426,0.022944,0.016861
1081,-0.003993,0.047165,0.481652,-0.021578,0.023772,0.012576
1082,0.017515,0.046948,0.437522,-0.021329,0.025052,0.009930
1083,0.026921,0.045006,0.431520,-0.020573,0.025207,0.006996
1084,0.029009,0.043629,0.432070,-0.019655,0.025478,0.004184
1085,0.030998,0.042234,0.431578,-0.018684,0.025767,0.001731
1086,-0.121471,-0.427152,0.450921,-0.056981,0.038826,-0.000359
1087,0.020509,0.045394,0.442511,-0.021785,0.026874,0.019312
1088,0.029356,0.045322,0.437997,-0.021354,0.026853,0.018218
1089,-0.023278,-0.077856,0.445756,-0.031238,0.031724,0.016932
1090,0.066103,0.044975,0.396427,-0.022792,0.026878,0.021652
1091,-0.032693,-0.016945,0.521430,-0.025935,0.028845,0.019460
1092,-0.217869,-0.048753,0.554094,-0.028212,0.043075,0.021690
1093,0.028522,0.029401,0.354554,-0.024712,0.033595,0.033926
1094,0.068951,0.047978,0.397170,-0.023761,0.028581,0.030517
1095,0.051709,0.027669,0.402409,-0.025097,0.029822,0.027526
1096,0.069332,0.048191,0.396933,-0.023538,0.028510,0.024072
1097,0.068933,0.047710,0.396719,-0.023119,0.028228,0.020737
1098,0.068341,0.047089,0.396475,-0.022639,0.027864,0.017361
1099,0.067564,0.046346,0.396204,-0.022105,0.027423,0.014029
1100,-0.174636,0.057789,0.665592,-0.016611,0.034094,0.010815
1101,0.036332,0.043838,0.438194,-0.018397,0.030123,0.010897
1102,0.071288,0.040144,0.396570,-0.018065,0.029356,0.008432
1103,-0.003083,-0.034130,0.417294,-0.023373,0.035127,0.005661
1104,0.075137,0.042163,0.396751,-0.018932,0.030680,0.002071
1105,-0.160712,-0.308080,0.541777,-0.045349,0.042910,-0.000153
1106,0.041009,0.018653,0.413239,-0.021532,0.032501,0.030458
1107,0.010135,0.011324,0.487205,-0.021055,0.031448,0.030687
1108,0.074826,0.036784,0.398772,-0.020280,0.030505,0.028968
1109,0.073961,0.041840,0.396408,-0.019660,0.030095,0.026459
1110,-0.046167,0.039780,0.555944,-0.016996,0.031522,0.023744
1111,0.040570,0.038108,0.446062,-0.017629,0.030132,0.023072
1112,0.039440,0.037790,0.443827,-0.016902,0.029984,0.020715
1113,-0.352028,-0.151016,0.576248,-0.030190,0.056147,0.018330
1114,-0.026972,0.011555,0.337003,-0.021398,0.042402,0.038182
1115,0.049047,0.039878,0.416233,-0.017605,0.032144,0.034605
1116,0.074066,0.040249,0.397171,-0.018718,0.030716,0.030621
1117,0.072895,0.036909,0.397883,-0.018518,0.030285,0.026930
1118,0.032558,0.023500,0.405714,-0.019229,0.033142,0.023076
1119,0.062013,0.032690,0.400152,-0.018311,0.030659,0.019024
1120,0.073605,0.040460,0.396009,-0.017760,0.029818,0.014994
1121,-0.123889,0.062038,0.658174,-0.011406,0.032354,0.011383
1122,-0.196127,-0.178488,0.447001,-0.032966,0.051383,0.010601
1123,0.073736,0.045965,0.427982,-0.015700,0.029290,0.021274
1124,0.040483,0.041477,0.439608,-0.015142,0.031006,0.018940
1125,0.040834,0.040562,0.436861,-0.014361,0.030845,0.016493
1126,-0.291531,-0.208493,0.442775,-0.034795,0.059880,0.014037
1127,0.109353,0.055733,0.391042,-0.014616,0.028494,0.026678
1128,0.075570,0.035962,0.396439,-0.015615,0.031180,0.029166
1129,0.032501,0.006005,0.406325,-0.017691,0.034169,0.025723
1130,0.074971,0.035550,0.396053,-0.015332,0.030602,0.021893
1131,-0.084795,0.052957,0.606476,-0.010259,0.032632,0.018274
1132,-0.009919,-0.056869,0.452222,-0.020250,0.035076,0.016785
1133,0.021634,0.022741,0.440204,-0.014305,0.032495,0.018954
1134,0.035426,0.033596,0.440847,-0.012606,0.031395,0.019418
1135,0.037503,0.032911,0.441238,-0.011903,0.030995,0.016957
1136,0.038337,0.031878,0.440602,-0.011204,0.030693,0.014581
1137,-0.086085,-0.240711,0.430564,-0.033668,0.042043,0.012247
1138,0.030871,0.037689,0.459820,-0.013175,0.030060,0.024555
1139,0.015035,-0.006942,0.451868,-0.016564,0.031657,0.022568
1140,0.042984,0.037656,0.445465,-0.012974,0.029120,0.020999
1141,0.037825,0.034002,0.442380,-0.012732,0.029296,0.018854
1142,0.071336,0.030311,0.395052,-0.013147,0.028428,0.016535
1143,0.002739,0.034697,0.484945,-0.011039,0.028881,0.013390
1144,0.036833,0.030819,0.438823,-0.011182,0.028249,0.012039
1145,-0.063665,-0.186185,0.425141,-0.029101,0.037513,0.009950
1146,0.069223,0.030949,0.394646,-0.014120,0.027196,0.020089
1147,0.067809,0.030547,0.394319,-0.013893,0.026433,0.017170
1148,-0.054717,0.035325,0.547671,-0.010937,0.028113,0.014249
1149,0.066974,0.028295,0.394160,-0.012510,0.026075,0.012853
1150,0.001962,0.032861,0.480313,-0.010415,0.026356,0.010036
1151,-0.057695,-0.176851,0.422672,-0.028212,0.034616,0.008942
1152,0.022313,0.035843,0.457736,-0.012884,0.025455,0.019674
1153,0.032138,0.032869,0.439280,-0.012798,0.025205,0.018176
1154,0.031986,0.032261,0.438522,-0.012337,0.024708,0.016074
1155,-0.120783,-0.263215,0.444908,-0.036721,0.037462,0.014096
1156,0.030854,0.045198,0.429395,-0.013944,0.024529,0.025169
1157,0.024153,0.013812,0.459174,-0.015530,0.023097,0.023213
1158,-0.006023,-0.016560,0.441007,-0.018496,0.026159,0.021309
1159,0.029910,0.035513,0.439795,-0.014254,0.022625,0.020841
1160,-0.035495,-0.058403,0.444021,-0.021804,0.027671,0.018765
1161,0.030895,0.036501,0.439257,-0.014429,0.021675,0.019678
1162,0.026214,0.033681,0.436643,-0.014327,0.021701,0.017653
1163,0.025293,0.032827,0.435433,-0.013986,0.021400,0.015564
1164,0.025430,0.032297,0.434650,-0.013562,0.020953,0.013409
1165,-0.059759,-0.150819,0.424561,-0.028703,0.028609,0.011353
1166,0.018621,0.037072,0.447719,-0.014915,0.020231,0.019864
1167,0.024351,0.034832,0.436100,-0.014803,0.019949,0.018054
1168,0.023591,0.033914,0.435174,-0.014381,0.019656,0.016074
1169,-0.129686,-0.271063,0.446528,-0.039516,0.032264,0.014058
1170,0.022557,0.047245,0.426651,-0.016101,0.019563,0.025494
1171,0.020998,0.036541,0.437484,-0.016250,0.018797,0.023526
1172,0.012671,0.004514,0.464397,-0.018237,0.017712,0.021546
1173,0.015203,0.011294,0.451805,-0.018091,0.017746,0.020012
1174,-0.018745,-0.032153,0.424793,-0.022257,0.021717,0.018360
1175,0.018733,0.037092,0.436066,-0.016515,0.017571,0.020045
1176,0.019326,0.036648,0.434536,-0.016163,0.017242,0.017858
1177,-0.082356,-0.159461,0.437162,-0.032240,0.025805,0.015746
1178,0.026728,0.038595,0.425961,-0.017547,0.016586,0.022652
1179,0.009212,0.039286,0.447801,-0.016857,0.016568,0.020400
1180,0.017378,0.037690,0.434031,-0.016688,0.016406,0.018551
1181,-0.001640,-0.009001,0.467511,-0.019685,0.016119,0.016406
1182,-0.054804,-0.109556,0.430077,-0.029119,0.022549,0.014715
1183,0.024119,0.044853,0.434971,-0.017040,0.015005,0.020045
1184,0.015183,0.038151,0.433126,-0.017089,0.015590,0.018383
1185,0.015237,0.037517,0.432473,-0.016632,0.015424,0.016441
1186,-0.122733,-0.251136,0.436550,-0.040470,0.027344,0.014490
1187,0.014804,0.051036,0.426106,-0.018063,0.015690,0.025620
1188,0.014033,0.024187,0.453455,-0.019218,0.014200,0.023743
1189,0.011800,0.027269,0.445405,-0.019051,0.014621,0.021909
1190,-0.097102,-0.205608,0.402956,-0.039135,0.026277,0.019769
1191,0.042395,0.037232,0.391639,-0.020262,0.014710,0.041285
1192,0.040556,0.030298,0.394098,-0.020747,0.014356,0.038243
1193,0.041088,0.037692,0.391330,-0.020185,0.014004,0.034687
1194,-0.082407,0.050067,0.555187,-0.016489,0.015614,0.030859
1195,0.007446,0.039360,0.436241,-0.017773,0.014978,0.028676
1196,-0.023544,-0.047092,0.502427,-0.023467,0.014080,0.024941
1197,-0.006038,0.004703,0.429440,-0.021299,0.016209,0.021908
1198,-0.903304,-0.485694,0.566496,-0.060800,0.086858,0.021090
1199,0.038924,0.041354,0.373099,-0.022144,0.018350,0.045091
1200,0.043963,0.041704,0.393788,-0.022403,0.017006,0.041170
1201,0.044273,0.042118,0.393770,-0.022412,0.017073,0.037004
1202,0.044464,0.042336,0.393729,-0.022325,0.017090,0.032555
1203,0.044551,0.042408,0.393668,-0.022169,0.017062,0.027948
1204,0.044492,0.042322,0.393581,-0.021938,0.016973,0.023303
1205,0.044321,0.042097,0.393471,-0.021640,0.016838,0.018729
1206,0.044035,0.041735,0.393340,-0.021278,0.016656,0.014317
1207,-0.040993,-0.014740,0.412764,-0.025637,0.023617,0.010142
1208,-0.141078,0.032882,0.659672,-0.018876,0.020376,0.005549
1209,0.028111,0.048007,0.435141,-0.019421,0.019444,0.010490
1210,0.002624,0.010206,0.444902,-0.021634,0.021710,0.008498
1211,0.016078,0.025628,0.439815,-0.020259,0.021335,0.006966
1212,0.031583,0.046203,0.434038,-0.018050,0.020639,0.005830
1213,0.018648,-0.021966,0.496461,-0.021990,0.018693,0.004373
1214,0.004119,-0.013331,0.437040,-0.022660,0.023233,0.003287
1215,0.035316,0.052705,0.420159,-0.017235,0.021577,0.005779
1216,0.021988,0.022987,0.449040,-0.018286,0.021414,0.005348
1217,-0.010494,-0.039027,0.442103,-0.023187,0.024890,0.004716
1218,0.026088,0.041142,0.433497,-0.017131,0.022490,0.007463
1219,0.049420,0.011552,0.409584,-0.019229,0.021981,0.006939
1220,-0.001420,0.045682,0.478517,-0.015633,0.022539,0.005339
1221,0.027068,0.038974,0.432645,-0.015689,0.023048,0.006079
1222,0.050138,-0.002171,0.415631,-0.018629,0.022083,0.005502
1223,0.051847,0.027642,0.396957,-0.016945,0.022607,0.003954
1224,-0.029286,0.048545,0.523134,-0.012853,0.022689,0.002803
1225,0.019595,0.008180,0.434750,-0.015994,0.023805,0.004822
1226,-0.006986,-0.056891,0.459512,-0.020880,0.025130,0.006950
1227,0.026992,0.036907,0.435589,-0.013854,0.023390,0.008879
1228,0.027296,0.035593,0.434630,-0.013189,0.023424,0.008630
1229,-0.009912,-0.052778,0.457488,-0.019537,0.025484,0.008324
1230,0.027668,0.035453,0.435521,-0.012877,0.023290,0.010662
1231,0.026806,0.034185,0.435656,-0.012234,0.023295,0.010305
1232,0.021290,0.010048,0.456296,-0.013188,0.022691,0.009984
1233,-0.026240,-0.064673,0.440029,-0.019483,0.027615,0.009507
1234,0.027036,0.024174,0.428980,-0.012380,0.023353,0.012438
1235,0.022565,0.030802,0.434304,-0.011226,0.023503,0.013287
1236,0.014262,-0.001730,0.463610,-0.012888,0.022691,0.012601
1237,0.026673,0.014014,0.412154,-0.012267,0.024149,0.012053
1238,0.016835,0.019667,0.448631,-0.011413,0.023100,0.014821
1239,-0.009195,-0.039869,0.458551,-0.015797,0.024622,0.013714
1240,-0.020453,-0.032921,0.444832,-0.015609,0.026140,0.014565
1241,0.009129,0.001022,0.436480,-0.012913,0.023871,0.014809
1242,-0.012004,-0.020695,0.439656,-0.014381,0.025384,0.014448
1243,-0.017128,-0.040067,0.436729,-0.015994,0.025883,0.014610
1244,0.014980,0.009913,0.445630,-0.011799,0.022543,0.016080
1245,0.018951,0.008564,0.449168,-0.011644,0.021806,0.014668
1246,-0.021138,-0.048094,0.429894,-0.016540,0.026129,0.013577
1247,0.021980,0.018400,0.446470,-0.010856,0.021315,0.015590
1248,-0.026395,-0.049529,0.432509,-0.016557,0.026121,0.014429
1249,0.024828,0.029576,0.438114,-0.010079,0.021242,0.015948
1250,0.023308,0.028215,0.436847,-0.009800,0.021216,0.014689
1251,-0.040985,-0.109238,0.430389,-0.021042,0.027079,0.013438
1252,0.017734,0.028008,0.439026,-0.010550,0.021390,0.018987
1253,0.023345,0.028960,0.437987,-0.010140,0.020791,0.017549
1254,0.004156,-0.013439,0.457797,-0.013027,0.021221,0.016171
1255,0.005491,-0.002275,0.449384,-0.012522,0.021201,0.015712
1256,0.000203,-0.000642,0.437567,-0.012602,0.022058,0.015624
1257,0.002723,-0.000761,0.439843,-0.012530,0.021545,0.015329
1258,0.002091,-0.000155,0.439727,-0.012464,0.021408,0.015236
1259,0.020410,0.027812,0.436021,-0.010119,0.019817,0.015061
1260,-0.054282,-0.113320,0.430484,-0.021731,0.026619,0.013722
1261,0.021490,0.029650,0.438513,-0.010620,0.019411,0.018538
1262,0.020050,0.028243,0.436502,-0.010470,0.019447,0.017225
1263,-0.035960,-0.062561,0.447066,-0.017686,0.023617,0.015746
1264,0.021706,0.029742,0.437430,-0.010693,0.018941,0.017023
1265,0.019943,0.028223,0.435621,-0.010531,0.018999,0.015574
1266,0.019386,0.027383,0.434880,-0.010222,0.018950,0.014123
1267,0.021564,-0.009024,0.476064,-0.012277,0.016253,0.012544
1268,0.004788,-0.007383,0.435635,-0.013156,0.019589,0.011639
1269,-0.062677,-0.136960,0.419703,-0.024480,0.026382,0.012825
1270,0.023450,0.043579,0.426559,-0.010845,0.018359,0.019670
1271,0.016141,0.028201,0.434905,-0.011385,0.018418,0.018413
1272,0.018261,0.028866,0.435680,-0.011020,0.018038,0.016852
1273,0.018329,0.028224,0.434852,-0.010687,0.017945,0.015374
1274,-0.107709,-0.276272,0.443399,-0.035835,0.028440,0.013850
1275,0.004549,0.033729,0.423520,-0.012941,0.019446,0.025571
1276,0.017965,0.018884,0.452630,-0.013397,0.016771,0.023694
1277,0.017952,0.031602,0.437397,-0.012654,0.017398,0.022236
1278,0.017420,0.030905,0.436247,-0.012473,0.017399,0.020509
1279,-0.087593,-0.199098,0.454440,-0.031344,0.025525,0.018618
1280,0.008914,0.037759,0.425264,-0.014165,0.018479,0.025886
1281,0.017049,0.033282,0.437503,-0.014000,0.017150,0.023576
1282,0.018650,0.020523,0.439735,-0.014831,0.016860,0.021549
1283,0.019281,0.000183,0.478744,-0.015972,0.014445,0.019176
1284,0.016566,0.033202,0.434165,-0.014316,0.016771,0.017927
1285,0.015676,0.032066,0.431916,-0.014138,0.016929,0.015794
1286,-0.098916,-0.237290,0.429611,-0.036613,0.027117,0.013514
1287,0.014681,0.036062,0.438455,-0.015908,0.016561,0.024216
1288,0.015734,0.035454,0.435683,-0.015819,0.016623,0.022394
1289,-0.160849,-0.459348,0.343167,-0.058807,0.037584,0.020401
1290,0.046598,0.035040,0.392291,-0.020460,0.016835,0.060672
1291,-0.021227,0.044807,0.490418,-0.018712,0.017202,0.057861
1292,0.007021,0.041805,0.449997,-0.019430,0.017215,0.055164
1293,-0.005950,0.025431,0.489153,-0.020201,0.016213,0.051290
1294,0.047197,0.036548,0.392556,-0.020341,0.017155,0.047110
1295,0.046877,0.037032,0.392453,-0.020439,0.016910,0.041539
1296,0.046460,0.037363,0.392333,-0.020459,0.016627,0.035745
1297,0.045596,0.031341,0.395832,-0.020892,0.016160,0.029893
1298,-0.132982,0.059282,0.628060,-0.015408,0.018955,0.023966
1299,0.047097,0.036397,0.392538,-0.019255,0.017038,0.020730
1300,0.053668,-0.040942,0.426168,-0.024944,0.014516,0.015478
1301,0.045966,0.038650,0.392324,-0.020404,0.016237,0.009877
1302,0.046011,0.024910,0.397838,-0.021192,0.015587,0.005331
1303,0.044687,0.038627,0.391993,-0.020138,0.015517,0.001116
1304,0.043117,0.038368,0.394796,-0.019698,0.015038,-0.002486
1305,-0.563632,-0.806576,0.655548,-0.086698,0.054018,-0.005543
1306,-0.309829,-0.328335,0.367961,-0.056797,0.050081,0.024470
1307,0.052665,0.048658,0.394544,-0.029269,0.019693,0.047753
1308,0.108637,0.093023,0.451244,-0.025244,0.011089,0.044203
1309,0.043599,0.054283,0.407106,-0.029088,0.018648,0.040640
1310,-0.073549,0.052777,0.568523,-0.026887,0.019943,0.036353
1311,0.051977,0.050551,0.394502,-0.028990,0.019416,0.034659
1312,-0.011613,0.050348,0.480025,-0.027775,0.020439,0.029875
1313,0.053165,0.050687,0.394591,-0.028465,0.019927,0.026557
1314,-0.007357,0.050024,0.472135,-0.027112,0.021110,0.021778
1315,0.054144,0.049895,0.394601,-0.027490,0.020350,0.018421
1316,0.054103,0.049385,0.394475,-0.026987,0.020274,0.013997
1317,-0.067853,-0.065767,0.626788,-0.032891,0.018721,0.009820
1318,-0.431034,-0.708804,0.500093,-0.090973,0.057496,0.007871
1319,0.055405,0.059891,0.395783,-0.034805,0.021419,0.060663
1320,0.055368,0.061531,0.395739,-0.035295,0.021319,0.056981
1321,0.055221,0.062898,0.395673,-0.035645,0.021171,0.052510
1322,0.054943,0.064018,0.395581,-0.035871,0.020967,0.047456
1323,0.054544,0.064875,0.395464,-0.035964,0.020713,0.041988
1324,0.054006,0.065478,0.395320,-0.035930,0.020405,0.036287
1325,-0.124175,0.116652,0.585629,-0.028685,0.025863,0.030510
1326,0.056750,0.062742,0.395659,-0.033437,0.021902,0.028726
1327,-0.000838,0.069695,0.481503,-0.030846,0.022216,0.023224
1328,0.030315,0.063561,0.437268,-0.030729,0.022217,0.019539
1329,0.031886,0.061665,0.436324,-0.029718,0.022154,0.015199
1330,0.019265,0.060432,0.431939,-0.028617,0.023612,0.011209
1331,0.026686,0.057324,0.427540,-0.027220,0.023627,0.007620
1332,0.023593,0.044114,0.441268,-0.026526,0.023382,0.004007
1333,0.016296,-0.131662,0.458248,-0.039644,0.024270,0.003170
1334,0.046973,0.041987,0.401055,-0.028853,0.024420,-0.001066
1335,0.062059,0.056683,0.395551,-0.028071,0.023971,-0.004393
1336,0.061492,0.055466,0.395298,-0.027191,0.023675,-0.006749
1337,0.060773,0.054090,0.395017,-0.026243,0.023319,-0.008654
1338,0.009742,0.000060,0.409713,-0.029691,0.027037,-0.010120
1339,-0.347521,-0.747596,0.476219,-0.092039,0.055988,-0.011694
1340,0.065008,0.057150,0.395576,-0.030487,0.025482,0.064776
1341,-0.026243,0.071827,0.540533,-0.026960,0.025359,0.064158
1342,0.065298,0.056361,0.395498,-0.029317,0.025714,0.063878
1343,-0.028227,0.061139,0.553504,-0.026119,0.024995,0.060805
1344,0.031330,0.021520,0.489749,-0.028625,0.023780,0.058979
1345,0.011326,0.044578,0.473621,-0.027228,0.025926,0.051859
1346,0.014432,0.041928,0.451620,-0.026999,0.026907,0.044692
1347,-0.083923,-0.102417,0.457320,-0.038397,0.035396,0.039085
1348,0.032782,0.051026,0.435347,-0.026850,0.026422,0.044456
1349,0.065040,0.053000,0.395520,-0.026332,0.025686,0.039535
1350,-0.009551,0.056521,0.477064,-0.024095,0.027569,0.033488
1351,-0.019058,-0.082052,0.464121,-0.034534,0.029370,0.031590
1352,-0.051254,-0.054855,0.458064,-0.033430,0.032185,0.042139
1353,0.035704,0.063739,0.415910,-0.024668,0.026899,0.043440
1354,0.016909,0.053814,0.441959,-0.024006,0.027201,0.038758
1355,0.036128,0.053695,0.420554,-0.023174,0.026856,0.033369
1356,0.021519,0.048234,0.455355,-0.021937,0.026155,0.028848
1357,-0.084635,-0.189226,0.426415,-0.041304,0.037159,0.024374
1358,0.021870,0.020749,0.466411,-0.024867,0.025371,0.042356
1359,-0.031196,-0.032011,0.427011,-0.029613,0.032017,0.036348
1360,-0.010061,0.004996,0.447329,-0.026059,0.029220,0.039612
1361,0.033473,0.020156,0.441581,-0.024492,0.025792,0.037287
1362,-0.023406,0.002167,0.446028,-0.025448,0.030271,0.035441
1363,0.031172,0.014747,0.442097,-0.024114,0.025741,0.037239
1364,0.028735,0.005536,0.450629,-0.024331,0.025408,0.035019
1365,-0.080338,-0.017805,0.436265,-0.026252,0.035405,0.034322
1366,0.023896,0.030100,0.435361,-0.022107,0.026522,0.036508
1367,0.064101,0.040190,0.396386,-0.020970,0.025013,0.034957
1368,-0.003546,0.034666,0.487118,-0.019640,0.025577,0.029680
1369,0.065819,0.012092,0.404414,-0.021622,0.024113,0.028760
1370,-0.040181,-0.028100,0.504645,-0.023381,0.026919,0.023519
1371,0.026997,0.040546,0.421516,-0.018661,0.025280,0.036484
1372,0.059781,0.038401,0.394369,-0.018262,0.023537,0.032670
1373,0.049292,0.012305,0.400644,-0.019706,0.023520,0.027760
1374,0.057841,0.041467,0.393672,-0.018667,0.022337,0.022163
1375,-0.226157,-0.055212,0.551619,-0.023722,0.037838,0.017436
1376,0.052208,0.039424,0.401699,-0.017134,0.023404,0.025125
1377,0.006912,0.040214,0.436127,-0.015695,0.025151,0.020788
1378,-0.018304,0.038872,0.475658,-0.014076,0.025325,0.017206
1379,0.024320,0.035855,0.435511,-0.013569,0.024055,0.014513
1380,-0.014390,-0.099401,0.423575,-0.024018,0.028031,0.011375
1381,0.037572,-0.023324,0.450371,-0.018038,0.022057,0.023181
1382,0.043460,0.026594,0.397579,-0.017100,0.024545,0.018142
1383,0.048888,0.029818,0.396238,-0.016601,0.023940,0.014119
1384,0.058871,0.036320,0.393494,-0.015573,0.022644,0.010369
1385,-0.106723,0.056845,0.615745,-0.009880,0.024706,0.006921
1386,0.058916,0.032744,0.393470,-0.013301,0.022862,0.008391
1387,-0.010963,-0.055885,0.518004,-0.018047,0.021611,0.005637
1388,-0.024715,-0.080362,0.410861,-0.021995,0.028415,0.010085
1389,0.055841,0.025648,0.396198,-0.013384,0.022050,0.018169
1390,-0.041031,-0.007461,0.479748,-0.014671,0.025479,0.015918
1391,-0.034181,-0.083272,0.429760,-0.021190,0.027646,0.015740
1392,0.025429,0.036110,0.439606,-0.011497,0.021630,0.020126
1393,0.022730,0.032187,0.439471,-0.011071,0.021578,0.018686
1394,0.015089,-0.020522,0.460917,-0.014467,0.020876,0.017173
1395,0.025452,0.032689,0.439036,-0.010534,0.020662,0.016342
1396,0.022556,0.030084,0.437195,-0.010046,0.020667,0.014833
1397,0.021323,0.028497,0.435860,-0.009469,0.020537,0.013235
1398,0.022108,0.027816,0.435869,-0.008790,0.020114,0.011542
1399,0.021151,0.026244,0.434782,-0.008147,0.019923,0.010029
1400,0.021396,0.025173,0.434155,-0.007441,0.019584,0.008515
1401,0.050656,0.020759,0.391746,-0.007574,0.018928,0.007223
1402,-0.130231,-0.268486,0.446277,-0.030628,0.031447,0.005206
1403,-0.001986,0.011127,0.481347,-0.010789,0.018515,0.022536
1404,0.020631,0.030123,0.440723,-0.009526,0.018520,0.021987
1405,0.049357,0.023945,0.391758,-0.010270,0.018251,0.020416
1406,-0.013476,0.031052,0.483587,-0.007991,0.018234,0.017797
1407,0.017459,0.025940,0.436852,-0.008323,0.018034,0.016944
1408,-0.059433,-0.148530,0.429807,-0.022601,0.024920,0.015070
1409,0.047575,0.023801,0.391549,-0.010667,0.017385,0.022729
1410,-0.026313,0.017679,0.522416,-0.009014,0.016120,0.019876
1411,0.012761,0.023295,0.441528,-0.009505,0.016908,0.018601
1412,0.012093,0.022852,0.440520,-0.009197,0.016689,0.016462
1413,0.013783,0.022411,0.440250,-0.008829,0.016188,0.014296
1414,0.011905,0.023972,0.433213,-0.008369,0.016446,0.012344
1415,-0.108861,-0.223642,0.429286,-0.028811,0.027360,0.010633
1416,0.044183,0.023446,0.391285,-0.011039,0.015824,0.020168
1417,-0.012618,0.031282,0.491192,-0.008795,0.014754,0.017698
1418,0.009305,0.022448,0.440736,-0.009792,0.015423,0.017135
1419,0.010191,0.022208,0.440263,-0.009555,0.015120,0.015385
1420,-0.051318,-0.064523,0.435609,-0.016712,0.020582,0.013659
1421,0.009777,0.007706,0.439938,-0.011200,0.014856,0.015605
1422,0.008461,0.026926,0.438259,-0.009588,0.014775,0.014466
1423,0.010229,0.025166,0.433445,-0.009404,0.014747,0.013224
1424,-0.043336,-0.096212,0.420838,-0.019363,0.020159,0.011889
1425,0.040731,0.023042,0.390988,-0.011019,0.014329,0.017159
1426,-0.034486,0.007395,0.512451,-0.010460,0.013991,0.014763
1427,0.012632,0.026814,0.435903,-0.009985,0.013974,0.013529
1428,-0.043380,-0.055323,0.432358,-0.016621,0.018914,0.012214
1429,0.005786,0.022678,0.439208,-0.010467,0.014198,0.014057
1430,-0.002675,-0.008427,0.443389,-0.012830,0.014577,0.012445
1431,-0.028116,-0.022056,0.427395,-0.014430,0.017498,0.012910
1432,0.009194,0.026046,0.431920,-0.010380,0.014060,0.013876
1433,0.036789,0.003031,0.398623,-0.012462,0.013477,0.012614
1434,-0.019091,0.032866,0.482131,-0.009077,0.013480,0.010297
1435,-0.073492,-0.162698,0.432921,-0.025642,0.021248,0.010234
1436,0.004527,0.023962,0.429558,-0.011618,0.014532,0.017676
1437,0.038394,0.017165,0.393807,-0.012479,0.013536,0.016289
1438,-0.026124,0.018836,0.505621,-0.010829,0.012794,0.014178
1439,0.007468,0.023923,0.439605,-0.011290,0.013524,0.013427
1440,-0.002798,-0.002670,0.444196,-0.013270,0.014211,0.012138
1441,0.008201,0.027046,0.435469,-0.011095,0.013663,0.011547
1442,-0.039007,-0.050073,0.431900,-0.017337,0.017977,0.010414
1443,0.008688,0.027571,0.431947,-0.011244,0.013885,0.012428
1444,0.009626,0.027345,0.431832,-0.010876,0.013931,0.011361
1445,0.010421,0.027080,0.431758,-0.010504,0.013920,0.010158
1446,-0.081644,-0.219127,0.446507,-0.030609,0.021346,0.009119
1447,-0.001340,0.029132,0.426074,-0.012507,0.015389,0.018953
1448,0.011993,0.030653,0.435562,-0.011956,0.013917,0.017630
1449,0.011395,0.029425,0.433989,-0.011760,0.014177,0.016721
1450,-0.048697,-0.111207,0.465177,-0.022875,0.017769,0.015484
1451,0.007416,0.030575,0.436852,-0.012845,0.014309,0.018787
1452,0.010131,0.030398,0.434537,-0.012667,0.014362,0.017513
1453,0.010676,0.030146,0.434094,-0.012415,0.014474,0.016128
1454,-0.012802,-0.093892,0.454339,-0.022220,0.015531,0.014656
1455,0.006251,0.029707,0.433677,-0.013307,0.014859,0.018202
1456,0.010295,0.030636,0.433898,-0.012991,0.014668,0.016663
1457,-0.012157,-0.087803,0.452458,-0.022376,0.015727,0.015129
1458,0.006819,0.030553,0.433697,-0.013811,0.014986,0.018412
1459,0.010686,0.031424,0.433928,-0.013499,0.014812,0.016827
1460,-0.046063,-0.107815,0.440393,-0.024833,0.019530,0.015237
1461,0.005696,0.031541,0.435399,-0.014451,0.015391,0.020053
1462,0.010993,0.032454,0.434523,-0.014151,0.015186,0.018366
1463,0.011916,0.032282,0.433920,-0.013857,0.015309,0.016642
1464,-0.062479,-0.139111,0.462704,-0.027549,0.020404,0.014855
1465,-0.007863,-0.006280,0.438309,-0.018396,0.016930,0.019186
1466,0.014871,0.023879,0.441678,-0.016023,0.014927,0.018534
1467,0.011921,0.034171,0.434396,-0.015207,0.015693,0.017429
1468,0.009842,0.010289,0.457687,-0.016603,0.014784,0.015603
1469,-0.004479,-0.028503,0.437118,-0.020373,0.017193,0.013907
1470,0.016909,0.023213,0.438508,-0.016394,0.015307,0.016708
1471,-0.012399,-0.036992,0.435510,-0.021407,0.018148,0.015781
1472,0.011693,0.028927,0.441002,-0.016174,0.015851,0.017856
1473,-0.027354,-0.067077,0.435116,-0.024166,0.019693,0.016222
1474,0.010782,0.035236,0.433827,-0.016206,0.016552,0.019113
1475,0.014412,0.036132,0.434456,-0.015813,0.016381,0.017373
1476,0.014947,0.035664,0.433897,-0.015451,0.016512,0.015648
1477,-0.055388,-0.148261,0.440792,-0.030407,0.022447,0.013902
1478,0.008530,0.036730,0.438844,-0.016712,0.017065,0.021334
1479,0.013676,0.036507,0.434498,-0.016442,0.017101,0.019631
1480,0.011456,0.002504,0.470115,-0.018417,0.015540,0.017709
1481,0.014934,0.007981,0.442103,-0.018654,0.016780,0.016055
1482,-0.019504,-0.057992,0.429712,-0.024348,0.020465,0.016492
1483,0.028996,0.035232,0.411178,-0.017272,0.017320,0.019835
1484,-0.008124,0.011963,0.484687,-0.017878,0.016589,0.017523
1485,0.002651,-0.021481,0.430986,-0.021499,0.018696,0.016781
1486,0.012109,0.036768,0.433202,-0.016753,0.017817,0.017927
1487,0.017973,0.007450,0.457747,-0.018409,0.016171,0.016063
1488,0.023371,0.012973,0.442492,-0.018272,0.016510,0.015423
1489,-0.029965,-0.085277,0.428793,-0.026690,0.021936,0.015091
1490,0.014413,0.038301,0.436438,-0.016839,0.017688,0.019167
1491,0.013730,0.018512,0.454085,-0.017822,0.016934,0.017561
1492,-0.009672,-0.054665,0.431160,-0.024238,0.020243,0.015956
1493,-0.006447,-0.042809,0.441413,-0.023441,0.019410,0.018588
1494,0.014662,0.038170,0.434957,-0.017147,0.017934,0.020175
1495,0.016924,0.038298,0.434836,-0.016711,0.017861,0.018437
1496,0.017917,-0.001622,0.467855,-0.019099,0.016071,0.016673
1497,0.018751,0.038874,0.434136,-0.016522,0.017657,0.015727
1498,0.018060,0.037721,0.433234,-0.016072,0.017808,0.014014
1499,0.006229,-0.000702,0.464180,-0.018305,0.017283,0.012270
1500,-0.013643,-0.041698,0.418082,-0.022604,0.021478,0.010918
1501,-0.047769,-0.084564,0.436943,-0.026417,0.023598,0.014425
1502,0.047775,0.035226,0.392692,-0.017584,0.017662,0.018050
1503,-0.011276,0.042368,0.476964,-0.015456,0.018096,0.015748
1504,0.019545,-0.003054,0.467256,-0.018656,0.016253,0.015112
1505,0.018940,0.038553,0.434934,-0.015921,0.017858,0.014391
1506,-0.025413,-0.077573,0.425331,-0.025235,0.022306,0.012939
1507,0.013763,0.036673,0.434753,-0.016019,0.018346,0.017186
1508,0.017351,0.036626,0.433726,-0.015478,0.018203,0.015764
1509,-0.047692,-0.155877,0.445212,-0.030928,0.023352,0.014318
1510,0.009910,0.036499,0.433755,-0.016523,0.018814,0.021405
1511,0.016435,0.036905,0.434331,-0.016007,0.018400,0.019869
1512,-0.041604,-0.125673,0.447850,-0.029012,0.022738,0.018236
1513,0.009903,0.037190,0.434938,-0.016928,0.018882,0.024190
1514,0.016770,0.038059,0.436411,-0.016382,0.018393,0.022386
1515,0.017930,0.037790,0.436113,-0.015920,0.018369,0.020524
1516,0.007003,-0.020289,0.471788,-0.019747,0.017414,0.018576
1517,0.008475,-0.015803,0.436530,-0.020405,0.018976,0.019403
1518,0.014736,0.036884,0.435076,-0.016040,0.018450,0.019747
1519,0.017950,0.037106,0.434769,-0.015492,0.018234,0.017743
1520,0.017289,-0.006328,0.482226,-0.017864,0.015695,0.015759
1521,-0.191431,-0.485744,0.351393,-0.060684,0.041355,0.014138
1522,0.049132,0.036216,0.392735,-0.019619,0.018373,0.060071
1523,0.048913,0.036933,0.392627,-0.019821,0.018192,0.057755
1524,-0.030564,0.046521,0.501880,-0.017526,0.019017,0.054389
1525,0.049095,0.037047,0.392636,-0.019433,0.018278,0.051280
1526,-0.027650,0.048069,0.501813,-0.016767,0.018847,0.046563
1527,0.049275,0.036199,0.392632,-0.018583,0.018361,0.042589
1528,0.048963,0.035914,0.392496,-0.018307,0.018128,0.037180
1529,0.048772,0.032715,0.393559,-0.018211,0.017774,0.031621
1530,-0.296100,-0.577221,0.477013,-0.067943,0.043493,0.026037
1531,0.052809,-0.004807,0.410888,-0.024128,0.017608,0.079046
1532,0.012532,0.008437,0.474537,-0.023428,0.017166,0.073850
1533,-0.058260,0.036933,0.530273,-0.021105,0.020561,0.068663
1534,0.004970,0.048035,0.430212,-0.021729,0.021282,0.062848
1535,0.014225,0.007085,0.498598,-0.023751,0.016504,0.056198
1536,0.051412,0.037396,0.395202,-0.023326,0.018689,0.049458
1537,0.050409,0.042562,0.393148,-0.023014,0.018626,0.041780
1538,-0.037750,-0.001629,0.562587,-0.024083,0.017236,0.034184
1539,0.011803,-0.040055,0.474653,-0.028431,0.017749,0.030969
1540,0.046111,0.047045,0.399455,-0.023067,0.018408,0.031185
1541,0.008028,0.066194,0.448392,-0.020318,0.018867,0.024853
1542,0.051848,-0.023135,0.419901,-0.026219,0.017101,0.022399
1543,0.049530,0.036589,0.395928,-0.023539,0.017787,0.015510
1544,0.048632,0.035185,0.396242,-0.023497,0.017449,0.009755
1545,-0.909034,-0.467573,0.549875,-0.064043,0.092509,0.004488
1546,0.052272,0.046553,0.395010,-0.025125,0.020661,0.039450
1547,0.052663,0.046937,0.394975,-0.025090,0.020754,0.035438
1548,-0.008773,0.062693,0.439545,-0.023048,0.024068,0.031148
1549,0.054824,0.046128,0.395080,-0.024085,0.021668,0.028019
1550,0.055093,0.045831,0.394995,-0.023723,0.021708,0.023559
1551,0.056301,0.011513,0.408912,-0.026008,0.020887,0.019147
1552,0.055044,0.046193,0.394781,-0.023627,0.021475,0.014588
1553,0.055153,0.032332,0.400096,-0.024236,0.021009,0.010521
1554,-0.159180,0.064742,0.653346,-0.017579,0.026158,0.006615
1555,0.062642,-0.038719,0.429371,-0.027398,0.020882,0.005939
1556,-0.129657,-0.350989,0.369996,-0.056402,0.041026,0.002027
1557,-0.076144,-0.185873,0.542990,-0.041684,0.027541,0.038779
1558,0.059146,0.050151,0.395537,-0.027017,0.023497,0.049171
1559,-0.014697,0.056801,0.467613,-0.025598,0.026191,0.046474
1560,0.060721,0.050612,0.395613,-0.026621,0.024148,0.044003
1561,0.060655,0.050832,0.395486,-0.026499,0.024023,0.040091
1562,-0.039444,0.032671,0.552946,-0.025445,0.024221,0.035789
1563,0.062738,0.036547,0.400384,-0.025533,0.024628,0.032917
1564,0.062187,0.048321,0.395549,-0.024597,0.024635,0.028065
1565,-0.134598,-0.098593,0.519509,-0.034774,0.035115,0.023323
1566,0.063112,0.048475,0.395744,-0.024687,0.025206,0.034998
1567,0.062806,0.034253,0.401047,-0.025383,0.024705,0.030508
1568,0.062301,0.048222,0.395387,-0.024215,0.024624,0.025760
1569,0.061676,0.047599,0.395163,-0.023711,0.024256,0.021175
1570,-0.320114,-0.052175,0.573085,-0.029095,0.047714,0.016700
1571,0.051536,0.004281,0.409448,-0.025962,0.026220,0.028687
1572,0.063521,0.049336,0.395803,-0.024068,0.025513,0.023677
1573,0.063019,0.048568,0.395583,-0.023488,0.025201,0.019484
1574,-0.110072,0.000467,0.621457,-0.023572,0.028239,0.015402
1575,0.036788,0.013622,0.403586,-0.023924,0.029045,0.018744
1576,0.067834,0.046347,0.396058,-0.021811,0.027323,0.014484
1577,0.067405,0.045295,0.395827,-0.021114,0.027034,0.010893
1578,0.066797,0.044133,0.395568,-0.020374,0.026671,0.007518
1579,0.068023,0.004854,0.411222,-0.022626,0.025259,0.004400
1580,-0.122547,-0.013833,0.677962,-0.020413,0.027066,0.001249
1581,0.047726,-0.002860,0.439780,-0.021102,0.026647,0.007760
1582,0.063351,0.036897,0.403548,-0.020377,0.027378,0.004584
1583,0.067854,0.043366,0.395435,-0.019564,0.026885,0.002440
1584,0.051350,0.017860,0.402809,-0.020884,0.027472,0.000646
1585,0.059681,0.031702,0.398152,-0.019535,0.026447,-0.001157
1586,0.063275,0.041425,0.399709,-0.018102,0.025325,-0.002600
1587,-0.241523,-0.107580,0.638820,-0.026565,0.038610,-0.003777
1588,0.066538,0.038651,0.395011,-0.016971,0.026412,0.007911
1589,0.042067,-0.001908,0.407358,-0.019548,0.027545,0.007114
1590,0.065344,0.038071,0.394561,-0.016567,0.025665,0.005881
1591,-0.274748,-0.215664,0.547683,-0.035333,0.047315,0.005019
1592,0.068435,0.038122,0.395148,-0.017051,0.027323,0.024548
1593,0.033840,0.055197,0.454865,-0.014219,0.026596,0.023683
1594,0.035991,-0.001156,0.473925,-0.017309,0.025280,0.024069
1595,0.027360,0.014661,0.457093,-0.016388,0.026479,0.023723
1596,0.034492,0.039287,0.442199,-0.014070,0.026361,0.022472
1597,0.009151,0.000574,0.453480,-0.016421,0.027721,0.021212
1598,-0.023539,-0.092384,0.433480,-0.024226,0.031435,0.019983
1599,0.024823,0.045137,0.426495,-0.013556,0.027304,0.024889
1600,0.023261,0.002308,0.474527,-0.015432,0.024663,0.022838
1601,0.031645,0.024585,0.434069,-0.014125,0.025682,0.021741
1602,-0.040469,-0.060578,0.447662,-0.020638,0.030921,0.019426
1603,-0.007791,-0.017695,0.437994,-0.017360,0.028414,0.020966
1604,0.008707,0.005515,0.435378,-0.015237,0.026822,0.020667
1605,0.029082,0.033894,0.440374,-0.012336,0.024459,0.019850
1606,0.028898,0.032600,0.438643,-0.011812,0.024266,0.017890
1607,0.001635,-0.014710,0.462744,-0.014883,0.025187,0.015821
1608,-0.025635,-0.092073,0.428455,-0.022115,0.029039,0.014231
1609,0.014177,0.016766,0.440487,-0.013176,0.024496,0.018795
1610,0.031231,0.033540,0.439024,-0.011347,0.022700,0.017182
1611,0.027114,0.030544,0.437062,-0.011039,0.022767,0.015469
1612,-0.134341,-0.347813,0.417547,-0.042739,0.037874,0.013709
1613,0.017347,0.045954,0.431129,-0.013216,0.023477,0.030800
1614,0.057632,0.029681,0.393110,-0.014458,0.021834,0.028991
1615,-0.007954,0.038144,0.489962,-0.012245,0.021767,0.026068
1616,0.024600,0.032970,0.440326,-0.012813,0.021564,0.024876
1617,0.009666,-0.009937,0.464518,-0.015662,0.021319,0.022593
1618,-0.004880,-0.019880,0.442031,-0.017226,0.023338,0.020904
1619,-0.023304,-0.035959,0.436218,-0.018817,0.024918,0.021504
1620,0.013203,0.017014,0.441588,-0.014521,0.021205,0.021873
1621,-0.024992,-0.043100,0.435745,-0.019549,0.024567,0.020228
1622,0.013343,0.018554,0.440960,-0.014604,0.020697,0.021386
1623,0.003057,-0.007700,0.440372,-0.016674,0.021314,0.019705
1624,-0.035868,-0.068272,0.426452,-0.022094,0.025210,0.020149
1625,0.006844,0.012910,0.445713,-0.015592,0.020224,0.022832
1626,0.021400,0.034191,0.437390,-0.013836,0.019116,0.021196
1627,-0.010541,-0.027572,0.443250,-0.018614,0.021375,0.018962
1628,-0.016939,-0.020467,0.438183,-0.018485,0.021933,0.020320
1629,0.020604,0.034553,0.436976,-0.014031,0.018502,0.020362
1630,0.019563,0.033399,0.435483,-0.013755,0.018443,0.018217
1631,0.019666,0.032780,0.434587,-0.013371,0.018252,0.015989
1632,-0.096368,-0.214513,0.435236,-0.033796,0.028364,0.013849
1633,0.020634,0.045754,0.424506,-0.014394,0.018418,0.023045
1634,0.017043,0.033710,0.435723,-0.014599,0.018076,0.021374
1635,0.018425,0.033781,0.435158,-0.014222,0.017824,0.019274
1636,-0.130162,-0.297819,0.451020,-0.041578,0.029947,0.017198
1637,0.011321,0.044389,0.423820,-0.016378,0.018754,0.029014
1638,0.017171,0.036916,0.438013,-0.016350,0.017471,0.026689
1639,0.047635,0.032460,0.392190,-0.017163,0.017123,0.024498
1640,-0.165162,-0.316106,0.467569,-0.045439,0.031672,0.021324
1641,0.033233,0.037277,0.414626,-0.019253,0.017449,0.048314
1642,0.047664,0.035821,0.392329,-0.019853,0.017182,0.045295
1643,0.047146,0.036367,0.392189,-0.019984,0.016862,0.041454
1644,0.046542,0.036785,0.392036,-0.020051,0.016504,0.037177
1645,0.045868,0.037066,0.391870,-0.020050,0.016118,0.032617
1646,0.045108,0.037209,0.391687,-0.019979,0.015699,0.027908
1647,0.044268,0.037210,0.391490,-0.019839,0.015250,0.023179
1648,-0.203323,0.024978,0.749797,-0.015306,0.017312,0.018539
1649,-0.378148,-0.545073,0.535454,-0.063129,0.046889,0.020903
1650,0.051761,0.041014,0.372340,-0.022281,0.018281,0.043138
1651,0.047415,0.040378,0.393124,-0.022870,0.017328,0.038845
1652,0.047217,0.040965,0.393036,-0.022982,0.017153,0.034390
1653,0.009922,0.044170,0.432278,-0.022215,0.018175,0.029740
1654,-0.033004,0.050607,0.503400,-0.020317,0.018192,0.025376
1655,0.047992,0.040504,0.393115,-0.021998,0.017526,0.021801
1656,0.041718,0.040790,0.400214,-0.021531,0.017499,0.017264
1657,-1.069717,-0.695634,0.538656,-0.082063,0.107062,0.012986
1658,0.050937,0.048182,0.395470,-0.027210,0.020402,0.045733
1659,0.051587,0.049820,0.395508,-0.027786,0.020594,0.042160
1660,0.052172,0.051088,0.395523,-0.028169,0.020762,0.038132
1661,0.052591,0.052093,0.395506,-0.028418,0.020860,0.033800
1662,0.052844,0.052890,0.395459,-0.028564,0.020889,0.029264
1663,-0.111627,0.092702,0.591086,-0.022413,0.025136,0.024654
1664,0.022573,0.055729,0.439868,-0.025701,0.023572,0.025391
1665,0.023153,0.052530,0.441658,-0.025273,0.024037,0.022025
1666,0.058881,0.049831,0.396069,-0.025493,0.023805,0.018450
1667,-0.012904,0.052697,0.477513,-0.023505,0.026085,0.014278
1668,0.045631,0.048884,0.414790,-0.023684,0.025201,0.011769
1669,0.014840,0.049716,0.454049,-0.022180,0.026150,0.008392
1670,0.033279,0.047544,0.433692,-0.021534,0.026212,0.005998
1671,0.008097,-0.084278,0.559272,-0.029862,0.022221,0.003630
1672,0.044278,0.059131,0.419957,-0.021818,0.026436,0.001877
1673,0.039281,0.053919,0.419287,-0.021108,0.027249,0.000788
1674,0.046890,0.045445,0.416504,-0.020703,0.027024,-0.000291
1675,-0.210535,-0.727019,0.445268,-0.084581,0.048545,-0.001728
1676,0.014206,0.064074,0.422646,-0.025752,0.029881,0.034871
1677,0.023975,0.050693,0.443849,-0.026074,0.028444,0.034255
1678,0.032134,0.053670,0.444933,-0.025628,0.027895,0.032699
1679,0.068454,0.050113,0.396610,-0.026089,0.027549,0.031175
1680,-0.006387,0.055722,0.489473,-0.024036,0.028960,0.028466
1681,0.023355,0.024546,0.464862,-0.026153,0.028275,0.026485
1682,0.030624,0.052178,0.443017,-0.024068,0.028875,0.023567
1683,0.034248,0.051139,0.438685,-0.023498,0.028897,0.020675
1684,0.030907,0.020210,0.457019,-0.025078,0.028304,0.017723
1685,0.025378,-0.027069,0.446363,-0.029018,0.029408,0.014647
1686,0.030777,0.050817,0.444084,-0.022691,0.028905,0.016700
1687,0.004927,-0.098501,0.424602,-0.034742,0.032424,0.014178
1688,0.002775,-0.016651,0.463772,-0.028119,0.030317,0.022338
1689,-0.033625,-0.172162,0.430599,-0.041955,0.035369,0.023508
1690,0.057546,0.050414,0.411593,-0.025103,0.028148,0.041630
1691,0.026863,0.052522,0.447218,-0.024055,0.028595,0.038857
1692,0.029674,0.051860,0.444445,-0.023510,0.028386,0.035916
1693,0.069159,0.047740,0.395704,-0.023825,0.027350,0.032617
1694,0.005227,0.025924,0.503534,-0.023453,0.026621,0.028651
1695,0.068738,0.044566,0.395499,-0.021895,0.027128,0.027319
1696,-0.419325,-0.237267,0.458255,-0.044407,0.065775,0.023134
1697,0.068631,0.047507,0.396170,-0.023718,0.027628,0.035457
1698,0.067875,0.047035,0.395926,-0.023305,0.027187,0.031547
1699,0.065499,0.039483,0.399902,-0.023371,0.026600,0.027433
1700,0.065913,0.046361,0.395392,-0.022664,0.026093,0.023113
1701,-1.018753,-0.491620,0.588540,-0.065317,0.110167,0.018943
1702,0.070466,0.048432,0.397724,-0.024473,0.029722,0.044847
1703,0.070581,0.048452,0.397595,-0.024290,0.029652,0.041101
1704,0.070499,0.048323,0.397437,-0.024040,0.029494,0.036922
1705,-0.053988,0.022899,0.543896,-0.023740,0.032672,0.032458
1706,0.072937,0.046655,0.397606,-0.022782,0.030549,0.032441
1707,-0.345459,-0.565729,0.467936,-0.073295,0.064107,0.027794
1708,0.076256,0.053957,0.398392,-0.028429,0.032115,0.068913
1709,0.074792,0.056197,0.400484,-0.028521,0.032057,0.064188
1710,0.077185,0.056007,0.398232,-0.028992,0.032181,0.058539
1711,0.076950,0.056535,0.398060,-0.029042,0.031911,0.052410
1712,0.076511,0.056873,0.397855,-0.029000,0.031553,0.045901
1713,-0.180799,0.084763,0.698979,-0.022080,0.037813,0.039200
1714,0.049559,0.062091,0.442577,-0.025399,0.033532,0.035944
1715,0.041666,0.055854,0.445768,-0.024892,0.034103,0.030082
1716,0.044055,0.054135,0.443836,-0.024078,0.034061,0.024097
1717,0.046217,0.052370,0.441821,-0.023187,0.033956,0.018342
1718,0.080295,0.048477,0.397951,-0.022971,0.033205,0.012992
1719,0.017411,0.050922,0.479016,-0.020533,0.033883,0.007666
1720,-0.270600,-0.450576,0.437375,-0.062419,0.062080,0.003487
1721,-0.055180,-0.124632,0.437814,-0.039671,0.043724,0.032096
1722,0.052058,0.046892,0.430946,-0.026563,0.034795,0.043060
1723,0.038046,0.054664,0.450013,-0.025111,0.035092,0.039901
1724,0.038562,0.054174,0.446466,-0.024572,0.035321,0.036416
1725,0.042195,0.053390,0.446790,-0.023983,0.034916,0.032447
1726,0.042824,0.052369,0.444509,-0.023337,0.034867,0.028335
1727,0.082094,0.048359,0.397863,-0.023489,0.033702,0.024170
1728,0.056346,0.075268,0.366688,-0.021039,0.037364,0.019642
1729,0.047253,-0.089045,0.598320,-0.029426,0.025620,0.020600
1730,-0.030963,-0.059146,0.454768,-0.031280,0.039721,0.017481
1731,-0.155250,-0.071199,0.402404,-0.033432,0.053666,0.024433
1732,0.048188,0.036382,0.448879,-0.023726,0.033843,0.030032
1733,-0.004196,-0.052077,0.449362,-0.030807,0.038060,0.026624
1734,-0.009528,0.026075,0.437287,-0.024822,0.038936,0.031408
1735,0.037994,0.047487,0.451168,-0.022381,0.034076,0.029565
1736,0.021900,-0.010381,0.424390,-0.027023,0.036753,0.025794
1737,-0.071197,-0.053168,0.437832,-0.030383,0.043817,0.027658
1738,0.035384,0.046468,0.454602,-0.021847,0.033583,0.029680
1739,0.025739,-0.014844,0.433353,-0.026675,0.035343,0.025972
1740,0.004946,-0.013968,0.450993,-0.026396,0.035915,0.028181
1741,0.007431,-0.037336,0.447565,-0.028466,0.035578,0.028578
1742,-0.069305,-0.005584,0.435597,-0.026316,0.042559,0.031524
1743,0.078789,0.046008,0.396885,-0.022275,0.031840,0.031840
1744,0.008922,0.027535,0.492414,-0.021950,0.032169,0.027768
1745,0.019823,-0.012812,0.434755,-0.025538,0.034205,0.026903
1746,-0.067479,-0.023408,0.451889,-0.026189,0.040423,0.028906
1747,-0.092205,0.001961,0.435608,-0.024674,0.043533,0.029549
1748,0.068346,0.053477,0.436684,-0.019567,0.029646,0.027969
1749,-0.014219,-0.064028,0.431882,-0.028811,0.036705,0.024577
1750,0.029891,0.026239,0.450048,-0.021365,0.031712,0.030243
1751,0.076016,0.040330,0.397372,-0.020614,0.030045,0.026664
1752,-0.118408,-0.017565,0.474440,-0.024072,0.042053,0.022608
1753,0.030571,0.020403,0.447468,-0.020876,0.030855,0.029238
1754,0.073563,0.041924,0.395848,-0.019430,0.029430,0.026539
1755,0.072305,0.041077,0.395518,-0.018897,0.028743,0.022592
1756,0.070904,0.040127,0.395168,-0.018322,0.027995,0.018646
1757,0.063050,0.012210,0.404864,-0.019905,0.027290,0.014778
1758,-0.116633,0.021006,0.490517,-0.019433,0.037860,0.010426
1759,0.070329,0.038976,0.394933,-0.017358,0.027623,0.010932
1760,-0.066375,0.051633,0.601835,-0.012341,0.027477,0.007668
1761,0.051054,-0.039761,0.441054,-0.020559,0.026416,0.006767
1762,0.036380,0.084655,0.450197,-0.012178,0.025910,0.002946
1763,-0.050758,-0.065711,0.448783,-0.023379,0.034454,0.005540
1764,0.050353,0.046740,0.435855,-0.014935,0.026461,0.006184
1765,0.001360,-0.010690,0.445402,-0.018610,0.029857,0.005046
1766,0.048044,0.043904,0.435712,-0.013954,0.025916,0.005230
1767,0.052659,-0.015023,0.409099,-0.018304,0.026495,0.004465
1768,0.065928,0.034920,0.393810,-0.014846,0.025231,0.002363
1769,0.062581,0.021757,0.397754,-0.015186,0.024385,0.000860
1770,-0.201392,-0.235837,0.521746,-0.034779,0.039942,-0.000603
1771,0.023988,0.037958,0.449567,-0.014141,0.024914,0.018602
1772,0.031317,0.035704,0.438802,-0.013453,0.024646,0.018630
1773,-0.003330,-0.035520,0.474742,-0.018226,0.025295,0.017805
1774,0.000516,-0.004035,0.440947,-0.016523,0.026229,0.017324
1775,0.037661,0.040261,0.438129,-0.012534,0.022533,0.017013
1776,0.028565,0.033534,0.436955,-0.012280,0.022766,0.016011
1777,0.027224,0.031698,0.436572,-0.011682,0.022349,0.014743
1778,-0.033235,-0.070647,0.451065,-0.019381,0.026457,0.013479
1779,0.030864,0.034719,0.437790,-0.011471,0.021141,0.016095
1780,-0.073895,-0.167898,0.425054,-0.028104,0.030588,0.014914
1781,0.023611,0.045131,0.431909,-0.012020,0.021263,0.023600
1782,0.023153,0.032335,0.438335,-0.012055,0.020532,0.022089
1783,-0.081732,-0.151810,0.452319,-0.026829,0.028648,0.020528
1784,0.024384,0.043366,0.427225,-0.012346,0.020239,0.025515
1785,0.021380,0.032664,0.438648,-0.012253,0.019485,0.023564
1786,0.015626,-0.007013,0.475709,-0.014546,0.017524,0.021551
1787,-0.017878,-0.026436,0.431713,-0.017194,0.022220,0.019719
1788,-0.035775,-0.059855,0.425213,-0.020099,0.023870,0.020044
1789,-0.004431,-0.002416,0.443617,-0.015392,0.019764,0.022117
1790,0.015252,0.024697,0.441369,-0.013027,0.017809,0.020843
1791,0.004724,0.009113,0.443991,-0.014014,0.018210,0.018832
1792,-0.010108,-0.027075,0.419826,-0.017299,0.020408,0.017409
1793,0.016745,0.032823,0.439187,-0.012213,0.016768,0.019528
1794,0.010479,-0.005631,0.466751,-0.014557,0.015512,0.017441
1795,-0.023957,-0.044842,0.429758,-0.018746,0.020032,0.015396
1796,-0.025756,-0.031948,0.431428,-0.017822,0.019811,0.017866
1797,-0.015554,-0.025162,0.424132,-0.017501,0.019040,0.018816
1798,0.008411,0.018295,0.446069,-0.013669,0.015637,0.020127
1799,0.016056,0.024064,0.443688,-0.013071,0.014771,0.018095
1800,-0.054216,-0.090772,0.432395,-0.022694,0.021261,0.016192
1801,0.019042,0.035454,0.435296,-0.012780,0.014446,0.019761
1802,0.012127,0.031192,0.433954,-0.012733,0.014837,0.017937
1803,-0.072856,-0.122790,0.439660,-0.025247,0.021865,0.016006
1804,-0.021700,-0.018586,0.434207,-0.017826,0.017557,0.020465
1805,0.013973,0.033743,0.435224,-0.013539,0.014246,0.020367
1806,0.011225,0.009572,0.458752,-0.014870,0.013034,0.018514
1807,0.014122,0.033655,0.433448,-0.013319,0.013866,0.016723
1808,0.012064,0.031747,0.432187,-0.013051,0.013948,0.014831
1809,0.011958,0.030977,0.431172,-0.012648,0.013890,0.012884
1810,-0.079157,-0.174136,0.430346,-0.029499,0.021931,0.010992
1811,0.009748,0.035067,0.439387,-0.013957,0.013587,0.019545
1812,0.011297,0.033066,0.433136,-0.013820,0.013721,0.017959
1813,0.006884,-0.003461,0.469688,-0.015963,0.012072,0.016163
1814,0.016480,0.036391,0.431734,-0.013478,0.013009,0.014566
1815,0.011290,0.032284,0.431040,-0.013291,0.013385,0.013004
1816,-0.068070,-0.148835,0.428484,-0.028136,0.020524,0.011279
1817,0.008394,0.035006,0.437475,-0.014361,0.013332,0.018830
1818,0.010604,0.033690,0.432722,-0.014115,0.013408,0.017353
1819,0.009003,-0.004471,0.473431,-0.016282,0.011324,0.015703
1820,0.010652,0.018084,0.441166,-0.015285,0.012722,0.014285
1821,0.014094,0.035373,0.430699,-0.013780,0.012848,0.013125
1822,0.010834,0.032787,0.430272,-0.013441,0.013122,0.011668
1823,0.010349,0.031655,0.429341,-0.012972,0.013236,0.010140
1824,-0.140697,-0.363299,0.432569,-0.045699,0.026460,0.008596
1825,0.001101,0.042256,0.421512,-0.015503,0.014499,0.025904
1826,0.008963,0.035434,0.435127,-0.015354,0.013312,0.024386
1827,0.009197,0.035122,0.434652,-0.015094,0.013428,0.022965
1828,0.009708,-0.009805,0.475985,-0.017885,0.011155,0.021313
1829,0.009201,0.035332,0.433522,-0.015204,0.013326,0.019504
1830,0.012495,-0.005064,0.458481,-0.017830,0.011766,0.017653
1831,0.010483,0.036009,0.433062,-0.015106,0.013175,0.016500
1832,0.010137,0.013364,0.455426,-0.016207,0.012064,0.014709
1833,-0.009417,-0.022286,0.432125,-0.019562,0.015043,0.012958
1834,0.012945,0.017557,0.441272,-0.016249,0.012633,0.015216
1835,-0.042865,-0.110578,0.418356,-0.027234,0.018799,0.014287
1836,-0.012839,-0.048056,0.441423,-0.022503,0.014995,0.020014
1837,0.008393,0.037132,0.435886,-0.016030,0.013462,0.021571
1838,0.009759,0.036509,0.433596,-0.015758,0.013596,0.019927
1839,0.009186,0.012879,0.458793,-0.016963,0.012397,0.018187
1840,0.012419,0.037242,0.432771,-0.015333,0.013518,0.016508
1841,0.016157,0.008830,0.467627,-0.016674,0.011298,0.014755
1842,-0.024800,-0.044340,0.418630,-0.022021,0.017528,0.013327
1843,-0.091091,-0.280935,0.370552,-0.043144,0.026394,0.016517
1844,0.039226,0.036911,0.391613,-0.019660,0.013742,0.039703
1845,0.039001,0.037655,0.391527,-0.019865,0.013577,0.036697
1846,-0.091103,0.078688,0.581282,-0.013611,0.014403,0.033254
1847,0.006657,0.029749,0.446550,-0.017646,0.014295,0.029521
1848,0.009048,0.033817,0.441082,-0.017154,0.014544,0.026676
1849,0.009247,0.033022,0.440838,-0.016820,0.014729,0.024232
1850,0.040916,0.034295,0.391883,-0.016995,0.014727,0.021658
1851,0.040782,0.033815,0.391779,-0.016618,0.014611,0.017719
1852,0.040548,0.033247,0.391656,-0.016204,0.014453,0.013884
1853,-0.096844,-0.022709,0.610882,-0.017324,0.014851,0.010217
1854,0.027007,0.048441,0.422226,-0.014320,0.014788,0.009678
1855,-0.005967,-0.054800,0.460910,-0.021522,0.015728,0.007914
1856,0.016750,0.015659,0.434567,-0.016676,0.014987,0.011555
1857,0.007567,0.004890,0.434366,-0.017218,0.015851,0.011919
1858,-0.017489,-0.078456,0.419773,-0.024216,0.018919,0.012770
1859,0.004717,0.021254,0.447046,-0.015857,0.015602,0.017121
1860,-0.010031,-0.023360,0.438982,-0.019520,0.017480,0.015720
1861,0.012625,0.023560,0.447477,-0.015464,0.015139,0.016097
1862,0.019121,0.017222,0.442121,-0.015837,0.014963,0.014764
1863,-0.019080,-0.050887,0.429616,-0.021556,0.019054,0.014020
1864,0.015554,-0.013708,0.444125,-0.018351,0.015318,0.016352
1865,0.007508,0.024314,0.441663,-0.015321,0.016193,0.016813
1866,-0.013012,-0.030996,0.436197,-0.019798,0.018427,0.015315
1867,0.005988,-0.043229,0.438343,-0.020853,0.016716,0.016172
1868,0.006391,0.025504,0.440289,-0.015437,0.016596,0.018243
1869,-0.033323,-0.114582,0.429814,-0.027143,0.020798,0.016660
1870,0.005206,0.034344,0.430297,-0.015637,0.017506,0.022536
1871,0.015430,0.036574,0.436200,-0.014971,0.016532,0.020720
1872,0.015469,0.035717,0.435416,-0.014578,0.016710,0.019145
1873,0.014607,-0.062046,0.469094,-0.021770,0.015099,0.017452
1874,0.013337,0.023272,0.449596,-0.015759,0.016020,0.018648
1875,0.015320,0.035608,0.434139,-0.014811,0.016702,0.016953
1876,-0.012383,-0.065261,0.435791,-0.022825,0.019191,0.015157
1877,0.008694,0.001127,0.445222,-0.017723,0.016801,0.019233
1878,0.007497,-0.021651,0.439327,-0.019692,0.017271,0.018109
1879,0.011749,-0.018040,0.440418,-0.019525,0.016849,0.018359
1880,-0.000185,-0.018097,0.440830,-0.019696,0.017846,0.018365
1881,0.014482,0.035719,0.434590,-0.015401,0.016920,0.018167
1882,0.015667,0.012009,0.460738,-0.016616,0.015441,0.016323
1883,0.017812,0.036616,0.433831,-0.014989,0.016614,0.014664
1884,-0.068028,-0.187059,0.421797,-0.033543,0.024933,0.012961
1885,0.007215,0.031478,0.431295,-0.016739,0.017854,0.021968
1886,0.016452,0.034280,0.438592,-0.016033,0.016811,0.020030
1887,0.046588,0.017530,0.398601,-0.017710,0.016364,0.018356
1888,-0.017091,0.016715,0.512582,-0.016274,0.015447,0.015622
1889,-0.029343,-0.099170,0.417323,-0.027282,0.021904,0.015482
1890,0.009206,0.028782,0.443855,-0.016956,0.017091,0.020595
1891,0.013365,0.029877,0.440707,-0.016704,0.017052,0.019062
1892,0.013656,0.017257,0.453415,-0.017312,0.016340,0.017250
1893,0.028217,0.030759,0.414925,-0.016692,0.017100,0.016224
1894,-0.101830,-0.240037,0.441391,-0.038868,0.027087,0.013960
1895,0.006803,0.044378,0.421900,-0.017440,0.018784,0.026196
1896,0.046726,0.034838,0.392505,-0.018106,0.017085,0.024093
1897,-0.014487,0.038115,0.484181,-0.016322,0.017368,0.021386
1898,-0.087124,-0.300297,0.362304,-0.046102,0.030867,0.020264
1899,0.016716,0.039392,0.434003,-0.018975,0.018048,0.051120
1900,0.048243,0.024177,0.397676,-0.020631,0.017354,0.048377
1901,0.047477,0.037154,0.392479,-0.019917,0.017406,0.044444
1902,-0.070203,0.052606,0.553657,-0.016116,0.018799,0.040118
1903,0.054032,-0.016673,0.415763,-0.022904,0.016221,0.037255
1904,0.048087,0.033715,0.394244,-0.020027,0.017370,0.031971
1905,0.047351,0.037801,0.392405,-0.019655,0.017201,0.026955
1906,0.052064,0.039407,0.397750,-0.019151,0.016085,0.022010
1907,-0.153641,0.051847,0.658186,-0.013868,0.019748,0.017232
1908,-0.197657,-0.452998,0.425911,-0.057409,0.038374,0.016123
1909,0.048399,0.038980,0.394599,-0.021480,0.018059,0.029514
1910,0.048592,0.039564,0.393242,-0.021621,0.017886,0.025531
1911,0.048226,0.039806,0.392987,-0.021576,0.017634,0.021525
1912,0.047788,0.039823,0.392838,-0.021417,0.017371,0.017550
1913,0.044481,0.038915,0.400288,-0.021143,0.016904,0.013692
1914,0.046118,0.039235,0.392442,-0.020804,0.016528,0.010068
1915,-0.194010,0.051881,0.684106,-0.015089,0.021802,0.006637
1916,-0.097059,-0.613726,0.319713,-0.073490,0.035033,0.007831
1917,-0.096620,0.106051,0.462320,-0.024296,0.026715,0.045132
1918,0.049918,0.051007,0.394003,-0.028227,0.018686,0.043056
1919,-0.150403,0.058491,0.624866,-0.024346,0.023897,0.037484
1920,0.053762,0.048949,0.394689,-0.026330,0.020681,0.035170
1921,-0.021430,0.059562,0.481094,-0.023910,0.022650,0.029229
1922,0.055102,0.047742,0.394768,-0.025130,0.021261,0.024547
1923,0.055075,0.047193,0.394648,-0.024642,0.021166,0.018927
1924,-0.079832,-0.021627,0.542765,-0.027800,0.025164,0.013597
1925,0.053413,0.008480,0.408132,-0.027319,0.021620,0.010398
1926,0.054662,0.036079,0.399244,-0.025518,0.021739,0.005565
1927,0.053965,0.035827,0.399026,-0.025268,0.021618,0.001390
1928,0.056219,0.047624,0.394540,-0.024094,0.021362,-0.002339
1929,-0.100916,0.006801,0.676981,-0.022793,0.019758,-0.005435
1930,0.057926,0.035633,0.389434,-0.024220,0.022087,-0.003627
1931,0.055417,0.038094,0.397225,-0.023478,0.021578,-0.005735
1932,0.019887,0.022567,0.402711,-0.024310,0.024370,-0.007431
1933,-0.325905,-0.511775,0.484391,-0.067858,0.049860,-0.008916
1934,0.056260,0.050357,0.395077,-0.026576,0.021788,0.020748
1935,-0.082742,0.077686,0.461365,-0.023407,0.030758,0.019681
1936,0.026686,0.050909,0.436402,-0.024164,0.024049,0.019667
1937,0.029223,0.051047,0.437571,-0.023528,0.023989,0.018754
1938,0.029443,0.050109,0.437106,-0.022869,0.024223,0.017811
1939,0.029793,0.049116,0.436694,-0.022146,0.024416,0.016674
1940,0.029899,0.047671,0.435632,-0.021374,0.024652,0.015436
1941,-0.047138,-0.167095,0.446457,-0.038529,0.031212,0.014023
1942,0.061967,0.046390,0.395156,-0.023044,0.024397,0.024848
1943,0.044724,0.047737,0.419033,-0.022072,0.024390,0.022778
1944,-0.119694,-0.247600,0.478196,-0.045521,0.035854,0.020888
1945,0.062711,0.046679,0.395511,-0.023710,0.024744,0.043285
1946,0.062419,0.046692,0.394929,-0.023538,0.024517,0.040797
1947,0.061939,0.046419,0.394717,-0.023204,0.024214,0.037755
1948,-0.062245,0.014975,0.641723,-0.021611,0.021182,0.034271
1949,-0.891368,-0.402596,0.472247,-0.058223,0.104234,0.031035
1950,0.068640,0.048586,0.397330,-0.024566,0.028575,0.036634
1951,0.069200,0.048880,0.397270,-0.024513,0.028693,0.032465
1952,0.069626,0.048872,0.397183,-0.024308,0.028758,0.028133
1953,0.069845,0.048700,0.397061,-0.024028,0.028734,0.023731
1954,0.069876,0.048378,0.396908,-0.023680,0.028629,0.019353
1955,0.069692,0.047922,0.396723,-0.023272,0.028434,0.015106
1956,-0.126722,0.063070,0.642215,-0.017850,0.032368,0.011060
1957,0.029806,-0.016531,0.481144,-0.024930,0.029188,0.009758
1958,0.022044,-0.095111,0.405995,-0.033053,0.033993,0.006384
1959,-0.017991,-0.113724,0.406849,-0.035124,0.037642,0.015944
1960,0.074841,0.039206,0.399861,-0.022845,0.030112,0.028086
1961,-0.010350,0.021643,0.528468,-0.022292,0.030390,0.025413
1962,0.022971,-0.020323,0.442282,-0.026936,0.032513,0.023388
1963,0.044974,0.017401,0.456400,-0.023618,0.029889,0.026220
1964,0.041124,0.047817,0.435933,-0.021258,0.031214,0.025238
1965,0.038042,0.047543,0.441642,-0.020530,0.031086,0.022427
1966,0.036770,-0.017406,0.477484,-0.024738,0.029327,0.019618
1967,0.020233,-0.045868,0.416134,-0.028479,0.033906,0.018850
1968,0.036972,0.047351,0.444476,-0.020298,0.030649,0.023958
1969,0.008436,-0.046255,0.435956,-0.027596,0.033578,0.021380
1970,-0.005901,-0.037156,0.455602,-0.026888,0.033577,0.024920
1971,0.043259,0.046022,0.433068,-0.020425,0.030297,0.028115
1972,0.032655,0.014605,0.462329,-0.022026,0.029425,0.025322
1973,0.005013,-0.028790,0.435931,-0.026028,0.032995,0.023143
1974,0.007355,-0.016133,0.444809,-0.024869,0.032052,0.025825
1975,0.016898,0.018985,0.444365,-0.021999,0.031000,0.026884
1976,0.034006,0.045414,0.441648,-0.019484,0.029419,0.025104
1977,0.033048,0.044362,0.437928,-0.018887,0.029443,0.022074
1978,-0.024256,-0.114465,0.424883,-0.031713,0.034976,0.018956
1979,0.025931,0.018722,0.464586,-0.020707,0.028072,0.027747
1980,0.007751,-0.022323,0.431185,-0.024636,0.031116,0.024762
1981,0.019834,0.019228,0.457208,-0.020697,0.028276,0.026911
1982,0.015410,0.005389,0.431884,-0.022039,0.029663,0.024511
1983,0.006097,-0.018420,0.443383,-0.023580,0.029466,0.024078
1984,0.066348,0.034687,0.396275,-0.019766,0.026236,0.025305
1985,0.044974,0.033084,0.417813,-0.019310,0.026224,0.021786
1986,-0.119010,-0.221706,0.461081,-0.039836,0.038049,0.018541
1987,0.066110,0.040111,0.394441,-0.019999,0.025556,0.039194
1988,0.064918,0.039898,0.394152,-0.019769,0.024912,0.035874
1989,-1.298561,-0.743819,0.636752,-0.082754,0.129699,0.032178
1990,0.066506,0.046235,0.397026,-0.024685,0.027635,0.057975
1991,0.066565,0.047774,0.396961,-0.025281,0.027511,0.054047
1992,0.066240,0.048827,0.396842,-0.025630,0.027229,0.049482
1993,0.065742,0.049707,0.396695,-0.025893,0.026871,0.044410
1994,0.065067,0.050413,0.396520,-0.026069,0.026438,0.038995
1995,-0.079440,0.114074,0.487436,-0.019517,0.034296,0.033400
1996,0.067535,0.047537,0.396642,-0.023842,0.027595,0.032221
1997,-0.029651,0.052224,0.490421,-0.021688,0.031048,0.026772
1998,0.069125,0.045523,0.396677,-0.022332,0.028229,0.022559
1999,-0.028584,0.032854,0.484868,-0.021553,0.032064,0.017369
2000,0.023908,-0.059978,0.482970,-0.028509,0.028233,0.013045
2001,0.052927,-0.001393,0.411079,-0.025552,0.029468,0.013544
2002,0.070290,0.045767,0.396559,-0.022300,0.028326,0.009063
2003,0.041149,0.023512,0.403630,-0.023684,0.030317,0.005273
2004,0.056083,0.035053,0.400043,-0.023100,0.029490,0.001480
2005,-0.076522,0.043172,0.608101,-0.018994,0.029531,-0.001678
2006,0.116796,0.059393,0.398007,-0.018854,0.024021,-0.000099
2007,0.070715,0.041266,0.396076,-0.019181,0.028349,0.001659
2008,-0.033899,0.045625,0.493328,-0.016553,0.031839,-0.000583
2009,0.037401,-0.082991,0.434206,-0.026974,0.029540,-0.001597
2010,-0.199500,-0.342775,0.431719,-0.051460,0.050172,-0.004453
2011,0.043416,0.044789,0.440476,-0.020580,0.028947,0.028908
2012,0.071318,0.042984,0.396016,-0.021141,0.028498,0.028269
2013,0.070324,0.042703,0.395721,-0.020863,0.027952,0.026905
2014,0.057129,0.024968,0.400793,-0.021982,0.028237,0.025123
2015,-0.091445,0.030510,0.573272,-0.019164,0.031706,0.022807
2016,0.038404,0.045613,0.443917,-0.018849,0.028279,0.024346
2017,0.037601,0.044215,0.442698,-0.018205,0.028132,0.022800
2018,0.015725,-0.019045,0.491164,-0.022064,0.027286,0.021123
2019,0.043394,0.047338,0.442626,-0.017690,0.026969,0.019650
2020,-0.017486,-0.036061,0.454523,-0.023751,0.031343,0.017988
2021,0.029853,0.025199,0.452900,-0.018853,0.026938,0.018832
2022,0.007995,0.018105,0.429120,-0.019392,0.029798,0.017553
2023,0.017690,0.017697,0.440151,-0.018765,0.028278,0.016824
2024,0.042273,0.044798,0.440324,-0.015962,0.025725,0.015967
2025,0.035499,0.039873,0.438552,-0.015484,0.025921,0.014347
2026,-0.005201,-0.030249,0.441046,-0.020515,0.028927,0.012492
2027,-0.046145,-0.079797,0.442951,-0.025090,0.032476,0.014469
2028,-0.036808,-0.093012,0.441561,-0.026988,0.031509,0.017205
2029,0.028898,0.031083,0.431585,-0.017332,0.025849,0.021408
2030,0.031139,0.037966,0.441335,-0.015959,0.024701,0.020435
2031,-0.036295,-0.079208,0.437057,-0.025289,0.030488,0.018831
2032,0.028910,0.039413,0.441765,-0.015906,0.024229,0.022305
2033,0.028829,0.037707,0.438321,-0.015421,0.024086,0.020568
2034,-0.072518,-0.133936,0.446439,-0.029226,0.032219,0.018516
2035,0.018247,0.027591,0.437280,-0.017007,0.024436,0.023174
2036,0.013682,0.017147,0.447418,-0.017187,0.023942,0.021343
2037,0.015563,0.012760,0.451520,-0.017228,0.023095,0.019773
2038,-0.041944,-0.070562,0.424480,-0.024485,0.029251,0.018733
2039,-0.000557,0.001524,0.438906,-0.018639,0.024626,0.021486
2040,0.020011,0.021958,0.449520,-0.016526,0.021993,0.020367
2041,-0.028195,-0.054013,0.428466,-0.023040,0.026994,0.018408
2042,-0.002192,0.000068,0.442512,-0.018569,0.023646,0.020656
2043,-0.013901,-0.017528,0.439273,-0.019946,0.024556,0.019478
2044,0.026505,0.037851,0.438122,-0.015251,0.020777,0.019093
2045,0.054688,0.032847,0.392854,-0.015773,0.020355,0.017164
2046,-0.117554,-0.176337,0.454106,-0.032188,0.031662,0.014304
2047,-0.005647,0.002260,0.437305,-0.018649,0.022756,0.023464
2048,0.019005,0.035597,0.437250,-0.015850,0.020525,0.023424
2049,0.001774,-0.004669,0.466051,-0.018417,0.020295,0.021366
2050,-0.040765,-0.066185,0.434897,-0.024474,0.025412,0.020124
2051,0.023993,0.039310,0.439531,-0.016055,0.019251,0.022297
2052,-0.028240,-0.037794,0.443583,-0.022082,0.023337,0.020306
2053,0.020067,0.035116,0.438952,-0.016308,0.019191,0.020432
2054,-0.052197,-0.089973,0.431363,-0.026624,0.025753,0.018324
2055,0.021728,0.038926,0.438799,-0.016442,0.018698,0.021909
2056,0.014953,0.016046,0.455342,-0.017727,0.018201,0.019892
2057,-0.022096,-0.044939,0.422838,-0.023367,0.022938,0.017840
2058,0.011122,0.017112,0.454109,-0.018038,0.018194,0.020383
2059,0.015144,0.030925,0.439393,-0.017044,0.018417,0.019023
2060,-0.008232,-0.024176,0.434082,-0.021464,0.020601,0.016851
2061,0.015391,0.023026,0.448631,-0.017434,0.017562,0.018919
2062,-0.007227,-0.017787,0.417733,-0.021149,0.020963,0.016942
2063,0.035421,0.035735,0.409826,-0.016892,0.017601,0.019003
2064,-0.023860,-0.015906,0.486064,-0.019735,0.018367,0.016373
2065,0.006545,0.013898,0.444722,-0.018062,0.017808,0.017788
2066,0.017663,0.037907,0.434583,-0.016017,0.017172,0.016967
2067,0.017331,0.036597,0.433412,-0.015565,0.017104,0.015027
2068,0.017036,0.035774,0.432701,-0.014962,0.017063,0.013182
2069,-0.134152,-0.285876,0.435643,-0.041512,0.030271,0.011254
2070,0.017485,0.049710,0.424438,-0.016540,0.017444,0.024021
2071,0.017694,0.039230,0.437043,-0.016461,0.016701,0.022381
2072,0.016776,0.038072,0.436004,-0.016072,0.016746,0.020738
2073,0.010655,0.012486,0.457329,-0.017387,0.016098,0.018934
2074,-0.045447,-0.109797,0.436900,-0.027941,0.021944,0.017037
2075,0.014324,0.038690,0.437867,-0.016537,0.016501,0.022328
2076,0.015547,0.037829,0.435476,-0.016131,0.016490,0.020504
2077,0.024790,0.005204,0.448539,-0.018137,0.014891,0.018555
2078,-0.077834,-0.113381,0.441517,-0.028551,0.024022,0.016590
2079,-0.003914,0.010744,0.438058,-0.018971,0.017833,0.021581
2080,0.015544,0.038382,0.435409,-0.016445,0.016255,0.020105
2081,-0.058895,-0.098569,0.439662,-0.027479,0.022584,0.018138
2082,0.016674,0.039616,0.436150,-0.016787,0.016142,0.021452
2083,0.014403,0.025257,0.449617,-0.017371,0.015554,0.019440
2084,0.015122,0.037997,0.434730,-0.016284,0.016227,0.017551
2085,-0.029354,-0.074246,0.428042,-0.025287,0.020477,0.015530
2086,0.010349,0.036530,0.434450,-0.016448,0.016593,0.019523
2087,-0.070169,-0.150100,0.442499,-0.031600,0.023361,0.017609
2088,0.011551,0.038681,0.437057,-0.017375,0.016505,0.023791
2089,0.013311,0.023574,0.452223,-0.018039,0.015612,0.021868
2090,0.016402,0.023905,0.444329,-0.018028,0.015712,0.019983
2091,0.010321,0.008330,0.438895,-0.019217,0.016528,0.018753
2092,0.013639,0.013707,0.440510,-0.018655,0.016096,0.018939
2093,0.008116,0.009893,0.440704,-0.018821,0.016528,0.018936
2094,0.008248,0.012325,0.439937,-0.018519,0.016540,0.018964
2095,0.014308,0.013202,0.442887,-0.018228,0.015799,0.018642
2096,-0.040814,-0.083956,0.429090,-0.026443,0.021338,0.018629
2097,0.010553,0.030743,0.443410,-0.017275,0.016132,0.022567
2098,-0.015920,-0.008276,0.442081,-0.020260,0.018552,0.020658
2099,0.017052,0.016799,0.440750,-0.018090,0.015799,0.019654
2100,0.011539,0.008490,0.441406,-0.018599,0.016224,0.019013
2101,0.011517,0.014403,0.439550,-0.017994,0.016276,0.019301
2102,-0.029280,-0.056232,0.433212,-0.023800,0.020147,0.019115
2103,0.007781,0.024792,0.446920,-0.017090,0.016231,0.021106
2104,0.015934,0.016005,0.439072,-0.017694,0.015940,0.019131
2105,-0.033197,-0.039591,0.437072,-0.022168,0.020309,0.019147
2106,0.012136,0.024096,0.449024,-0.016777,0.015791,0.019788
2107,-0.033451,-0.074905,0.423817,-0.025281,0.021190,0.017922
2108,0.013281,0.038172,0.436661,-0.016196,0.016483,0.021749
2109,0.014581,0.037565,0.435423,-0.015729,0.016543,0.019835
2110,0.018875,-0.004024,0.467428,-0.018184,0.014523,0.017856
2111,0.016820,0.018242,0.446044,-0.016926,0.015716,0.016753
2112,-0.013346,-0.032518,0.425881,-0.021266,0.019425,0.015560
2113,-0.030880,-0.068584,0.428714,-0.024305,0.020862,0.018202
2114,0.029199,0.034396,0.409591,-0.016357,0.016675,0.021390
2115,-0.033055,-0.012238,0.475295,-0.018975,0.018489,0.019003
2116,0.014765,0.022381,0.451141,-0.016370,0.015783,0.018661
2117,-0.027518,-0.058811,0.420235,-0.023486,0.021193,0.016925
2118,0.012862,0.036996,0.436919,-0.015634,0.016904,0.020272
2119,0.015116,0.036484,0.435096,-0.015183,0.016916,0.018365
2120,0.011081,-0.003882,0.460460,-0.017648,0.015979,0.016394
2121,-0.036115,-0.088910,0.427096,-0.025475,0.021867,0.016365
2122,-0.001352,-0.012795,0.444832,-0.019429,0.017890,0.020160
2123,0.014711,0.036688,0.435723,-0.015479,0.017001,0.019710
2124,-0.035503,-0.098229,0.437255,-0.026370,0.021440,0.017854
2125,0.039465,0.033759,0.399191,-0.016692,0.016880,0.021646
2126,-0.012720,0.029180,0.484192,-0.015602,0.016754,0.019074
2127,-0.014930,-0.063010,0.435286,-0.023664,0.019863,0.017940
2128,0.013053,0.036289,0.436329,-0.015758,0.017344,0.020453
2129,-0.027912,-0.093454,0.441669,-0.026167,0.020755,0.018524
2130,0.011818,0.036309,0.436174,-0.016219,0.017543,0.022037
2131,0.015111,0.036529,0.435334,-0.015817,0.017450,0.020049
2132,0.016310,0.036260,0.435008,-0.015377,0.017451,0.017999
2133,0.000954,-0.003171,0.463114,-0.017830,0.017486,0.015929
2134,0.018866,0.015386,0.453051,-0.016641,0.016408,0.013994
2135,-0.002464,-0.008581,0.436157,-0.018763,0.019163,0.013045
2136,0.018325,0.020234,0.410292,-0.016711,0.018718,0.013943
2137,0.007587,-0.000414,0.481837,-0.017660,0.016001,0.015598
2138,0.023749,0.041408,0.431014,-0.015059,0.017199,0.014041
2139,0.017277,0.035848,0.433125,-0.014756,0.017663,0.012489
2140,0.017675,0.034753,0.431922,-0.014209,0.017730,0.010664
2141,-0.138923,-0.371007,0.430435,-0.047849,0.031762,0.008894
2142,0.008041,0.047033,0.425876,-0.016631,0.019046,0.026748
2143,0.016726,0.038525,0.437913,-0.016550,0.017838,0.025014
2144,0.017332,0.038210,0.437125,-0.016221,0.017900,0.023337
2145,0.017534,0.037543,0.436559,-0.015811,0.018010,0.021565
2146,0.017944,0.036822,0.435811,-0.015353,0.018088,0.019583
2147,-0.141998,-0.424057,0.365497,-0.054761,0.036339,0.017534
2148,0.048646,0.035637,0.392728,-0.019301,0.018122,0.053109
2149,0.048360,0.036337,0.392572,-0.019506,0.017908,0.050431
2150,0.048017,0.036783,0.392437,-0.019581,0.017669,0.047000
2151,0.047584,0.037097,0.392288,-0.019591,0.017388,0.042969
2152,0.047052,0.037289,0.392123,-0.019543,0.017064,0.038498
2153,0.046438,0.037355,0.391944,-0.019435,0.016706,0.033741
2154,-0.223332,0.049581,0.779769,-0.012379,0.018968,0.028831
2155,0.051712,-0.030797,0.418452,-0.020913,0.017257,0.029827
2156,0.049104,0.035669,0.393592,-0.017952,0.018311,0.023747
2157,0.047517,0.026438,0.402608,-0.018411,0.017542,0.018603
2158,0.048224,0.031582,0.394401,-0.018396,0.017448,0.013521
2159,0.047344,0.036025,0.392282,-0.017839,0.017171,0.008903
2160,0.046584,0.035470,0.392073,-0.017439,0.016765,0.004721
2161,0.045717,0.034807,0.391843,-0.016988,0.016319,0.000952
2162,-0.188212,0.079278,0.630740,-0.009196,0.024009,-0.002359
2163,-0.667400,-2.095208,0.533039,-0.190807,0.073835,-0.001001
2164,-1.188061,-0.781211,0.648281,-0.098913,0.112522,0.071567
2165,0.059152,0.050913,0.397095,-0.036339,0.024213,0.132424
2166,0.060546,0.056368,0.397374,-0.038774,0.024610,0.128894
2167,0.110148,0.114082,0.391204,-0.036088,0.020616,0.123053
2168,0.061481,0.063432,0.397293,-0.041349,0.024737,0.115756
2169,0.062388,0.066435,0.397819,-0.042723,0.024875,0.106396
2170,0.063086,0.069683,0.397915,-0.043922,0.025024,0.095870
2171,0.063699,0.072246,0.398058,-0.044911,0.025078,0.084557
2172,0.064132,0.074619,0.398124,-0.045721,0.025095,0.072787
2173,0.062693,0.077593,0.400753,-0.046217,0.025071,0.060886
2174,0.064252,0.077984,0.398116,-0.046621,0.024856,0.049200
2175,0.064187,0.079218,0.398061,-0.046834,0.024700,0.037829
2176,0.063927,0.080084,0.397960,-0.046857,0.024476,0.027053
2177,0.063506,0.080571,0.397817,-0.046684,0.024199,0.017029
2178,-0.166240,0.128557,0.738449,-0.037161,0.025705,0.007893
2179,0.065757,0.076936,0.398269,-0.043507,0.025716,0.008025
2180,-0.146377,0.000528,0.494336,-0.048040,0.040378,0.000898
2181,0.053306,0.071895,0.429393,-0.042405,0.028032,-0.004805
2182,0.053333,0.076307,0.422763,-0.040677,0.028819,-0.009761
2183,-0.051099,-0.024395,0.467684,-0.047422,0.036689,-0.014039
2184,0.107676,-0.053405,0.439408,-0.050650,0.025288,-0.016276
2185,-0.063141,-0.059607,0.502606,-0.052598,0.036195,-0.019908
2186,0.076633,0.078719,0.399154,-0.042447,0.030392,-0.005344
2187,0.043881,0.077540,0.468283,-0.040553,0.029390,-0.006611
2188,0.055970,0.076735,0.432876,-0.039971,0.030265,-0.006590
2189,0.058667,-0.007584,0.426719,-0.046066,0.030621,-0.006689
2190,0.008611,0.077103,0.480649,-0.039465,0.031816,-0.007960
2191,0.075306,0.025657,0.417022,-0.042866,0.030052,-0.005677
2192,0.075831,0.061700,0.403628,-0.040225,0.030165,-0.006176
2193,-0.183169,-0.174959,0.500722,-0.058053,0.047594,-0.006148
2194,0.078074,0.075883,0.398517,-0.038833,0.031146,0.006685
2195,-0.204932,-0.038318,0.480685,-0.046492,0.051699,0.006997
2196,0.078641,0.073430,0.416831,-0.037633,0.032106,0.012412
2197,0.062133,0.047971,0.460568,-0.037921,0.030848,0.012428
2198,0.035429,0.054758,0.433435,-0.037072,0.034469,0.012095
2199,0.046068,0.072156,0.454237,-0.034278,0.032542,0.011888
2200,0.012260,0.025044,0.460041,-0.036706,0.035344,0.011870
2201,-0.003068,-0.016045,0.452566,-0.039686,0.037290,0.011254
2202,0.036047,0.044193,0.453876,-0.034157,0.033687,0.013209
2203,0.002858,0.030707,0.437842,-0.034561,0.037381,0.013018
2204,0.052615,0.068116,0.431212,-0.030346,0.033394,0.014103
2205,-0.032602,-0.074795,0.511858,-0.039574,0.035808,0.013103
2206,0.078347,0.063646,0.397517,-0.029507,0.031801,0.021833
2207,0.077000,0.061848,0.397129,-0.028330,0.031148,0.020301
2208,0.075463,0.059915,0.396715,-0.027103,0.030412,0.018526
2209,-0.044075,0.000759,0.418621,-0.030748,0.039853,0.016567
2210,-0.139455,-0.109271,0.516455,-0.037855,0.043298,0.013963
2211,0.076886,0.056386,0.396729,-0.025127,0.031207,0.029024
2212,0.053859,0.045494,0.402396,-0.024819,0.032435,0.026876
2213,0.061971,0.046373,0.398766,-0.023806,0.031544,0.024267
2214,-0.065636,0.059205,0.589876,-0.018691,0.031805,0.021518
2215,0.074815,0.048833,0.395893,-0.020321,0.030247,0.020179
2216,0.004933,-0.001558,0.528885,-0.021227,0.028505,0.017321
2217,-0.088552,-0.323793,0.371757,-0.050113,0.045127,0.015043
2218,-0.810681,-0.141839,0.423921,-0.036908,0.104940,0.045343
2219,0.077750,0.046516,0.397574,-0.019920,0.032820,0.036257
2220,0.077571,0.045477,0.397339,-0.019255,0.032631,0.033237
2221,0.077243,0.044338,0.397092,-0.018547,0.032357,0.029873
2222,0.076697,0.043116,0.396816,-0.017812,0.031984,0.026272
2223,0.075951,0.041840,0.396514,-0.017064,0.031523,0.022547
2224,-0.116839,0.054749,0.656359,-0.011201,0.033883,0.018792
2225,0.029364,-0.060981,0.462709,-0.021673,0.032922,0.017419
2226,-0.579303,-0.154324,0.436465,-0.030732,0.086885,0.018819
2227,-0.142015,-0.341403,0.442501,-0.046088,0.051350,0.038867
2228,0.079784,0.043994,0.398217,-0.019226,0.034475,0.064296
2229,0.079650,0.044039,0.398036,-0.019135,0.034249,0.060507
2230,0.079283,0.044003,0.397826,-0.019015,0.033913,0.055865
2231,0.078709,0.043886,0.397591,-0.018862,0.033481,0.050574
2232,0.077925,0.043674,0.397328,-0.018672,0.032955,0.044827
2233,-0.198185,0.061353,0.545985,-0.014749,0.048803,0.038815
2234,0.080827,0.038445,0.397663,-0.015476,0.034530,0.041239
2235,0.034671,0.023137,0.405441,-0.016145,0.038053,0.035120
2236,0.062784,0.031495,0.400666,-0.015047,0.035956,0.028831
2237,-0.084387,0.041519,0.591991,-0.010635,0.037991,0.022764
2238,0.036718,-0.009310,0.406180,-0.015502,0.038817,0.021745
2239,0.082993,0.032366,0.397401,-0.012095,0.034996,0.015877
2240,0.052794,0.012147,0.403597,-0.013127,0.036969,0.010674
2241,0.067034,0.021510,0.400226,-0.012051,0.035571,0.005719
2242,-0.094655,0.047345,0.682700,-0.005063,0.033707,0.001301
