Step,Fx(N),Fy(N),Fz(N),Tx(Nm),Ty(Nm),Tz(Nm)
1,0.000000,-0.000000,0.000000,0.000000,-0.000000,0.000000
2,-0.879851,-0.780968,1.485795,0.083414,-0.189046,-0.000009
3,-0.880688,-0.787182,1.455458,0.091164,-0.191408,-0.000732
4,-0.882985,-0.795841,1.422965,0.099987,-0.194400,-0.001464
5,-0.886679,-0.806788,1.388452,0.109809,-0.197992,-0.002215
6,-0.891689,-0.819877,1.352085,0.120559,-0.202145,-0.002949
7,-0.897969,-0.834970,1.313971,0.132168,-0.206841,-0.003672
8,-0.905445,-0.851906,1.274244,0.144560,-0.212047,-0.004363
9,-0.914056,-0.870525,1.233035,0.157659,-0.217735,-0.005028
10,-0.923736,-0.890660,1.190484,0.171384,-0.223875,-0.005655
11,-0.934399,-0.912171,1.146729,0.185670,-0.230429,-0.006236
12,-0.945988,-0.934890,1.101893,0.200440,-0.237371,-0.006776
13,-0.958426,-0.958663,1.056107,0.215620,-0.244670,-0.007273
14,-0.971629,-0.983314,1.009535,0.231128,-0.252285,-0.007720
15,-0.985547,-1.008693,0.962278,0.246895,-0.260195,-0.008132
16,-1.000080,-1.034638,0.914501,0.262847,-0.268357,-0.008504
17,-1.015154,-1.060995,0.866342,0.278911,-0.276737,-0.008837
18,-1.030721,-1.087627,0.817909,0.295024,-0.285314,-0.009131
19,-1.046676,-1.114369,0.769372,0.311111,-0.294041,-0.009401
20,-1.062961,-1.141078,0.720846,0.327104,-0.302893,-0.009636
21,-1.079505,-1.167623,0.672466,0.342943,-0.311838,-0.009848
22,-1.096225,-1.193869,0.624377,0.358565,-0.320839,-0.010038
23,-1.113057,-1.219685,0.576692,0.373907,-0.329868,-0.010213
24,-1.129924,-1.244935,0.529553,0.388909,-0.338892,-0.010371
25,-1.146766,-1.269508,0.483073,0.403514,-0.347882,-0.010522
26,-1.163510,-1.293294,0.437372,0.417672,-0.356808,-0.010658
27,-1.180097,-1.316190,0.392554,0.431335,-0.365642,-0.010796
28,-1.196432,-1.338095,0.348758,0.444454,-0.374343,-0.010927
29,-1.212488,-1.358918,0.306058,0.456983,-0.382899,-0.011054
30,-1.228178,-1.378565,0.264567,0.468878,-0.391270,-0.011185
31,-1.243448,-1.396966,0.224378,0.480105,-0.399435,-0.011307
32,-1.258229,-1.414047,0.185573,0.490628,-0.407362,-0.011433
33,-1.272476,-1.429750,0.148227,0.500418,-0.415031,-0.011555
34,-1.286138,-1.444003,0.112405,0.509440,-0.422420,-0.011676
35,-1.299145,-1.456758,0.078189,0.517670,-0.429498,-0.011799
36,-1.311448,-1.467982,0.045622,0.525092,-0.436245,-0.011922
37,-1.323007,-1.477629,0.014750,0.531683,-0.442644,-0.012037
38,-1.333769,-1.485679,-0.014377,0.537435,-0.448671,-0.012148
39,-1.343684,-1.492084,-0.041724,0.542323,-0.454305,-0.012252
40,-1.352713,-1.496845,-0.067262,0.546351,-0.459530,-0.012350
41,-1.360821,-1.499930,-0.090979,0.549502,-0.464332,-0.012442
42,-1.367955,-1.501356,-0.112847,0.551788,-0.468690,-0.012522
43,-1.374096,-1.501094,-0.132865,0.553196,-0.472594,-0.012589
44,-1.379198,-1.499175,-0.151031,0.553744,-0.476029,-0.012650
45,-1.383243,-1.495586,-0.167346,0.553427,-0.478985,-0.012692
46,-1.386181,-1.490341,-0.181802,0.552258,-0.481446,-0.012719
47,-1.388023,-1.483469,-0.194453,0.550254,-0.483416,-0.012736
48,-1.388720,-1.474979,-0.205282,0.547423,-0.484876,-0.012729
49,-1.388260,-1.464907,-0.214322,0.543787,-0.485825,-0.012710
50,-1.386627,-1.453274,-0.221605,0.539364,-0.486257,-0.012672
51,-1.383802,-1.440128,-0.227154,0.534181,-0.486166,-0.012617
52,-1.379771,-1.425498,-0.230999,0.528258,-0.485550,-0.012541
53,-1.374537,-1.409417,-0.233188,0.521618,-0.484412,-0.012444
54,-1.368101,-1.391937,-0.233771,0.514291,-0.482757,-0.012336
55,-1.360440,-1.373100,-0.232776,0.506308,-0.480576,-0.012205
56,-1.351568,-1.352953,-0.230255,0.497695,-0.477879,-0.012057
57,-1.341478,-1.331558,-0.226264,0.488491,-0.474667,-0.011894
58,-1.330189,-1.308959,-0.220852,0.478724,-0.470950,-0.011708
59,-1.317695,-1.285205,-0.214066,0.468424,-0.466729,-0.011514
60,-1.304011,-1.260376,-0.205972,0.457637,-0.462013,-0.011305
61,-1.289154,-1.234498,-0.196633,0.446383,-0.456814,-0.011072
62,-1.273139,-1.207656,-0.186106,0.434709,-0.451140,-0.010832
63,-1.255972,-1.179903,-0.174445,0.422647,-0.444997,-0.010575
64,-1.237692,-1.151287,-0.161726,0.410227,-0.438403,-0.010309
65,-1.218300,-1.121900,-0.148010,0.397499,-0.431362,-0.010036
66,-1.197828,-1.091779,-0.133360,0.384486,-0.423891,-0.009745
67,-1.176302,-1.060989,-0.117850,0.371226,-0.416002,-0.009457
68,-1.153757,-1.029608,-0.101550,0.357759,-0.407712,-0.009152
69,-1.130202,-0.997683,-0.084518,0.344114,-0.399027,-0.008843
70,-1.105683,-0.965289,-0.066837,0.330330,-0.389969,-0.008526
71,-1.080229,-0.932480,-0.048573,0.316437,-0.380550,-0.008210
72,-1.053869,-0.899312,-0.029788,0.302464,-0.370785,-0.007882
73,-1.026652,-0.865862,-0.010575,0.288451,-0.360695,-0.007558
74,-0.998604,-0.832175,0.009015,0.274422,-0.350292,-0.007226
75,-0.969768,-0.798315,0.028901,0.260408,-0.339595,-0.006896
76,-0.940191,-0.764335,0.049011,0.246436,-0.328623,-0.006565
77,-0.909901,-0.730292,0.069285,0.232535,-0.317389,-0.006232
78,-0.878940,-0.696245,0.089656,0.218732,-0.305910,-0.005908
79,-0.847356,-0.662237,0.110054,0.205047,-0.294206,-0.005577
80,-0.815182,-0.628329,0.130423,0.191509,-0.282290,-0.005248
81,-0.782483,-0.594548,0.150685,0.178129,-0.270190,-0.004923
82,-0.749284,-0.560966,0.170794,0.164941,-0.257913,-0.004605
83,-0.715640,-0.527603,0.190683,0.151950,-0.245484,-0.004287
84,-0.681578,-0.494521,0.210309,0.139186,-0.232911,-0.003975
85,-0.647173,-0.461749,0.229603,0.126656,-0.220225,-0.003661
86,-0.612456,-0.429322,0.248517,0.114378,-0.207437,-0.003350
87,-0.577484,-0.397286,0.266996,0.102368,-0.194571,-0.003044
88,-0.542290,-0.365664,0.285008,0.090633,-0.181638,-0.002748
89,-0.506926,-0.334488,0.302503,0.079186,-0.168658,-0.002458
90,-0.471443,-0.303785,0.319437,0.068034,-0.155652,-0.002168
91,-0.435893,-0.273584,0.335774,0.057186,-0.142638,-0.001883
92,-0.400310,-0.243908,0.351482,0.046650,-0.129630,-0.001607
93,-0.364754,-0.214770,0.366527,0.036426,-0.116650,-0.001335
94,-0.329258,-0.186199,0.380881,0.026523,-0.103713,-0.001068
95,-0.293863,-0.158189,0.394533,0.016935,-0.090831,-0.000808
96,-0.258630,-0.130782,0.407437,0.007675,-0.078030,-0.000561
97,-0.223599,-0.103973,0.419586,-0.001263,-0.065325,-0.000318
98,-0.188792,-0.077767,0.430977,-0.009883,-0.052722,-0.000079
99,-0.154286,-0.052191,0.441565,-0.018177,-0.040253,0.000157
100,-0.120096,-0.027237,0.451362,-0.026153,-0.027923,0.000383
101,-0.086273,-0.002908,0.460354,-0.033816,-0.015751,0.000603
102,-0.052850,0.020808,0.468538,-0.041176,-0.003751,0.000818
103,-0.019872,0.043893,0.475905,-0.048228,0.008061,0.001024
104,0.012638,0.066356,0.482468,-0.054983,0.019676,0.001224
105,0.044631,0.088214,0.488217,-0.061454,0.031075,0.001415
106,0.076087,0.109441,0.493159,-0.067631,0.042250,0.001600
107,0.106963,0.130075,0.497303,-0.073538,0.053184,0.001781
108,0.137249,0.150114,0.500667,-0.079179,0.063875,0.001953
109,0.166879,0.169564,0.503234,-0.084558,0.074294,0.002117
110,0.195866,0.188440,0.505045,-0.089690,0.084449,0.002278
111,0.224159,0.206761,0.506099,-0.094586,0.094319,0.002427
112,0.251743,0.224521,0.506413,-0.099246,0.103899,0.002578
113,0.278608,0.241753,0.506015,-0.103690,0.113185,0.002714
114,0.304715,0.258472,0.504911,-0.107929,0.122160,0.002852
115,0.330062,0.274685,0.503132,-0.111968,0.130826,0.002977
116,0.354623,0.290410,0.500690,-0.115821,0.139170,0.003099
117,0.378390,0.305663,0.497609,-0.119495,0.147191,0.003213
118,0.401346,0.320463,0.493912,-0.123004,0.154883,0.003325
119,0.423509,0.334827,0.489637,-0.126356,0.162252,0.003428
120,0.444833,0.348776,0.484790,-0.129566,0.169279,0.003530
121,0.465333,0.362315,0.479402,-0.132637,0.175973,0.003622
122,0.484999,0.375476,0.473503,-0.135585,0.182329,0.003710
123,0.503830,0.388269,0.467116,-0.138418,0.188346,0.003794
124,0.521829,0.400710,0.460269,-0.141145,0.194026,0.003874
125,0.538994,0.412823,0.452989,-0.143778,0.199370,0.003957
126,0.555342,0.424629,0.445315,-0.146329,0.204385,0.004030
127,0.570853,0.436126,0.437249,-0.148796,0.209062,0.004097
128,0.585548,0.447345,0.428835,-0.151196,0.213411,0.004162
129,0.599446,0.458302,0.420107,-0.153538,0.217440,0.004221
130,0.612538,0.469002,0.411069,-0.155823,0.221146,0.004284
131,0.624853,0.479472,0.401773,-0.158065,0.224542,0.004340
132,0.636398,0.489718,0.392237,-0.160268,0.227631,0.004394
133,0.647183,0.499760,0.382481,-0.162439,0.230417,0.004449
134,0.657226,0.509609,0.372535,-0.164585,0.232909,0.004495
135,0.666556,0.519282,0.362434,-0.166714,0.235120,0.004546
136,0.675174,0.528783,0.352189,-0.168825,0.237049,0.004593
137,0.683122,0.538129,0.341839,-0.170929,0.238717,0.004646
138,0.690397,0.547324,0.331393,-0.173025,0.240121,0.004692
139,0.697039,0.556388,0.320886,-0.175121,0.241280,0.004730
140,0.703063,0.565326,0.310342,-0.177222,0.242200,0.004778
141,0.708493,0.574151,0.299776,-0.179329,0.242891,0.004819
142,0.713352,0.582868,0.289217,-0.181447,0.243365,0.004858
143,0.717682,0.591485,0.278685,-0.183575,0.243639,0.004904
144,0.721483,0.600005,0.268194,-0.185716,0.243713,0.004942
145,0.724792,0.608439,0.257765,-0.187872,0.243605,0.004990
146,0.727649,0.616795,0.247427,-0.190047,0.243330,0.005032
147,0.730069,0.625072,0.237196,-0.192237,0.242898,0.005072
148,0.732070,0.633277,0.227077,-0.194446,0.242315,0.005112
149,0.733691,0.641419,0.217094,-0.196675,0.241597,0.005153
150,0.734977,0.649499,0.207275,-0.198922,0.240766,0.005197
151,0.735932,0.657520,0.197625,-0.201190,0.239823,0.005239
152,0.736586,0.665485,0.188152,-0.203477,0.238780,0.005287
153,0.736970,0.673392,0.178873,-0.205778,0.237651,0.005330
154,0.737115,0.681234,0.169804,-0.208092,0.236451,0.005378
155,0.737053,0.689033,0.160962,-0.210425,0.235193,0.005418
156,0.736790,0.696774,0.152341,-0.212769,0.233878,0.005462
157,0.736365,0.704462,0.143961,-0.215124,0.232525,0.005513
158,0.735819,0.712104,0.135844,-0.217493,0.231151,0.005561
159,0.735152,0.719692,0.127976,-0.219869,0.229755,0.005608
160,0.734410,0.727224,0.120382,-0.222251,0.228358,0.005657
161,0.733603,0.734702,0.113057,-0.224636,0.226964,0.005704
162,0.732742,0.742119,0.106003,-0.227021,0.225577,0.005755
163,0.731885,0.749484,0.099245,-0.229408,0.224222,0.005803
164,0.731030,0.756781,0.092773,-0.231789,0.222899,0.005857
165,0.730202,0.764021,0.086591,-0.234167,0.221617,0.005910
166,0.729428,0.771203,0.080711,-0.236538,0.220388,0.005958
167,0.728729,0.778315,0.075132,-0.238900,0.219221,0.006015
168,0.728108,0.785362,0.069848,-0.241250,0.218117,0.006064
169,0.727586,0.792333,0.064860,-0.243584,0.217084,0.006116
170,0.727199,0.799239,0.060184,-0.245905,0.216137,0.006169
171,0.726941,0.806055,0.055798,-0.248199,0.215275,0.006222
172,0.726836,0.812802,0.051717,-0.250479,0.214505,0.006283
173,0.726888,0.819462,0.047927,-0.252731,0.213831,0.006334
174,0.727126,0.826040,0.044434,-0.254961,0.213263,0.006394
175,0.727552,0.832525,0.041234,-0.257159,0.212803,0.006447
176,0.728165,0.838925,0.038318,-0.259332,0.212448,0.006504
177,0.728997,0.845233,0.035691,-0.261475,0.212214,0.006557
178,0.730038,0.851440,0.033341,-0.263581,0.212095,0.006611
179,0.731293,0.857552,0.031259,-0.265657,0.212091,0.006671
180,0.732783,0.863563,0.029450,-0.267696,0.212213,0.006724
181,0.734501,0.869470,0.027902,-0.269699,0.212456,0.006779
182,0.736457,0.875260,0.026607,-0.271658,0.212824,0.006834
183,0.738647,0.880955,0.025564,-0.273584,0.213315,0.006885
184,0.741075,0.886526,0.024757,-0.275464,0.213931,0.006939
185,0.743728,0.891988,0.024181,-0.277306,0.214664,0.006989
186,0.746619,0.897337,0.023830,-0.279107,0.215520,0.007041
187,0.749750,0.902566,0.023700,-0.280864,0.216500,0.007095
188,0.753106,0.907660,0.023769,-0.282570,0.217596,0.007142
189,0.756699,0.912643,0.024050,-0.284238,0.218814,0.007188
190,0.760494,0.917492,0.024508,-0.285858,0.220137,0.007242
191,0.764514,0.922210,0.025151,-0.287429,0.221575,0.007289
192,0.768741,0.926809,0.025969,-0.288960,0.223120,0.007336
193,0.773171,0.931264,0.026947,-0.290438,0.224769,0.007380
194,0.777780,0.935587,0.028073,-0.291872,0.226512,0.007426
195,0.782585,0.939768,0.029347,-0.293255,0.228356,0.007472
196,0.787557,0.943820,0.030756,-0.294595,0.230287,0.007514
197,0.792691,0.947732,0.032291,-0.295888,0.232304,0.007554
198,0.797977,0.951485,0.033936,-0.297124,0.234401,0.007590
199,0.803387,0.955113,0.035683,-0.298321,0.236566,0.007626
200,0.808940,0.958586,0.037536,-0.299467,0.238807,0.007670
201,0.814595,0.961914,0.039469,-0.300565,0.241105,0.007710
202,0.820350,0.965095,0.041484,-0.301616,0.243460,0.007743
203,0.826194,0.968131,0.043569,-0.302621,0.245867,0.007774
204,0.832102,0.971009,0.045712,-0.303574,0.248315,0.007809
205,0.838080,0.973726,0.047911,-0.304476,0.250805,0.007840
206,0.844087,0.976300,0.050151,-0.305336,0.253319,0.007872
207,0.850128,0.978703,0.052427,-0.306141,0.255861,0.007898
208,0.856175,0.980955,0.054733,-0.306901,0.258417,0.007923
209,0.862209,0.983046,0.057051,-0.307611,0.260979,0.007948
210,0.868235,0.984977,0.059391,-0.308273,0.263549,0.007971
211,0.874223,0.986737,0.061734,-0.308883,0.266113,0.007993
212,0.880148,0.988335,0.064070,-0.309446,0.268662,0.008009
213,0.886002,0.989766,0.066402,-0.309958,0.271191,0.008028
214,0.891779,0.991026,0.068716,-0.310420,0.273698,0.008046
215,0.897473,0.992119,0.071019,-0.310832,0.276179,0.008062
216,0.903051,0.993043,0.073298,-0.311196,0.278621,0.008074
217,0.908480,0.993788,0.075535,-0.311507,0.281009,0.008087
218,0.913779,0.994360,0.077743,-0.311767,0.283352,0.008099
219,0.918907,0.994749,0.079903,-0.311971,0.285632,0.008103
220,0.923872,0.994966,0.082023,-0.312126,0.287851,0.008112
221,0.928646,0.995006,0.084094,-0.312231,0.289999,0.008117
222,0.933225,0.994855,0.086111,-0.312277,0.292072,0.008126
223,0.937583,0.994515,0.088068,-0.312266,0.294061,0.008125
224,0.941719,0.994001,0.089970,-0.312206,0.295965,0.008124
225,0.945605,0.993297,0.091802,-0.312088,0.297770,0.008120
226,0.949251,0.992400,0.093574,-0.311912,0.299483,0.008118
227,0.952645,0.991319,0.095281,-0.311682,0.301098,0.008116
228,0.955764,0.990044,0.096921,-0.311393,0.302606,0.008105
229,0.958603,0.988573,0.098487,-0.311043,0.304003,0.008101
230,0.961151,0.986915,0.099983,-0.310638,0.305286,0.008095
231,0.963406,0.985058,0.101407,-0.310171,0.306454,0.008082
232,0.965345,0.983002,0.102754,-0.309641,0.307497,0.008067
233,0.966976,0.980750,0.104029,-0.309051,0.308418,0.008052
234,0.968285,0.978296,0.105229,-0.308397,0.309212,0.008033
235,0.969267,0.975655,0.106357,-0.307686,0.309876,0.008018
236,0.969909,0.972799,0.107407,-0.306905,0.310406,0.008002
237,0.970216,0.969738,0.108381,-0.306057,0.310804,0.007980
238,0.970186,0.966488,0.109284,-0.305150,0.311068,0.007959
239,0.969815,0.963028,0.110119,-0.304174,0.311198,0.007936
240,0.969085,0.959363,0.110876,-0.303129,0.311187,0.007907
241,0.968022,0.955502,0.111570,-0.302022,0.311044,0.007875
242,0.966595,0.951434,0.112190,-0.300845,0.310757,0.007848
243,0.964823,0.947160,0.112745,-0.299600,0.310336,0.007810
244,0.962706,0.942688,0.113239,-0.298288,0.309779,0.007780
245,0.960234,0.938009,0.113667,-0.296906,0.309083,0.007742
246,0.957417,0.933131,0.114036,-0.295456,0.308252,0.007705
247,0.954249,0.928047,0.114342,-0.293935,0.307283,0.007661
248,0.950729,0.922767,0.114592,-0.292348,0.306178,0.007620
249,0.946869,0.917287,0.114787,-0.290690,0.304941,0.007577
250,0.942659,0.911603,0.114927,-0.288962,0.303567,0.007533
251,0.938131,0.905723,0.115022,-0.287165,0.302072,0.007488
252,0.933270,0.899652,0.115070,-0.285302,0.300448,0.007438
253,0.928073,0.893389,0.115072,-0.283371,0.298695,0.007388
254,0.922551,0.886918,0.115025,-0.281364,0.296817,0.007339
255,0.916736,0.880273,0.114950,-0.279297,0.294829,0.007284
256,0.910596,0.873442,0.114832,-0.277164,0.292716,0.007229
257,0.904172,0.866417,0.114685,-0.274960,0.290497,0.007171
258,0.897437,0.859204,0.114500,-0.272688,0.288160,0.007116
259,0.890429,0.851818,0.114292,-0.270354,0.285721,0.007053
260,0.883128,0.844252,0.114055,-0.267955,0.283173,0.006997
261,0.875562,0.836509,0.113795,-0.265491,0.280527,0.006932
262,0.867735,0.828592,0.113514,-0.262964,0.277785,0.006866
263,0.859658,0.820511,0.113216,-0.260377,0.274951,0.006802
264,0.851345,0.812267,0.112906,-0.257731,0.272032,0.006734
265,0.842790,0.803856,0.112581,-0.255024,0.269027,0.006669
266,0.834005,0.795299,0.112244,-0.252264,0.265938,0.006596
267,0.825024,0.786582,0.111905,-0.249446,0.262781,0.006524
268,0.815826,0.777723,0.111557,-0.246575,0.259547,0.006455
269,0.806447,0.768717,0.111211,-0.243652,0.256251,0.006379
270,0.796864,0.759565,0.110858,-0.240674,0.252885,0.006306
271,0.787109,0.750271,0.110504,-0.237644,0.249460,0.006229
272,0.777202,0.740861,0.110164,-0.234573,0.245987,0.006151
273,0.767126,0.731305,0.109820,-0.231448,0.242457,0.006076
274,0.756913,0.721641,0.109491,-0.228286,0.238884,0.005996
275,0.746560,0.711850,0.109164,-0.225077,0.235266,0.005913
276,0.736088,0.701950,0.108852,-0.221830,0.231613,0.005832
277,0.725490,0.691949,0.108549,-0.218547,0.227921,0.005747
278,0.714789,0.681823,0.108260,-0.215218,0.224201,0.005662
279,0.703995,0.671619,0.107988,-0.211864,0.220454,0.005582
280,0.693117,0.661311,0.107731,-0.208473,0.216687,0.005495
281,0.682169,0.650917,0.107495,-0.205052,0.212905,0.005408
282,0.671139,0.640441,0.107274,-0.201604,0.209101,0.005316
283,0.660050,0.629884,0.107072,-0.198128,0.205287,0.005228
284,0.648917,0.619257,0.106892,-0.194630,0.201468,0.005131
285,0.637750,0.608564,0.106735,-0.191111,0.197647,0.005049
286,0.626540,0.597795,0.106597,-0.187566,0.193821,0.004958
287,0.615300,0.586970,0.106479,-0.184005,0.189995,0.004863
288,0.604063,0.576103,0.106391,-0.180433,0.186184,0.004768
289,0.592806,0.565175,0.106321,-0.176841,0.182376,0.004677
290,0.581548,0.554202,0.106274,-0.173237,0.178580,0.004589
291,0.570298,0.543195,0.106254,-0.169626,0.174798,0.004500
292,0.559060,0.532156,0.106256,-0.166008,0.171033,0.004406
293,0.547839,0.521082,0.106281,-0.162382,0.167287,0.004314
294,0.536631,0.509979,0.106325,-0.158749,0.163557,0.004219
295,0.525467,0.498860,0.106396,-0.155117,0.159855,0.004129
296,0.514337,0.487724,0.106490,-0.151484,0.156178,0.004032
297,0.503261,0.476572,0.106610,-0.147850,0.152534,0.003944
298,0.492203,0.465407,0.106742,-0.144217,0.148906,0.003849
299,0.481209,0.454239,0.106900,-0.140589,0.145314,0.003760
300,0.470264,0.443072,0.107076,-0.136968,0.141751,0.003668
301,0.459382,0.431901,0.107274,-0.133351,0.138224,0.003580
302,0.448558,0.420738,0.107489,-0.129742,0.134729,0.003485
303,0.437800,0.409587,0.107723,-0.126145,0.131269,0.003392
304,0.427099,0.398445,0.107971,-0.122557,0.127840,0.003299
305,0.416485,0.387317,0.108239,-0.118980,0.124455,0.003203
306,0.405940,0.376212,0.108521,-0.115419,0.121105,0.003114
307,0.395460,0.365114,0.108815,-0.111865,0.117789,0.003024
308,0.385044,0.354052,0.109117,-0.108332,0.114504,0.002932
309,0.374717,0.343013,0.109436,-0.104813,0.111263,0.002844
310,0.364473,0.332004,0.109764,-0.101311,0.108060,0.002753
311,0.354301,0.321024,0.110102,-0.097825,0.104893,0.002665
312,0.344202,0.310081,0.110445,-0.094360,0.101760,0.002570
313,0.334195,0.299170,0.110798,-0.090911,0.098670,0.002484
314,0.324258,0.288291,0.111153,-0.087480,0.095612,0.002396
315,0.314406,0.277451,0.111512,-0.084068,0.092592,0.002306
316,0.304640,0.266659,0.111878,-0.080679,0.089612,0.002219
317,0.294944,0.255897,0.112241,-0.077306,0.086663,0.002134
318,0.285322,0.245189,0.112604,-0.073958,0.083746,0.002049
319,0.275790,0.234523,0.112969,-0.070630,0.080869,0.001965
320,0.266300,0.223896,0.113322,-0.067320,0.078010,0.001876
321,0.256907,0.213322,0.113678,-0.064035,0.075192,0.001792
322,0.247575,0.202794,0.114024,-0.060770,0.072400,0.001706
323,0.238320,0.192313,0.114366,-0.057526,0.069641,0.001620
324,0.229132,0.181876,0.114698,-0.054300,0.066909,0.001542
325,0.220001,0.171494,0.115018,-0.051098,0.064200,0.001460
326,0.210945,0.161163,0.115330,-0.047917,0.061521,0.001375
327,0.201941,0.150885,0.115628,-0.044759,0.058862,0.001296
328,0.192998,0.140646,0.115911,-0.041615,0.056228,0.001214
329,0.184123,0.130470,0.116183,-0.038498,0.053620,0.001139
330,0.175294,0.120342,0.116436,-0.035399,0.051028,0.001058
331,0.166517,0.110256,0.116671,-0.032316,0.048456,0.000981
332,0.157775,0.100225,0.116884,-0.029254,0.045895,0.000901
333,0.149096,0.090243,0.117082,-0.026209,0.043358,0.000823
334,0.140460,0.080320,0.117259,-0.023187,0.040835,0.000747
335,0.131865,0.070440,0.117411,-0.020178,0.038325,0.000666
336,0.123307,0.060614,0.117543,-0.017191,0.035827,0.000594
337,0.114787,0.050846,0.117650,-0.014223,0.033340,0.000514
338,0.106304,0.041125,0.117733,-0.011271,0.030864,0.000437
339,0.097858,0.031450,0.117790,-0.008332,0.028399,0.000362
340,0.089439,0.021817,0.117820,-0.005407,0.025941,0.000289
341,0.081050,0.012254,0.117825,-0.002506,0.023490,0.000215
342,0.072688,0.002725,0.117801,0.000387,0.021045,0.000140
343,0.064332,-0.006751,0.117743,0.003263,0.018596,0.000071
344,0.056010,-0.016170,0.117661,0.006121,0.016156,-0.000006
345,0.047705,-0.025536,0.117548,0.008963,0.013718,-0.000078
346,0.039412,-0.034862,0.117403,0.011795,0.011278,-0.000143
347,0.031142,-0.044131,0.117229,0.014611,0.008842,-0.000217
348,0.022883,-0.053357,0.117021,0.017416,0.006403,-0.000288
349,0.014641,-0.062530,0.116784,0.020207,0.003966,-0.000366
350,0.006417,-0.071653,0.116516,0.022983,0.001530,-0.000431
351,-0.001801,-0.080730,0.116214,0.025749,-0.000911,-0.000501
352,-0.009998,-0.089742,0.115884,0.028496,-0.003350,-0.000575
353,-0.018203,-0.098723,0.115515,0.031240,-0.005799,-0.000644
354,-0.026395,-0.107644,0.115116,0.033965,-0.008250,-0.000712
355,-0.034581,-0.116519,0.114684,0.036681,-0.010706,-0.000781
356,-0.042762,-0.125332,0.114219,0.039379,-0.013166,-0.000853
357,-0.050922,-0.134104,0.113725,0.042070,-0.015625,-0.000925
358,-0.059080,-0.142811,0.113197,0.044743,-0.018091,-0.000992
359,-0.067239,-0.151479,0.112634,0.047409,-0.020565,-0.001058
360,-0.075390,-0.160088,0.112040,0.050061,-0.023043,-0.001131
361,-0.083533,-0.168643,0.111414,0.052699,-0.025526,-0.001196
362,-0.091676,-0.177141,0.110755,0.055324,-0.028015,-0.001263
363,-0.099794,-0.185582,0.110070,0.057935,-0.030502,-0.001333
364,-0.107921,-0.193973,0.109349,0.060535,-0.033001,-0.001394
365,-0.116035,-0.202305,0.108598,0.063121,-0.035503,-0.001464
366,-0.124128,-0.210576,0.107820,0.065692,-0.038003,-0.001530
367,-0.132212,-0.218783,0.107012,0.068246,-0.040507,-0.001597
368,-0.140284,-0.226933,0.106176,0.070787,-0.043014,-0.001663
369,-0.148343,-0.235025,0.105310,0.073315,-0.045524,-0.001732
370,-0.156385,-0.243049,0.104418,0.075824,-0.048034,-0.001797
371,-0.164421,-0.251016,0.103496,0.078321,-0.050551,-0.001859
372,-0.172423,-0.258914,0.102549,0.080800,-0.053061,-0.001926
373,-0.180411,-0.266744,0.101577,0.083261,-0.055573,-0.001991
374,-0.188373,-0.274509,0.100580,0.085705,-0.058082,-0.002053
375,-0.196313,-0.282206,0.099559,0.088132,-0.060591,-0.002118
376,-0.204224,-0.289822,0.098516,0.090536,-0.063095,-0.002177
377,-0.212101,-0.297369,0.097450,0.092921,-0.065593,-0.002241
378,-0.219951,-0.304858,0.096361,0.095295,-0.068088,-0.002306
379,-0.227761,-0.312252,0.095253,0.097639,-0.070574,-0.002365
380,-0.235540,-0.319575,0.094125,0.099963,-0.073056,-0.002424
381,-0.243271,-0.326824,0.092978,0.102269,-0.075525,-0.002487
382,-0.250976,-0.333984,0.091810,0.104546,-0.077993,-0.002543
383,-0.258623,-0.341069,0.090628,0.106805,-0.080443,-0.002605
384,-0.266219,-0.348072,0.089429,0.109040,-0.082881,-0.002665
385,-0.273761,-0.354981,0.088215,0.111246,-0.085305,-0.002726
386,-0.281263,-0.361810,0.086984,0.113430,-0.087720,-0.002778
387,-0.288703,-0.368545,0.085741,0.115585,-0.090118,-0.002835
388,-0.296085,-0.375193,0.084485,0.117715,-0.092499,-0.002894
389,-0.303384,-0.381746,0.083220,0.119815,-0.094854,-0.002949
390,-0.310642,-0.388209,0.081940,0.121889,-0.097201,-0.003008
391,-0.317830,-0.394577,0.080650,0.123935,-0.099527,-0.003062
392,-0.324927,-0.400840,0.079354,0.125946,-0.101822,-0.003115
393,-0.331970,-0.407012,0.078046,0.127930,-0.104104,-0.003165
394,-0.338930,-0.413090,0.076731,0.129886,-0.106360,-0.003222
395,-0.345819,-0.419053,0.075408,0.131804,-0.108594,-0.003277
396,-0.352601,-0.424918,0.074082,0.133692,-0.110793,-0.003326
397,-0.359321,-0.430686,0.072747,0.135551,-0.112974,-0.003375
398,-0.365943,-0.436344,0.071409,0.137374,-0.115123,-0.003426
399,-0.372484,-0.441885,0.070066,0.139158,-0.117247,-0.003475
400,-0.378920,-0.447324,0.068721,0.140910,-0.119336,-0.003518
401,-0.385274,-0.452656,0.067371,0.142629,-0.121399,-0.003568
402,-0.391520,-0.457872,0.066020,0.144309,-0.123426,-0.003614
403,-0.397674,-0.462979,0.064667,0.145954,-0.125423,-0.003656
404,-0.403715,-0.467967,0.063316,0.147560,-0.127382,-0.003697
405,-0.409657,-0.472847,0.061962,0.149132,-0.129309,-0.003740
406,-0.415488,-0.477606,0.060611,0.150664,-0.131198,-0.003787
407,-0.421216,-0.482251,0.059258,0.152158,-0.133054,-0.003824
408,-0.426834,-0.486775,0.057907,0.153612,-0.134872,-0.003865
409,-0.432329,-0.491179,0.056559,0.155028,-0.136649,-0.003907
410,-0.437704,-0.495465,0.055215,0.156404,-0.138384,-0.003950
411,-0.442972,-0.499627,0.053872,0.157739,-0.140085,-0.003984
412,-3.445437,-2.667772,3.878102,0.016637,-0.057177,-0.004036
413,-2.151923,-1.636303,7.008294,0.107972,-0.308583,-0.009429
414,-0.288699,-0.384411,0.092077,0.092861,-0.067517,-0.013206
415,-0.268314,-0.368764,0.097597,0.085663,-0.058874,-0.013035
416,-0.248884,-0.353625,0.102881,0.078751,-0.050645,-0.012583
417,-0.236035,-0.342875,0.115135,0.071959,-0.042601,-0.011945
418,-0.246811,-0.346044,0.154645,0.064619,-0.034093,-0.011153
419,-0.205574,-0.317585,0.131154,0.059334,-0.027099,-0.010296
420,-0.189689,-0.304769,0.136194,0.053747,-0.020060,-0.009303
421,-0.174174,-0.292426,0.140596,0.048537,-0.013389,-0.008260
422,-0.159910,-0.281061,0.145203,0.043692,-0.007082,-0.007180
423,-0.131221,-0.263052,0.132703,0.039682,-0.001725,-0.006101
424,-0.147863,-0.267220,0.168457,0.034884,0.004609,-0.005017
425,-0.121379,-0.251062,0.156430,0.031495,0.009394,-0.004017
426,-0.093352,-0.234475,0.141148,0.028672,0.013472,-0.003052
427,-0.115004,-0.241688,0.178092,0.024975,0.018675,-0.002134
428,-0.091102,-0.227709,0.165073,0.022755,0.022160,-0.001333
429,-0.081062,-0.220546,0.165577,0.020618,0.025565,-0.000612
430,-0.073671,-0.214831,0.167514,0.018810,0.028602,0.000021
431,-0.066480,-0.209552,0.168420,0.017384,0.031186,0.000558
432,-0.061425,-0.205444,0.170192,0.016281,0.033405,0.001002
433,-0.055730,-0.201395,0.170087,0.015568,0.035142,0.001353
434,-0.045175,-0.195392,0.163753,0.015314,0.036330,0.001605
435,-0.054747,-0.198731,0.177131,0.014940,0.037693,0.001792
436,-0.045811,-0.193977,0.170092,0.015320,0.038091,0.001878
437,-0.025328,-0.184342,0.149569,0.016347,0.037595,0.001900
438,-0.062057,-0.200119,0.187590,0.016338,0.038571,0.001883
439,-0.024646,-0.183797,0.147642,0.018283,0.036853,0.001760
440,-0.064043,-0.200799,0.185886,0.018811,0.037143,0.001635
441,-0.045158,-0.193039,0.163546,0.020817,0.035387,0.001436
442,-0.047819,-0.194670,0.161906,0.022680,0.033783,0.001218
443,-0.050885,-0.196644,0.159708,0.024772,0.031842,0.000987
444,-0.054655,-0.199073,0.157298,0.027075,0.029588,0.000732
445,-0.058724,-0.201741,0.154267,0.029586,0.027004,0.000468
446,-0.047278,-0.198538,0.134311,0.032645,0.023475,0.000192
447,-0.086482,-0.214971,0.165154,0.034866,0.021406,-0.000057
448,-0.060185,-0.206719,0.128948,0.038476,0.016910,-0.000340
449,-0.099654,-0.222946,0.159101,0.041037,0.014288,-0.000583
450,-0.075209,-0.216123,0.123128,0.044799,0.009457,-0.000769
451,-0.084088,-0.221437,0.119901,0.048213,0.005141,-0.000983
452,-0.093516,-0.227002,0.116571,0.051718,0.000600,-0.001190
453,-0.103456,-0.232783,0.113147,0.055298,-0.004152,-0.001380
454,-0.113866,-0.238765,0.109646,0.058943,-0.009094,-0.001553
455,-0.205471,-0.284459,0.183843,0.060023,-0.010574,-0.001712
456,-0.186644,-0.273546,0.154992,0.064196,-0.015933,-0.001894
457,-0.148344,-0.257542,0.106213,0.068719,-0.022307,-0.002038
458,-0.160328,-0.263575,0.102760,0.072234,-0.027292,-0.002152
459,-0.171627,-0.269459,0.100087,0.075738,-0.032408,-0.002243
460,-0.180548,-0.274420,0.094028,0.079258,-0.037651,-0.002324
461,-0.193942,-0.280963,0.093900,0.082679,-0.042859,-0.002394
462,-0.203510,-0.286168,0.088728,0.086113,-0.048220,-0.002447
463,-0.216492,-0.292162,0.086550,0.089473,-0.053567,-0.002500
464,-0.226858,-0.297374,0.081529,0.092771,-0.058901,-0.002537
465,-0.237801,-0.302815,0.078218,0.095992,-0.064300,-0.002564
466,-0.244324,-0.307454,0.069687,0.099125,-0.069867,-0.002597
467,-0.266042,-0.313911,0.076349,0.102152,-0.074887,-0.002638
468,-0.267666,-0.318029,0.063232,0.105046,-0.080523,-0.002659
469,-0.285925,-0.323269,0.067001,0.107879,-0.085557,-0.002699
470,-0.290500,-0.327803,0.057065,0.110493,-0.090915,-0.002713
471,-0.301758,-0.332333,0.054080,0.113009,-0.096028,-0.002747
472,-0.312812,-0.336598,0.051187,0.115378,-0.101041,-0.002784
473,-0.323611,-0.340587,0.048395,0.117597,-0.105933,-0.002823
474,-0.351037,-0.338576,0.068462,0.120417,-0.110325,-0.002863
475,-0.345909,-0.346444,0.042973,0.121892,-0.114737,-0.002852
476,-0.352878,-0.351454,0.040941,0.123700,-0.119155,-0.002816
477,-0.362256,-0.354287,0.038614,0.125301,-0.123394,-0.002864
478,-0.376713,-0.352274,0.047427,0.127231,-0.127577,-0.002917
479,-0.380283,-0.358350,0.035206,0.128172,-0.131249,-0.002948
480,-0.388500,-0.359255,0.032425,0.129371,-0.134843,-0.002979
481,-0.395562,-0.361987,0.030627,0.130287,-0.138325,-0.002999
482,-0.403332,-0.359368,0.029198,0.131364,-0.141553,-0.003053
483,-0.409438,-0.361569,0.027663,0.132037,-0.144597,-0.003038
484,-0.415351,-0.364047,0.026101,0.132429,-0.147416,-0.003045
485,-0.420850,-0.363691,0.024921,0.132759,-0.150036,-0.003080
486,-0.426272,-0.365751,0.023430,0.132681,-0.152364,-0.003115
487,-0.430938,-0.365027,0.022397,0.132508,-0.154508,-0.003179
488,-0.435063,-0.363928,0.021495,0.132157,-0.156415,-0.003238
489,-0.438623,-0.362456,0.020728,0.131631,-0.158077,-0.003291
490,-0.441626,-0.360610,0.020092,0.130930,-0.159497,-0.003333
491,-0.444071,-0.358416,0.019583,0.130068,-0.160675,-0.003371
492,-0.445933,-0.355846,0.019205,0.129033,-0.161601,-0.003397
493,-0.425197,-0.288422,0.153535,0.135364,-0.172105,-0.003423
494,-0.449234,-0.353237,0.018540,0.128409,-0.163119,-0.002946
495,-0.449509,-0.350069,0.018500,0.127105,-0.163353,-0.002966
496,-0.449221,-0.346575,0.018578,0.125654,-0.163348,-0.002987
497,-0.448354,-0.342737,0.018776,0.124049,-0.163095,-0.002995
498,-0.446931,-0.338576,0.019085,0.122301,-0.162606,-0.003014
499,-0.444963,-0.334101,0.019503,0.120417,-0.161886,-0.003024
500,-0.442433,-0.329317,0.020030,0.118400,-0.160929,-0.003036
501,-0.439378,-0.324252,0.020655,0.116264,-0.159749,-0.003035
502,-0.435799,-0.318905,0.021378,0.114008,-0.158350,-0.003034
503,-0.431716,-0.313291,0.022193,0.111641,-0.156740,-0.003021
504,-0.427114,-0.307427,0.023100,0.109174,-0.154913,-0.003004
505,-0.422020,-0.301311,0.024092,0.106603,-0.152881,-0.002977
506,-0.416463,-0.294971,0.025162,0.103944,-0.150656,-0.002940
507,-0.410448,-0.288426,0.026305,0.101207,-0.148243,-0.002902
508,-0.404005,-0.281673,0.027517,0.098390,-0.145653,-0.002859
509,-0.397130,-0.274748,0.028794,0.095511,-0.142885,-0.002806
510,-0.389838,-0.267639,0.030133,0.092564,-0.139948,-0.002743
511,-0.382170,-0.260383,0.031524,0.089568,-0.136857,-0.002677
512,-0.374143,-0.252975,0.032962,0.086520,-0.133623,-0.002602
513,-0.365772,-0.245444,0.034443,0.083434,-0.130250,-0.002525
514,-0.357078,-0.237804,0.035963,0.080315,-0.126748,-0.002445
515,-0.348088,-0.230061,0.037514,0.077168,-0.123130,-0.002357
516,-0.338793,-0.222236,0.039096,0.074003,-0.119391,-0.002270
517,-0.329253,-0.214332,0.040698,0.070820,-0.115557,-0.002176
518,-0.319477,-0.206371,0.042316,0.067629,-0.111633,-0.002082
519,-0.309473,-0.198366,0.043946,0.064437,-0.107622,-0.001986
520,-0.299333,-0.190393,0.045575,0.061279,-0.103563,-0.001893
521,-0.274782,-0.163898,0.089719,0.060342,-0.103220,-0.001801
522,-0.127473,-0.024392,0.447996,0.074539,-0.132927,-0.001640
523,-0.275465,-0.173954,0.049552,0.055783,-0.093950,-0.001025
524,-0.265741,-0.167054,0.051004,0.053171,-0.090081,-0.000941
525,-0.255903,-0.160151,0.052450,0.050567,-0.086175,-0.000877
526,-0.245973,-0.153245,0.053887,0.047973,-0.082240,-0.000825
527,-0.235972,-0.146344,0.055308,0.045392,-0.078287,-0.000780
528,-0.225933,-0.139473,0.056708,0.042835,-0.074329,-0.000751
529,-0.215858,-0.132611,0.058088,0.040291,-0.070367,-0.000726
530,-0.205790,-0.125784,0.059438,0.037773,-0.066419,-0.000707
531,-0.195711,-0.118998,0.060761,0.035283,-0.062479,-0.000692
532,-0.185666,-0.112263,0.062049,0.032824,-0.058564,-0.000681
533,-0.175651,-0.105575,0.063304,0.030394,-0.054673,-0.000667
534,-0.165699,-0.098948,0.064519,0.028001,-0.050820,-0.000659
535,-0.155838,-0.092387,0.065689,0.025644,-0.047018,-0.000643
536,-0.146057,-0.085894,0.066818,0.023324,-0.043259,-0.000630
537,-0.136383,-0.079490,0.067899,0.021052,-0.039558,-0.000616
538,-0.126821,-0.073164,0.068933,0.018820,-0.035914,-0.000593
539,-0.117409,-0.066920,0.069914,0.016632,-0.032345,-0.000569
540,-0.108134,-0.060771,0.070843,0.014490,-0.028844,-0.000538
541,-0.099033,-0.054716,0.071716,0.012396,-0.025426,-0.000508
542,-0.090082,-0.048754,0.072538,0.010348,-0.022082,-0.000476
543,-0.081323,-0.042903,0.073301,0.008353,-0.018828,-0.000436
544,-0.072775,-0.037161,0.074002,0.006410,-0.015673,-0.000391
545,-0.064400,-0.031517,0.074651,0.004514,-0.012600,-0.000342
546,-0.056253,-0.025988,0.075238,0.002671,-0.009631,-0.000299
547,-0.048322,-0.020573,0.075766,0.000881,-0.006762,-0.000247
548,-0.040626,-0.015280,0.076231,-0.000852,-0.004001,-0.000195
549,-0.033159,-0.010090,0.076639,-0.002539,-0.001342,-0.000142
550,-0.025921,-0.005025,0.076988,-0.004170,0.001212,-0.000084
551,-0.018936,-0.000083,0.077276,-0.005746,0.003653,-0.000030
552,-0.012184,0.004742,0.077507,-0.007269,0.005989,0.000021
553,-0.005685,0.009460,0.077681,-0.008747,0.008213,0.000074
554,0.000551,0.014049,0.077796,-0.010167,0.010322,0.000124
555,0.006544,0.018526,0.077856,-0.011540,0.012322,0.000179
556,0.012284,0.022888,0.077862,-0.012864,0.014212,0.000228
557,0.017754,0.027126,0.077811,-0.014134,0.015984,0.000278
558,0.022983,0.031253,0.077711,-0.015358,0.017651,0.000325
559,0.027947,0.035273,0.077558,-0.016538,0.019203,0.000369
560,0.032663,0.039172,0.077357,-0.017668,0.020649,0.000409
561,0.037133,0.042958,0.077110,-0.018751,0.021989,0.000450
562,0.041357,0.046644,0.076816,-0.019794,0.023224,0.000487
563,0.045334,0.050221,0.076480,-0.020793,0.024353,0.000521
564,0.049072,0.053688,0.076101,-0.021748,0.025383,0.000550
565,0.052574,0.057058,0.075683,-0.022665,0.026312,0.000579
566,0.055851,0.060325,0.075228,-0.023541,0.027147,0.000603
567,0.058903,0.063496,0.074737,-0.024381,0.027888,0.000631
568,0.061757,0.066584,0.074218,-0.025189,0.028546,0.000655
569,0.064378,0.069568,0.073664,-0.025958,0.029109,0.000678
570,0.066799,0.072465,0.073082,-0.026694,0.029590,0.000696
571,0.069021,0.075274,0.072474,-0.027398,0.029990,0.000711
572,0.071058,0.078009,0.071843,-0.028076,0.030314,0.000729
573,0.072912,0.080667,0.071191,-0.028725,0.030566,0.000743
574,0.074598,0.083245,0.070520,-0.029347,0.030750,0.000756
575,0.076137,0.085761,0.069835,-0.029948,0.030877,0.000764
576,0.077494,0.088199,0.069132,-0.030522,0.030931,0.000776
577,0.078722,0.090575,0.068419,-0.031076,0.030936,0.000788
578,0.079799,0.092882,0.067694,-0.031606,0.030884,0.000795
579,0.080753,0.095133,0.066962,-0.032120,0.030785,0.000805
580,0.081595,0.097332,0.066226,-0.032618,0.030645,0.000813
581,0.082315,0.099475,0.065484,-0.033098,0.030460,0.000822
582,0.082939,0.101571,0.064741,-0.033566,0.030241,0.000828
583,0.083491,0.103633,0.064002,-0.034027,0.029998,0.000837
584,0.083946,0.105636,0.063262,-0.034468,0.029722,0.000842
585,0.084327,0.107606,0.062527,-0.034904,0.029422,0.000852
586,0.084652,0.109542,0.061798,-0.035332,0.029105,0.000854
587,0.084922,0.111437,0.061077,-0.035749,0.028774,0.000863
588,0.085150,0.113317,0.060367,-0.036167,0.028433,0.000872
589,0.085347,0.115167,0.059667,-0.036581,0.028086,0.000878
590,0.085505,0.116979,0.058978,-0.036984,0.027732,0.000885
591,0.085645,0.118765,0.058301,-0.037384,0.027377,0.000894
592,0.085772,0.120541,0.057640,-0.037787,0.027026,0.000904
593,0.085924,0.122310,0.056999,-0.038195,0.026694,0.000907
594,0.086043,0.124059,0.056370,-0.038601,0.026356,0.000915
595,0.086191,0.125796,0.055761,-0.039010,0.026039,0.000926
596,0.086355,0.127521,0.055171,-0.039420,0.025737,0.000936
597,0.086541,0.129223,0.054599,-0.039828,0.025454,0.000947
598,0.086769,0.130918,0.054050,-0.040239,0.025197,0.000952
599,0.087042,0.132625,0.053523,-0.040662,0.024967,0.000961
600,0.087352,0.134316,0.053017,-0.041086,0.024762,0.000972
601,0.087720,0.136015,0.052534,-0.041520,0.024589,0.000983
602,0.088136,0.137701,0.052072,-0.041955,0.024445,0.000992
603,0.088609,0.139406,0.051635,-0.042406,0.024333,0.001003
604,0.089165,0.141102,0.051222,-0.042859,0.024265,0.001014
605,0.089778,0.142801,0.050832,-0.043319,0.024229,0.001024
606,0.090457,0.144486,0.050463,-0.043781,0.024229,0.001039
607,0.091207,0.146185,0.050118,-0.044254,0.024267,0.001050
608,0.092066,0.147899,0.049802,-0.044740,0.024359,0.001062
609,0.092988,0.149610,0.049506,-0.045231,0.024484,0.001074
610,0.093993,0.151323,0.049234,-0.045728,0.024653,0.001085
611,0.095084,0.153039,0.048984,-0.046234,0.024865,0.001097
612,0.096267,0.154777,0.048759,-0.046754,0.025123,0.001113
613,0.097534,0.156504,0.048557,-0.047275,0.025423,0.001125
614,0.098888,0.158236,0.048375,-0.047804,0.025767,0.001136
615,0.100333,0.159975,0.048216,-0.048342,0.026156,0.001148
616,0.101869,0.161718,0.048079,-0.048887,0.026590,0.001163
617,0.103496,0.163461,0.047963,-0.049437,0.027069,0.001178
618,0.105205,0.165216,0.047867,-0.049998,0.027588,0.001194
619,0.106999,0.166965,0.047789,-0.050561,0.028149,0.001213
620,0.108874,0.168716,0.047730,-0.051130,0.028749,0.001224
621,0.110844,0.170465,0.047691,-0.051703,0.029396,0.001242
622,0.112891,0.172217,0.047669,-0.052283,0.030080,0.001255
623,0.115006,0.173967,0.047662,-0.052867,0.030797,0.001269
624,0.117205,0.175711,0.047672,-0.053453,0.031555,0.001285
625,0.119480,0.177455,0.047698,-0.054044,0.032350,0.001307
626,0.121820,0.179192,0.047738,-0.054636,0.033177,0.001319
627,0.124225,0.180917,0.047791,-0.055227,0.034035,0.001333
628,0.126693,0.182642,0.047857,-0.055824,0.034923,0.001352
629,0.129222,0.184348,0.047934,-0.056417,0.035842,0.001371
630,0.131817,0.186046,0.048024,-0.057010,0.036792,0.001388
631,0.134453,0.187733,0.048123,-0.057603,0.037763,0.001406
632,0.137144,0.189401,0.048232,-0.058192,0.038760,0.001425
633,0.139869,0.191060,0.048349,-0.058782,0.039775,0.001436
634,0.142643,0.192707,0.048475,-0.059371,0.040813,0.001457
635,0.145429,0.194315,0.048604,-0.059946,0.041860,0.001474
636,0.148271,0.195910,0.048743,-0.060520,0.042932,0.001492
637,1.840158,1.242354,1.115141,0.052698,-0.181256,0.001475
638,0.084025,0.153862,0.036273,-0.039296,0.015732,0.001705
639,0.076899,0.148651,0.035369,-0.036904,0.012807,0.001628
640,0.070039,0.143643,0.034535,-0.034640,0.010004,0.001537
641,0.063486,0.138821,0.033771,-0.032489,0.007343,0.001444
642,0.057247,0.134202,0.033080,-0.030457,0.004824,0.001343
643,0.051345,0.129808,0.032460,-0.028556,0.002458,0.001236
644,0.009017,0.155990,0.107972,-0.022969,-0.000513,0.001134
645,0.041083,0.120597,0.033497,-0.023960,-0.001109,0.001497
646,0.037304,0.115849,0.031274,-0.022376,-0.002882,0.001397
647,0.032963,0.112105,0.030951,-0.020867,-0.004553,0.001281
648,0.025696,0.111842,0.040210,-0.019064,-0.006290,0.001151
649,0.024098,0.106621,0.035033,-0.017938,-0.007485,0.001076
650,0.020963,0.103575,0.035431,-0.016738,-0.008691,0.000971
651,0.019411,0.099102,0.030367,-0.015897,-0.009537,0.000877
652,0.014950,0.100008,0.042216,-0.014551,-0.010903,0.000747
653,0.014721,0.094038,0.030452,-0.014188,-0.011121,0.000680
654,0.012878,0.091975,0.030578,-0.013585,-0.011705,0.000570
655,0.011376,0.090160,0.030763,-0.013109,-0.012141,0.000471
656,0.010221,0.088595,0.031004,-0.012761,-0.012428,0.000377
657,0.050986,0.090803,0.111893,-0.010733,-0.021061,0.000298
658,0.007160,0.085857,0.031434,-0.012367,-0.013332,0.000049
659,0.022616,0.086331,0.061843,-0.011678,-0.016525,-0.000014
660,0.005868,0.084158,0.032145,-0.012440,-0.013467,-0.000134
661,0.005943,0.083686,0.032606,-0.012643,-0.013224,-0.000166
662,0.031855,0.085440,0.071760,-0.012038,-0.017459,-0.000175
663,0.014173,0.083900,0.045482,-0.013033,-0.014335,-0.000311
664,0.006210,0.083239,0.034043,-0.013796,-0.012493,-0.000340
665,0.024531,0.085346,0.056194,-0.013783,-0.014703,-0.000313
666,0.007717,0.083865,0.035199,-0.014982,-0.011437,-0.000357
667,0.009194,0.084487,0.035875,-0.015698,-0.010597,-0.000304
668,0.010929,0.085259,0.036586,-0.016478,-0.009648,-0.000237
669,0.044336,0.091573,0.069774,-0.016205,-0.013446,-0.000162
670,0.020136,0.088023,0.044685,-0.017922,-0.009005,-0.000206
671,0.015736,0.088026,0.038663,-0.019064,-0.006996,-0.000150
672,0.018142,0.089270,0.039461,-0.020044,-0.005766,-0.000060
673,0.020752,0.090619,0.040282,-0.021063,-0.004450,0.000029
674,0.023543,0.092053,0.041122,-0.022114,-0.003060,0.000123
675,0.047671,0.098074,0.064082,-0.022367,-0.004870,0.000220
676,0.028821,0.094948,0.042747,-0.024229,-0.000425,0.000243
677,0.031966,0.096565,0.043619,-0.025339,0.001110,0.000333
678,0.035233,0.098229,0.044499,-0.026460,0.002693,0.000419
679,0.038641,0.099925,0.045390,-0.027585,0.004334,0.000502
680,0.042145,0.101657,0.046285,-0.028715,0.006012,0.000583
681,0.045738,0.103410,0.047182,-0.029845,0.007724,0.000660
682,0.049419,0.105158,0.048080,-0.030961,0.009470,0.000732
683,0.053153,0.106913,0.048976,-0.032069,0.011236,0.000796
684,0.056943,0.108653,0.049867,-0.033160,0.013020,0.000853
685,0.060769,0.110367,0.050752,-0.034226,0.014817,0.000910
686,0.064628,0.112052,0.051629,-0.035268,0.016623,0.000959
687,0.068483,0.113701,0.052494,-0.036284,0.018423,0.000999
688,0.072343,0.115296,0.053347,-0.037262,0.020222,0.001035
689,0.076182,0.116841,0.054185,-0.038208,0.022007,0.001064
690,0.079995,0.118323,0.055005,-0.039114,0.023776,0.001090
691,0.083759,0.119735,0.055806,-0.039978,0.025520,0.001112
692,0.087469,0.121065,0.056586,-0.040794,0.027236,0.001131
693,0.091109,0.122313,0.057343,-0.041563,0.028918,0.001143
694,0.094680,0.123480,0.058077,-0.042285,0.030567,0.001157
695,0.098159,0.124542,0.058785,-0.042951,0.032171,0.001170
696,0.101537,0.125509,0.059465,-0.043564,0.033728,0.001174
697,0.104796,0.126368,0.060116,-0.044121,0.035231,0.001178
698,0.107936,0.127124,0.060737,-0.044622,0.036677,0.001174
699,0.110966,0.127767,0.061329,-0.045065,0.038073,0.001174
700,0.113853,0.128285,0.061889,-0.045444,0.039404,0.001176
701,0.116586,0.128692,0.062415,-0.045765,0.040665,0.001174
702,0.119170,0.128974,0.062908,-0.046025,0.041859,0.001169
703,0.121602,0.129139,0.063368,-0.046224,0.042983,0.001170
704,0.123859,0.129166,0.063792,-0.046357,0.044030,0.001165
705,0.125946,0.129080,0.064180,-0.046433,0.045001,0.001157
706,0.127853,0.128859,0.064533,-0.046445,0.045891,0.001154
707,0.129587,0.128516,0.064851,-0.046398,0.046705,0.001151
708,0.131133,0.128043,0.065133,-0.046289,0.047435,0.001147
709,0.132482,0.127441,0.065378,-0.046119,0.048079,0.001145
710,0.133648,0.126712,0.065588,-0.045888,0.048642,0.001141
711,0.134620,0.125859,0.065762,-0.045601,0.049119,0.001133
712,0.135385,0.124883,0.065900,-0.045257,0.049507,0.001127
713,0.135972,0.123784,0.066006,-0.044857,0.049816,0.001122
714,0.136347,0.122570,0.066075,-0.044405,0.050033,0.001115
715,0.136529,0.121230,0.066110,-0.043896,0.050166,0.001107
716,0.136526,0.119779,0.066114,-0.043337,0.050219,0.001096
717,0.136312,0.118216,0.066084,-0.042729,0.050181,0.001084
718,0.135904,0.116536,0.066021,-0.042070,0.050059,0.001074
719,0.135309,0.114748,0.065928,-0.041364,0.049857,0.001067
720,0.134526,0.112864,0.065807,-0.040618,0.049574,0.001052
721,0.133544,0.110883,0.065654,-0.039830,0.049206,0.001036
722,0.132383,0.108797,0.065474,-0.038998,0.048762,0.001026
723,0.131059,0.106627,0.065270,-0.038131,0.048248,0.001007
724,0.129550,0.104370,0.065039,-0.037228,0.047656,0.000988
725,0.127865,0.102033,0.064783,-0.036294,0.046990,0.000970
726,0.126019,0.099607,0.064504,-0.035324,0.046256,0.000947
727,0.124008,0.097114,0.064203,-0.034327,0.045452,0.000925
728,0.121841,0.094552,0.063882,-0.033305,0.044584,0.000905
729,0.119525,0.091922,0.063541,-0.032256,0.043654,0.000877
730,0.117067,0.089231,0.063182,-0.031185,0.042664,0.000857
731,0.114473,0.086487,0.062808,-0.030096,0.041619,0.000831
732,0.111749,0.083690,0.062417,-0.028986,0.040520,0.000798
733,0.108911,0.080848,0.062015,-0.027863,0.039375,0.000775
734,0.105951,0.077964,0.061599,-0.026726,0.038180,0.000753
735,0.102885,0.075051,0.061174,-0.025582,0.036943,0.000723
736,0.099710,0.072094,0.060737,-0.024423,0.035662,0.000691
737,0.096454,0.069119,0.060294,-0.023261,0.034349,0.000660
738,0.093110,0.066126,0.059845,-0.022098,0.033002,0.000629
739,0.089686,0.063106,0.059389,-0.020927,0.031623,0.000603
740,0.086188,0.060081,0.058930,-0.019760,0.030217,0.000572
741,0.082633,0.057033,0.058467,-0.018588,0.028789,0.000541
742,0.079033,0.053990,0.058006,-0.017422,0.027346,0.000510
743,0.075380,0.050946,0.057543,-0.016262,0.025884,0.000480
744,0.071687,0.047900,0.057081,-0.015106,0.024408,0.000446
745,0.067967,0.044863,0.056622,-0.013959,0.022924,0.000418
746,0.064215,0.041838,0.056165,-0.012822,0.021431,0.000387
747,0.060444,0.038830,0.055713,-0.011698,0.019933,0.000358
748,0.056671,0.035837,0.055267,-0.010584,0.018437,0.000325
749,0.052893,0.032861,0.054828,-0.009484,0.016944,0.000298
750,0.049129,0.029914,0.054397,-0.008400,0.015461,0.000269
751,0.045371,0.026996,0.053974,-0.007333,0.013983,0.000236
752,0.041638,0.024109,0.053561,-0.006283,0.012521,0.000206
753,0.037930,0.021254,0.053159,-0.005252,0.011072,0.000183
754,0.034265,0.018441,0.052769,-0.004242,0.009645,0.000155
755,0.030626,0.015665,0.052390,-0.003253,0.008234,0.000125
756,0.027034,0.012920,0.052022,-0.002280,0.006845,0.000103
757,0.023502,0.010230,0.051671,-0.001335,0.005486,0.000073
758,0.020006,0.007579,0.051329,-0.000409,0.004146,0.000049
759,0.016591,0.004982,0.051006,0.000490,0.002843,0.000025
760,0.013228,0.002419,0.050694,0.001372,0.001566,0.000002
761,0.009940,-0.000087,0.050399,0.002227,0.000324,-0.000026
762,0.006726,-0.002531,0.050120,0.003052,-0.000883,-0.000049
763,0.003584,-0.004936,0.049855,0.003858,-0.002057,-0.000068
764,0.000533,-0.007289,0.049607,0.004641,-0.003189,-0.000090
765,-0.002432,-0.009579,0.049377,0.005395,-0.004282,-0.000115
766,-0.005311,-0.011821,0.049162,0.006127,-0.005336,-0.000135
767,-0.008105,-0.014003,0.048963,0.006831,-0.006351,-0.000156
768,-0.010812,-0.016142,0.048779,0.007517,-0.007327,-0.000169
769,-0.013406,-0.018210,0.048615,0.008171,-0.008252,-0.000193
770,-0.015919,-0.020233,0.048465,0.008804,-0.009142,-0.000209
771,-0.018320,-0.022195,0.048333,0.009412,-0.009982,-0.000225
772,-0.020626,-0.024099,0.048217,0.009995,-0.010780,-0.000241
773,-0.022833,-0.025950,0.048117,0.010555,-0.011534,-0.000258
774,-0.024943,-0.027750,0.048031,0.011093,-0.012245,-0.000275
775,-0.026950,-0.029494,0.047962,0.011608,-0.012912,-0.000289
776,-0.028843,-0.031182,0.047910,0.012099,-0.013529,-0.000300
777,-0.030639,-0.032824,0.047871,0.012572,-0.014104,-0.000316
778,-0.032346,-0.034406,0.047846,0.013021,-0.014641,-0.000327
779,-0.033944,-0.035938,0.047836,0.013449,-0.015131,-0.000339
780,-0.035440,-0.037424,0.047840,0.013859,-0.015577,-0.000351
781,-0.036850,-0.038855,0.047856,0.014247,-0.015987,-0.000361
782,-0.038159,-0.040244,0.047885,0.014618,-0.016353,-0.000365
783,-0.039366,-0.041580,0.047927,0.014970,-0.016677,-0.000374
784,-0.040478,-0.042868,0.047981,0.015302,-0.016961,-0.000378
785,-0.041483,-0.044108,0.048049,0.015616,-0.017200,-0.000385
786,-0.042415,-0.045315,0.048124,0.015919,-0.017409,-0.000391
787,-0.043261,-0.046477,0.048209,0.016205,-0.017582,-0.000399
788,-0.044008,-0.047595,0.048306,0.016475,-0.017714,-0.000407
789,-0.044699,-0.048678,0.048408,0.016732,-0.017824,-0.000415
790,-0.045293,-0.049724,0.048521,0.016977,-0.017894,-0.000426
791,-0.045810,-0.050727,0.048641,0.017206,-0.017933,-0.000435
792,-0.046271,-0.051706,0.048765,0.017429,-0.017949,-0.000440
793,-0.046653,-0.052641,0.048896,0.017634,-0.017935,-0.000447
794,-0.046972,-0.053554,0.049033,0.017835,-0.017895,-0.000455
795,-0.047218,-0.054427,0.049175,0.018021,-0.017827,-0.000464
796,-0.047421,-0.055284,0.049320,0.018204,-0.017742,-0.000465
797,-0.047565,-0.056104,0.049468,0.018374,-0.017635,-0.000467
798,-0.047664,-0.056900,0.049618,0.018538,-0.017511,-0.000475
799,-0.047700,-0.057681,0.049771,0.018699,-0.017362,-0.000477
800,-0.047693,-0.058424,0.049927,0.018847,-0.017199,-0.000481
801,-0.047664,-0.059158,0.050079,0.018994,-0.017029,-0.000483
802,-0.047576,-0.059864,0.050234,0.019134,-0.016837,-0.000483
803,-0.047469,-0.060569,0.050387,0.019277,-0.016639,-0.000485
804,-0.047330,-0.061244,0.050539,0.019411,-0.016431,-0.000492
805,-0.047170,-0.061896,0.050689,0.019538,-0.016218,-0.000494
806,-0.046982,-0.062542,0.050837,0.019666,-0.015995,-0.000493
807,-0.046779,-0.063172,0.050981,0.019791,-0.015769,-0.000491
808,-0.046551,-0.063794,0.051123,0.019917,-0.015536,-0.000492
809,-0.046315,-0.064406,0.051259,0.020041,-0.015303,-0.000497
810,-0.046076,-0.065003,0.051391,0.020163,-0.015071,-0.000498
811,-0.045833,-0.065606,0.051516,0.020291,-0.014842,-0.000497
812,-0.045586,-0.066192,0.051637,0.020415,-0.014614,-0.000499
813,-0.045339,-0.066777,0.051751,0.020543,-0.014389,-0.000499
814,-0.045095,-0.067353,0.051859,0.020670,-0.014169,-0.000502
815,-0.044851,-0.067918,0.051961,0.020796,-0.013952,-0.000501
816,-0.044635,-0.068496,0.052052,0.020931,-0.013751,-0.000504
817,-0.044425,-0.069058,0.052137,0.021062,-0.013556,-0.000506
818,-0.044232,-0.069622,0.052214,0.021197,-0.013371,-0.000505
819,-0.044050,-0.070183,0.052284,0.021335,-0.013194,-0.000508
820,-0.043888,-0.070740,0.052344,0.021474,-0.013029,-0.000509
821,-0.043750,-0.071294,0.052396,0.021614,-0.012877,-0.000512
822,-0.043647,-0.071848,0.052437,0.021757,-0.012744,-0.000514
823,-0.043557,-0.072386,0.052472,0.021896,-0.012619,-0.000520
824,-0.043494,-0.072928,0.052496,0.022040,-0.012509,-0.000520
825,-0.043465,-0.073478,0.052511,0.022191,-0.012416,-0.000524
826,-0.043471,-0.074025,0.052515,0.022343,-0.012341,-0.000525
827,-0.043505,-0.074568,0.052511,0.022495,-0.012281,-0.000528
828,-0.043568,-0.075110,0.052497,0.022651,-0.012236,-0.000533
829,-0.043653,-0.075658,0.052475,0.022812,-0.012204,-0.000538
830,-0.043789,-0.076211,0.052441,0.022978,-0.012195,-0.000538
831,-0.043957,-0.076766,0.052397,0.023147,-0.012203,-0.000540
832,-0.044150,-0.077322,0.052345,0.023320,-0.012224,-0.000545
833,-0.044369,-0.077876,0.052285,0.023494,-0.012258,-0.000553
834,-0.044643,-0.078431,0.052213,0.023671,-0.012319,-0.000553
835,-0.044945,-0.078993,0.052133,0.023854,-0.012393,-0.000560
836,-0.045292,-0.079537,0.052043,0.024030,-0.012489,-0.000563
837,-0.045670,-0.080085,0.051945,0.024211,-0.012601,-0.000569
838,-0.046071,-0.080633,0.051839,0.024394,-0.012724,-0.000573
839,-0.046523,-0.081195,0.051723,0.024585,-0.012871,-0.000572
840,-0.047009,-0.081749,0.051598,0.024776,-0.013034,-0.000582
841,-0.047521,-0.082293,0.051467,0.024963,-0.013210,-0.000586
842,-0.048061,-0.082832,0.051328,0.025152,-0.013400,-0.000591
843,-0.048631,-0.083373,0.051182,0.025342,-0.013604,-0.000595
844,-0.049228,-0.083916,0.051029,0.025536,-0.013821,-0.000600
845,-0.049850,-0.084447,0.050870,0.025726,-0.014051,-0.000604
846,-0.050509,-0.084970,0.050703,0.025914,-0.014298,-0.000606
847,-0.051191,-0.085497,0.050530,0.026107,-0.014556,-0.000612
848,-0.051899,-0.086009,0.050352,0.026295,-0.014826,-0.000616
849,-0.052639,-0.086516,0.050167,0.026481,-0.015111,-0.000621
850,-0.053390,-0.087018,0.049978,0.026669,-0.015402,-0.000629
851,-0.054158,-0.087515,0.049785,0.026855,-0.015701,-0.000635
852,-0.054955,-0.087998,0.049586,0.027037,-0.016014,-0.000639
853,-0.055762,-0.088477,0.049383,0.027220,-0.016332,-0.000648
854,-0.056590,-0.088946,0.049176,0.027400,-0.016659,-0.000656
855,-0.057428,-0.089407,0.048966,0.027577,-0.016992,-0.000658
856,-0.058275,-0.089845,0.048754,0.027746,-0.017330,-0.000667
857,-0.059129,-0.090277,0.048539,0.027914,-0.017671,-0.000671
858,-0.059995,-0.090703,0.048321,0.028082,-0.018018,-0.000674
859,-0.747238,-0.513168,1.007897,0.004377,-0.003935,-0.000679
860,-0.042685,-0.078551,0.058883,0.021272,-0.008611,-0.000361
861,-0.038136,-0.076261,0.057348,0.020360,-0.007251,-0.000319
862,-0.032581,-0.073877,0.053504,0.019478,-0.006067,-0.000294
863,-0.029839,-0.071984,0.053845,0.018652,-0.004967,-0.000282
864,-0.027219,-0.070160,0.054158,0.017869,-0.003922,-0.000272
865,-0.038929,-0.069497,0.077566,0.017338,-0.002837,-0.000258
866,-0.024924,-0.067163,0.059699,0.016480,-0.001764,-0.000224
867,-0.024685,-0.065516,0.063519,0.015877,-0.000795,-0.000208
868,-0.021567,-0.063930,0.062557,0.015267,0.000136,-0.000194
869,-0.019384,-0.062515,0.062881,0.014707,0.001016,-0.000178
870,-0.017221,-0.061172,0.063116,0.014194,0.001873,-0.000165
871,-0.015642,-0.059927,0.064044,0.013734,0.002663,-0.000155
872,-0.013762,-0.058751,0.064324,0.013312,0.003411,-0.000143
873,-0.006709,-0.057203,0.056128,0.012859,0.004077,-0.000134
874,-0.005227,-0.056164,0.056179,0.012512,0.004604,-0.000144
875,-0.003890,-0.055211,0.056200,0.012210,0.005066,-0.000153
876,-0.002690,-0.054327,0.056195,0.011943,0.005468,-0.000165
877,-0.029016,-0.056151,0.099831,0.012081,0.006025,-0.000180
878,-0.005568,-0.053361,0.065403,0.011647,0.006558,-0.000127
879,-0.004739,-0.052772,0.065783,0.011515,0.006912,-0.000126
880,0.002235,-0.051605,0.056189,0.011343,0.007168,-0.000125
881,0.002914,-0.051108,0.056079,0.011273,0.007339,-0.000134
882,-0.017434,-0.049603,0.090401,0.011798,0.007551,-0.000151
883,-0.001107,-0.050211,0.065357,0.011495,0.007897,-0.000098
884,0.005296,-0.050251,0.055808,0.011424,0.008039,-0.000094
885,-0.006855,-0.049400,0.075632,0.011826,0.008116,-0.000102
886,0.000722,-0.049851,0.064165,0.011797,0.008212,-0.000081
887,0.000461,-0.049803,0.064863,0.011974,0.008227,-0.000074
888,0.006647,-0.050018,0.055121,0.012024,0.008160,-0.000076
889,-0.005063,-0.049809,0.072794,0.012471,0.008091,-0.000094
890,0.000738,-0.050131,0.064026,0.012606,0.008031,-0.000076
891,0.000769,-0.050279,0.063634,0.012858,0.007884,-0.000076
892,0.001107,-0.050480,0.062405,0.013118,0.007669,-0.000084
893,0.000472,-0.050760,0.062729,0.013413,0.007440,-0.000086
894,0.000499,-0.051081,0.061789,0.013700,0.007157,-0.000098
895,0.000246,-0.051440,0.061221,0.014009,0.006862,-0.000109
896,0.004962,-0.051891,0.053067,0.014222,0.006509,-0.000113
897,-0.006030,-0.051915,0.068187,0.014765,0.006161,-0.000144
898,-0.001857,-0.052396,0.060753,0.015020,0.005766,-0.000143
899,-0.001532,-0.052861,0.058831,0.015341,0.005348,-0.000155
900,0.002116,-0.053541,0.051777,0.015572,0.004833,-0.000170
901,0.001082,-0.053954,0.051407,0.015890,0.004269,-0.000199
902,-0.014145,-0.052512,0.072388,0.016653,0.003846,-0.000232
903,-0.004496,-0.054428,0.056553,0.016743,0.003369,-0.000212
904,-0.005036,-0.054998,0.055460,0.017082,0.002867,-0.000222
905,-0.006012,-0.055473,0.055070,0.017420,0.002334,-0.000236
906,-0.003570,-0.056372,0.049723,0.017659,0.001743,-0.000239
907,-0.004834,-0.056778,0.049344,0.017949,0.001090,-0.000271
908,-0.006120,-0.057174,0.048967,0.018232,0.000429,-0.000291
909,-0.007452,-0.057545,0.048588,0.018499,-0.000250,-0.000318
910,-0.008816,-0.057896,0.048210,0.018752,-0.000940,-0.000343
911,-0.039418,-0.046597,0.091085,0.020571,-0.001240,-0.000367
912,-0.010638,-0.059054,0.047632,0.019568,-0.001862,-0.000242
913,-0.015719,-0.058051,0.052960,0.020012,-0.002439,-0.000262
914,-0.015461,-0.058919,0.050696,0.020249,-0.002994,-0.000256
915,-0.013471,-0.059874,0.047225,0.020425,-0.003664,-0.000259
916,-0.016572,-0.060083,0.048339,0.020676,-0.004151,-0.000276
917,-0.016206,-0.059542,0.048984,0.020957,-0.004944,-0.000302
918,-0.015550,-0.059685,0.047805,0.021173,-0.005633,-0.000305
919,-0.017355,-0.060246,0.047184,0.021333,-0.006122,-0.000322
920,-0.019858,-0.060878,0.046876,0.021465,-0.006530,-0.000328
921,-0.019971,-0.061091,0.045725,0.021580,-0.007119,-0.000347
922,-0.020135,-0.060432,0.046484,0.021769,-0.007794,-0.000364
923,-0.022337,-0.061519,0.044842,0.021769,-0.008115,-0.000380
924,-0.023354,-0.061541,0.044541,0.021818,-0.008600,-0.000400
925,-0.062402,-0.024596,0.110431,0.025930,-0.009182,-0.000425
926,-0.024389,-0.063494,0.043752,0.022856,-0.008803,-0.000150
927,-0.025151,-0.063549,0.043533,0.022926,-0.009201,-0.000179
928,-0.025882,-0.063547,0.043325,0.022967,-0.009585,-0.000210
929,-0.026558,-0.063472,0.043129,0.022971,-0.009944,-0.000242
930,-0.027190,-0.063336,0.042945,0.022944,-0.010283,-0.000278
931,-0.027759,-0.063132,0.042773,0.022884,-0.010594,-0.000311
932,-0.028302,-0.062863,0.042611,0.022792,-0.010892,-0.000346
933,-0.053275,-0.019962,0.095860,0.027104,-0.011854,-0.000377
934,-0.027167,-0.063046,0.043234,0.023627,-0.011123,-0.000172
935,-0.027724,-0.063390,0.042863,0.023704,-0.011180,-0.000172
936,-0.028696,-0.063865,0.042203,0.023651,-0.011185,-0.000184
937,-0.028817,-0.063591,0.042108,0.023550,-0.011295,-0.000223
938,-0.028879,-0.063233,0.042024,0.023409,-0.011382,-0.000265
939,-0.028895,-0.062813,0.041950,0.023236,-0.011447,-0.000302
940,-0.028855,-0.062321,0.041887,0.023029,-0.011489,-0.000337
941,-0.028750,-0.061760,0.041836,0.022790,-0.011502,-0.000373
942,-0.028582,-0.061130,0.041797,0.022518,-0.011488,-0.000403
943,-0.028361,-0.060438,0.041767,0.022218,-0.011451,-0.000438
944,-0.028084,-0.059688,0.041748,0.021891,-0.011390,-0.000459
945,-0.027750,-0.058877,0.041738,0.021536,-0.011304,-0.000479
946,-0.027370,-0.058005,0.041736,0.021154,-0.011199,-0.000496
947,-0.026921,-0.057080,0.041746,0.020749,-0.011063,-0.000512
948,-0.026415,-0.056095,0.041765,0.020318,-0.010903,-0.000521
949,-0.025855,-0.055066,0.041791,0.019869,-0.010720,-0.000522
950,-0.043201,-0.026684,0.077925,0.022267,-0.010848,-0.000526
951,-0.023984,-0.054007,0.041949,0.019607,-0.009952,-0.000316
952,-0.023169,-0.053037,0.042005,0.019194,-0.009657,-0.000313
953,-0.022303,-0.052024,0.042070,0.018762,-0.009341,-0.000304
954,-0.021385,-0.050966,0.042141,0.018311,-0.009002,-0.000297
955,-0.020431,-0.049859,0.042218,0.017839,-0.008650,-0.000296
956,-0.033064,-0.014440,0.084233,0.020930,-0.009377,-0.000294
957,-0.008441,-0.038737,0.053806,0.018927,-0.009161,-0.000039
958,-0.015030,-0.047715,0.043700,0.017988,-0.007491,0.000028
959,-0.015865,-0.048330,0.042568,0.017584,-0.006790,0.000040
960,-0.011917,-0.045431,0.044459,0.017372,-0.006737,0.000015
961,-0.012485,-0.045957,0.043418,0.017003,-0.006029,0.000025
962,-0.012287,-0.045848,0.042853,0.016597,-0.005413,0.000019
963,-0.011080,-0.044780,0.042955,0.016147,-0.004954,-0.000024
964,-0.009880,-0.043657,0.043055,0.015669,-0.004500,-0.000066
965,-0.027712,0.005340,0.095511,0.020073,-0.005216,-0.000104
966,-0.002932,-0.041155,0.045503,0.016233,-0.003644,0.000211
967,-0.002942,-0.041414,0.044907,0.015990,-0.002955,0.000207
968,-0.003349,-0.041941,0.043969,0.015653,-0.002202,0.000184
969,-0.000711,-0.040379,0.044907,0.015470,-0.001809,0.000159
970,0.001626,-0.039164,0.045431,0.015291,-0.001383,0.000136
971,0.005659,-0.036576,0.047360,0.015227,-0.001243,0.000100
972,-0.014231,0.013096,0.096440,0.020036,-0.001555,0.000080
973,0.018094,0.066584,0.146817,0.026870,-0.006533,0.000429
974,0.003727,-0.046655,0.043907,0.018753,0.001254,0.001025
975,0.004970,-0.046659,0.043975,0.018776,0.001728,0.000916
976,0.006215,-0.046585,0.044045,0.018755,0.002200,0.000800
977,0.037237,0.041628,0.117509,0.027549,-0.004521,0.000666
978,0.010732,-0.046879,0.047168,0.020925,0.002177,0.000922
979,0.009847,-0.047028,0.047188,0.021309,0.002625,0.000809
980,0.008929,-0.051124,0.043919,0.021254,0.003286,0.000695
981,0.009870,-0.051310,0.043951,0.021314,0.003624,0.000537
982,0.010782,-0.051388,0.043982,0.021316,0.003948,0.000382
983,0.011674,-0.051386,0.044014,0.021274,0.004259,0.000233
984,0.012550,-0.051284,0.044046,0.021180,0.004561,0.000087
985,0.013410,-0.051103,0.044078,0.021044,0.004853,-0.000054
986,0.014243,-0.050827,0.044110,0.020859,0.005131,-0.000183
987,0.015043,-0.050474,0.044139,0.020635,0.005393,-0.000296
988,0.015847,-0.050033,0.044171,0.020366,0.005655,-0.000394
989,0.016610,-0.049523,0.044200,0.020063,0.005897,-0.000480
990,0.017360,-0.048927,0.044230,0.019718,0.006132,-0.000552
991,0.018085,-0.048269,0.044259,0.019343,0.006355,-0.000611
992,0.109788,0.113109,0.185656,0.035304,-0.010452,-0.000648
993,0.018812,-0.047566,0.049664,0.022939,0.004664,-0.000255
994,0.015390,-0.054374,0.043526,0.022589,0.005231,-0.000249
995,0.022224,-0.040768,0.056510,0.024005,0.003793,-0.000270
996,0.018577,-0.048151,0.050153,0.023625,0.004334,-0.000233
997,0.018353,-0.048484,0.050230,0.023785,0.004221,-0.000216
998,0.018078,-0.048896,0.050106,0.023960,0.004100,-0.000199
999,0.020151,-0.049113,0.051460,0.024098,0.003670,-0.000185
1000,0.014336,-0.057257,0.043005,0.023514,0.004472,-0.000163
1001,0.020183,-0.041612,0.057314,0.024941,0.002967,-0.000189
1002,0.016735,-0.049922,0.050122,0.024374,0.003481,-0.000146
1003,0.016380,-0.050171,0.049963,0.024430,0.003335,-0.000131
1004,0.015978,-0.050385,0.049921,0.024425,0.003191,-0.000124
1005,0.015648,-0.050440,0.050036,0.024459,0.003025,-0.000111
1006,0.015315,-0.050670,0.050017,0.024496,0.002857,-0.000091
1007,0.014848,-0.050964,0.049821,0.024529,0.002711,-0.000075
1008,0.012204,-0.059174,0.042436,0.023708,0.003204,-0.000068
1009,0.028716,-0.026370,0.074773,0.026749,-0.000389,-0.000112
1010,0.014377,-0.053063,0.049586,0.024462,0.002014,-0.000080
1011,0.025641,-0.039451,0.067689,0.025927,-0.000363,-0.000097
1012,0.009988,-0.060259,0.042073,0.023899,0.002138,-0.000086
1013,0.020206,-0.045098,0.060077,0.025216,-0.000079,-0.000134
1014,0.009025,-0.060141,0.041948,0.023623,0.001656,-0.000133
1015,0.008725,-0.059765,0.041921,0.023315,0.001485,-0.000179
1016,0.023866,-0.036719,0.068276,0.025383,-0.001674,-0.000225
1017,0.012458,-0.052515,0.051130,0.023871,-0.000061,-0.000195
1018,0.011985,-0.052289,0.050825,0.023758,-0.000324,-0.000206
1019,0.010815,-0.053018,0.049531,0.023475,-0.000432,-0.000225
1020,0.011162,-0.051492,0.051615,0.023406,-0.000860,-0.000242
1021,0.005440,-0.059152,0.041592,0.022446,-0.000048,-0.000242
1022,0.014386,-0.044564,0.058907,0.023594,-0.002089,-0.000273
1023,0.009075,-0.051631,0.050054,0.022788,-0.001424,-0.000255
1024,0.008507,-0.051458,0.049874,0.022569,-0.001626,-0.000259
1025,0.007957,-0.051247,0.049595,0.022339,-0.001803,-0.000266
1026,0.005727,-0.053702,0.046226,0.021816,-0.001629,-0.000272
1027,0.008873,-0.047777,0.052565,0.022107,-0.002479,-0.000278
1028,0.002310,-0.057151,0.041442,0.020913,-0.001446,-0.000270
1029,0.010556,-0.043106,0.056745,0.021953,-0.003228,-0.000286
1030,0.005572,-0.050115,0.049393,0.021118,-0.002587,-0.000266
1031,0.001227,-0.056137,0.041442,0.020237,-0.001899,-0.000256
1032,0.009162,-0.042544,0.056282,0.021241,-0.003592,-0.000271
1033,0.000650,-0.055386,0.041468,0.019770,-0.002130,-0.000243
1034,0.008005,-0.042730,0.056735,0.020703,-0.003766,-0.000259
1035,0.000140,-0.054664,0.041508,0.019331,-0.002322,-0.000230
1036,0.007161,-0.042399,0.054325,0.020204,-0.003766,-0.000247
1037,0.007570,-0.045585,0.053586,0.019779,-0.003884,-0.000221
1038,-0.000364,-0.053358,0.041892,0.018724,-0.002612,-0.000222
1039,0.009142,-0.042650,0.056790,0.019532,-0.004373,-0.000231
1040,-0.000974,-0.052809,0.041641,0.018266,-0.002705,-0.000223
1041,0.004543,-0.042927,0.055518,0.018980,-0.004009,-0.000233
1042,-0.001164,-0.052122,0.041734,0.017893,-0.002735,-0.000201
1043,-0.001111,-0.051531,0.041803,0.017577,-0.002693,-0.000215
1044,0.008068,-0.035764,0.063907,0.018933,-0.004757,-0.000229
1045,0.001631,-0.046118,0.049219,0.017901,-0.003393,-0.000173
1046,0.001540,-0.045872,0.049292,0.017719,-0.003352,-0.000175
1047,0.001477,-0.045632,0.049364,0.017545,-0.003299,-0.000174
1048,0.001397,-0.045414,0.049471,0.017370,-0.003234,-0.000177
1049,0.001304,-0.045225,0.049606,0.017200,-0.003156,-0.000181
1050,0.000281,-0.044576,0.048510,0.017053,-0.002904,-0.000178
1051,0.000379,-0.045261,0.050246,0.016854,-0.002880,-0.000173
1052,0.002330,-0.043016,0.047436,0.016828,-0.002773,-0.000167
1053,-0.000928,-0.044546,0.049388,0.016584,-0.002432,-0.000166
1054,0.001576,-0.043383,0.048835,0.016529,-0.002454,-0.000154
1055,0.001214,-0.043447,0.049153,0.016392,-0.002263,-0.000150
1056,0.001130,-0.043238,0.049127,0.016276,-0.002061,-0.000148
1057,0.001452,-0.043797,0.050643,0.016128,-0.001969,-0.000138
1058,0.001773,-0.042329,0.048430,0.016083,-0.001666,-0.000137
1059,0.000951,-0.043629,0.050942,0.015913,-0.001498,-0.000128
1060,0.004196,-0.040247,0.046735,0.016020,-0.001334,-0.000128
1061,0.001536,-0.043264,0.051038,0.015767,-0.001095,-0.000119
1062,0.002797,-0.041820,0.049395,0.015759,-0.000857,-0.000117
1063,0.003219,-0.042570,0.051148,0.015645,-0.000737,-0.000112
1064,0.002939,-0.041010,0.048511,0.015647,-0.000300,-0.000110
1065,0.003906,-0.041639,0.050313,0.015569,-0.000208,-0.000098
1066,0.002134,-0.042507,0.051194,0.015443,0.000187,-0.000088
1067,0.007271,-0.038891,0.047496,0.015631,0.000214,-0.000086
1068,0.002764,-0.042218,0.051326,0.015387,0.000686,-0.000077
1069,0.005323,-0.040744,0.050133,0.015438,0.000833,-0.000069
1070,0.005818,-0.040669,0.050399,0.015419,0.001063,-0.000062
1071,0.005424,-0.040850,0.050601,0.015373,0.001382,-0.000057
1072,0.005674,-0.040566,0.050245,0.015362,0.001692,-0.000049
1073,0.005639,-0.040901,0.050808,0.015324,0.001979,-0.000039
1074,0.005795,-0.041408,0.052101,0.015285,0.002205,-0.000031
1075,0.010441,-0.037524,0.047400,0.015523,0.002340,-0.000026
1076,0.005863,-0.041257,0.051888,0.015308,0.002793,-0.000020
1077,0.007824,-0.040432,0.051199,0.015414,0.002985,-0.000001
1078,0.011309,-0.037294,0.047230,0.015629,0.003177,0.000000
1079,0.007101,-0.041129,0.052140,0.015431,0.003571,0.000008
1080,0.008002,-0.041122,0.052380,0.015439,0.003798,0.000019
1081,0.008678,-0.041058,0.052576,0.015446,0.004038,0.000013
1082,0.009999,-0.039747,0.050945,0.015532,0.004305,0.000013
1083,0.008695,-0.040828,0.052085,0.015479,0.004657,0.000018
1084,0.011821,-0.039209,0.050633,0.015609,0.004755,0.000023
1085,0.010619,-0.039990,0.051377,0.015584,0.005097,0.000032
1086,0.009297,-0.040399,0.051580,0.015578,0.005491,0.000035
1087,0.013838,-0.039015,0.051004,0.015724,0.005407,0.000051
1088,0.012429,-0.039608,0.051487,0.015722,0.005745,0.000050
1089,0.012727,-0.039707,0.051519,0.015754,0.005972,0.000051
1090,0.011663,-0.040379,0.051672,0.015730,0.006320,0.000055
1091,0.011321,-0.040230,0.051991,0.015779,0.006588,0.000062
1092,0.015570,-0.039001,0.051185,0.015913,0.006503,0.000072
1093,0.014251,-0.039491,0.051511,0.015926,0.006808,0.000075
1094,0.013903,-0.040327,0.052299,0.015908,0.007022,0.000074
1095,0.012564,-0.039945,0.051396,0.015959,0.007416,0.000080
1096,0.016580,-0.039250,0.051674,0.016073,0.007261,0.000093
1097,0.014971,-0.039871,0.051870,0.016069,0.007572,0.000091
1098,0.016468,-0.037621,0.048009,0.016245,0.007840,0.000095
1099,0.015918,-0.040960,0.054213,0.016151,0.007717,0.000112
1100,0.014997,-0.040743,0.052849,0.016172,0.008044,0.000110
1101,0.014951,-0.040543,0.052340,0.016208,0.008256,0.000111
1102,0.016718,-0.039827,0.051822,0.016301,0.008288,0.000113
1103,0.015693,-0.040550,0.051933,0.016279,0.008529,0.000119
1104,0.016548,-0.040925,0.053818,0.016316,0.008490,0.000122
1105,0.017301,-0.038093,0.048489,0.016497,0.008838,0.000121
1106,0.017555,-0.040988,0.053757,0.016414,0.008650,0.000134
1107,0.017597,-0.040103,0.051790,0.016481,0.008858,0.000130
1108,0.016994,-0.040140,0.051611,0.016516,0.009028,0.000133
1109,0.018569,-0.040450,0.052549,0.016545,0.008933,0.000136
1110,0.016517,-0.040048,0.050839,0.016645,0.009286,0.000150
1111,0.019146,-0.040538,0.052665,0.016685,0.009042,0.000161
1112,0.017484,-0.039204,0.049392,0.016770,0.009422,0.000150
1113,0.019497,-0.041782,0.054708,0.016703,0.009012,0.000164
1114,0.017185,-0.040855,0.051816,0.016741,0.009405,0.000150
1115,0.019067,-0.040424,0.051937,0.016810,0.009278,0.000152
1116,0.018545,-0.040566,0.051438,0.016821,0.009374,0.000151
1117,0.017405,-0.040922,0.051691,0.016819,0.009492,0.000148
1118,0.019881,-0.040595,0.052470,0.016896,0.009245,0.000147
1119,0.018445,-0.041125,0.052146,0.016870,0.009383,0.000138
1120,0.017611,-0.041269,0.052199,0.016880,0.009458,0.000134
1121,0.020252,-0.040321,0.051499,0.016970,0.009248,0.000138
1122,0.018192,-0.041260,0.051880,0.016922,0.009385,0.000135
1123,0.019301,-0.040611,0.051619,0.016995,0.009273,0.000131
1124,0.017733,-0.041628,0.052359,0.016944,0.009337,0.000135
1125,0.020108,-0.040430,0.051213,0.017038,0.009151,0.000131
1126,0.017516,-0.040684,0.050084,0.017019,0.009392,0.000125
1127,0.019989,-0.041316,0.052890,0.017045,0.008960,0.000140
1128,0.017210,-0.040826,0.050292,0.017045,0.009282,0.000128
1129,0.020132,-0.041535,0.052713,0.017059,0.008837,0.000138
1130,0.018748,-0.041279,0.051965,0.017071,0.008904,0.000122
1131,0.017834,-0.041645,0.051817,0.017045,0.008922,0.000125
1132,0.019312,-0.040889,0.051061,0.017110,0.008736,0.000121
1133,0.018153,-0.041845,0.052320,0.017066,0.008682,0.000126
1134,0.017399,-0.040016,0.048584,0.017165,0.008864,0.000117
1135,0.019060,-0.042796,0.054389,0.017068,0.008304,0.000125
1136,0.018305,-0.041162,0.050951,0.017128,0.008435,0.000109
1137,0.017624,-0.041439,0.051153,0.017120,0.008378,0.000106
1138,0.016322,-0.042344,0.052081,0.017063,0.008343,0.000110
1139,0.019236,-0.040907,0.050802,0.017165,0.008042,0.000108
1140,0.019060,-0.039035,0.047346,0.017284,0.008104,0.000100
1141,0.017415,-0.042971,0.053765,0.017103,0.007767,0.000108
1142,0.015835,-0.042699,0.052306,0.017085,0.007865,0.000094
1143,0.017266,-0.041618,0.051124,0.017153,0.007686,0.000099
1144,0.016707,-0.042100,0.051292,0.017115,0.007600,0.000089
1145,0.017078,-0.041249,0.050593,0.017178,0.007478,0.000088
1146,0.020380,-0.046680,0.045202,0.016644,0.007327,0.000086
1147,0.012813,-0.036789,0.057165,0.017517,0.007154,0.000033
1148,0.019924,-0.046710,0.045118,0.016638,0.007104,0.000084
1149,0.012573,-0.036764,0.056862,0.017513,0.006920,0.000029
1150,0.016125,-0.041586,0.050286,0.017161,0.006892,0.000088
1151,0.019219,-0.046800,0.044992,0.016655,0.006765,0.000087
1152,0.012132,-0.037023,0.057338,0.017520,0.006528,0.000029
1153,0.018749,-0.046831,0.044913,0.016651,0.006541,0.000083
1154,0.012015,-0.036824,0.056664,0.017537,0.006302,0.000032
1155,0.018280,-0.046876,0.044835,0.016657,0.006321,0.000087
1156,0.011789,-0.036855,0.056623,0.017541,0.006054,0.000035
1157,0.017800,-0.046914,0.044758,0.016661,0.006097,0.000083
1158,0.011567,-0.036886,0.056580,0.017548,0.005814,0.000033
1159,0.014472,-0.041866,0.050261,0.017184,0.005828,0.000082
1160,0.017120,-0.046986,0.044652,0.016677,0.005784,0.000081
1161,0.016806,-0.046786,0.044609,0.016546,0.005630,0.000030
1162,0.008575,-0.032674,0.063956,0.017881,0.005113,-0.000027
1163,0.016417,-0.047126,0.044550,0.016728,0.005470,0.000088
1164,0.016116,-0.046923,0.044510,0.016598,0.005322,0.000030
1165,0.000339,-0.028550,0.052916,0.018106,0.006142,-0.000022
1166,0.017786,-0.042598,0.053486,0.017276,0.004613,0.000115
1167,0.015968,-0.043240,0.053618,0.017230,0.004598,0.000084
1168,0.015386,-0.047188,0.044403,0.016742,0.005011,0.000065
1169,0.010711,-0.038250,0.058597,0.017583,0.004494,0.000012
1170,0.014986,-0.047198,0.044354,0.016733,0.004836,0.000044
1171,0.010165,-0.037067,0.056372,0.017641,0.004459,-0.000009
1172,0.014632,-0.047232,0.044311,0.016744,0.004684,0.000039
1173,0.009970,-0.037093,0.056359,0.017653,0.004289,-0.000011
1174,0.014266,-0.047271,0.044267,0.016759,0.004530,0.000030
1175,0.009780,-0.037110,0.056340,0.017669,0.004130,-0.000019
1176,0.013953,-0.047305,0.044232,0.016772,0.004399,0.000026
1177,0.009609,-0.037132,0.056330,0.017687,0.003993,-0.000022
1178,0.011518,-0.042254,0.050120,0.017312,0.004134,0.000026
1179,0.013535,-0.047378,0.044188,0.016806,0.004229,0.000029
1180,0.009471,-0.037223,0.056462,0.017723,0.003805,-0.000016
1181,0.013292,-0.047406,0.044167,0.016818,0.004133,0.000021
1182,0.009232,-0.037177,0.056311,0.017739,0.003722,-0.000022
1183,0.013070,-0.047428,0.044150,0.016830,0.004048,0.000025
1184,0.012916,-0.047224,0.044138,0.016706,0.003973,-0.000019
1185,0.007436,-0.032685,0.063538,0.018086,0.003291,-0.000071
1186,0.012776,-0.047555,0.044131,0.016895,0.003941,0.000038
1187,0.012625,-0.047346,0.044120,0.016769,0.003869,-0.000009
1188,-0.000191,-0.028021,0.051687,0.018350,0.004560,-0.000056
1189,0.014310,-0.043061,0.053448,0.017465,0.003307,0.000077
1190,0.013166,-0.043593,0.053302,0.017431,0.003344,0.000056
1191,0.012510,-0.047611,0.044126,0.016938,0.003861,0.000040
1192,0.009720,-0.038879,0.059601,0.017784,0.003194,-0.000005
1193,0.012381,-0.047589,0.044129,0.016921,0.003818,0.000017
1194,0.008628,-0.037237,0.056341,0.017848,0.003421,-0.000026
1195,0.012319,-0.047596,0.044138,0.016928,0.003806,0.000016
1196,0.008569,-0.037249,0.056356,0.017859,0.003410,-0.000026
1197,0.010426,-0.042519,0.050282,0.017473,0.003622,0.000022
1198,0.012258,-0.047644,0.044154,0.016956,0.003804,0.000025
1199,0.012208,-0.047428,0.044159,0.016828,0.003778,-0.000022
1200,0.006625,-0.032024,0.062462,0.018259,0.003228,-0.000067
1201,0.010594,-0.042198,0.049676,0.017490,0.003668,0.000021
1202,0.010195,-0.042738,0.050803,0.017478,0.003677,0.000024
1203,0.012311,-0.047644,0.044206,0.016968,0.003869,0.000022
1204,0.008456,-0.037300,0.056519,0.017894,0.003513,-0.000023
1205,0.012377,-0.047650,0.044232,0.016975,0.003914,0.000025
1206,0.008472,-0.037246,0.056438,0.017905,0.003567,-0.000018
1207,0.010421,-0.042431,0.050172,0.017516,0.003816,0.000029
1208,0.012495,-0.047682,0.044273,0.016998,0.003990,0.000036
1209,0.008554,-0.037327,0.056646,0.017914,0.003651,-0.000011
1210,0.012608,-0.047664,0.044305,0.016993,0.004054,0.000035
1211,0.008529,-0.037246,0.056505,0.017918,0.003732,-0.000009
1212,0.012721,-0.047652,0.044337,0.016991,0.004118,0.000038
1213,0.008572,-0.037218,0.056510,0.017910,0.003816,-0.000007
1214,0.012861,-0.047634,0.044372,0.016986,0.004193,0.000039
1215,0.008618,-0.037224,0.056553,0.017907,0.003896,-0.000005
1216,0.013016,-0.047610,0.044408,0.016979,0.004274,0.000044
1217,0.008681,-0.037202,0.056568,0.017897,0.003994,-0.000005
1218,0.010898,-0.042378,0.050296,0.017509,0.004236,0.000046
1219,0.013271,-0.047600,0.044463,0.016979,0.004404,0.000049
1220,0.008823,-0.037294,0.056821,0.017892,0.004121,0.000001
1221,0.013444,-0.047571,0.044500,0.016968,0.004491,0.000047
1222,0.013476,-0.047333,0.044513,0.016828,0.004497,0.000004
1223,0.006901,-0.032612,0.063859,0.018201,0.004012,-0.000050
1224,0.013710,-0.047616,0.044555,0.016995,0.004626,0.000066
1225,0.013728,-0.047365,0.044565,0.016848,0.004624,0.000018
1226,-0.001368,-0.028320,0.052659,0.018394,0.005575,-0.000032
1227,0.018313,-0.042689,0.054720,0.017564,0.003923,0.000103
1228,0.012821,-0.044068,0.053907,0.017389,0.004451,0.000075
1229,0.014248,-0.047618,0.044647,0.017011,0.004883,0.000079
1230,0.014274,-0.047382,0.044657,0.016870,0.004884,0.000028
1231,0.001070,-0.034153,0.062953,0.018080,0.005091,-0.000022
1232,0.018647,-0.040866,0.052346,0.017567,0.004269,0.000070
1233,0.010780,-0.042538,0.050538,0.017404,0.005056,0.000047
1234,0.014720,-0.047403,0.044735,0.016902,0.005101,0.000052
1235,0.014729,-0.047166,0.044742,0.016759,0.005094,0.000008
1236,0.007123,-0.032580,0.063960,0.018110,0.004709,-0.000043
1237,0.014991,-0.047424,0.044782,0.016914,0.005228,0.000073
1238,0.015004,-0.047173,0.044789,0.016765,0.005221,0.000022
1239,-0.000773,-0.028572,0.053444,0.018278,0.006197,-0.000029
1240,0.017233,-0.042749,0.054013,0.017425,0.004782,0.000110
1241,0.015335,-0.043432,0.054176,0.017352,0.004926,0.000086
1242,0.015470,-0.047276,0.044854,0.016847,0.005441,0.000068
1243,0.009772,-0.038030,0.058541,0.017675,0.005190,0.000022
1244,0.012783,-0.042161,0.050837,0.017323,0.005449,0.000063
1245,0.015717,-0.047195,0.044894,0.016802,0.005549,0.000060
1246,0.009885,-0.037020,0.056886,0.017685,0.005394,0.000011
1247,0.015883,-0.047138,0.044919,0.016773,0.005621,0.000060
1248,0.009997,-0.036984,0.056870,0.017660,0.005471,0.000011
1249,0.016043,-0.047093,0.044941,0.016750,0.005689,0.000063
1250,0.010087,-0.036957,0.056883,0.017630,0.005547,0.000013
1251,0.013165,-0.041972,0.050668,0.017246,0.005708,0.000066
1252,0.016263,-0.047044,0.044970,0.016725,0.005782,0.000064
1253,0.010217,-0.037038,0.057157,0.017597,0.005630,0.000019
1254,0.016401,-0.046993,0.044988,0.016699,0.005839,0.000070
1255,0.016357,-0.046748,0.044984,0.016552,0.005805,0.000021
1256,0.007221,-0.031847,0.062865,0.017912,0.005611,-0.000030
1257,0.013453,-0.041886,0.050874,0.017148,0.005856,0.000075
1258,0.013505,-0.041907,0.050880,0.017150,0.005881,0.000074
1259,0.016679,-0.046863,0.045020,0.016635,0.005950,0.000084
1260,0.010458,-0.036925,0.057084,0.017502,0.005806,0.000029
1261,0.013656,-0.041914,0.050997,0.017125,0.005939,0.000083
1262,0.016825,-0.046823,0.045034,0.016614,0.006006,0.000085
1263,0.010506,-0.036826,0.056898,0.017484,0.005878,0.000035
1264,0.016899,-0.046787,0.045040,0.016596,0.006034,0.000090
1265,0.010565,-0.036815,0.056919,0.017465,0.005902,0.000037
1266,0.016967,-0.046747,0.045045,0.016576,0.006057,0.000092
1267,0.016897,-0.046518,0.045034,0.016437,0.006010,0.000039
1268,0.007774,-0.032436,0.064001,0.017740,0.005734,-0.000013
1269,0.017036,-0.046780,0.045047,0.016593,0.006082,0.000108
1270,0.016946,-0.046545,0.045034,0.016451,0.006025,0.000056
1271,0.000539,-0.028715,0.054319,0.017909,0.006973,0.000001
1272,0.020715,-0.042555,0.053756,0.017064,0.005366,0.000136
1273,0.014331,-0.042765,0.054781,0.017003,0.005807,0.000095
1274,0.013437,-0.042339,0.051743,0.016978,0.006052,0.000086
1275,0.013944,-0.041762,0.050999,0.017011,0.006054,0.000085
1276,0.017117,-0.046615,0.045037,0.016509,0.006092,0.000085
1277,0.007867,-0.036756,0.056266,0.017356,0.006270,0.000033
1278,0.016849,-0.041632,0.051554,0.017008,0.005792,0.000092
1279,0.013984,-0.041703,0.050967,0.016985,0.006040,0.000075
1280,0.017129,-0.046571,0.045024,0.016487,0.006084,0.000078
1281,0.010786,-0.036745,0.056965,0.017351,0.005932,0.000023
1282,0.017112,-0.046552,0.045016,0.016478,0.006070,0.000072
1283,0.010769,-0.036695,0.056878,0.017345,0.005919,0.000021
1284,0.017083,-0.046538,0.045006,0.016471,0.006051,0.000068
1285,0.010764,-0.036687,0.056871,0.017339,0.005896,0.000020
1286,0.017050,-0.046527,0.044994,0.016466,0.006030,0.000065
1287,0.010755,-0.036684,0.056860,0.017338,0.005870,0.000016
1288,0.013914,-0.041684,0.050932,0.016970,0.005957,0.000068
1289,0.016985,-0.046546,0.044975,0.016476,0.005994,0.000069
1290,0.010726,-0.036683,0.056836,0.017350,0.005827,0.000020
1291,0.016926,-0.046554,0.044960,0.016481,0.005963,0.000073
1292,0.007695,-0.036812,0.056299,0.017325,0.006115,0.000023
1293,0.016829,-0.041494,0.051363,0.016995,0.005619,0.000086
1294,0.013848,-0.041722,0.050966,0.016975,0.005857,0.000072
1295,0.016814,-0.046557,0.044932,0.016482,0.005903,0.000077
1296,0.007607,-0.036826,0.056306,0.017329,0.006045,0.000028
1297,0.016781,-0.041486,0.051312,0.017005,0.005548,0.000082
1298,0.013694,-0.041621,0.050732,0.016989,0.005805,0.000065
1299,0.016676,-0.046594,0.044900,0.016502,0.005833,0.000076
1300,0.010649,-0.036805,0.056990,0.017374,0.005623,0.000023
1301,0.013606,-0.041675,0.050756,0.017010,0.005738,0.000067
1302,0.013063,-0.042074,0.051493,0.017011,0.005725,0.000072
1303,0.016509,-0.046640,0.044868,0.016524,0.005753,0.000070
1304,0.007331,-0.036755,0.055706,0.017372,0.005932,0.000017
1305,0.017102,-0.041359,0.051168,0.017067,0.005353,0.000080
1306,0.013706,-0.041788,0.050938,0.017035,0.005602,0.000065
1307,0.016345,-0.046677,0.044835,0.016543,0.005674,0.000070
1308,0.007196,-0.037058,0.056449,0.017379,0.005804,0.000015
1309,0.016646,-0.041407,0.051047,0.017081,0.005296,0.000075
1310,0.013387,-0.041703,0.050666,0.017057,0.005551,0.000055
1311,0.016176,-0.046717,0.044804,0.016563,0.005596,0.000060
1312,0.010410,-0.036867,0.056913,0.017446,0.005369,0.000006
1313,0.016097,-0.046739,0.044790,0.016575,0.005559,0.000056
1314,0.006998,-0.037249,0.056644,0.017411,0.005668,0.000007
1315,0.016560,-0.041293,0.050807,0.017122,0.005177,0.000068
1316,0.013164,-0.041782,0.050656,0.017091,0.005429,0.000056
1317,0.015933,-0.046783,0.044761,0.016597,0.005485,0.000054
1318,0.010313,-0.036854,0.056844,0.017484,0.005250,0.000013
1319,0.015847,-0.046806,0.044748,0.016609,0.005447,0.000052
1320,0.010235,-0.036789,0.056693,0.017498,0.005222,0.000006
1321,0.015775,-0.046819,0.044737,0.016616,0.005415,0.000057
1322,0.006746,-0.037417,0.056792,0.017444,0.005514,0.000008
1323,0.016408,-0.041210,0.050595,0.017172,0.005038,0.000066
1324,0.015680,-0.046820,0.044723,0.016617,0.005372,0.000060
1325,0.010185,-0.036814,0.056730,0.017511,0.005122,0.000011
1326,0.015590,-0.046835,0.044710,0.016625,0.005333,0.000059
1327,0.010090,-0.036800,0.056671,0.017522,0.005092,0.000012
1328,0.015516,-0.046859,0.044699,0.016639,0.005301,0.000064
1329,0.010061,-0.036817,0.056684,0.017536,0.005060,0.000016
1330,0.012772,-0.041928,0.050689,0.017165,0.005181,0.000069
1331,0.015420,-0.046909,0.044686,0.016665,0.005262,0.000068
1332,0.009993,-0.036825,0.056657,0.017566,0.005018,0.000023
1333,0.012667,-0.041951,0.050645,0.017192,0.005141,0.000070
1334,0.015332,-0.046959,0.044675,0.016690,0.005226,0.000070
1335,0.007362,-0.037501,0.057001,0.017532,0.005214,0.000017
1336,0.015274,-0.041297,0.050375,0.017243,0.004919,0.000068
1337,0.015245,-0.046961,0.044665,0.016691,0.005190,0.000059
1338,0.009898,-0.036863,0.056665,0.017588,0.004946,0.000008
1339,0.015193,-0.046974,0.044660,0.016698,0.005169,0.000056
1340,0.009881,-0.036859,0.056651,0.017599,0.004925,0.000011
1341,0.012532,-0.042010,0.050662,0.017225,0.005057,0.000058
1342,0.015127,-0.047018,0.044653,0.016720,0.005144,0.000060
1343,0.009843,-0.036882,0.056667,0.017623,0.004896,0.000010
1344,0.015088,-0.047033,0.044649,0.016728,0.005130,0.000059
1345,0.009816,-0.036888,0.056657,0.017629,0.004882,0.000009
1346,0.015063,-0.047042,0.044649,0.016733,0.005122,0.000063
1347,0.007680,-0.037467,0.056962,0.017587,0.005060,0.000010
1348,0.014784,-0.041921,0.051143,0.017247,0.004800,0.000061
1349,0.015040,-0.047197,0.044647,0.016811,0.005119,0.000075
1350,0.007553,-0.034196,0.048622,0.017824,0.005527,0.000019
1351,0.015113,-0.047197,0.044653,0.016825,0.005155,0.000083
1352,0.011651,-0.039510,0.063763,0.017635,0.004352,0.000030
1353,0.012555,-0.041804,0.050805,0.017295,0.004983,0.000044
1354,0.014997,-0.047108,0.044650,0.016764,0.005104,0.000040
1355,0.009743,-0.036942,0.056662,0.017669,0.004860,-0.000013
1356,0.014982,-0.047118,0.044651,0.016768,0.005101,0.000037
1357,0.009747,-0.036941,0.056678,0.017669,0.004860,-0.000012
1358,0.014985,-0.047120,0.044655,0.016770,0.005105,0.000042
1359,0.009735,-0.036939,0.056671,0.017670,0.004864,-0.000002
1360,0.014989,-0.047117,0.044659,0.016768,0.005109,0.000050
1361,0.009725,-0.036939,0.056675,0.017670,0.004867,0.000006
1362,0.014986,-0.047121,0.044662,0.016770,0.005111,0.000054
1363,0.009721,-0.036939,0.056678,0.017672,0.004871,0.000009
1364,0.012380,-0.042094,0.050658,0.017292,0.005022,0.000059
1365,0.014994,-0.047141,0.044667,0.016779,0.005119,0.000063
1366,0.009707,-0.036960,0.056690,0.017682,0.004877,0.000016
1367,0.015000,-0.047136,0.044672,0.016777,0.005124,0.000061
1368,0.009714,-0.036948,0.056686,0.017678,0.004887,0.000010
1369,0.015016,-0.047140,0.044677,0.016778,0.005134,0.000062
1370,0.006990,-0.035476,0.048856,0.017677,0.005594,0.000010
1371,0.014948,-0.042317,0.056287,0.017355,0.004540,0.000069
1372,0.015065,-0.047294,0.044682,0.016861,0.005163,0.000084
1373,0.004225,-0.038875,0.054144,0.017553,0.005615,0.000033
1374,0.015269,-0.047149,0.044717,0.016789,0.005252,0.000079
1375,0.023125,-0.034068,0.060755,0.018036,0.003538,0.000027
1376,0.007722,-0.043036,0.050419,0.017209,0.005423,0.000022
1377,0.015041,-0.047329,0.044685,0.016869,0.005157,0.000063
1378,0.004168,-0.037752,0.052199,0.017630,0.005708,0.000010
1379,0.015217,-0.047212,0.044714,0.016816,0.005235,0.000066
1380,0.013223,-0.039081,0.064608,0.017673,0.004255,0.000016
1381,0.011418,-0.040626,0.048008,0.017330,0.005338,0.000021
1382,0.012674,-0.042173,0.050976,0.017288,0.005094,0.000041
1383,0.015170,-0.047152,0.044717,0.016773,0.005216,0.000043
1384,0.009788,-0.037018,0.056792,0.017667,0.004985,-0.000004
1385,0.012488,-0.042087,0.050636,0.017286,0.005145,0.000043
1386,0.012617,-0.041893,0.050229,0.017309,0.005162,0.000046
1387,0.015222,-0.047165,0.044727,0.016778,0.005242,0.000048
1388,0.005879,-0.035712,0.049766,0.017667,0.005786,-0.000001
1389,0.015989,-0.042329,0.055719,0.017344,0.004636,0.000063
1390,0.013111,-0.043627,0.053622,0.017195,0.004981,0.000051
1391,0.012562,-0.041945,0.050427,0.017262,0.005202,0.000037
1392,0.011493,-0.043072,0.052082,0.017200,0.005224,0.000047
1393,0.015358,-0.047081,0.044756,0.016728,0.005302,0.000043
1394,0.010957,-0.036009,0.055410,0.017679,0.005056,-0.000004
1395,0.012589,-0.042036,0.050608,0.017253,0.005231,0.000045
1396,0.015377,-0.047107,0.044758,0.016742,0.005312,0.000054
1397,0.009909,-0.037043,0.056895,0.017628,0.005087,0.000005
1398,0.015392,-0.047083,0.044762,0.016729,0.005320,0.000057
1399,0.009884,-0.036961,0.056750,0.017620,0.005111,0.000006
1400,0.012659,-0.042104,0.050749,0.017235,0.005249,0.000062
1401,0.015435,-0.047083,0.044769,0.016728,0.005339,0.000068
1402,0.009932,-0.036987,0.056843,0.017616,0.005123,0.000014
1403,0.015465,-0.047076,0.044774,0.016725,0.005353,0.000062
1404,0.007422,-0.035603,0.048984,0.017602,0.005811,0.000017
1405,0.015221,-0.042207,0.056487,0.017296,0.004773,0.000073
1406,0.012499,-0.043576,0.053308,0.017132,0.005176,0.000062
1407,0.015524,-0.047020,0.044786,0.016693,0.005378,0.000051
1408,0.010244,-0.036599,0.056280,0.017597,0.005170,0.000008
1409,0.015537,-0.047016,0.044788,0.016691,0.005384,0.000060
1410,0.009953,-0.036941,0.056775,0.017579,0.005179,0.000011
1411,0.015553,-0.047015,0.044791,0.016691,0.005392,0.000060
1412,0.007549,-0.035720,0.048990,0.017554,0.005851,0.000012
1413,0.015259,-0.042081,0.056649,0.017262,0.004809,0.000068
1414,0.012694,-0.043148,0.052806,0.017122,0.005230,0.000059
1415,0.015601,-0.046973,0.044799,0.016669,0.005411,0.000054
1416,0.010111,-0.036891,0.056665,0.017550,0.005199,0.000005
1417,0.015624,-0.046955,0.044802,0.016661,0.005420,0.000060
1418,0.007674,-0.035805,0.048972,0.017511,0.005875,0.000012
1419,0.015252,-0.041985,0.056798,0.017241,0.004833,0.000066
1420,0.012812,-0.042882,0.052423,0.017110,0.005262,0.000055
1421,0.012887,-0.042099,0.050875,0.017149,0.005350,0.000054
1422,0.012842,-0.042037,0.050880,0.017165,0.005351,0.000055
1423,0.015669,-0.046970,0.044807,0.016667,0.005440,0.000063
1424,0.007666,-0.035788,0.049000,0.017522,0.005894,0.000012
1425,0.015294,-0.042019,0.056753,0.017246,0.004847,0.000065
1426,0.012806,-0.042960,0.052542,0.017109,0.005278,0.000058
1427,0.015695,-0.046931,0.044811,0.016647,0.005449,0.000053
1428,0.010090,-0.036992,0.056846,0.017524,0.005235,0.000003
1429,0.015706,-0.046923,0.044813,0.016644,0.005454,0.000052
1430,0.007730,-0.035878,0.048996,0.017486,0.005906,0.000005
1431,0.015315,-0.041921,0.056876,0.017225,0.004859,0.000058
1432,0.012892,-0.042768,0.052277,0.017093,0.005305,0.000052
1433,0.015727,-0.046893,0.044815,0.016629,0.005461,0.000053
1434,0.010042,-0.037062,0.057007,0.017497,0.005246,0.000003
1435,0.015726,-0.046885,0.044815,0.016626,0.005461,0.000057
1436,0.007789,-0.035916,0.048974,0.017461,0.005907,0.000009
1437,0.015281,-0.041855,0.056952,0.017209,0.004857,0.000062
1438,0.012885,-0.042713,0.052208,0.017076,0.005308,0.000055
1439,0.015727,-0.046855,0.044813,0.016613,0.005459,0.000052
1440,0.010045,-0.037037,0.057014,0.017484,0.005241,0.000005
1441,0.015718,-0.046853,0.044812,0.016612,0.005454,0.000060
1442,0.010048,-0.036842,0.056763,0.017495,0.005250,0.000010
1443,0.015709,-0.046854,0.044809,0.016615,0.005450,0.000062
1444,0.010050,-0.036851,0.056781,0.017499,0.005244,0.000016
1445,0.015698,-0.046861,0.044807,0.016619,0.005445,0.000065
1446,0.010034,-0.036847,0.056761,0.017506,0.005237,0.000018
1447,0.015690,-0.046871,0.044805,0.016625,0.005441,0.000067
1448,0.010041,-0.036856,0.056776,0.017512,0.005235,0.000021
1449,0.015688,-0.046883,0.044804,0.016633,0.005440,0.000070
1450,0.007746,-0.035842,0.048963,0.017478,0.005889,0.000020
1451,0.015268,-0.041890,0.056883,0.017224,0.004835,0.000072
1452,0.012852,-0.042755,0.052263,0.017094,0.005273,0.000069
1453,0.012833,-0.042067,0.050911,0.017134,0.005345,0.000061
1454,0.015663,-0.046900,0.044797,0.016643,0.005429,0.000064
1455,0.007711,-0.035809,0.048961,0.017496,0.005878,0.000014
1456,0.015269,-0.041931,0.056834,0.017235,0.004817,0.000067
1457,0.012756,-0.042988,0.052634,0.017099,0.005244,0.000061
1458,0.012945,-0.041998,0.050732,0.017152,0.005331,0.000055
1459,0.015632,-0.046923,0.044791,0.016654,0.005414,0.000054
1460,0.009996,-0.036893,0.056805,0.017543,0.005194,0.000005
1461,0.015620,-0.046931,0.044789,0.016659,0.005409,0.000057
1462,0.005574,-0.035518,0.050427,0.017554,0.005968,0.000008
1463,0.016885,-0.042235,0.055058,0.017223,0.004779,0.000073
1464,0.013227,-0.043045,0.052926,0.017124,0.005176,0.000057
1465,0.015606,-0.046944,0.044785,0.016665,0.005402,0.000050
1466,0.006047,-0.035424,0.050008,0.017563,0.005938,-0.000000
1467,0.016548,-0.042277,0.055274,0.017227,0.004780,0.000072
1468,0.013003,-0.043492,0.053473,0.017103,0.005155,0.000053
1469,0.015586,-0.046936,0.044781,0.016659,0.005391,0.000047
1470,0.010234,-0.036524,0.056194,0.017568,0.005183,-0.000005
1471,0.015569,-0.046950,0.044777,0.016668,0.005384,0.000051
1472,0.009982,-0.036890,0.056751,0.017557,0.005167,0.000005
1473,0.015554,-0.046957,0.044775,0.016672,0.005378,0.000051
1474,0.005520,-0.035535,0.050405,0.017571,0.005938,0.000008
1475,0.016855,-0.042253,0.055051,0.017240,0.004750,0.000077
1476,0.013200,-0.043094,0.052973,0.017138,0.005142,0.000059
1477,0.015539,-0.046962,0.044772,0.016674,0.005370,0.000052
1478,0.005931,-0.035470,0.050041,0.017576,0.005911,0.000001
1479,0.016587,-0.042277,0.055240,0.017243,0.004746,0.000069
1480,0.013037,-0.043322,0.053220,0.017130,0.005132,0.000053
1481,0.015530,-0.046966,0.044770,0.016675,0.005365,0.000050
1482,0.010144,-0.036702,0.056387,0.017578,0.005146,0.000004
1483,0.015507,-0.046985,0.044766,0.016685,0.005355,0.000055
1484,0.005669,-0.035452,0.050200,0.017588,0.005904,0.000003
1485,0.016641,-0.042306,0.055134,0.017251,0.004732,0.000073
1486,0.013048,-0.043461,0.053425,0.017128,0.005103,0.000057
1487,0.015491,-0.046981,0.044764,0.016681,0.005348,0.000048
1488,0.007024,-0.034904,0.049214,0.017618,0.005823,0.000004
1489,0.015719,-0.042436,0.055533,0.017245,0.004766,0.000067
1490,0.012771,-0.043537,0.053411,0.017124,0.005110,0.000053
1491,0.015474,-0.046980,0.044761,0.016680,0.005339,0.000047
1492,0.006788,-0.034983,0.049339,0.017614,0.005827,0.000001
1493,0.015853,-0.042416,0.055478,0.017247,0.004745,0.000067
1494,0.012825,-0.043534,0.053438,0.017122,0.005091,0.000059
1495,0.015453,-0.046979,0.044758,0.016679,0.005330,0.000044
1496,0.010102,-0.036652,0.056325,0.017588,0.005110,-0.000001
1497,0.015438,-0.046989,0.044756,0.016685,0.005324,0.000051
1498,0.005459,-0.035550,0.050328,0.017589,0.005881,0.000005
1499,0.016727,-0.042275,0.055056,0.017256,0.004688,0.000072
1500,0.013142,-0.043129,0.052989,0.017152,0.005077,0.000057
1501,0.015423,-0.046995,0.044753,0.016687,0.005317,0.000048
1502,0.005823,-0.035495,0.050008,0.017591,0.005856,0.000007
1503,0.016511,-0.042294,0.055224,0.017256,0.004694,0.000074
1504,0.012960,-0.043410,0.053316,0.017135,0.005067,0.000058
1505,0.015399,-0.046992,0.044750,0.016684,0.005306,0.000049
1506,0.006651,-0.035055,0.049372,0.017616,0.005800,0.000002
1507,0.015898,-0.042400,0.055459,0.017252,0.004712,0.000067
1508,0.012768,-0.043545,0.053429,0.017125,0.005067,0.000056
1509,0.015374,-0.046994,0.044747,0.016684,0.005296,0.000048
1510,0.010102,-0.036612,0.056263,0.017591,0.005079,-0.000003
1511,0.015366,-0.047003,0.044746,0.016691,0.005293,0.000049
1512,0.009879,-0.036921,0.056736,0.017582,0.005069,0.000004
1513,0.015366,-0.047009,0.044747,0.016694,0.005294,0.000052
1514,0.005417,-0.035549,0.050295,0.017594,0.005851,0.000006
1515,0.016677,-0.042282,0.055066,0.017263,0.004665,0.000079
1516,0.013040,-0.043298,0.053188,0.017152,0.005040,0.000061
1517,0.015344,-0.047010,0.044745,0.016693,0.005285,0.000051
1518,0.006448,-0.035166,0.049472,0.017621,0.005792,0.000000
1519,0.015937,-0.042401,0.055429,0.017262,0.004687,0.000069
1520,0.012800,-0.043568,0.053463,0.017140,0.005039,0.000058
1521,0.015330,-0.047019,0.044743,0.016696,0.005279,0.000050
1522,0.010045,-0.036639,0.056274,0.017604,0.005062,-0.000002
1523,0.015322,-0.047027,0.044743,0.016702,0.005277,0.000050
1524,0.005571,-0.035472,0.050123,0.017607,0.005832,0.000003
1525,0.016487,-0.042331,0.055145,0.017269,0.004660,0.000072
1526,0.012955,-0.043563,0.053527,0.017143,0.005019,0.000056
1527,0.015318,-0.047021,0.044744,0.016697,0.005276,0.000046
1528,0.010054,-0.036578,0.056168,0.017610,0.005065,0.000003
1529,0.015311,-0.047030,0.044743,0.016703,0.005273,0.000056
1530,0.009841,-0.036941,0.056735,0.017600,0.005048,0.000004
1531,0.015309,-0.047038,0.044743,0.016708,0.005274,0.000054
1532,0.005370,-0.035563,0.050289,0.017610,0.005836,0.000010
1533,0.016648,-0.042302,0.055064,0.017274,0.004653,0.000079
1534,0.013014,-0.043350,0.053236,0.017164,0.005028,0.000062
1535,0.015308,-0.047041,0.044744,0.016707,0.005274,0.000052
1536,0.006348,-0.035191,0.049512,0.017629,0.005784,0.000000
1537,0.015987,-0.042406,0.055411,0.017271,0.004678,0.000072
1538,0.012749,-0.043577,0.053457,0.017143,0.005032,0.000058
1539,0.015299,-0.047033,0.044745,0.016702,0.005271,0.000049
1540,0.010052,-0.036615,0.056231,0.017613,0.005056,-0.000003
1541,0.015302,-0.047042,0.044745,0.016708,0.005273,0.000054
1542,0.005362,-0.035567,0.050295,0.017608,0.005836,0.000002
1543,0.016639,-0.042304,0.055063,0.017274,0.004650,0.000073
1544,0.013007,-0.043332,0.053218,0.017159,0.005026,0.000056
1545,0.015300,-0.047035,0.044746,0.016703,0.005273,0.000047
1546,0.009988,-0.036768,0.056401,0.017604,0.005056,-0.000002
1547,0.015297,-0.047046,0.044746,0.016710,0.005272,0.000052
1548,0.009827,-0.036945,0.056740,0.017602,0.005049,0.000007
1549,0.015291,-0.047054,0.044746,0.016714,0.005271,0.000057
1550,0.009822,-0.036946,0.056739,0.017607,0.005047,0.000006
1551,0.015292,-0.047058,0.044747,0.016717,0.005272,0.000060
1552,0.005352,-0.035570,0.050291,0.017617,0.005834,0.000013
1553,0.016631,-0.042323,0.055075,0.017285,0.004651,0.000079
1554,0.013008,-0.043323,0.053191,0.017170,0.005033,0.000064
1555,0.015315,-0.047046,0.044751,0.016709,0.005282,0.000056
1556,0.009977,-0.036797,0.056431,0.017613,0.005064,0.000005
1557,0.015300,-0.047063,0.044749,0.016718,0.005277,0.000055
1558,0.005532,-0.035490,0.050134,0.017625,0.005830,0.000012
1559,0.016470,-0.042360,0.055154,0.017283,0.004662,0.000079
1560,0.015336,-0.047065,0.044752,0.016724,0.005294,0.000059
1561,0.010372,-0.038113,0.058962,0.017560,0.004904,0.000014
1562,0.012553,-0.042031,0.050663,0.017226,0.005206,0.000053
1563,0.015327,-0.047068,0.044754,0.016721,0.005290,0.000058
1564,0.005235,-0.035656,0.050433,0.017620,0.005853,0.000010
1565,0.016772,-0.042304,0.055026,0.017289,0.004659,0.000076
1566,0.013127,-0.043167,0.052996,0.017184,0.005053,0.000057
1567,0.015338,-0.047066,0.044756,0.016718,0.005294,0.000055
1568,0.009927,-0.036961,0.056629,0.017610,0.005071,0.000002
1569,0.015336,-0.047070,0.044756,0.016720,0.005294,0.000057
1570,0.005377,-0.035581,0.050314,0.017620,0.005856,0.000005
1571,0.016651,-0.042337,0.055074,0.017285,0.004668,0.000073
1572,0.013039,-0.043311,0.053170,0.017170,0.005061,0.000055
1573,0.015347,-0.047059,0.044759,0.016713,0.005299,0.000045
1574,0.009992,-0.036812,0.056449,0.017608,0.005086,0.000001
1575,0.015352,-0.047064,0.044759,0.016716,0.005301,0.000054
1576,0.005540,-0.035508,0.050175,0.017621,0.005853,0.000004
1577,0.016519,-0.042361,0.055149,0.017278,0.004682,0.000073
1578,0.015377,-0.047063,0.044760,0.016720,0.005313,0.000053
1579,0.010383,-0.038108,0.058955,0.017552,0.004925,0.000009
1580,0.012602,-0.042046,0.050690,0.017218,0.005223,0.000049
1581,0.015363,-0.047060,0.044761,0.016713,0.005307,0.000051
1582,0.005465,-0.035538,0.050258,0.017617,0.005864,0.000004
1583,0.016608,-0.042349,0.055126,0.017277,0.004687,0.000070
1584,0.015400,-0.047069,0.044764,0.016723,0.005324,0.000058
1585,0.010422,-0.038102,0.058950,0.017555,0.004935,0.000009
1586,0.015371,-0.047047,0.044763,0.016705,0.005310,0.000053
1587,0.009868,-0.036983,0.056818,0.017591,0.005084,0.000004
1588,0.015364,-0.047057,0.044762,0.016711,0.005308,0.000053
1589,0.005718,-0.035409,0.050064,0.017624,0.005853,0.000003
1590,0.016400,-0.042403,0.055195,0.017271,0.004704,0.000078
1591,0.012898,-0.043591,0.053510,0.017149,0.005071,0.000060
1592,0.015387,-0.047046,0.044766,0.016704,0.005317,0.000055
1593,0.015296,-0.046827,0.044756,0.016571,0.005264,0.000006
1594,0.007341,-0.031556,0.062251,0.017962,0.004958,-0.000044
1595,0.012645,-0.042001,0.050671,0.017202,0.005231,0.000058
1596,0.015353,-0.047046,0.044763,0.016707,0.005304,0.000059
1597,0.015267,-0.046823,0.044754,0.016573,0.005253,0.000011
1598,0.007085,-0.031907,0.062847,0.017947,0.004939,-0.000030
1599,0.012580,-0.041991,0.050652,0.017201,0.005224,0.000070
1600,0.015357,-0.047031,0.044765,0.016703,0.005307,0.000071
1601,0.005523,-0.035459,0.050224,0.017610,0.005857,0.000018
1602,0.016534,-0.042352,0.055133,0.017270,0.004688,0.000087
1603,0.015377,-0.047047,0.044765,0.016716,0.005317,0.000076
1604,0.010398,-0.038136,0.059028,0.017550,0.004924,0.000025
1605,0.015348,-0.047041,0.044763,0.016707,0.005303,0.000068
1606,0.007451,-0.035610,0.048912,0.017587,0.005743,0.000018
1607,0.015024,-0.042163,0.056570,0.017287,0.004718,0.000071
1608,0.015353,-0.047046,0.044762,0.016713,0.005306,0.000073
1609,0.009873,-0.038125,0.058779,0.017540,0.004969,0.000017
1610,0.015343,-0.047033,0.044763,0.016703,0.005301,0.000062
1611,0.007610,-0.035558,0.048823,0.017584,0.005731,0.000013
1612,0.014874,-0.042173,0.056606,0.017286,0.004720,0.000066
1613,0.012311,-0.043536,0.053201,0.017138,0.005116,0.000059
1614,0.015352,-0.047034,0.044765,0.016703,0.005305,0.000058
1615,0.008559,-0.035443,0.048378,0.017588,0.005668,0.000009
1616,0.014359,-0.042122,0.056900,0.017287,0.004740,0.000057
1617,0.012432,-0.043054,0.052480,0.017168,0.005136,0.000053
1618,0.015336,-0.047051,0.044763,0.016711,0.005299,0.000053
1619,0.007553,-0.036232,0.048869,0.017537,0.005734,0.000002
1620,0.015014,-0.041905,0.057160,0.017309,0.004676,0.000054
1621,0.015337,-0.047040,0.044762,0.016708,0.005299,0.000049
1622,0.009826,-0.037917,0.058388,0.017547,0.004988,0.000002
1623,0.015326,-0.047030,0.044763,0.016700,0.005295,0.000047
1624,0.007461,-0.035681,0.048896,0.017575,0.005734,0.000002
1625,0.014985,-0.042126,0.056644,0.017286,0.004699,0.000060
1626,0.012526,-0.043117,0.052658,0.017162,0.005109,0.000053
1627,0.015329,-0.047047,0.044763,0.016708,0.005296,0.000051
1628,0.007721,-0.036224,0.048763,0.017531,0.005718,0.000003
1629,0.014878,-0.041894,0.057244,0.017312,0.004668,0.000055
1630,0.012542,-0.042834,0.052054,0.017179,0.005137,0.000050
1631,0.015307,-0.047060,0.044760,0.016714,0.005287,0.000050
1632,0.015223,-0.046838,0.044750,0.016580,0.005237,0.000004
1633,0.007071,-0.032050,0.063026,0.017948,0.004903,-0.000044
1634,0.015289,-0.047009,0.044760,0.016690,0.005280,0.000058
1635,0.009802,-0.036921,0.056745,0.017584,0.005058,0.000012
1636,0.015293,-0.047026,0.044761,0.016700,0.005282,0.000068
1637,0.007571,-0.035610,0.048815,0.017578,0.005712,0.000018
1638,0.014829,-0.042140,0.056653,0.017285,0.004691,0.000074
1639,0.015286,-0.047032,0.044757,0.016707,0.005280,0.000069
1640,0.009821,-0.038132,0.058798,0.017532,0.004949,0.000020
1641,0.015283,-0.047023,0.044760,0.016699,0.005279,0.000063
1642,0.007424,-0.035649,0.048886,0.017571,0.005714,0.000017
1643,0.014946,-0.042124,0.056639,0.017284,0.004680,0.000074
1644,0.012475,-0.043131,0.052690,0.017161,0.005091,0.000069
1645,0.015275,-0.047038,0.044758,0.016706,0.005276,0.000059
1646,0.005621,-0.035528,0.050113,0.017606,0.005819,0.000017
1647,0.016430,-0.042340,0.055211,0.017272,0.004657,0.000084
1648,0.015302,-0.047052,0.044759,0.016718,0.005288,0.000064
1649,0.010315,-0.038126,0.058993,0.017549,0.004896,0.000019
1650,0.015274,-0.047044,0.044758,0.016708,0.005276,0.000057
1651,0.005445,-0.035471,0.050242,0.017613,0.005828,0.000010
1652,0.016500,-0.042359,0.055107,0.017271,0.004657,0.000075
1653,0.015307,-0.047057,0.044760,0.016720,0.005291,0.000067
1654,0.004717,-0.039017,0.057668,0.017441,0.005511,0.000017
1655,0.019330,-0.040710,0.051915,0.017316,0.004576,0.000060
1656,0.011485,-0.042364,0.050836,0.017178,0.005271,0.000042
1657,0.015274,-0.047040,0.044758,0.016705,0.005275,0.000049
1658,0.005376,-0.035529,0.050319,0.017610,0.005835,-0.000002
1659,0.016572,-0.042345,0.055074,0.017271,0.004655,0.000069
1660,0.015298,-0.047058,0.044758,0.016719,0.005287,0.000051
1661,0.010333,-0.038080,0.058909,0.017553,0.004900,0.000005
1662,0.015276,-0.047045,0.044758,0.016708,0.005276,0.000045
1663,0.005420,-0.035485,0.050260,0.017613,0.005827,-0.000002
1664,0.016515,-0.042361,0.055089,0.017272,0.004654,0.000069
1665,0.012967,-0.043168,0.052955,0.017178,0.005041,0.000053
1666,0.015279,-0.047073,0.044758,0.016721,0.005278,0.000051
1667,0.005619,-0.035559,0.050117,0.017620,0.005822,-0.000002
1668,0.016459,-0.042366,0.055200,0.017287,0.004653,0.000072
1669,0.015301,-0.047085,0.044758,0.016731,0.005288,0.000055
1670,0.004730,-0.039046,0.057690,0.017450,0.005510,0.000009
1671,0.019335,-0.040727,0.051904,0.017326,0.004576,0.000059
1672,0.011458,-0.042380,0.050822,0.017185,0.005273,0.000037
1673,0.015279,-0.047067,0.044757,0.016716,0.005278,0.000043
1674,0.005375,-0.035543,0.050317,0.017618,0.005835,-0.000004
1675,0.016574,-0.042363,0.055073,0.017277,0.004655,0.000071
1676,0.015296,-0.047076,0.044757,0.016725,0.005285,0.000054
1677,0.004721,-0.039034,0.057663,0.017442,0.005509,0.000007
1678,0.019328,-0.040707,0.051892,0.017319,0.004571,0.000058
1679,0.011502,-0.042383,0.050850,0.017180,0.005267,0.000039
1680,0.015277,-0.047052,0.044757,0.016707,0.005275,0.000048
1681,0.005365,-0.035544,0.050315,0.017610,0.005828,-0.000001
1682,0.016563,-0.042351,0.055070,0.017269,0.004648,0.000069
1683,0.015287,-0.047059,0.044756,0.016715,0.005280,0.000055
1684,0.010331,-0.038087,0.058901,0.017550,0.004893,0.000009
1685,0.015253,-0.047056,0.044753,0.016708,0.005265,0.000051
1686,0.005404,-0.035497,0.050265,0.017608,0.005821,0.000005
1687,0.016507,-0.042356,0.055079,0.017266,0.004643,0.000069
1688,0.015275,-0.047060,0.044754,0.016715,0.005275,0.000058
1689,0.010318,-0.038099,0.058924,0.017548,0.004885,0.000010
1690,0.015243,-0.047050,0.044752,0.016705,0.005261,0.000048
1691,0.005417,-0.035487,0.050243,0.017607,0.005816,0.000003
1692,0.016480,-0.042356,0.055088,0.017264,0.004639,0.000075
1693,0.015269,-0.047054,0.044753,0.016712,0.005273,0.000060
1694,0.010305,-0.038094,0.058915,0.017546,0.004884,0.000014
1695,0.015234,-0.047046,0.044751,0.016703,0.005257,0.000052
1696,0.005377,-0.035503,0.050261,0.017609,0.005809,0.000006
1697,0.016490,-0.042354,0.055077,0.017267,0.004632,0.000075
1698,0.015253,-0.047059,0.044751,0.016715,0.005266,0.000063
1699,0.010306,-0.038092,0.058915,0.017548,0.004876,0.000012
1700,0.015218,-0.047041,0.044750,0.016701,0.005251,0.000051
1701,0.005397,-0.035497,0.050235,0.017607,0.005805,0.000010
1702,0.016454,-0.042348,0.055074,0.017266,0.004631,0.000074
1703,0.015244,-0.047145,0.044748,0.016759,0.005265,0.000071
1704,0.004745,-0.039135,0.057809,0.017475,0.005478,0.000021
1705,0.015403,-0.047007,0.044777,0.016690,0.005333,0.000068
1706,0.015453,-0.035917,0.057892,0.017698,0.004527,0.000020
1707,0.015232,-0.047054,0.044751,0.016708,0.005257,0.000051
1708,0.005360,-0.035514,0.050277,0.017613,0.005812,0.000001
1709,0.016487,-0.042358,0.055049,0.017270,0.004636,0.000075
1710,0.015253,-0.047148,0.044749,0.016761,0.005269,0.000068
1711,0.004716,-0.039123,0.057768,0.017478,0.005483,0.000017
1712,0.015416,-0.047015,0.044778,0.016695,0.005339,0.000064
1713,0.015487,-0.035931,0.057925,0.017702,0.004527,0.000018
1714,0.015227,-0.047066,0.044749,0.016714,0.005255,0.000050
1715,0.005377,-0.035514,0.050261,0.017619,0.005812,0.000003
1716,0.016476,-0.042370,0.055059,0.017276,0.004636,0.000071
1717,0.015263,-0.047155,0.044750,0.016765,0.005273,0.000067
1718,0.004692,-0.039121,0.057739,0.017485,0.005488,0.000018
1719,0.015419,-0.047023,0.044778,0.016699,0.005340,0.000065
1720,0.015506,-0.035949,0.057950,0.017709,0.004525,0.000021
1721,0.015235,-0.047067,0.044750,0.016715,0.005258,0.000048
1722,0.005381,-0.035516,0.050259,0.017621,0.005812,-0.000001
1723,0.016475,-0.042375,0.055060,0.017278,0.004637,0.000067
1724,0.015264,-0.047160,0.044749,0.016767,0.005273,0.000064
1725,0.004732,-0.039152,0.057791,0.017489,0.005483,0.000017
1726,0.015422,-0.047033,0.044777,0.016704,0.005341,0.000065
1727,0.015470,-0.035927,0.057897,0.017711,0.004531,0.000016
1728,0.015236,-0.047079,0.044749,0.016720,0.005258,0.000050
1729,0.005402,-0.035515,0.050248,0.017624,0.005815,-0.000005
1730,0.016475,-0.042388,0.055091,0.017283,0.004636,0.000068
1731,0.015247,-0.047084,0.044748,0.016727,0.005263,0.000057
1732,0.004687,-0.039059,0.057675,0.017449,0.005486,0.000009
1733,0.019218,-0.040847,0.051981,0.017315,0.004551,0.000057
1734,0.015194,-0.047125,0.044742,0.016742,0.005240,0.000051
1735,0.004614,-0.035753,0.050960,0.017637,0.005824,0.000005
1736,0.015354,-0.047086,0.044760,0.016737,0.005312,0.000072
1737,0.013870,-0.038176,0.062095,0.017625,0.004416,0.000026
1738,0.015208,-0.047082,0.044744,0.016721,0.005246,0.000050
1739,0.004739,-0.035978,0.050956,0.017596,0.005822,0.000005
1740,0.017051,-0.042208,0.054808,0.017292,0.004592,0.000068
1741,0.015239,-0.047170,0.044745,0.016770,0.005262,0.000066
1742,0.005145,-0.039375,0.058271,0.017479,0.005411,0.000017
1743,0.015379,-0.047035,0.044771,0.016701,0.005322,0.000060
1744,0.015250,-0.035660,0.057416,0.017724,0.004558,0.000016
1745,0.015219,-0.047087,0.044746,0.016722,0.005250,0.000053
1746,0.005388,-0.035523,0.050235,0.017627,0.005804,0.000001
1747,0.016458,-0.042392,0.055091,0.017284,0.004626,0.000071
1748,0.015224,-0.047096,0.044744,0.016731,0.005253,0.000055
1749,0.004744,-0.039113,0.057781,0.017449,0.005462,0.000011
1750,0.019201,-0.040834,0.051933,0.017317,0.004541,0.000054
1751,0.015167,-0.047132,0.044738,0.016743,0.005228,0.000052
1752,0.004491,-0.035790,0.051047,0.017641,0.005810,0.000006
1753,0.015326,-0.047091,0.044756,0.016736,0.005299,0.000076
1754,0.013948,-0.038288,0.062209,0.017620,0.004394,0.000027
1755,0.015195,-0.047173,0.044741,0.016765,0.005242,0.000061
1756,0.005082,-0.035738,0.050507,0.017663,0.005810,0.000008
1757,0.015354,-0.047132,0.044759,0.016758,0.005313,0.000081
1758,0.017068,-0.038270,0.064115,0.017684,0.004007,0.000030
1759,0.009196,-0.042025,0.049123,0.017177,0.005510,0.000028
1760,0.015233,-0.047167,0.044746,0.016763,0.005259,0.000063
1761,0.004691,-0.036263,0.051132,0.017623,0.005838,0.000014
1762,0.015422,-0.047116,0.044769,0.016750,0.005343,0.000082
1763,0.015521,-0.037628,0.062664,0.017697,0.004276,0.000032
1764,0.015240,-0.047129,0.044746,0.016742,0.005260,0.000049
1765,0.004823,-0.036063,0.050927,0.017613,0.005836,0.000004
1766,0.017115,-0.042223,0.054818,0.017312,0.004608,0.000076
1767,0.015271,-0.047128,0.044748,0.016744,0.005274,0.000053
1768,0.010498,-0.038059,0.058864,0.017586,0.004866,0.000005
1769,0.015236,-0.047122,0.044746,0.016736,0.005257,0.000046
1770,0.009760,-0.036996,0.056733,0.017630,0.005031,-0.000002
1771,0.015236,-0.047131,0.044747,0.016741,0.005258,0.000054
1772,0.005395,-0.035542,0.050229,0.017646,0.005808,0.000004
1773,0.016467,-0.042422,0.055060,0.017304,0.004634,0.000076
1774,0.012874,-0.043452,0.053243,0.017196,0.005006,0.000062
1775,0.015230,-0.047144,0.044746,0.016745,0.005256,0.000057
1776,0.006247,-0.035249,0.049562,0.017666,0.005767,0.000005
1777,0.015939,-0.042498,0.055359,0.017307,0.004655,0.000075
1778,0.015228,-0.047153,0.044743,0.016754,0.005256,0.000061
1779,0.010154,-0.038261,0.059024,0.017586,0.004877,0.000008
1780,0.015214,-0.047140,0.044745,0.016742,0.005249,0.000049
1781,0.005386,-0.035548,0.050223,0.017646,0.005801,0.000001
1782,0.016452,-0.042425,0.055062,0.017303,0.004627,0.000072
1783,0.015225,-0.047146,0.044744,0.016749,0.005255,0.000055
1784,0.010299,-0.038177,0.058962,0.017582,0.004859,0.000006
1785,0.015198,-0.047135,0.044744,0.016738,0.005243,0.000051
1786,0.005571,-0.035459,0.050051,0.017647,0.005789,0.000004
1787,0.016263,-0.042456,0.055139,0.017299,0.004627,0.000073
1788,0.012802,-0.043636,0.053494,0.017176,0.004988,0.000056
1789,0.015197,-0.047134,0.044745,0.016735,0.005242,0.000047
1790,0.006645,-0.035039,0.049274,0.017674,0.005725,-0.000000
1791,0.015606,-0.042553,0.055453,0.017301,0.004660,0.000071
1792,0.015206,-0.047157,0.044742,0.016752,0.005247,0.000059
1793,0.010045,-0.038306,0.059061,0.017576,0.004868,0.000005
1794,0.015171,-0.047141,0.044741,0.016738,0.005232,0.000047
1795,0.009735,-0.037016,0.056737,0.017631,0.005011,-0.000001
1796,0.015178,-0.047153,0.044742,0.016745,0.005235,0.000055
1797,0.005366,-0.035566,0.050212,0.017650,0.005789,0.000006
1798,0.016440,-0.042428,0.055076,0.017303,0.004618,0.000075
1799,0.015203,-0.047158,0.044744,0.016752,0.005247,0.000058
1800,0.010267,-0.038189,0.058957,0.017586,0.004849,0.000013
1801,0.015167,-0.047145,0.044742,0.016740,0.005231,0.000058
1802,0.009717,-0.037012,0.056734,0.017630,0.005005,0.000008
1803,0.015167,-0.047155,0.044743,0.016745,0.005232,0.000059
1804,0.009719,-0.037030,0.056743,0.017639,0.005005,0.000008
1805,0.015156,-0.047165,0.044742,0.016751,0.005229,0.000060
1806,0.005365,-0.035562,0.050228,0.017656,0.005778,0.000012
1807,0.016410,-0.042453,0.055069,0.017312,0.004612,0.000080
1808,0.015190,-0.047170,0.044744,0.016758,0.005244,0.000066
1809,0.010250,-0.038184,0.058942,0.017592,0.004850,0.000016
1810,0.015158,-0.047153,0.044744,0.016744,0.005230,0.000059
1811,0.005354,-0.035560,0.050250,0.017653,0.005785,0.000007
1812,0.016429,-0.042441,0.055054,0.017304,0.004617,0.000075
1813,0.015192,-0.047158,0.044746,0.016752,0.005246,0.000059
1814,0.010261,-0.038181,0.058953,0.017585,0.004852,0.000014
1815,0.015170,-0.047136,0.044746,0.016736,0.005235,0.000054
1816,0.009713,-0.037008,0.056730,0.017630,0.005012,0.000004
1817,0.015167,-0.047155,0.044746,0.016746,0.005235,0.000057
1818,0.005338,-0.035572,0.050266,0.017653,0.005786,0.000009
1819,0.016434,-0.042443,0.055051,0.017307,0.004614,0.000077
1820,0.012829,-0.043432,0.053193,0.017201,0.004990,0.000059
1821,0.015179,-0.047159,0.044749,0.016747,0.005241,0.000056
1822,0.006105,-0.035318,0.049654,0.017666,0.005750,0.000006
1823,0.015971,-0.042507,0.055337,0.017309,0.004639,0.000070
1824,0.012634,-0.043673,0.053444,0.017190,0.005001,0.000055
1825,0.015179,-0.047166,0.044749,0.016749,0.005241,0.000050
1826,0.006817,-0.034992,0.049195,0.017693,0.005711,0.000000
1827,0.015452,-0.042603,0.055503,0.017310,0.004667,0.000070
1828,0.015193,-0.047190,0.044748,0.016766,0.005248,0.000054
1829,0.009989,-0.038371,0.059129,0.017585,0.004873,0.000004
1830,0.015174,-0.047167,0.044749,0.016749,0.005239,0.000047
1831,0.005373,-0.035562,0.050244,0.017653,0.005790,-0.000003
1832,0.016415,-0.042461,0.055067,0.017310,0.004620,0.000066
1833,0.015200,-0.047170,0.044750,0.016755,0.005251,0.000050
1834,0.010256,-0.038193,0.058956,0.017586,0.004861,0.000006
1835,0.015165,-0.047158,0.044748,0.016743,0.005236,0.000046
1836,0.009711,-0.037029,0.056740,0.017637,0.005012,-0.000001
1837,0.015176,-0.047167,0.044750,0.016750,0.005241,0.000052
1838,0.005364,-0.035570,0.050249,0.017654,0.005789,0.000003
1839,0.016419,-0.042456,0.055067,0.017307,0.004621,0.000077
1840,0.015202,-0.047164,0.044752,0.016753,0.005253,0.000061
1841,0.010255,-0.038192,0.058954,0.017587,0.004865,0.000016
1842,0.015174,-0.047155,0.044751,0.016743,0.005240,0.000050
1843,0.009711,-0.037024,0.056743,0.017634,0.005015,0.000003
1844,0.015171,-0.047169,0.044750,0.016751,0.005240,0.000059
1845,0.005358,-0.035568,0.050255,0.017656,0.005790,0.000012
1846,0.016422,-0.042462,0.055063,0.017311,0.004622,0.000079
1847,0.015192,-0.047174,0.044751,0.016758,0.005250,0.000066
1848,0.010246,-0.038190,0.058951,0.017591,0.004860,0.000014
1849,0.015174,-0.047162,0.044751,0.016747,0.005241,0.000054
1850,0.005365,-0.035555,0.050242,0.017654,0.005787,0.000006
1851,0.016406,-0.042462,0.055066,0.017308,0.004622,0.000074
1852,0.012817,-0.043459,0.053218,0.017200,0.005000,0.000058
1853,0.015185,-0.047166,0.044753,0.016748,0.005246,0.000053
1854,0.006160,-0.035300,0.049630,0.017669,0.005757,0.000006
1855,0.015933,-0.042522,0.055349,0.017310,0.004642,0.000073
1856,0.015194,-0.047180,0.044751,0.016760,0.005250,0.000059
1857,0.010108,-0.038281,0.059026,0.017591,0.004866,0.000011
1858,0.015167,-0.047173,0.044750,0.016751,0.005238,0.000049
1859,0.005380,-0.035559,0.050241,0.017655,0.005792,0.000002
1860,0.016398,-0.042465,0.055068,0.017308,0.004618,0.000076
1861,0.015185,-0.047171,0.044750,0.016755,0.005247,0.000056
1862,0.010234,-0.038198,0.058954,0.017589,0.004853,0.000011
1863,0.015155,-0.047162,0.044749,0.016745,0.005233,0.000051
1864,0.005353,-0.035560,0.050242,0.017651,0.005782,0.000000
1865,0.016397,-0.042454,0.055061,0.017303,0.004614,0.000073
1866,0.012845,-0.043368,0.053097,0.017205,0.004993,0.000054
1867,0.015166,-0.047172,0.044751,0.016749,0.005238,0.000049
1868,0.005825,-0.035474,0.049864,0.017660,0.005762,0.000001
1869,0.016138,-0.042483,0.055261,0.017311,0.004622,0.000074
1870,0.015171,-0.047176,0.044748,0.016756,0.005241,0.000053
1871,0.010165,-0.038246,0.058999,0.017587,0.004854,0.000009
1872,0.015151,-0.047164,0.044749,0.016745,0.005231,0.000049
1873,0.005546,-0.035476,0.050070,0.017655,0.005772,-0.000001
1874,0.016222,-0.042486,0.055148,0.017302,0.004622,0.000073
1875,0.012727,-0.043671,0.053487,0.017187,0.004981,0.000053
1876,0.015159,-0.047168,0.044750,0.016746,0.005235,0.000046
1877,0.006621,-0.035056,0.049295,0.017684,0.005712,0.000001
1878,0.015567,-0.042586,0.055455,0.017307,0.004649,0.000067
1879,0.015158,-0.047187,0.044746,0.016760,0.005235,0.000056
1880,0.009993,-0.038329,0.059062,0.017583,0.004858,0.000006
1881,0.015132,-0.047170,0.044746,0.016746,0.005223,0.000052
1882,0.005352,-0.035566,0.050229,0.017651,0.005775,0.000003
1883,0.016375,-0.042464,0.055081,0.017306,0.004602,0.000070
1884,0.015147,-0.047185,0.044745,0.016760,0.005231,0.000054
1885,0.010236,-0.038242,0.059010,0.017590,0.004834,0.000008
1886,0.015132,-0.047183,0.044746,0.016754,0.005224,0.000053
1887,0.005898,-0.037077,0.054544,0.017598,0.005481,0.000002
1888,0.016155,-0.041905,0.052584,0.017297,0.004748,0.000065
1889,0.015120,-0.047182,0.044745,0.016754,0.005219,0.000051
1890,0.009843,-0.037255,0.057136,0.017638,0.004956,0.000004
1891,0.015121,-0.047198,0.044746,0.016762,0.005221,0.000057
1892,0.005856,-0.037085,0.054513,0.017612,0.005484,0.000004
1893,0.016131,-0.041977,0.052691,0.017308,0.004740,0.000068
1894,0.015118,-0.047195,0.044745,0.016761,0.005220,0.000052
1895,0.008472,-0.037438,0.056125,0.017610,0.005145,0.000005
1896,0.013807,-0.041823,0.051459,0.017286,0.004982,0.000054
1897,0.015109,-0.047182,0.044745,0.016753,0.005215,0.000056
1898,0.007213,-0.037361,0.055568,0.017598,0.005296,0.000004
1899,0.014885,-0.041826,0.051933,0.017288,0.004868,0.000058
1900,0.015119,-0.047164,0.044748,0.016744,0.005220,0.000056
1901,0.007774,-0.037365,0.055778,0.017598,0.005231,0.000006
1902,0.014468,-0.041844,0.051815,0.017277,0.004909,0.000059
1903,0.015100,-0.047168,0.044746,0.016746,0.005212,0.000052
1904,0.006841,-0.037288,0.055300,0.017588,0.005341,0.000008
1905,0.014990,-0.041720,0.051886,0.017294,0.004868,0.000059
1906,0.015118,-0.047161,0.044749,0.016745,0.005220,0.000055
1907,0.009262,-0.037546,0.056630,0.017594,0.005046,0.000006
1908,0.013139,-0.041784,0.051173,0.017260,0.005043,0.000049
1909,0.015132,-0.047149,0.044751,0.016738,0.005226,0.000054
1910,0.006862,-0.037283,0.055337,0.017581,0.005351,0.000004
1911,0.015227,-0.047072,0.044766,0.016705,0.005267,0.000059
1912,0.012637,-0.036820,0.058367,0.017649,0.004681,0.000015
1913,0.015136,-0.047119,0.044753,0.016725,0.005227,0.000054
1914,0.005826,-0.037044,0.054522,0.017570,0.005497,0.000009
1915,0.016377,-0.042016,0.053029,0.017269,0.004705,0.000067
1916,0.015142,-0.047118,0.044753,0.016726,0.005230,0.000055
1917,0.005832,-0.037081,0.054477,0.017567,0.005502,0.000011
1918,0.016182,-0.041892,0.052685,0.017273,0.004750,0.000070
1919,0.015147,-0.047124,0.044753,0.016730,0.005232,0.000063
1920,0.008358,-0.037423,0.056129,0.017575,0.005171,0.000012
1921,0.014016,-0.041809,0.051631,0.017252,0.004969,0.000056
1922,0.015127,-0.047116,0.044751,0.016726,0.005224,0.000055
1923,0.006336,-0.037170,0.054938,0.017572,0.005423,0.000009
1924,0.015751,-0.041815,0.052338,0.017274,0.004792,0.000061
1925,0.015125,-0.047126,0.044750,0.016732,0.005223,0.000057
1926,0.009794,-0.037170,0.057068,0.017619,0.004966,0.000006
1927,0.015117,-0.047152,0.044749,0.016746,0.005221,0.000059
1928,0.005634,-0.036977,0.054295,0.017598,0.005519,0.000011
1929,0.016544,-0.042076,0.053155,0.017295,0.004682,0.000069
1930,0.015119,-0.047155,0.044749,0.016748,0.005222,0.000058
1931,0.006374,-0.037242,0.054955,0.017587,0.005413,0.000009
1932,0.015790,-0.041902,0.052635,0.017296,0.004760,0.000066
1933,0.015123,-0.047147,0.044750,0.016744,0.005223,0.000055
1934,0.005867,-0.037170,0.054572,0.017581,0.005481,0.000004
1935,0.017456,-0.042306,0.053865,0.017281,0.004544,0.000064
1936,0.015077,-0.047138,0.044744,0.016736,0.005202,0.000048
1937,0.003994,-0.035454,0.051451,0.017664,0.005807,-0.000003
1938,0.016864,-0.042714,0.053839,0.017266,0.004621,0.000075
1939,0.015114,-0.047153,0.044747,0.016750,0.005220,0.000056
1940,0.009662,-0.038095,0.058210,0.017581,0.004918,0.000008
1941,0.012634,-0.041750,0.050574,0.017249,0.005115,0.000040
1942,0.015102,-0.047131,0.044748,0.016737,0.005214,0.000048
1943,0.005929,-0.037073,0.054625,0.017584,0.005464,-0.000000
1944,0.017343,-0.042336,0.053902,0.017271,0.004541,0.000060
1945,0.015072,-0.047113,0.044745,0.016725,0.005200,0.000042
1946,0.004168,-0.035235,0.051187,0.017666,0.005798,-0.000005
1947,0.016625,-0.042802,0.053884,0.017257,0.004631,0.000074
1948,0.015097,-0.047147,0.044745,0.016748,0.005213,0.000059
1949,0.009918,-0.037819,0.058209,0.017600,0.004886,0.000010
1950,0.015084,-0.047161,0.044745,0.016753,0.005208,0.000057
1951,0.005749,-0.036952,0.054316,0.017602,0.005496,0.000009
1952,0.017463,-0.042302,0.053892,0.017295,0.004538,0.000070
1953,0.015054,-0.047145,0.044742,0.016742,0.005194,0.000050
1954,0.003737,-0.035817,0.051898,0.017646,0.005802,0.000003
1955,0.017182,-0.042556,0.053748,0.017282,0.004582,0.000078
1956,0.015083,-0.047165,0.044744,0.016757,0.005208,0.000056
1957,0.009589,-0.038019,0.058002,0.017589,0.004921,0.000007
1958,0.012631,-0.041744,0.050630,0.017257,0.005097,0.000042
1959,0.015095,-0.047146,0.044748,0.016745,0.005212,0.000051
1960,0.005812,-0.037024,0.054467,0.017590,0.005481,0.000004
1961,0.016203,-0.042015,0.052956,0.017287,0.004707,0.000064
1962,0.015092,-0.047151,0.044747,0.016748,0.005211,0.000057
1963,0.007234,-0.037262,0.055343,0.017591,0.005298,0.000010
1964,0.014988,-0.041852,0.052096,0.017278,0.004844,0.000061
1965,0.015084,-0.047146,0.044746,0.016746,0.005208,0.000052
1966,0.006696,-0.037260,0.055230,0.017587,0.005354,0.000008
1967,0.015064,-0.041737,0.052091,0.017294,0.004841,0.000057
1968,0.015106,-0.047140,0.044749,0.016745,0.005218,0.000054
1969,0.009406,-0.037495,0.056604,0.017594,0.005026,0.000010
1970,0.013071,-0.041782,0.051202,0.017253,0.005046,0.000051
1971,0.015086,-0.047137,0.044747,0.016742,0.005208,0.000055
1972,0.006590,-0.037194,0.055092,0.017587,0.005365,0.000006
1973,0.015461,-0.041843,0.052273,0.017282,0.004794,0.000060
1974,0.015075,-0.047143,0.044745,0.016745,0.005204,0.000052
1975,0.007065,-0.037310,0.055460,0.017585,0.005298,0.000004
1976,0.015077,-0.041841,0.052138,0.017279,0.004825,0.000057
1977,0.015070,-0.047141,0.044745,0.016744,0.005202,0.000049
1978,0.006975,-0.037265,0.055373,0.017587,0.005310,0.000001
1979,0.014966,-0.041811,0.052037,0.017280,0.004838,0.000058
1980,0.015067,-0.047132,0.044745,0.016740,0.005201,0.000052
1981,0.009830,-0.037123,0.057015,0.017630,0.004945,0.000006
1982,0.015076,-0.047149,0.044746,0.016749,0.005205,0.000060
1983,0.005941,-0.037051,0.054570,0.017603,0.005454,0.000010
1984,0.015900,-0.041948,0.052669,0.017299,0.004741,0.000071
1985,0.015087,-0.047165,0.044748,0.016757,0.005211,0.000059
1986,0.008516,-0.037368,0.056049,0.017609,0.005139,0.000009
1987,0.013819,-0.041850,0.051634,0.017276,0.004954,0.000056
1988,0.015089,-0.047158,0.044748,0.016753,0.005211,0.000059
1989,0.006589,-0.037199,0.055084,0.017598,0.005373,0.000012
1990,0.015450,-0.041869,0.052300,0.017292,0.004797,0.000063
1991,0.015085,-0.047161,0.044747,0.016755,0.005210,0.000056
1992,0.007577,-0.037344,0.055718,0.017601,0.005241,0.000010
1993,0.014596,-0.041849,0.051921,0.017283,0.004878,0.000057
1994,0.015077,-0.047152,0.044747,0.016749,0.005206,0.000054
1995,0.006511,-0.037211,0.055068,0.017597,0.005378,0.000004
1996,0.015540,-0.041873,0.052336,0.017293,0.004785,0.000063
1997,0.015079,-0.047154,0.044747,0.016750,0.005207,0.000055
1998,0.007298,-0.037328,0.055586,0.017595,0.005269,0.000006
1999,0.014768,-0.041796,0.051890,0.017287,0.004867,0.000058
2000,0.015078,-0.047151,0.044747,0.016748,0.005206,0.000053
2001,0.007766,-0.037352,0.055834,0.017594,0.005213,0.000002
2002,0.015137,-0.047081,0.044757,0.016715,0.005232,0.000053
2003,0.011680,-0.036765,0.057936,0.017650,0.004750,0.000009
2004,0.015062,-0.047116,0.044746,0.016731,0.005199,0.000052
2005,0.005963,-0.037035,0.054589,0.017582,0.005445,0.000007
2006,0.015952,-0.041881,0.052579,0.017280,0.004737,0.000067
2007,0.015056,-0.047126,0.044745,0.016737,0.005197,0.000056
2008,0.008347,-0.037415,0.056180,0.017582,0.005128,0.000011
2009,0.013825,-0.041779,0.051510,0.017260,0.004947,0.000053
2010,0.015053,-0.047115,0.044746,0.016731,0.005196,0.000050
2011,0.006986,-0.037233,0.055369,0.017574,0.005303,0.000008
2012,0.014719,-0.041633,0.051825,0.017281,0.004868,0.000060
2013,0.015072,-0.047105,0.044749,0.016728,0.005204,0.000057
2014,0.009318,-0.037538,0.056650,0.017574,0.005014,0.000009
2015,0.013119,-0.041777,0.051291,0.017242,0.005014,0.000051
2016,0.015053,-0.047096,0.044747,0.016722,0.005196,0.000058
2017,0.009630,-0.037018,0.056795,0.017617,0.004963,0.000006
2018,0.015058,-0.047126,0.044747,0.016738,0.005199,0.000063
2019,0.006068,-0.037046,0.054656,0.017587,0.005435,0.000014
2020,0.015192,-0.047057,0.044767,0.016711,0.005258,0.000072
2021,0.013297,-0.036928,0.058876,0.017656,0.004579,0.000026
2022,0.015066,-0.047098,0.044749,0.016726,0.005202,0.000057
2023,0.005981,-0.037017,0.054606,0.017574,0.005442,0.000009
2024,0.015825,-0.041852,0.052577,0.017276,0.004748,0.000068
2025,0.015060,-0.047099,0.044748,0.016727,0.005200,0.000058
2026,0.008482,-0.037384,0.056087,0.017578,0.005122,0.000009
2027,0.013819,-0.041814,0.051682,0.017250,0.004938,0.000053
2028,0.015047,-0.047094,0.044747,0.016724,0.005194,0.000050
2029,0.005875,-0.037041,0.054589,0.017571,0.005447,0.000003
2030,0.016758,-0.042158,0.053509,0.017266,0.004596,0.000063
2031,0.015017,-0.047087,0.044744,0.016719,0.005181,0.000053
2032,0.003595,-0.036077,0.052216,0.017603,0.005779,0.000006
2033,0.017656,-0.042229,0.053584,0.017283,0.004538,0.000077
2034,0.015046,-0.047112,0.044745,0.016736,0.005195,0.000060
2035,0.009935,-0.037634,0.057967,0.017596,0.004874,0.000009
2036,0.015041,-0.047124,0.044746,0.016741,0.005193,0.000054
2037,0.006136,-0.037025,0.054660,0.017591,0.005417,0.000007
2038,0.016074,-0.041986,0.052984,0.017289,0.004686,0.000064
2039,0.015011,-0.047129,0.044742,0.016742,0.005180,0.000052
2040,0.004502,-0.037014,0.053837,0.017576,0.005603,0.000003
2041,0.018064,-0.041917,0.053469,0.017310,0.004488,0.000068
2042,0.014992,-0.047133,0.044739,0.016743,0.005171,0.000046
2043,0.003245,-0.037353,0.054135,0.017548,0.005695,-0.000003
2044,0.018549,-0.041566,0.052983,0.017329,0.004476,0.000067
2045,0.015004,-0.047138,0.044740,0.016747,0.005177,0.000047
2046,0.005209,-0.037955,0.055895,0.017535,0.005416,0.000000
2047,0.016274,-0.041421,0.051882,0.017305,0.004721,0.000054
2048,0.015015,-0.047128,0.044743,0.016742,0.005182,0.000049
2049,0.008157,-0.037284,0.055885,0.017594,0.005140,0.000003
2050,0.013986,-0.041848,0.051756,0.017264,0.004900,0.000050
2051,0.014996,-0.047124,0.044742,0.016738,0.005174,0.000051
2052,0.006516,-0.037159,0.055051,0.017584,0.005336,-0.000000
2053,0.015434,-0.041880,0.052379,0.017277,0.004748,0.000056
2054,0.014987,-0.047121,0.044741,0.016737,0.005170,0.000049
2055,0.006807,-0.037253,0.055340,0.017580,0.005284,0.000006
2056,0.015086,-0.041759,0.052021,0.017279,0.004796,0.000059
2057,0.014966,-0.047122,0.044739,0.016737,0.005162,0.000054
2058,0.008024,-0.037387,0.056070,0.017583,0.005125,0.000008
2059,0.013914,-0.041731,0.051500,0.017265,0.004903,0.000053
2060,0.014974,-0.047113,0.044741,0.016733,0.005166,0.000056
2061,0.007777,-0.037315,0.055861,0.017579,0.005163,0.000009
2062,0.014252,-0.041809,0.051791,0.017260,0.004864,0.000059
2063,0.014982,-0.047102,0.044743,0.016727,0.005169,0.000055
2064,0.006278,-0.037102,0.054887,0.017573,0.005360,0.000008
2065,0.015601,-0.041865,0.052466,0.017270,0.004730,0.000064
2066,0.014982,-0.047110,0.044743,0.016731,0.005170,0.000058
2067,0.007826,-0.037351,0.055919,0.017579,0.005158,0.000011
2068,0.014197,-0.041753,0.051686,0.017259,0.004878,0.000055
2069,0.014975,-0.047109,0.044742,0.016731,0.005167,0.000057
2070,0.009609,-0.037083,0.056937,0.017622,0.004920,0.000008
2071,0.014973,-0.047139,0.044742,0.016746,0.005167,0.000061
2072,0.006028,-0.037030,0.054642,0.017595,0.005400,0.000012
2073,0.015100,-0.047078,0.044760,0.016723,0.005223,0.000070
2074,0.013219,-0.036943,0.058881,0.017665,0.004545,0.000020
2075,0.014976,-0.047109,0.044743,0.016733,0.005169,0.000056
2076,0.005856,-0.037010,0.054567,0.017584,0.005419,0.000004
2077,0.015871,-0.041888,0.052620,0.017281,0.004705,0.000064
2078,0.014995,-0.047120,0.044745,0.016739,0.005177,0.000057
2079,0.008636,-0.037383,0.056252,0.017590,0.005063,0.000009
2080,0.013500,-0.041816,0.051498,0.017258,0.004946,0.000053
2081,0.014986,-0.047106,0.044745,0.016731,0.005173,0.000055
2082,0.006533,-0.037134,0.055065,0.017577,0.005332,0.000008
2083,0.015124,-0.041803,0.052184,0.017274,0.004789,0.000063
2084,0.015009,-0.047101,0.044749,0.016730,0.005184,0.000058
2085,0.008909,-0.037355,0.056298,0.017583,0.005047,0.000009
2086,0.013258,-0.041764,0.051370,0.017250,0.004974,0.000050
2087,0.015011,-0.047087,0.044749,0.016723,0.005184,0.000056
2088,0.006968,-0.037201,0.055352,0.017568,0.005289,0.000008
2089,0.015081,-0.041847,0.052252,0.017259,0.004800,0.000056
2090,0.015013,-0.047085,0.044750,0.016722,0.005185,0.000054
2091,0.006346,-0.037119,0.054951,0.017565,0.005368,0.000005
2092,0.015126,-0.047014,0.044767,0.016692,0.005234,0.000059
2093,0.012955,-0.036853,0.058707,0.017632,0.004592,0.000011
2094,0.015003,-0.047057,0.044749,0.016709,0.005180,0.000052
2095,0.005425,-0.036883,0.054235,0.017556,0.005495,0.000003
2096,0.017600,-0.042111,0.053764,0.017258,0.004498,0.000066
2097,0.014984,-0.047052,0.044747,0.016705,0.005171,0.000050
2098,0.003559,-0.035976,0.052237,0.017595,0.005771,0.000001
2099,0.017304,-0.042391,0.053695,0.017251,0.004554,0.000075
2100,0.015024,-0.047066,0.044751,0.016717,0.005190,0.000059
2101,0.009766,-0.037590,0.057879,0.017578,0.004881,0.000010
2102,0.015015,-0.047084,0.044751,0.016724,0.005186,0.000057
2103,0.006098,-0.037001,0.054678,0.017573,0.005415,0.000010
2104,0.016157,-0.042004,0.053098,0.017268,0.004665,0.000067
2105,0.015006,-0.047080,0.044750,0.016721,0.005182,0.000054
2106,0.003509,-0.036769,0.053158,0.017560,0.005737,0.000007
2107,0.015216,-0.047028,0.044778,0.016708,0.005276,0.000078
2108,0.015574,-0.037117,0.060084,0.017653,0.004327,0.000032
2109,0.015033,-0.047053,0.044753,0.016709,0.005193,0.000055
2110,0.006013,-0.037045,0.054748,0.017558,0.005423,0.000006
2111,0.015810,-0.041803,0.052498,0.017257,0.004741,0.000062
2112,0.015031,-0.047062,0.044752,0.016715,0.005192,0.000053
2113,0.008251,-0.037337,0.056113,0.017558,0.005134,0.000005
2114,0.013934,-0.041754,0.051668,0.017233,0.004919,0.000050
2115,0.015032,-0.047047,0.044753,0.016708,0.005192,0.000047
2116,0.005873,-0.037004,0.054611,0.017553,0.005443,0.000001
2117,0.015976,-0.041855,0.052755,0.017253,0.004713,0.000061
2118,0.015028,-0.047052,0.044752,0.016711,0.005191,0.000054
2119,0.007542,-0.037257,0.055579,0.017553,0.005230,0.000006
2120,0.014569,-0.041743,0.051927,0.017242,0.004860,0.000057
2121,0.015022,-0.047045,0.044751,0.016707,0.005188,0.000051
2122,0.007415,-0.037274,0.055725,0.017548,0.005226,0.000002
2123,0.014500,-0.041658,0.051727,0.017243,0.004872,0.000059
2124,0.015030,-0.047040,0.044753,0.016705,0.005191,0.000055
2125,0.007988,-0.037314,0.056035,0.017547,0.005161,0.000006
2126,0.014029,-0.041639,0.051504,0.017235,0.004922,0.000057
2127,0.015033,-0.047027,0.044754,0.016699,0.005193,0.000051
2128,0.007684,-0.037307,0.055915,0.017542,0.005196,0.000007
2129,0.014400,-0.041700,0.051791,0.017227,0.004873,0.000054
2130,0.015033,-0.047015,0.044754,0.016694,0.005192,0.000051
2131,0.006550,-0.037129,0.055149,0.017535,0.005352,0.000008
2132,0.015136,-0.046949,0.044769,0.016666,0.005237,0.000062
2133,0.012785,-0.036747,0.058507,0.017608,0.004625,0.000015
2134,0.015035,-0.046993,0.044754,0.016684,0.005192,0.000057
2135,0.005321,-0.036838,0.054188,0.017531,0.005517,0.000010
2136,0.017539,-0.042102,0.053803,0.017232,0.004515,0.000066
2137,0.014985,-0.046991,0.044747,0.016682,0.005170,0.000049
2138,0.008762,-0.036860,0.056276,0.017572,0.005043,0.000004
2139,0.015013,-0.047033,0.044750,0.016706,0.005184,0.000062
2140,0.006017,-0.036977,0.054679,0.017550,0.005414,0.000014
2141,0.015711,-0.041798,0.052555,0.017248,0.004734,0.000071
2142,0.015012,-0.047028,0.044750,0.016705,0.005184,0.000061
2143,0.008704,-0.037298,0.056215,0.017555,0.005073,0.000011
2144,0.013511,-0.041734,0.051491,0.017223,0.004952,0.000051
2145,0.014987,-0.047020,0.044748,0.016700,0.005173,0.000055
2146,0.006422,-0.037103,0.055090,0.017544,0.005338,0.000006
2147,0.015496,-0.041739,0.052305,0.017243,0.004749,0.000063
2148,0.014971,-0.047026,0.044746,0.016703,0.005167,0.000054
2149,0.007330,-0.037264,0.055717,0.017544,0.005212,0.000007
2150,0.014604,-0.041685,0.051847,0.017238,0.004834,0.000057
2151,0.014959,-0.047021,0.044745,0.016701,0.005162,0.000050
2152,0.007003,-0.037201,0.055488,0.017542,0.005250,0.000003
2153,0.014721,-0.041650,0.051873,0.017243,0.004817,0.000057
2154,0.014965,-0.047017,0.044746,0.016700,0.005164,0.000051
2155,0.008680,-0.037305,0.056312,0.017551,0.005050,0.000004
2156,0.013392,-0.041675,0.051361,0.017219,0.004949,0.000051
2157,0.014966,-0.047004,0.044747,0.016693,0.005165,0.000049
2158,0.007081,-0.037186,0.055508,0.017540,0.005244,0.000001
2159,0.014878,-0.041706,0.052037,0.017230,0.004801,0.000055
2160,0.014950,-0.047013,0.044744,0.016698,0.005158,0.000054
2161,0.006630,-0.037173,0.055303,0.017536,0.005294,0.000005
2162,0.015243,-0.041665,0.052111,0.017236,0.004765,0.000057
2163,0.014967,-0.047015,0.044746,0.016701,0.005166,0.000056
2164,0.007348,-0.037281,0.055780,0.017539,0.005202,0.000007
2165,0.014563,-0.041667,0.051831,0.017232,0.004830,0.000057
2166,0.014960,-0.047007,0.044746,0.016696,0.005163,0.000056
2167,0.007045,-0.037168,0.055465,0.017538,0.005246,0.000006
2168,0.014920,-0.041739,0.052129,0.017228,0.004785,0.000058
2169,0.014959,-0.047001,0.044746,0.016694,0.005162,0.000054
2170,0.006337,-0.037098,0.055058,0.017537,0.005335,0.000007
2171,0.015510,-0.041704,0.052293,0.017238,0.004735,0.000061
2172,0.014954,-0.047007,0.044745,0.016698,0.005161,0.000053
2173,0.007513,-0.037278,0.055842,0.017539,0.005175,0.000007
2174,0.014450,-0.041682,0.051833,0.017228,0.004837,0.000054
2175,0.014935,-0.047007,0.044743,0.016697,0.005153,0.000053
2176,0.006555,-0.037113,0.055177,0.017538,0.005301,0.000005
2177,0.014955,-0.041604,0.052051,0.017247,0.004784,0.000064
2178,0.014951,-0.047008,0.044746,0.016699,0.005160,0.000058
2179,0.009279,-0.037396,0.056629,0.017546,0.004961,0.000010
2180,0.012958,-0.041692,0.051228,0.017210,0.004980,0.000054
2181,0.014932,-0.046993,0.044744,0.016690,0.005152,0.000051
2182,0.006209,-0.037029,0.054922,0.017533,0.005344,0.000002
2183,0.015365,-0.041656,0.052289,0.017239,0.004742,0.000066
2184,0.014937,-0.046991,0.044745,0.016690,0.005154,0.000057
2185,0.008864,-0.037338,0.056348,0.017537,0.005012,0.000009
2186,0.013286,-0.041700,0.051481,0.017205,0.004935,0.000053
2187,0.014928,-0.046984,0.044745,0.016686,0.005151,0.000053
2188,0.005915,-0.036958,0.054661,0.017531,0.005380,0.000005
2189,0.015820,-0.041790,0.052628,0.017232,0.004680,0.000064
2190,0.014912,-0.046991,0.044743,0.016690,0.005144,0.000056
2191,0.009700,-0.037040,0.057051,0.017574,0.004885,0.000009
2192,0.014914,-0.047015,0.044744,0.016703,0.005146,0.000057
2193,0.006140,-0.036961,0.054746,0.017552,0.005353,0.000010
2194,0.015549,-0.041848,0.052686,0.017245,0.004690,0.000072
2195,0.014929,-0.047018,0.044746,0.016705,0.005153,0.000060
2196,0.006810,-0.037056,0.055011,0.017550,0.005280,0.000011
2197,0.015154,-0.041831,0.052415,0.017237,0.004741,0.000066
2198,0.014924,-0.047010,0.044746,0.016700,0.005151,0.000057
2199,0.007231,-0.037192,0.055583,0.017544,0.005206,0.000006
2200,0.014594,-0.041672,0.051883,0.017235,0.004813,0.000057
2201,0.014908,-0.047006,0.044745,0.016698,0.005144,0.000052
2202,0.007443,-0.037236,0.055764,0.017541,0.005168,0.000002
2203,0.014444,-0.041688,0.051864,0.017228,0.004816,0.000052
2204,0.014903,-0.047006,0.044745,0.016698,0.005142,0.000046
2205,0.006331,-0.037073,0.055013,0.017540,0.005314,-0.000001
2206,0.015437,-0.041767,0.052414,0.017239,0.004713,0.000058
2207,0.014897,-0.047005,0.044744,0.016697,0.005140,0.000049
2208,0.007493,-0.037237,0.055762,0.017544,0.005159,0.000001
2209,0.014396,-0.041716,0.051883,0.017228,0.004815,0.000053
2210,0.014898,-0.046989,0.044745,0.016689,0.005141,0.000050
2211,0.006533,-0.037091,0.055159,0.017536,0.005285,-0.000001
2212,0.015375,-0.042000,0.052714,0.017214,0.004697,0.000055
2213,0.014896,-0.047092,0.044743,0.016741,0.005143,0.000061
2214,0.004894,-0.036507,0.053532,0.017611,0.005534,0.000015
2215,0.015061,-0.047035,0.044766,0.016722,0.005216,0.000077
2216,0.013200,-0.037586,0.060137,0.017621,0.004476,0.000034
2217,0.014947,-0.046966,0.044754,0.016677,0.005162,0.000048
2218,0.010547,-0.036480,0.056393,0.017599,0.004859,0.000001
2219,0.014919,-0.047009,0.044748,0.016699,0.005151,0.000055
2220,0.005972,-0.036951,0.054674,0.017545,0.005377,0.000008
2221,0.015043,-0.046942,0.044766,0.016672,0.005205,0.000066
2222,0.013310,-0.037140,0.059369,0.017596,0.004487,0.000016
2223,0.014933,-0.047075,0.044749,0.016732,0.005158,0.000067
2224,0.003577,-0.035870,0.052062,0.017628,0.005758,0.000015
2225,0.015145,-0.047041,0.044776,0.016731,0.005253,0.000091
2226,0.018304,-0.038091,0.062860,0.017646,0.003882,0.000047
2227,0.014839,-0.046964,0.044738,0.016669,0.005112,0.000034
2228,0.006634,-0.036450,0.054839,0.017555,0.005248,-0.000016
2229,0.014940,-0.046996,0.044751,0.016694,0.005159,0.000059
2230,0.005980,-0.036959,0.054697,0.017539,0.005385,0.000007
2231,0.015954,-0.041853,0.052887,0.017241,0.004661,0.000069
2232,0.014944,-0.046990,0.044752,0.016691,0.005161,0.000056
2233,0.005441,-0.037000,0.054431,0.017527,0.005452,0.000006
2234,0.017553,-0.042023,0.053757,0.017241,0.004466,0.000070
2235,0.014896,-0.046975,0.044747,0.016679,0.005139,0.000047
2236,0.003664,-0.035636,0.051834,0.017586,0.005741,-0.000000
2237,0.016929,-0.042472,0.053797,0.017214,0.004541,0.000077
2238,0.014937,-0.047003,0.044750,0.016699,0.005158,0.000060
2239,0.009448,-0.037931,0.058080,0.017527,0.004871,0.000012
2240,0.012547,-0.041584,0.050605,0.017198,0.005048,0.000046
2241,0.014933,-0.046983,0.044751,0.016686,0.005156,0.000049
2242,0.006166,-0.037025,0.054886,0.017533,0.005356,0.000007
2243,0.015507,-0.041762,0.052452,0.017231,0.004723,0.000058
2244,0.014949,-0.046985,0.044753,0.016688,0.005163,0.000055
2245,0.008171,-0.037213,0.055978,0.017537,0.005106,0.000005
2246,0.014994,-0.046919,0.044761,0.016656,0.005182,0.000050
2247,0.011334,-0.036990,0.058391,0.017561,0.004698,0.000004
2248,0.014941,-0.047043,0.044752,0.016716,0.005161,0.000067
2249,0.003811,-0.035507,0.051619,0.017634,0.005762,0.000015
2250,0.015146,-0.047017,0.044777,0.016720,0.005253,0.000091
2251,0.017661,-0.038331,0.063011,0.017616,0.003935,0.000043
2252,0.014868,-0.046932,0.044744,0.016654,0.005125,0.000039
2253,0.006887,-0.036813,0.055220,0.017518,0.005215,-0.000012
2254,0.014958,-0.047062,0.044753,0.016727,0.005169,0.000069
2255,0.006669,-0.036466,0.054365,0.017612,0.005348,0.000019
2256,0.015063,-0.047003,0.044768,0.016706,0.005216,0.000072
2257,0.012269,-0.037499,0.059539,0.017599,0.004587,0.000024
2258,0.014962,-0.046935,0.044757,0.016662,0.005168,0.000051
2259,0.009959,-0.036458,0.056331,0.017580,0.004921,0.000001
2260,0.014951,-0.046976,0.044755,0.016685,0.005164,0.000057
2261,0.005540,-0.036810,0.054304,0.017538,0.005458,0.000010
2262,0.015084,-0.046926,0.044773,0.016668,0.005223,0.000070
2263,0.013754,-0.037187,0.059646,0.017587,0.004449,0.000022
2264,0.014957,-0.047052,0.044753,0.016723,0.005168,0.000070
2265,0.003569,-0.035940,0.052185,0.017614,0.005766,0.000021
2266,0.015178,-0.047011,0.044782,0.016719,0.005267,0.000091
2267,0.018462,-0.038008,0.062813,0.017640,0.003876,0.000045
2268,0.014862,-0.046939,0.044742,0.016659,0.005121,0.000032
2269,0.006544,-0.036484,0.054881,0.017544,0.005264,-0.000012
2270,0.014945,-0.046993,0.044752,0.016694,0.005161,0.000059
2271,0.005544,-0.036815,0.054301,0.017545,0.005454,0.000011
2272,0.017181,-0.042217,0.053881,0.017227,0.004501,0.000070
2273,0.014907,-0.046995,0.044747,0.016692,0.005144,0.000052
2274,0.003793,-0.035456,0.051607,0.017611,0.005750,0.000004
2275,0.015106,-0.046978,0.044771,0.016700,0.005234,0.000080
2276,0.014509,-0.038020,0.061018,0.017579,0.004323,0.000032
2277,0.014942,-0.046997,0.044750,0.016696,0.005160,0.000056
2278,0.006971,-0.037169,0.055485,0.017538,0.005254,0.000008
2279,0.014858,-0.041689,0.052029,0.017231,0.004799,0.000060
2280,0.014944,-0.047004,0.044751,0.016699,0.005160,0.000060
2281,0.007005,-0.037128,0.055380,0.017542,0.005258,0.000007
2282,0.015032,-0.046931,0.044765,0.016667,0.005198,0.000055
2283,0.012303,-0.036767,0.058445,0.017603,0.004623,0.000009
2284,0.014949,-0.046977,0.044752,0.016686,0.005162,0.000054
2285,0.005515,-0.036799,0.054277,0.017539,0.005460,0.000005
2286,0.015087,-0.046925,0.044771,0.016668,0.005223,0.000068
2287,0.013674,-0.036945,0.059263,0.017601,0.004478,0.000020
2288,0.014945,-0.046965,0.044751,0.016680,0.005160,0.000057
2289,0.005460,-0.036783,0.054243,0.017535,0.005463,0.000004
2290,0.016906,-0.042054,0.053574,0.017223,0.004549,0.000066
2291,0.014920,-0.046981,0.044747,0.016687,0.005148,0.000048
2292,0.003392,-0.036317,0.052694,0.017550,0.005733,0.000003
2293,0.017890,-0.041926,0.053448,0.017258,0.004477,0.000077
2294,0.014936,-0.047012,0.044747,0.016705,0.005156,0.000055
2295,0.009389,-0.037808,0.057780,0.017537,0.004879,0.000006
2296,0.012635,-0.041683,0.050837,0.017198,0.005013,0.000043
2297,0.014908,-0.046995,0.044746,0.016694,0.005144,0.000052
2298,0.005408,-0.036799,0.054267,0.017543,0.005445,0.000006
2299,0.017378,-0.042126,0.053823,0.017235,0.004462,0.000064
2300,0.014860,-0.046998,0.044740,0.016692,0.005123,0.000049
2301,0.003514,-0.035776,0.052025,0.017588,0.005720,0.000001
2302,0.015060,-0.046967,0.044766,0.016693,0.005213,0.000074
2303,0.014630,-0.038000,0.060988,0.017573,0.004282,0.000029
2304,0.014898,-0.047071,0.044744,0.016732,0.005142,0.000064
2305,0.005690,-0.036696,0.054174,0.017595,0.005422,0.000016
2306,0.015037,-0.047013,0.044763,0.016711,0.005203,0.000073
2307,0.012620,-0.037478,0.059618,0.017608,0.004534,0.000026
2308,0.014906,-0.046941,0.044748,0.016665,0.005142,0.000051
2309,0.010354,-0.036445,0.056449,0.017587,0.004850,0.000001
2310,0.014895,-0.046985,0.044746,0.016688,0.005139,0.000058
2311,0.005606,-0.036811,0.054333,0.017539,0.005412,0.000006
2312,0.016163,-0.041919,0.053056,0.017231,0.004611,0.000067
2313,0.014893,-0.046995,0.044746,0.016694,0.005138,0.000054
2314,0.006470,-0.037094,0.055034,0.017535,0.005293,0.000008
2315,0.014992,-0.046934,0.044760,0.016668,0.005182,0.000061
2316,0.012706,-0.036795,0.058640,0.017603,0.004555,0.000013
2317,0.014899,-0.046978,0.044747,0.016685,0.005140,0.000055
2318,0.005460,-0.036787,0.054253,0.017535,0.005435,0.000006
2319,0.016829,-0.042085,0.053585,0.017227,0.004525,0.000069
2320,0.014876,-0.046994,0.044744,0.016692,0.005131,0.000051
2321,0.003364,-0.036260,0.052609,0.017554,0.005716,-0.000001
2322,0.015086,-0.046943,0.044772,0.016680,0.005225,0.000075
2323,0.015314,-0.037414,0.060503,0.017601,0.004263,0.000029
2324,0.014897,-0.046971,0.044747,0.016682,0.005140,0.000053
2325,0.005900,-0.036878,0.054578,0.017529,0.005382,0.000006
2326,0.015750,-0.041797,0.052728,0.017229,0.004677,0.000064
2327,0.014904,-0.046989,0.044747,0.016692,0.005143,0.000055
2328,0.008143,-0.037269,0.056004,0.017535,0.005085,0.000007
2329,0.013829,-0.041704,0.051662,0.017211,0.004871,0.000048
2330,0.014896,-0.046981,0.044748,0.016687,0.005140,0.000052
2331,0.006606,-0.037071,0.055188,0.017534,0.005276,0.000002
2332,0.014989,-0.046917,0.044762,0.016659,0.005180,0.000058
2333,0.012553,-0.036759,0.058532,0.017596,0.004574,0.000011
2334,0.014895,-0.046969,0.044748,0.016681,0.005139,0.000053
2335,0.005347,-0.036790,0.054226,0.017530,0.005452,0.000005
2336,0.015039,-0.046910,0.044768,0.016660,0.005203,0.000069
2337,0.013792,-0.036938,0.059321,0.017594,0.004444,0.000023
2338,0.014913,-0.046952,0.044750,0.016674,0.005147,0.000054
2339,0.005406,-0.036772,0.054237,0.017524,0.005449,0.000005
2340,0.017421,-0.042070,0.053805,0.017220,0.004463,0.000069
2341,0.014867,-0.046961,0.044744,0.016676,0.005126,0.000052
2342,0.003482,-0.035846,0.052157,0.017566,0.005726,0.000004
2343,0.017214,-0.042287,0.053682,0.017218,0.004497,0.000077
2344,0.014898,-0.046987,0.044747,0.016694,0.005142,0.000056
2345,0.009313,-0.037859,0.057856,0.017518,0.004872,0.000008
2346,0.012615,-0.041603,0.050763,0.017190,0.005011,0.000045
2347,0.014892,-0.046965,0.044749,0.016680,0.005138,0.000057
2348,0.005785,-0.036828,0.054469,0.017529,0.005395,0.000003
2349,0.015019,-0.046909,0.044766,0.016660,0.005195,0.000065
2350,0.013351,-0.036923,0.059157,0.017592,0.004479,0.000017
2351,0.014900,-0.046948,0.044750,0.016672,0.005141,0.000054
2352,0.005545,-0.036774,0.054301,0.017523,0.005429,0.000005
2353,0.016785,-0.042088,0.053612,0.017211,0.004533,0.000063
2354,0.014893,-0.046955,0.044749,0.016675,0.005138,0.000053
2355,0.003444,-0.036077,0.052408,0.017548,0.005729,0.000005
2356,0.017690,-0.042019,0.053536,0.017238,0.004483,0.000081
2357,0.014919,-0.046979,0.044750,0.016691,0.005151,0.000059
2358,0.009655,-0.037841,0.057984,0.017522,0.004843,0.000010
2359,0.012376,-0.041616,0.050673,0.017189,0.005043,0.000046
2360,0.014903,-0.046965,0.044751,0.016681,0.005144,0.000058
2361,0.006123,-0.036910,0.054756,0.017529,0.005354,0.000005
2362,0.015011,-0.046910,0.044766,0.016660,0.005191,0.000064
2363,0.013023,-0.036838,0.058871,0.017593,0.004528,0.000014
2364,0.014914,-0.046948,0.044752,0.016674,0.005148,0.000055
2365,0.005409,-0.036767,0.054239,0.017524,0.005450,0.000003
2366,0.017470,-0.042046,0.053788,0.017223,0.004464,0.000070
2367,0.014878,-0.046954,0.044748,0.016674,0.005132,0.000050
2368,0.003534,-0.035750,0.052039,0.017572,0.005730,-0.000002
2369,0.017087,-0.042363,0.053741,0.017215,0.004518,0.000076
2370,0.014913,-0.046982,0.044751,0.016693,0.005149,0.000059
2371,0.009508,-0.037894,0.058035,0.017520,0.004850,0.000010
2372,0.014905,-0.046897,0.044754,0.016646,0.005143,0.000046
2373,0.009761,-0.036527,0.056759,0.017560,0.004888,-0.000006
2374,0.014908,-0.046942,0.044753,0.016671,0.005146,0.000055
2375,0.005481,-0.036780,0.054289,0.017521,0.005437,0.000008
2376,0.016546,-0.041969,0.053361,0.017213,0.004567,0.000068
2377,0.014906,-0.046955,0.044753,0.016678,0.005146,0.000056
2378,0.003804,-0.036631,0.053289,0.017522,0.005653,0.000013
2379,0.018027,-0.041760,0.053436,0.017254,0.004458,0.000079
2380,0.014901,-0.046978,0.044751,0.016690,0.005144,0.000057
2381,0.006741,-0.037770,0.056469,0.017492,0.005202,0.000012
2382,0.014985,-0.046890,0.044765,0.016647,0.005180,0.000056
2383,0.012251,-0.036407,0.057787,0.017597,0.004642,0.000007
2384,0.014910,-0.046940,0.044754,0.016671,0.005147,0.000055
2385,0.005277,-0.036765,0.054194,0.017521,0.005463,0.000004
2386,0.017367,-0.042098,0.053822,0.017214,0.004474,0.000067
2387,0.014877,-0.046953,0.044749,0.016675,0.005133,0.000052
2388,0.003476,-0.035853,0.052182,0.017564,0.005729,-0.000001
2389,0.017359,-0.042204,0.053651,0.017220,0.004500,0.000077
2390,0.014917,-0.046974,0.044753,0.016691,0.005151,0.000060
2391,0.009479,-0.037869,0.057970,0.017520,0.004862,0.000011
2392,0.012517,-0.041600,0.050727,0.017187,0.005029,0.000046
2393,0.014889,-0.046961,0.044751,0.016681,0.005139,0.000050
2394,0.005844,-0.036881,0.054600,0.017529,0.005383,0.000007
2395,0.015028,-0.046902,0.044771,0.016658,0.005200,0.000063
2396,0.013292,-0.036857,0.059017,0.017593,0.004500,0.000018
2397,0.014903,-0.046947,0.044753,0.016674,0.005144,0.000053
2398,0.005410,-0.036761,0.054241,0.017523,0.005452,0.000006
2399,0.017542,-0.041998,0.053752,0.017226,0.004458,0.000063
2400,0.014878,-0.046952,0.044750,0.016675,0.005133,0.000046
2401,0.003407,-0.035960,0.052344,0.017557,0.005725,-0.000000
2402,0.017252,-0.042261,0.053674,0.017214,0.004503,0.000073
2403,0.014904,-0.046975,0.044751,0.016691,0.005146,0.000056
2404,0.009026,-0.037798,0.057662,0.017516,0.004914,0.000013
2405,0.012851,-0.041629,0.050924,0.017185,0.004988,0.000048
2406,0.014897,-0.046954,0.044753,0.016677,0.005142,0.000053
2407,0.005644,-0.036804,0.054409,0.017528,0.005409,0.000003
2408,0.015021,-0.046899,0.044770,0.016658,0.005197,0.000064
2409,0.013456,-0.036898,0.059155,0.017590,0.004476,0.000018
2410,0.014906,-0.046936,0.044754,0.016669,0.005146,0.000052
2411,0.005268,-0.036751,0.054180,0.017518,0.005468,0.000005
2412,0.017483,-0.042028,0.053768,0.017218,0.004463,0.000069
2413,0.014873,-0.046951,0.044750,0.016675,0.005131,0.000050
2414,0.003399,-0.035990,0.052381,0.017555,0.005726,0.000001
2415,0.017396,-0.042179,0.053624,0.017221,0.004493,0.000077
2416,0.014896,-0.046975,0.044751,0.016690,0.005142,0.000060
2417,0.009186,-0.037825,0.057744,0.017516,0.004890,0.000012
2418,0.012710,-0.041571,0.050826,0.017188,0.005001,0.000045
2419,0.014890,-0.046957,0.044752,0.016679,0.005139,0.000053
2420,0.006055,-0.036931,0.054755,0.017527,0.005353,0.000007
2421,0.015006,-0.046902,0.044769,0.016658,0.005190,0.000064
2422,0.013070,-0.036829,0.058883,0.017595,0.004518,0.000020
2423,0.014900,-0.046942,0.044754,0.016672,0.005143,0.000054
2424,0.004977,-0.036657,0.053892,0.017526,0.005509,0.000003
2425,0.017650,-0.041940,0.053700,0.017232,0.004454,0.000074
2426,0.014873,-0.046958,0.044750,0.016678,0.005131,0.000051
2427,0.003190,-0.036711,0.053405,0.017510,0.005692,-0.000001
2428,0.018019,-0.041782,0.053312,0.017244,0.004460,0.000073
2429,0.014891,-0.046968,0.044751,0.016686,0.005140,0.000055
2430,0.007350,-0.037804,0.056857,0.017494,0.005111,0.000008
2431,0.014305,-0.041459,0.051375,0.017211,0.004842,0.000053
2432,0.014893,-0.046956,0.044753,0.016678,0.005140,0.000054
2433,0.006117,-0.036921,0.054773,0.017524,0.005345,0.000006
2434,0.015011,-0.046893,0.044770,0.016653,0.005192,0.000063
2435,0.013007,-0.036822,0.058863,0.017586,0.004526,0.000012
2436,0.014901,-0.046935,0.044755,0.016668,0.005144,0.000054
2437,0.005252,-0.036756,0.054180,0.017519,0.005464,0.000002
2438,0.015052,-0.046880,0.044776,0.016650,0.005211,0.000071
2439,0.013874,-0.036919,0.059365,0.017583,0.004442,0.000021
2440,0.014908,-0.046920,0.044755,0.016662,0.005146,0.000052
2441,0.005366,-0.036760,0.054241,0.017513,0.005456,0.000009
2442,0.016987,-0.042058,0.053661,0.017204,0.004517,0.000067
2443,0.014888,-0.046934,0.044753,0.016667,0.005137,0.000052
2444,0.003422,-0.036079,0.052454,0.017538,0.005727,0.000000
2445,0.017687,-0.041992,0.053529,0.017229,0.004479,0.000079
2446,0.014909,-0.046957,0.044753,0.016683,0.005147,0.000059
2447,0.009581,-0.037829,0.057954,0.017516,0.004846,0.000009
2448,0.012444,-0.041602,0.050736,0.017180,0.005029,0.000043
2449,0.014895,-0.046943,0.044753,0.016673,0.005141,0.000049
2450,0.005710,-0.036846,0.054512,0.017521,0.005402,0.000006
2451,0.017234,-0.042143,0.053886,0.017212,0.004464,0.000064
2452,0.014856,-0.046945,0.044749,0.016671,0.005123,0.000045
2453,0.003849,-0.035264,0.051412,0.017601,0.005721,-0.000003
2454,0.015034,-0.046925,0.044770,0.016677,0.005205,0.000073
2455,0.014050,-0.038125,0.061032,0.017545,0.004328,0.000031
2456,0.014890,-0.046943,0.044752,0.016673,0.005138,0.000056
2457,0.007127,-0.037166,0.055613,0.017516,0.005201,0.000005
2458,0.014702,-0.041651,0.052001,0.017203,0.004779,0.000055
2459,0.014905,-0.046951,0.044755,0.016677,0.005146,0.000054
2460,0.006414,-0.037030,0.055066,0.017521,0.005305,0.000007
2461,0.015083,-0.041688,0.052286,0.017217,0.004744,0.000065
2462,0.014913,-0.046961,0.044756,0.016683,0.005150,0.000060
2463,0.014837,-0.046733,0.044748,0.016546,0.005103,0.000006
2464,0.007187,-0.031982,0.063186,0.017917,0.004707,-0.000037
2465,0.014880,-0.046928,0.044753,0.016667,0.005135,0.000060
2466,0.005427,-0.036745,0.054247,0.017519,0.005437,0.000012
2467,0.017216,-0.042142,0.053880,0.017204,0.004469,0.000076
2468,0.014849,-0.046936,0.044749,0.016669,0.005121,0.000060
2469,0.003573,-0.035631,0.051902,0.017572,0.005721,0.000009
2470,0.015050,-0.046908,0.044775,0.016671,0.005212,0.000087
2471,0.014654,-0.037828,0.060858,0.017562,0.004290,0.000038
2472,0.014882,-0.046930,0.044753,0.016669,0.005136,0.000062
2473,0.006461,-0.037037,0.055161,0.017513,0.005290,0.000013
2474,0.014976,-0.041648,0.052195,0.017209,0.004754,0.000065
2475,0.014910,-0.046940,0.044757,0.016675,0.005149,0.000061
2476,0.009092,-0.037203,0.056381,0.017532,0.004980,0.000009
2477,0.014924,-0.046871,0.044761,0.016640,0.005154,0.000052
2478,0.010372,-0.036639,0.057547,0.017561,0.004798,0.000005
2479,0.014898,-0.046915,0.044757,0.016662,0.005143,0.000055
2480,0.005490,-0.036756,0.054296,0.017513,0.005438,0.000007
2481,0.016272,-0.041873,0.053108,0.017207,0.004611,0.000068
2482,0.014899,-0.046932,0.044756,0.016672,0.005144,0.000053
2483,0.014824,-0.046712,0.044748,0.016539,0.005098,0.000006
2484,0.006896,-0.031894,0.062916,0.017909,0.004745,-0.000042
2485,0.014880,-0.046913,0.044755,0.016664,0.005137,0.000061
2486,0.005630,-0.036750,0.054366,0.017513,0.005410,0.000013
2487,0.015933,-0.041814,0.052888,0.017204,0.004645,0.000074
2488,0.014884,-0.046924,0.044755,0.016671,0.005139,0.000064
2489,0.014814,-0.046701,0.044748,0.016537,0.005095,0.000015
2490,0.007066,-0.031926,0.063080,0.017907,0.004718,-0.000032
2491,0.014863,-0.046899,0.044755,0.016660,0.005131,0.000070
2492,0.005370,-0.036711,0.054230,0.017510,0.005436,0.000023
2493,0.017214,-0.042110,0.053882,0.017198,0.004468,0.000088
2494,0.014842,-0.046908,0.044752,0.016663,0.005121,0.000064
2495,0.014747,-0.046684,0.044742,0.016528,0.005067,0.000018
2496,0.005990,-0.031634,0.062211,0.017906,0.004832,-0.000031
2497,0.014835,-0.046893,0.044753,0.016660,0.005120,0.000076
2498,0.009469,-0.036804,0.056765,0.017552,0.004883,0.000029
2499,0.014833,-0.046935,0.044752,0.016682,0.005121,0.000088
2500,0.014746,-0.046709,0.044742,0.016547,0.005070,0.000035
2501,0.006769,-0.031753,0.062781,0.017930,0.004735,-0.000017
2502,0.014811,-0.046921,0.044751,0.016678,0.005112,0.000088
2503,0.014727,-0.046695,0.044742,0.016542,0.005063,0.000037
2504,0.006767,-0.031734,0.062779,0.017925,0.004729,-0.000017
2505,0.014792,-0.046903,0.044751,0.016672,0.005106,0.000084
2506,0.005622,-0.036706,0.054354,0.017527,0.005374,0.000036
2507,0.015820,-0.041778,0.052846,0.017220,0.004620,0.000094
2508,0.014806,-0.046925,0.044752,0.016684,0.005113,0.000078
2509,0.010367,-0.037100,0.057565,0.017571,0.004746,0.000028
2510,0.011425,-0.041806,0.050156,0.017168,0.005104,0.000061
2511,0.014799,-0.046946,0.044751,0.016694,0.005111,0.000070
2512,0.014707,-0.046725,0.044741,0.016560,0.005058,0.000018
2513,0.006751,-0.031764,0.062935,0.017944,0.004710,-0.000032
2514,0.014770,-0.046933,0.044749,0.016689,0.005099,0.000073
2515,0.010254,-0.036980,0.057318,0.017581,0.004756,0.000023
2516,0.011267,-0.041715,0.050028,0.017181,0.005115,0.000052
2517,0.014779,-0.046956,0.044750,0.016701,0.005104,0.000068
2518,0.014698,-0.046740,0.044741,0.016569,0.005056,0.000019
2519,0.006739,-0.031779,0.062964,0.017948,0.004709,-0.000032
2520,0.014765,-0.046938,0.044751,0.016693,0.005100,0.000072
2521,0.005672,-0.036724,0.054382,0.017551,0.005358,0.000021
2522,0.015668,-0.041833,0.052847,0.017236,0.004620,0.000076
2523,0.014787,-0.046956,0.044753,0.016702,0.005110,0.000065
2524,0.010407,-0.037094,0.057557,0.017593,0.004737,0.000014
2525,0.011366,-0.041800,0.050124,0.017190,0.005103,0.000052
2526,0.014772,-0.046968,0.044752,0.016706,0.005104,0.000060
2527,0.010262,-0.037016,0.057481,0.017604,0.004748,0.000010
2528,0.011235,-0.041760,0.050059,0.017198,0.005115,0.000051
2529,0.014780,-0.046995,0.044752,0.016719,0.005108,0.000062
2530,0.014690,-0.046769,0.044743,0.016582,0.005055,0.000010
2531,0.006769,-0.031816,0.062954,0.017962,0.004710,-0.000036
2532,0.014763,-0.046966,0.044753,0.016705,0.005102,0.000062
2533,0.010230,-0.036995,0.057320,0.017598,0.004756,0.000012
2534,0.011252,-0.041743,0.050007,0.017198,0.005113,0.000054
2535,0.014764,-0.046986,0.044753,0.016713,0.005103,0.000064
2536,0.014683,-0.046761,0.044744,0.016577,0.005054,0.000015
2537,0.006729,-0.031800,0.062996,0.017959,0.004704,-0.000032
2538,0.014751,-0.046962,0.044753,0.016702,0.005098,0.000068
2539,0.009399,-0.036830,0.056770,0.017597,0.004862,0.000019
2540,0.014747,-0.047008,0.044752,0.016725,0.005097,0.000079
2541,0.014664,-0.046781,0.044744,0.016587,0.005048,0.000027
2542,0.006701,-0.031767,0.062789,0.017976,0.004708,-0.000023
2543,0.014741,-0.046987,0.044754,0.016715,0.005096,0.000078
2544,0.014642,-0.046769,0.044743,0.016582,0.005039,0.000028
2545,0.006702,-0.031745,0.062787,0.017963,0.004704,-0.000020
2546,0.014718,-0.046966,0.044753,0.016705,0.005087,0.000081
2547,0.014634,-0.046743,0.044744,0.016570,0.005037,0.000034
2548,0.006701,-0.031738,0.062788,0.017954,0.004704,-0.000017
2549,0.014717,-0.046944,0.044755,0.016696,0.005087,0.000086
2550,0.009255,-0.036525,0.056348,0.017610,0.004885,0.000034
2551,0.011147,-0.041977,0.050038,0.017183,0.005125,0.000084
2552,0.013009,-0.042028,0.051612,0.017199,0.004872,0.000082
2553,0.014744,-0.046955,0.044759,0.016700,0.005099,0.000078
2554,0.009355,-0.036686,0.056629,0.017608,0.004872,0.000027
2555,0.009036,-0.042596,0.050447,0.017133,0.005312,0.000067
2556,0.015306,-0.041520,0.051471,0.017238,0.004712,0.000074
2557,0.014735,-0.046966,0.044758,0.016701,0.005095,0.000064
2558,0.014659,-0.046747,0.044749,0.016569,0.005048,0.000008
2559,0.006721,-0.031812,0.062907,0.017945,0.004704,-0.000041
2560,0.014734,-0.046941,0.044760,0.016690,0.005095,0.000059
2561,0.009267,-0.036531,0.056352,0.017602,0.004894,0.000011
2562,0.012148,-0.042154,0.051018,0.017178,0.004982,0.000056
2563,0.014736,-0.046964,0.044760,0.016700,0.005097,0.000063
2564,0.014655,-0.046745,0.044751,0.016567,0.005048,0.000010
2565,0.006741,-0.031837,0.062980,0.017944,0.004699,-0.000041
2566,0.014735,-0.046938,0.044762,0.016688,0.005096,0.000064
2567,0.014653,-0.046718,0.044752,0.016554,0.005047,0.000018
2568,0.006689,-0.031743,0.062793,0.017936,0.004708,-0.000029
