Step,Fx(N),Fy(N),Fz(N),Tx(Nm),Ty(Nm),Tz(Nm)
1,0.000000,-0.000000,0.000000,0.000000,-0.000000,0.000000
2,-0.878847,-0.777788,1.800507,0.083694,-0.182975,-0.000009
3,-0.879840,-0.784232,1.768986,0.091536,-0.185595,-0.000380
4,-0.882394,-0.793173,1.735188,0.100458,-0.188893,-0.000768
5,-0.886422,-0.804473,1.699292,0.110397,-0.192826,-0.001164
6,-0.891880,-0.817982,1.661416,0.121280,-0.197375,-0.001558
7,-0.898689,-0.833535,1.621711,0.133031,-0.202503,-0.001955
8,-0.906792,-0.850989,1.580313,0.145580,-0.208184,-0.002350
9,-0.916119,-0.870171,1.537364,0.158847,-0.214387,-0.002732
10,-0.926591,-0.890924,1.493016,0.172760,-0.221075,-0.003099
11,-0.938135,-0.913082,1.447410,0.187242,-0.228217,-0.003450
12,-0.950668,-0.936471,1.400699,0.202213,-0.235775,-0.003795
13,-0.964126,-0.960953,1.353022,0.217609,-0.243720,-0.004113
14,-0.978431,-0.986346,1.304522,0.233347,-0.252017,-0.004412
15,-0.993496,-1.012490,1.255352,0.249355,-0.260629,-0.004702
16,-1.009243,-1.039229,1.205673,0.265560,-0.269519,-0.004966
17,-1.025602,-1.066403,1.155612,0.281890,-0.278658,-0.005225
18,-1.042488,-1.093866,1.105325,0.298278,-0.288007,-0.005460
19,-1.059822,-1.121445,1.054966,0.314644,-0.297531,-0.005677
20,-1.077537,-1.149006,1.004666,0.330927,-0.307200,-0.005886
21,-1.095535,-1.176420,0.954591,0.347067,-0.316970,-0.006081
22,-1.113752,-1.203528,0.904866,0.362992,-0.326814,-0.006267
23,-1.132122,-1.230218,0.855618,0.378648,-0.336702,-0.006440
24,-1.150555,-1.256343,0.807002,0.393968,-0.346593,-0.006599
25,-1.168975,-1.281801,0.759145,0.408902,-0.356454,-0.006760
26,-1.187311,-1.306473,0.712183,0.423395,-0.366252,-0.006912
27,-1.205503,-1.330243,0.666212,0.437392,-0.375961,-0.007056
28,-1.223465,-1.353028,0.621365,0.450852,-0.385544,-0.007200
29,-1.241135,-1.374721,0.577749,0.463725,-0.394971,-0.007330
30,-1.258440,-1.395230,0.535461,0.475965,-0.404212,-0.007464
31,-1.275319,-1.414489,0.494605,0.487540,-0.413237,-0.007589
32,-1.291706,-1.432416,0.455255,0.498411,-0.422018,-0.007712
33,-1.307541,-1.448945,0.417498,0.508544,-0.430530,-0.007831
34,-1.322759,-1.464023,0.381410,0.517912,-0.438742,-0.007944
35,-1.337304,-1.477594,0.347044,0.526489,-0.446630,-0.008051
36,-1.351112,-1.489614,0.314472,0.534253,-0.454167,-0.008159
37,-1.364131,-1.500032,0.283739,0.541178,-0.461330,-0.008250
38,-1.376305,-1.508827,0.254880,0.547255,-0.468095,-0.008343
39,-1.387600,-1.515970,0.227920,0.552469,-0.474448,-0.008426
40,-1.397956,-1.521426,0.202892,0.556805,-0.480363,-0.008500
41,-1.407323,-1.525211,0.179824,0.560270,-0.485818,-0.008564
42,-1.415666,-1.527293,0.158716,0.562852,-0.490801,-0.008620
43,-1.422948,-1.527675,0.139567,0.564553,-0.495297,-0.008670
44,-1.429109,-1.526353,0.122398,0.565373,-0.499280,-0.008704
45,-1.434149,-1.523340,0.107173,0.565323,-0.502753,-0.008729
46,-1.438008,-1.518636,0.093893,0.564406,-0.505691,-0.008744
47,-1.440677,-1.512277,0.082532,0.562643,-0.508094,-0.008744
48,-1.442112,-1.504257,0.073077,0.560035,-0.509943,-0.008735
49,-1.442305,-1.494630,0.065489,0.556614,-0.511239,-0.008704
50,-1.441224,-1.483400,0.059739,0.552386,-0.511969,-0.008665
51,-1.438863,-1.470605,0.055781,0.547377,-0.512136,-0.008610
52,-1.435199,-1.456293,0.053583,0.541615,-0.511730,-0.008545
53,-1.430226,-1.440492,0.053092,0.535121,-0.510754,-0.008474
54,-1.423941,-1.423237,0.054263,0.527918,-0.509207,-0.008377
55,-1.416332,-1.404589,0.057037,0.520043,-0.507090,-0.008270
56,-1.407398,-1.384585,0.061373,0.511521,-0.504404,-0.008158
57,-1.397141,-1.363274,0.067203,0.502381,-0.501155,-0.008023
58,-1.385564,-1.340724,0.074466,0.492666,-0.497346,-0.007884
59,-1.372665,-1.316974,0.083109,0.482400,-0.492980,-0.007731
60,-1.358473,-1.292084,0.093052,0.471619,-0.488073,-0.007567
61,-1.342997,-1.266112,0.104230,0.460359,-0.482632,-0.007389
62,-1.326239,-1.239109,0.116590,0.448651,-0.476660,-0.007211
63,-1.308220,-1.211145,0.130054,0.436536,-0.470169,-0.007021
64,-1.288966,-1.182271,0.144547,0.424043,-0.463175,-0.006818
65,-1.268494,-1.152555,0.160002,0.411213,-0.455685,-0.006610
66,-1.246828,-1.122075,0.176339,0.398087,-0.447712,-0.006397
67,-1.224015,-1.090871,0.193477,0.384690,-0.439281,-0.006180
68,-1.200060,-1.059020,0.211349,0.371065,-0.430394,-0.005955
69,-1.175009,-1.026571,0.229877,0.357239,-0.421074,-0.005723
70,-1.148888,-0.993594,0.248990,0.343250,-0.411332,-0.005493
71,-1.121741,-0.960164,0.268604,0.329136,-0.401188,-0.005261
72,-1.093591,-0.926324,0.288652,0.314921,-0.390655,-0.005022
73,-1.064492,-0.892150,0.309053,0.300646,-0.379754,-0.004780
74,-1.034482,-0.857687,0.329735,0.286331,-0.368504,-0.004547
75,-1.003605,-0.823012,0.350623,0.272015,-0.356924,-0.004306
76,-0.971898,-0.788165,0.371652,0.257720,-0.345028,-0.004064
77,-0.939404,-0.753221,0.392750,0.243479,-0.332836,-0.003825
78,-0.906187,-0.718223,0.413841,0.229314,-0.320375,-0.003586
79,-0.872279,-0.683228,0.434863,0.215253,-0.307657,-0.003351
80,-0.837742,-0.648294,0.455748,0.201319,-0.294710,-0.003117
81,-0.802627,-0.613454,0.476435,0.187529,-0.281552,-0.002883
82,-0.766968,-0.578775,0.496872,0.173911,-0.268198,-0.002654
83,-0.730836,-0.544293,0.516985,0.160482,-0.254677,-0.002431
84,-0.694267,-0.510056,0.536741,0.147260,-0.241003,-0.002205
85,-0.657326,-0.476105,0.556072,0.134263,-0.227202,-0.001988
86,-0.620064,-0.442484,0.574934,0.121507,-0.213295,-0.001775
87,-0.582538,-0.409221,0.593280,0.109001,-0.199304,-0.001567
88,-0.544797,-0.376362,0.611067,0.096766,-0.185248,-0.001364
89,-0.506891,-0.343934,0.628266,0.084806,-0.171147,-0.001165
90,-0.468877,-0.311972,0.644835,0.073137,-0.157024,-0.000970
91,-0.430804,-0.280492,0.660738,0.061761,-0.142898,-0.000780
92,-0.392729,-0.249531,0.675950,0.050689,-0.128791,-0.000595
93,-0.354695,-0.219115,0.690448,0.039931,-0.114720,-0.000419
94,-0.316774,-0.189257,0.704193,0.029486,-0.100713,-0.000244
95,-0.279007,-0.159977,0.717175,0.019359,-0.086789,-0.000074
96,-0.241433,-0.131301,0.729384,0.009557,-0.072958,0.000089
97,-0.204127,-0.103229,0.740789,0.000076,-0.059254,0.000242
98,-0.167117,-0.075781,0.751392,-0.009082,-0.045686,0.000396
99,-0.130450,-0.048962,0.761186,-0.017917,-0.032272,0.000540
100,-0.094180,-0.022783,0.770159,-0.026430,-0.019035,0.000680
101,-0.058347,0.002740,0.778307,-0.034620,-0.005990,0.000812
102,-0.022981,0.027630,0.785643,-0.042500,0.006853,0.000941
103,0.011858,0.051862,0.792156,-0.050065,0.019468,0.001064
104,0.046139,0.075455,0.797860,-0.057328,0.031844,0.001183
105,0.079822,0.098393,0.802749,-0.064286,0.043963,0.001291
106,0.112875,0.120696,0.806853,-0.070953,0.055818,0.001395
107,0.145254,0.142349,0.810159,-0.077327,0.067385,0.001492
108,0.176929,0.163371,0.812687,-0.083420,0.078656,0.001586
109,0.207887,0.183782,0.814467,-0.089245,0.089625,0.001674
110,0.238087,0.203568,0.815502,-0.094801,0.100276,0.001758
111,0.267507,0.222760,0.815817,-0.100104,0.110601,0.001834
112,0.296123,0.241361,0.815426,-0.105161,0.120588,0.001912
113,0.323909,0.259382,0.814348,-0.109979,0.130230,0.001981
114,0.350850,0.276831,0.812610,-0.114564,0.139521,0.002044
115,0.376924,0.293740,0.810235,-0.118936,0.148450,0.002104
116,0.402122,0.310114,0.807245,-0.123099,0.157016,0.002160
117,0.426428,0.325971,0.803665,-0.127065,0.165212,0.002213
118,0.449832,0.341321,0.799523,-0.130839,0.173035,0.002260
119,0.472328,0.356194,0.794843,-0.134440,0.180482,0.002304
120,0.493919,0.370596,0.789659,-0.137870,0.187555,0.002351
121,0.514593,0.384557,0.783997,-0.141147,0.194250,0.002392
122,0.534352,0.398085,0.777879,-0.144274,0.200569,0.002425
123,0.553190,0.411197,0.771340,-0.147263,0.206510,0.002459
124,0.571107,0.423913,0.764401,-0.150124,0.212073,0.002496
125,0.588116,0.436246,0.757091,-0.152864,0.217263,0.002529
126,0.604216,0.448231,0.749444,-0.155500,0.222081,0.002556
127,0.619433,0.459872,0.741491,-0.158036,0.226540,0.002583
128,0.633764,0.471177,0.733255,-0.160475,0.230638,0.002610
129,0.647231,0.482187,0.724768,-0.162838,0.234385,0.002641
130,0.659843,0.492906,0.716059,-0.165126,0.237786,0.002663
131,0.671614,0.503356,0.707151,-0.167352,0.240847,0.002687
132,0.682558,0.513543,0.698069,-0.169516,0.243574,0.002708
133,0.692703,0.523483,0.688844,-0.171626,0.245982,0.002732
134,0.702070,0.533206,0.679506,-0.173699,0.248077,0.002759
135,0.710681,0.542711,0.670077,-0.175731,0.249872,0.002777
136,0.718545,0.552023,0.660576,-0.177735,0.251370,0.002805
137,0.725702,0.561143,0.651034,-0.179710,0.252589,0.002831
138,0.732174,0.570097,0.641475,-0.181669,0.253540,0.002855
139,0.737992,0.578894,0.631922,-0.183614,0.254235,0.002875
140,0.743178,0.587544,0.622392,-0.185551,0.254685,0.002901
141,0.747768,0.596061,0.612912,-0.187482,0.254906,0.002927
142,0.751782,0.604459,0.603500,-0.189416,0.254908,0.002947
143,0.755252,0.612729,0.594171,-0.191347,0.254703,0.002982
144,0.758206,0.620897,0.584945,-0.193286,0.254306,0.003005
145,0.760690,0.628970,0.575845,-0.195234,0.253736,0.003037
146,0.762712,0.636957,0.566878,-0.197195,0.252996,0.003065
147,0.764325,0.644857,0.558069,-0.199167,0.252112,0.003099
148,0.765553,0.652688,0.549430,-0.201157,0.251093,0.003129
149,0.766418,0.660455,0.540967,-0.203165,0.249949,0.003164
150,0.766955,0.668157,0.532699,-0.205191,0.248695,0.003196
151,0.767196,0.675801,0.524629,-0.207236,0.247346,0.003238
152,0.767188,0.683388,0.516781,-0.209298,0.245923,0.003280
153,0.766939,0.690934,0.509151,-0.211383,0.244428,0.003315
154,0.766494,0.698430,0.501755,-0.213486,0.242883,0.003358
155,0.765887,0.705891,0.494603,-0.215612,0.241301,0.003397
156,0.765136,0.713312,0.487696,-0.217757,0.239691,0.003442
157,0.764276,0.720702,0.481041,-0.219924,0.238068,0.003482
158,0.763329,0.728055,0.474639,-0.222109,0.236441,0.003533
159,0.762327,0.735370,0.468499,-0.224309,0.234826,0.003574
160,0.761298,0.742659,0.462621,-0.226528,0.233233,0.003621
161,0.760263,0.749916,0.457005,-0.228763,0.231671,0.003674
162,0.759253,0.757142,0.451657,-0.231011,0.230155,0.003722
163,0.758279,0.764329,0.446568,-0.233270,0.228689,0.003771
164,0.757380,0.771490,0.441748,-0.235541,0.227289,0.003823
165,0.756570,0.778622,0.437190,-0.237825,0.225962,0.003871
166,0.755865,0.785707,0.432889,-0.240109,0.224713,0.003924
167,0.755294,0.792759,0.428849,-0.242400,0.223558,0.003973
168,0.754869,0.799786,0.425065,-0.244701,0.222498,0.004026
169,0.754616,0.806770,0.421534,-0.247001,0.221546,0.004078
170,0.754542,0.813708,0.418250,-0.249300,0.220704,0.004132
171,0.754650,0.820604,0.415201,-0.251597,0.219973,0.004184
172,0.754982,0.827441,0.412391,-0.253884,0.219372,0.004239
173,0.755528,0.834248,0.409813,-0.256174,0.218894,0.004293
174,0.756298,0.840988,0.407453,-0.258449,0.218545,0.004347
175,0.757304,0.847678,0.405312,-0.260717,0.218329,0.004400
176,0.758564,0.854305,0.403380,-0.262968,0.218253,0.004453
177,0.760085,0.860879,0.401653,-0.265212,0.218320,0.004513
178,0.761857,0.867378,0.400117,-0.267433,0.218525,0.004560
179,0.763880,0.873808,0.398765,-0.269638,0.218867,0.004616
180,0.766180,0.880168,0.397593,-0.271824,0.219357,0.004664
181,0.768738,0.886451,0.396590,-0.273987,0.219986,0.004720
182,0.771571,0.892654,0.395750,-0.276127,0.220761,0.004766
183,0.774664,0.898770,0.395059,-0.278241,0.221675,0.004820
184,0.778015,0.904798,0.394512,-0.280328,0.222726,0.004868
185,0.781628,0.910727,0.394100,-0.282381,0.223917,0.004913
186,0.785488,0.916563,0.393812,-0.284407,0.225238,0.004962
187,0.789599,0.922301,0.393646,-0.286402,0.226691,0.005005
188,0.793937,0.927929,0.393582,-0.288360,0.228266,0.005044
189,0.798520,0.933455,0.393622,-0.290286,0.229969,0.005088
190,0.803317,0.938864,0.393752,-0.292174,0.231787,0.005131
191,0.808340,0.944151,0.393969,-0.294021,0.233724,0.005172
192,0.813547,0.949321,0.394255,-0.295831,0.235761,0.005208
193,0.818953,0.954370,0.394611,-0.297601,0.237903,0.005241
194,0.824545,0.959283,0.395030,-0.299325,0.240146,0.005278
195,0.830288,0.964068,0.395495,-0.301009,0.242472,0.005312
196,0.836185,0.968714,0.396006,-0.302648,0.244883,0.005341
197,0.842227,0.973218,0.396555,-0.304239,0.247374,0.005372
198,0.848375,0.977568,0.397131,-0.305780,0.249928,0.005401
199,0.854625,0.981778,0.397729,-0.307275,0.252542,0.005424
200,0.860983,0.985825,0.398348,-0.308717,0.255219,0.005455
201,0.867392,0.989720,0.398970,-0.310110,0.257932,0.005477
202,0.873866,0.993463,0.399601,-0.311455,0.260688,0.005499
203,0.880383,0.997030,0.400232,-0.312742,0.263477,0.005521
204,0.886910,1.000426,0.400851,-0.313972,0.266283,0.005538
205,0.893452,1.003657,0.401463,-0.315150,0.269109,0.005559
206,0.899969,1.006708,0.402057,-0.316271,0.271937,0.005575
207,0.906439,1.009575,0.402626,-0.317332,0.274757,0.005592
208,0.912865,1.012258,0.403169,-0.318333,0.277569,0.005606
209,0.919243,1.014762,0.403689,-0.319277,0.280373,0.005607
210,0.925517,1.017078,0.404171,-0.320161,0.283142,0.005618
211,0.931703,1.019203,0.404622,-0.320984,0.285883,0.005627
212,0.937758,1.021133,0.405031,-0.321746,0.288579,0.005633
213,0.943684,1.022858,0.405399,-0.322438,0.291230,0.005634
214,0.949456,1.024385,0.405725,-0.323070,0.293822,0.005641
215,0.955049,1.025703,0.406001,-0.323632,0.296348,0.005639
216,0.960464,1.026820,0.406233,-0.324130,0.298806,0.005637
217,0.965662,1.027717,0.406410,-0.324556,0.301180,0.005633
218,0.970658,1.028412,0.406540,-0.324918,0.303475,0.005628
219,0.975430,1.028890,0.406619,-0.325209,0.305683,0.005627
220,0.979947,1.029151,0.406644,-0.325429,0.307789,0.005622
221,0.984213,1.029196,0.406618,-0.325579,0.309796,0.005616
222,0.988207,1.029026,0.406538,-0.325661,0.311694,0.005606
223,0.991924,1.028625,0.406405,-0.325664,0.313481,0.005595
224,0.995345,1.028003,0.406218,-0.325595,0.315150,0.005590
225,0.998451,1.027155,0.405977,-0.325452,0.316691,0.005577
226,1.001243,1.026072,0.405684,-0.325231,0.318107,0.005565
227,1.003709,1.024769,0.405340,-0.324937,0.319390,0.005546
228,1.005844,1.023226,0.404942,-0.324562,0.320539,0.005530
229,1.007647,1.021465,0.404498,-0.324115,0.321554,0.005516
230,1.009101,1.019471,0.404004,-0.323590,0.322428,0.005494
231,1.010210,1.017245,0.403465,-0.322986,0.323163,0.005479
232,1.010956,1.014792,0.402881,-0.322307,0.323751,0.005456
233,1.011326,1.012101,0.402249,-0.321546,0.324187,0.005435
234,1.011331,1.009176,0.401574,-0.320705,0.324475,0.005417
235,1.010978,1.006026,0.400864,-0.319788,0.324620,0.005389
236,1.010238,1.002648,0.400111,-0.318794,0.324608,0.005364
237,1.009130,0.999031,0.399321,-0.317715,0.324449,0.005342
238,1.007645,0.995192,0.398499,-0.316562,0.324138,0.005313
239,1.005776,0.991121,0.397641,-0.315328,0.323673,0.005284
240,1.003550,0.986828,0.396757,-0.314018,0.323066,0.005260
241,1.000937,0.982302,0.395839,-0.312625,0.322303,0.005232
242,0.997951,0.977555,0.394898,-0.311156,0.321393,0.005197
243,0.994595,0.972587,0.393930,-0.309610,0.320335,0.005169
244,0.990879,0.967393,0.392943,-0.307983,0.319136,0.005136
245,0.986792,0.961981,0.391932,-0.306280,0.317790,0.005108
246,0.982351,0.956360,0.390905,-0.304504,0.316304,0.005069
247,0.977560,0.950517,0.389862,-0.302649,0.314682,0.005038
248,0.972427,0.944461,0.388805,-0.300718,0.312926,0.005002
249,0.966948,0.938207,0.387737,-0.298719,0.311035,0.004967
250,0.961130,0.931737,0.386657,-0.296641,0.309013,0.004933
251,0.954993,0.925068,0.385569,-0.294493,0.306869,0.004897
252,0.948538,0.918205,0.384475,-0.292276,0.304602,0.004857
253,0.941770,0.911147,0.383376,-0.289990,0.302216,0.004822
254,0.934703,0.903893,0.382273,-0.287634,0.299716,0.004784
255,0.927345,0.896455,0.381169,-0.285211,0.297108,0.004743
256,0.919709,0.888828,0.380066,-0.282722,0.294395,0.004703
257,0.911784,0.881018,0.378961,-0.280167,0.291574,0.004662
258,0.903608,0.873042,0.377859,-0.277554,0.288660,0.004620
259,0.895172,0.864890,0.376761,-0.274878,0.285652,0.004577
260,0.886495,0.856570,0.375667,-0.272143,0.282556,0.004535
261,0.877582,0.848089,0.374577,-0.269349,0.279375,0.004487
262,0.868456,0.839449,0.373494,-0.266500,0.276119,0.004438
263,0.859116,0.830663,0.372416,-0.263600,0.272787,0.004394
264,0.849583,0.821725,0.371347,-0.260646,0.269388,0.004347
265,0.839868,0.812634,0.370285,-0.257636,0.265929,0.004298
266,0.829961,0.803416,0.369229,-0.254585,0.262403,0.004251
267,0.819899,0.794070,0.368183,-0.251488,0.258828,0.004199
268,0.809666,0.784585,0.367143,-0.248345,0.255194,0.004154
269,0.799306,0.774988,0.366112,-0.245162,0.251524,0.004098
270,-4.947839,-2.931831,20.451353,-0.188207,-0.275279,0.004535
271,0.916776,0.872758,0.404182,-0.311554,0.318517,0.004038
272,0.863054,0.823659,0.501687,-0.320802,0.326221,0.004277
273,0.904983,0.863095,0.461044,-0.325484,0.332098,0.004393
274,0.916265,0.873314,0.463350,-0.330985,0.337879,0.004572
275,0.927315,0.882584,0.465563,-0.336136,0.343306,0.004735
276,0.981320,0.923961,0.411948,-0.338854,0.346995,0.004893
277,0.989756,0.930522,0.413148,-0.342354,0.350858,0.005133
278,0.860248,0.835034,0.585934,-0.351229,0.358309,0.005348
279,0.961572,0.910092,0.473234,-0.351695,0.360396,0.005304
280,0.968019,0.915077,0.474823,-0.354558,0.363747,0.005254
281,0.973195,0.918805,0.476592,-0.356919,0.366618,0.005343
282,0.978715,0.922604,0.476843,-0.358840,0.369084,0.005403
283,0.980897,0.923910,0.479459,-0.360294,0.371102,0.005350
284,0.984336,0.925809,0.479577,-0.361289,0.372698,0.005398
285,0.986194,0.926574,0.480101,-0.361835,0.373871,0.005301
286,0.986646,0.926020,0.481114,-0.361954,0.374617,0.005323
287,0.986933,0.925269,0.481100,-0.361652,0.374960,0.005274
288,0.985407,0.923068,0.481807,-0.360893,0.374854,0.005224
289,0.983633,0.920263,0.481714,-0.359690,0.374290,0.005254
290,0.980757,0.916746,0.481682,-0.358125,0.373381,0.004946
291,0.976928,0.912416,0.481329,-0.356099,0.371987,0.004662
292,0.971882,0.907028,0.481190,-0.353671,0.370190,0.004389
293,0.966128,0.901126,0.480810,-0.350917,0.368059,0.004085
294,0.959486,0.894351,0.480168,-0.347731,0.365459,0.003943
295,0.952089,0.886945,0.479481,-0.344250,0.362545,0.003806
296,0.943582,0.878611,0.478772,-0.340371,0.359187,0.003713
297,0.934514,0.869806,0.477822,-0.336221,0.355526,0.003614
298,0.924656,0.860334,0.476764,-0.331758,0.351515,0.003550
299,0.913632,0.849847,0.475964,-0.326962,0.347110,0.003513
300,0.902269,0.839110,0.474519,-0.321868,0.342371,0.003384
301,0.890014,0.828090,0.473068,-0.316552,0.337386,0.003245
302,0.876812,0.815641,0.472144,-0.310985,0.332036,0.003278
303,0.863340,0.803472,0.470327,-0.305146,0.326402,0.003321
304,0.847822,0.789476,0.470120,-0.299170,0.320526,0.003373
305,0.879991,0.809371,0.412575,-0.291360,0.313248,0.003384
306,0.862386,0.793760,0.411225,-0.284346,0.306183,0.003529
307,0.711242,0.683635,0.571905,-0.282623,0.302946,0.003661
308,0.785327,0.733180,0.463229,-0.273277,0.294390,0.003587
309,0.768518,0.718438,0.461082,-0.266431,0.287324,0.003601
310,0.750804,0.702903,0.459581,-0.259504,0.280090,0.003612
311,0.732623,0.686883,0.458063,-0.252449,0.272632,0.003623
312,0.714254,0.670880,0.456225,-0.245305,0.265026,0.003632
313,0.695356,0.654517,0.454596,-0.238110,0.257285,0.003635
314,0.676202,0.638057,0.452921,-0.230881,0.249450,0.003546
315,0.656745,0.621379,0.451299,-0.223627,0.241505,0.003458
316,0.637245,0.604727,0.449479,-0.216362,0.233486,0.003328
317,0.616955,0.587551,0.448143,-0.209044,0.225338,0.003181
318,0.596903,0.570613,0.446565,-0.201804,0.217204,0.002993
319,0.576443,0.553396,0.445198,-0.194552,0.208982,0.002828
320,0.561213,0.539970,0.437411,-0.187204,0.200664,0.002570
321,0.530692,0.515880,0.448033,-0.180327,0.192590,0.002447
322,0.515067,0.502219,0.440770,-0.173120,0.184290,0.002333
323,0.494455,0.485273,0.439498,-0.166128,0.176110,0.002183
324,0.474007,0.468260,0.438063,-0.159174,0.167890,0.002055
325,0.452536,0.450884,0.437983,-0.152417,0.159844,0.001872
326,0.468257,0.459083,0.391782,-0.144402,0.150867,0.001681
327,0.378390,0.394165,0.477001,-0.140055,0.144359,0.001661
328,0.426926,0.425415,0.390162,-0.131245,0.134898,0.001435
329,0.405546,0.408107,0.389052,-0.124444,0.126619,0.001427
330,0.284028,0.321864,0.516129,-0.121689,0.121255,0.001418
331,0.332754,0.353167,0.431465,-0.113897,0.112744,0.000906
332,0.313975,0.337885,0.430637,-0.108139,0.105483,0.000717
333,0.295551,0.322934,0.430077,-0.102625,0.098458,0.000509
334,0.310578,0.331442,0.386536,-0.095873,0.090605,0.000370
335,0.291049,0.315788,0.385704,-0.090022,0.083202,0.000421
336,0.271751,0.300315,0.384910,-0.084281,0.075916,0.000474
337,0.125167,0.196647,0.550475,-0.083726,0.072246,0.000541
338,0.205844,0.250756,0.427911,-0.076434,0.064694,-0.000023
339,0.222616,0.260783,0.384727,-0.070673,0.057909,-0.000150
340,0.141991,0.202676,0.467362,-0.068252,0.053194,-0.000064
341,-1.718766,-0.681756,1.514234,-0.127542,0.171633,0.000054
342,0.242096,0.256014,0.399873,-0.073736,0.070303,-0.003279
343,0.236926,0.248520,0.400621,-0.071617,0.068908,-0.003173
344,0.231757,0.241122,0.401365,-0.069552,0.067511,-0.002990
345,0.226615,0.233809,0.402106,-0.067526,0.066122,-0.002747
346,0.221490,0.226554,0.402840,-0.065526,0.064738,-0.002454
347,0.216397,0.219376,0.403572,-0.063561,0.063366,-0.002117
348,0.211299,0.212256,0.404294,-0.061621,0.061989,-0.001755
349,0.206213,0.205200,0.405009,-0.059709,0.060614,-0.001378
350,0.201136,0.198190,0.405716,-0.057813,0.059241,-0.000997
351,0.196060,0.191234,0.406413,-0.055940,0.057865,-0.000629
352,0.190990,0.184328,0.407103,-0.054085,0.056490,-0.000275
353,0.185902,0.177458,0.407779,-0.052243,0.055104,0.000059
354,0.180808,0.170630,0.408444,-0.050414,0.053713,0.000368
355,0.175712,0.163841,0.409099,-0.048598,0.052319,0.000643
356,0.170584,0.157063,0.409738,-0.046781,0.050909,0.000885
357,0.165432,0.150320,0.410361,-0.044973,0.049485,0.001090
358,0.160271,0.143603,0.410972,-0.043171,0.048054,0.001264
359,0.155065,0.136893,0.411564,-0.041364,0.046603,0.001395
360,0.149833,0.130193,0.412140,-0.039554,0.045137,0.001490
361,0.144572,0.123515,0.412700,-0.037746,0.043657,0.001554
362,0.139288,0.116839,0.413242,-0.035930,0.042164,0.001586
363,0.133953,0.110162,0.413764,-0.034105,0.040647,0.001587
364,0.128588,0.103487,0.414267,-0.032271,0.039115,0.001560
365,0.123175,0.096802,0.414749,-0.030424,0.037559,0.001512
366,0.117725,0.090117,0.415212,-0.028566,0.035986,0.001445
367,0.112241,0.083418,0.415654,-0.026691,0.034396,0.001356
368,0.106694,0.076716,0.416073,-0.024806,0.032776,0.001259
369,0.101109,0.069995,0.416470,-0.022902,0.031137,0.001145
370,0.095476,0.063248,0.416844,-0.020974,0.029476,0.001028
371,0.089784,0.056503,0.417194,-0.019038,0.027787,0.000905
372,0.084046,0.049731,0.417521,-0.017078,0.026076,0.000781
373,0.078263,0.042945,0.417824,-0.015102,0.024343,0.000656
374,0.072439,0.036135,0.418105,-0.013104,0.022591,0.000534
375,0.066544,0.029301,0.418359,-0.011084,0.020805,0.000413
376,0.060621,0.022451,0.418592,-0.009045,0.019006,0.000298
377,0.054627,0.015579,0.418796,-0.006987,0.017172,0.000192
378,0.048610,0.008692,0.418980,-0.004910,0.015328,0.000085
379,0.042522,0.001780,0.419137,-0.002813,0.013449,-0.000005
380,0.036409,-0.005162,0.419271,-0.000690,0.011558,-0.000094
381,0.030237,-0.012121,0.419379,0.001451,0.009639,-0.000174
382,0.024022,-0.019091,0.419463,0.003607,0.007699,-0.000246
383,0.017766,-0.026083,0.419522,0.005783,0.005738,-0.000308
384,0.011458,-0.033101,0.419556,0.007981,0.003753,-0.000364
385,0.005119,-0.040123,0.419567,0.010190,0.001750,-0.000405
386,-0.001256,-0.047162,0.419555,0.012417,-0.000270,-0.000453
387,-0.007678,-0.054219,0.419518,0.014662,-0.002313,-0.000491
388,-0.014119,-0.061283,0.419460,0.016919,-0.004368,-0.000522
389,-0.020603,-0.068359,0.419377,0.019191,-0.006444,-0.000550
390,-0.027100,-0.075440,0.419275,0.021474,-0.008528,-0.000574
391,-0.033641,-0.082523,0.419147,0.023768,-0.010636,-0.000600
392,-0.040189,-0.089602,0.419002,0.026067,-0.012749,-0.000620
393,-0.046768,-0.096697,0.418833,0.028383,-0.014878,-0.000638
394,-0.053364,-0.103773,0.418644,0.030698,-0.017019,-0.000655
395,-0.059973,-0.110841,0.418437,0.033018,-0.019169,-0.000672
396,-0.066595,-0.117902,0.418209,0.035343,-0.021328,-0.000694
397,-0.073220,-0.124955,0.417964,0.037672,-0.023491,-0.000712
398,-0.079850,-0.131993,0.417700,0.040003,-0.025661,-0.000737
399,-0.086478,-0.139011,0.417420,0.042332,-0.027834,-0.000758
400,-0.093108,-0.145999,0.417124,0.044655,-0.030012,-0.000773
401,-0.099733,-0.152967,0.416810,0.046976,-0.032191,-0.000802
402,-0.106352,-0.159896,0.416482,0.049286,-0.034373,-0.000829
403,-0.112953,-0.166800,0.416139,0.051593,-0.036550,-0.000858
404,-0.119538,-0.173662,0.415783,0.053888,-0.038725,-0.000889
405,-0.126106,-0.180486,0.415414,0.056173,-0.040898,-0.000919
406,-0.132633,-0.187265,0.415035,0.058444,-0.043056,-0.000952
407,-0.139156,-0.194004,0.414640,0.060705,-0.045218,-0.000985
408,-0.145633,-0.200686,0.414237,0.062947,-0.047365,-0.001024
409,-0.152088,-0.207319,0.413821,0.065173,-0.049507,-0.001057
410,-0.158498,-0.213893,0.413398,0.067379,-0.051635,-0.001097
411,-0.164865,-0.220409,0.412966,0.069566,-0.053749,-0.001134
412,-0.171181,-0.226859,0.412527,0.071730,-0.055847,-0.001175
413,-0.177467,-0.233241,0.412078,0.073870,-0.057936,-0.001211
414,-0.183694,-0.239559,0.411623,0.075989,-0.060006,-0.001256
415,-0.189863,-0.245805,0.411163,0.078082,-0.062056,-0.001292
416,-0.195974,-0.251971,0.410697,0.080146,-0.064086,-0.001334
417,-0.202015,-0.258064,0.410228,0.082184,-0.066092,-0.001376
418,-0.208002,-0.264073,0.409753,0.084191,-0.068081,-0.001412
419,-0.213903,-0.269991,0.409277,0.086164,-0.070038,-0.001446
420,-0.219754,-0.275837,0.408795,0.088112,-0.071979,-0.001484
421,-0.225516,-0.281585,0.408313,0.090023,-0.073889,-0.001521
422,-0.231217,-0.287252,0.407827,0.091905,-0.075778,-0.001555
423,-0.236820,-0.292823,0.407343,0.093752,-0.077631,-0.001594
424,-0.242342,-0.298296,0.406857,0.095563,-0.079456,-0.001628
425,-0.247794,-0.303673,0.406369,0.097337,-0.081257,-0.001658
426,-0.253150,-0.308953,0.405882,0.099076,-0.083023,-0.001693
427,-0.258427,-0.314128,0.405395,0.100775,-0.084762,-0.001721
428,-0.263604,-0.319211,0.404909,0.102442,-0.086464,-0.001751
429,-0.268685,-0.324183,0.404426,0.104067,-0.088132,-0.001781
430,-5.176857,-3.327922,1.126414,-0.158524,0.356567,-0.001857
431,-0.100149,-0.249112,0.482448,0.044152,-0.016132,-0.020463
432,-0.072469,-0.199093,0.435307,0.038505,-0.003742,-0.020802
433,-0.049558,-0.184651,0.439888,0.031792,0.005883,-0.020453
434,-0.027393,-0.170736,0.444236,0.025399,0.015158,-0.019702
435,-0.005976,-0.157369,0.448347,0.019335,0.024084,-0.018604
436,-0.003139,-0.306352,0.720989,0.003422,0.019976,-0.017208
437,0.034535,-0.125730,0.456031,0.004332,0.040691,-0.016339
438,0.053433,-0.113090,0.459488,-0.001185,0.048450,-0.014604
439,0.071411,-0.101140,0.462674,-0.006321,0.055792,-0.012760
440,0.074103,-0.260999,0.763536,-0.021689,0.048114,-0.010829
441,0.098641,-0.097363,0.514280,-0.020688,0.067098,-0.009609
442,0.119633,-0.060890,0.470947,-0.024359,0.075066,-0.007856
443,0.133709,-0.050556,0.473152,-0.028513,0.080648,-0.006026
444,0.114897,-0.102984,0.602657,-0.035899,0.081979,-0.004267
445,0.130698,-0.075968,0.575833,-0.039529,0.088264,-0.002888
446,0.149059,-0.134431,0.703595,-0.047707,0.085456,-0.001581
447,0.170952,-0.044376,0.556190,-0.048759,0.096306,-0.000784
448,0.176084,-0.037417,0.565702,-0.052581,0.099781,0.000231
449,0.181522,-0.027449,0.566828,-0.055910,0.103206,0.001092
450,0.184644,-0.020925,0.574647,-0.058977,0.106002,0.001832
451,0.188486,-0.012635,0.576167,-0.061593,0.108605,0.002416
452,0.190202,-0.006484,0.578932,-0.063914,0.110867,0.002883
453,0.191772,-0.000127,0.582183,-0.065841,0.112687,0.003198
454,0.193892,0.006809,0.582313,-0.067442,0.114245,0.003386
455,0.195138,0.012983,0.581428,-0.068665,0.115479,0.003472
456,0.195519,0.018049,0.582060,-0.069629,0.116347,0.003453
457,0.195820,0.023342,0.580399,-0.070299,0.117015,0.003336
458,0.195876,0.027481,0.578567,-0.070589,0.117265,0.003171
459,0.195181,0.031228,0.576126,-0.070612,0.117305,0.002937
460,0.194291,0.034228,0.572834,-0.070320,0.117036,0.002659
461,0.191273,0.036161,0.572191,-0.069755,0.116487,0.002353
462,0.190327,0.038155,0.567472,-0.068878,0.115643,0.002022
463,0.186480,0.039184,0.565705,-0.067777,0.114641,0.001669
464,0.184895,0.040170,0.559643,-0.066371,0.113339,0.001328
465,0.180191,0.039725,0.557951,-0.064755,0.111809,0.000982
466,0.177003,0.040751,0.552083,-0.062812,0.110148,0.000642
467,0.173117,0.039473,0.547213,-0.060697,0.108158,0.000315
468,0.168209,0.037665,0.543177,-0.058401,0.106021,-0.000002
469,0.164081,0.035636,0.537416,-0.055913,0.103686,-0.000294
470,0.158277,0.033056,0.531996,-0.053269,0.101291,-0.000569
471,0.153017,0.030034,0.525529,-0.050411,0.098618,-0.000796
472,0.200017,0.048588,0.458119,-0.046177,0.093958,-0.000990
473,0.089112,-0.001601,0.576777,-0.045056,0.093296,-0.000987
474,0.137149,0.017706,0.510518,-0.040976,0.089077,-0.001331
475,0.134838,0.014450,0.501274,-0.037552,0.085490,-0.001447
476,0.123768,0.007073,0.502845,-0.034201,0.081905,-0.001525
477,0.068984,0.006340,0.530651,-0.030021,0.081051,-0.001597
478,0.104003,0.007808,0.493429,-0.026121,0.076191,-0.001694
479,0.099522,0.001737,0.489122,-0.022303,0.072448,-0.001675
480,0.095708,-0.004724,0.486883,-0.018418,0.068352,-0.001635
481,0.089966,-0.010824,0.482932,-0.014539,0.064525,-0.001592
482,0.084924,-0.017035,0.477795,-0.010640,0.060548,-0.001525
483,0.079327,-0.023596,0.475203,-0.006724,0.056324,-0.001448
484,0.073539,-0.029765,0.470199,-0.002842,0.052231,-0.001372
485,0.068125,-0.036262,0.466460,0.001019,0.047887,-0.001286
486,0.061818,-0.042570,0.462488,0.004812,0.043641,-0.001206
487,0.055291,-0.049040,0.457635,0.008508,0.039422,-0.001130
488,0.049103,-0.055293,0.453674,0.012188,0.034973,-0.001031
489,0.041901,-0.061198,0.449418,0.015756,0.030686,-0.000947
490,0.035072,-0.066910,0.444687,0.019246,0.026350,-0.000871
491,0.028139,-0.072559,0.440142,0.022641,0.021975,-0.000803
492,0.020444,-0.078147,0.436315,0.025911,0.017653,-0.000743
493,0.013634,-0.083335,0.431496,0.029088,0.013277,-0.000691
494,0.006265,-0.088306,0.426941,0.032112,0.009007,-0.000657
495,-0.002695,-0.093583,0.425057,0.035027,0.004709,-0.000624
496,0.000928,-0.092811,0.403438,0.038025,0.000381,-0.000623
497,-0.008622,-0.098041,0.401329,0.040762,-0.003959,-0.000567
498,-0.041716,-0.116041,0.439081,0.042749,-0.008125,-0.000529
499,-0.026669,-0.107288,0.397525,0.045549,-0.012131,-0.000589
500,-0.083653,-0.124388,0.458929,0.047504,-0.015044,-0.000574
501,-0.047804,-0.116795,0.400963,0.049659,-0.019392,-0.000670
502,-0.056298,-0.120722,0.400052,0.051526,-0.023099,-0.000690
503,-0.059024,-0.122402,0.391001,0.053269,-0.026731,-0.000720
504,-0.071380,-0.127298,0.396416,0.054788,-0.030233,-0.000730
505,-0.074813,-0.128471,0.388922,0.056216,-0.033623,-0.000767
506,-0.082545,-0.130498,0.389351,0.057512,-0.036955,-0.000782
507,-0.089029,-0.132820,0.387054,0.058544,-0.040029,-0.000812
508,-0.094380,-0.131642,0.387389,0.059744,-0.043242,-0.000826
509,-0.101373,-0.136279,0.383319,0.060220,-0.045829,-0.000837
510,-0.107285,-0.137108,0.382739,0.060862,-0.048573,-0.000848
511,-0.112569,-0.136712,0.383179,0.061434,-0.051230,-0.000864
512,-0.118437,-0.139606,0.380020,0.061492,-0.053395,-0.000873
513,-0.123394,-0.139958,0.379194,0.061602,-0.055610,-0.000885
514,-0.127956,-0.140001,0.378453,0.061561,-0.057646,-0.000897
515,-0.132126,-0.139721,0.377793,0.061361,-0.059508,-0.000904
516,-0.135877,-0.139126,0.377215,0.061011,-0.061182,-0.000916
517,-0.139225,-0.138232,0.376717,0.060516,-0.062677,-0.000918
518,-0.142145,-0.137034,0.376298,0.059880,-0.063982,-0.000923
519,-0.144632,-0.135535,0.375959,0.059102,-0.065096,-0.000925
520,-0.146700,-0.133755,0.375695,0.058195,-0.066024,-0.000921
521,-0.148341,-0.131694,0.375505,0.057159,-0.066763,-0.000914
522,-0.149549,-0.129357,0.375389,0.055999,-0.067313,-0.000911
523,-0.150319,-0.126756,0.375344,0.054722,-0.067670,-0.000902
524,-0.150680,-0.123909,0.375365,0.053337,-0.067848,-0.000883
525,-0.150611,-0.120819,0.375452,0.051846,-0.067837,-0.000866
526,-0.150131,-0.117501,0.375602,0.050258,-0.067648,-0.000844
527,-0.149224,-0.113946,0.375814,0.048570,-0.067273,-0.000820
528,-0.147917,-0.110194,0.376082,0.046802,-0.066724,-0.000796
529,-0.146215,-0.106237,0.376405,0.044949,-0.066004,-0.000768
530,-0.144129,-0.102101,0.376778,0.043027,-0.065119,-0.000736
531,-0.141662,-0.097793,0.377200,0.041038,-0.064068,-0.000701
532,-0.138812,-0.093320,0.377669,0.038986,-0.062854,-0.000669
533,-0.135607,-0.088696,0.378180,0.036880,-0.061487,-0.000632
534,-0.132052,-0.083940,0.378731,0.034727,-0.059970,-0.000592
535,-0.128170,-0.079051,0.379316,0.032528,-0.058314,-0.000551
536,-0.123961,-0.074062,0.379933,0.030298,-0.056519,-0.000508
537,-0.119448,-0.068966,0.380580,0.028035,-0.054596,-0.000471
538,-0.114639,-0.063786,0.381253,0.025750,-0.052548,-0.000425
539,-0.109561,-0.058533,0.381945,0.023448,-0.050387,-0.000388
540,-0.104208,-0.053213,0.382660,0.021131,-0.048110,-0.000346
541,-0.098619,-0.047855,0.383388,0.018813,-0.045736,-0.000301
542,-0.092793,-0.042445,0.384129,0.016488,-0.043265,-0.000257
543,-0.086761,-0.037015,0.384879,0.014169,-0.040708,-0.000210
544,-0.080532,-0.031555,0.385634,0.011853,-0.038071,-0.000170
545,-0.074122,-0.026096,0.386392,0.009555,-0.035361,-0.000130
546,-0.067554,-0.020644,0.387149,0.007274,-0.032589,-0.000087
547,-0.098654,-0.056470,0.492008,0.002912,-0.031723,-0.000047
548,-0.111807,-0.018950,0.492465,0.002350,-0.026339,-0.000219
549,-0.043465,-0.001987,0.390092,-0.000638,-0.022337,-0.000270
550,-0.035912,0.003677,0.390893,-0.002948,-0.019177,-0.000227
551,-0.067823,-0.001280,0.454981,-0.005269,-0.015636,-0.000181
552,-0.019386,0.015163,0.392658,-0.007582,-0.012217,-0.000172
553,-0.011500,0.020665,0.393425,-0.009773,-0.008936,-0.000115
554,-0.062784,0.015711,0.481223,-0.011654,-0.004715,-0.000051
555,0.006671,0.031842,0.395262,-0.014136,-0.001291,-0.000048
556,0.014826,0.037105,0.395980,-0.016176,0.002076,0.000015
557,0.022898,0.042250,0.396659,-0.018153,0.005400,0.000084
558,0.030893,0.047284,0.397301,-0.020068,0.008685,0.000147
559,0.038780,0.052182,0.397901,-0.021913,0.011915,0.000215
560,0.046556,0.056960,0.398459,-0.023695,0.015090,0.000276
561,0.054188,0.061590,0.398972,-0.025402,0.018197,0.000341
562,0.061683,0.066091,0.399442,-0.027044,0.021237,0.000398
563,0.069011,0.070446,0.399864,-0.028614,0.024198,0.000452
564,0.076171,0.074650,0.400240,-0.030110,0.027081,0.000503
565,0.083141,0.078718,0.400567,-0.031539,0.029875,0.000546
566,0.089894,0.082622,0.400843,-0.032891,0.032570,0.000592
567,0.096452,0.086381,0.401071,-0.034175,0.035175,0.000629
568,1.156807,1.592819,2.372462,0.128853,-0.177391,0.000596
569,0.286995,0.105060,0.645790,0.012141,-0.015490,0.008385
570,0.046553,0.013504,0.392543,0.005790,0.016129,0.008530
571,0.043992,0.005913,0.391812,0.009527,0.015103,0.008295
572,0.041383,-0.001433,0.391092,0.013092,0.014048,0.007902
573,0.038739,-0.008531,0.390381,0.016486,0.012968,0.007374
574,0.036064,-0.015348,0.389683,0.019695,0.011865,0.006738
575,0.033355,-0.021896,0.388994,0.022728,0.010738,0.006025
576,0.318539,-0.328279,0.724255,0.005692,-0.035936,0.005231
577,0.015527,-0.022350,0.386747,0.020662,0.002479,0.002263
578,0.010810,-0.025820,0.385968,0.022099,0.000467,0.001439
579,0.006181,-0.029041,0.385215,0.023397,-0.001506,0.000670
580,-0.005030,-0.059406,0.392529,0.022285,-0.003171,-0.000028
581,-0.353342,-0.199665,0.475689,0.010522,0.023891,-0.000938
582,0.002719,-0.050041,0.397078,0.019775,-0.001962,-0.002501
583,0.003626,-0.027530,0.385128,0.021293,-0.002626,-0.003048
584,-0.006105,-0.023217,0.426491,0.022399,-0.005121,-0.003360
585,-0.091974,-0.026245,0.401327,0.021452,0.004661,-0.003585
586,-0.062990,-0.022813,0.396973,0.021887,0.002922,-0.003636
587,0.004699,-0.029132,0.384821,0.021472,-0.002111,-0.003580
588,0.003330,-0.028411,0.390744,0.021366,-0.002803,-0.003513
589,0.003649,-0.029005,0.384365,0.020916,-0.002658,-0.003374
590,0.002921,-0.028619,0.384117,0.020469,-0.003024,-0.003192
591,0.002243,-0.028046,0.383878,0.019931,-0.003369,-0.002974
592,-0.083954,0.013087,0.409166,0.022964,0.003054,-0.002718
593,-0.051297,0.097510,0.443211,0.031699,-0.000241,-0.002130
594,0.007353,-0.033389,0.383953,0.022775,-0.000850,-0.001004
595,-0.002079,-0.006608,0.406743,0.025203,-0.001222,-0.000727
596,-0.000812,-0.007968,0.406255,0.025681,-0.001067,-0.000373
597,0.008707,-0.036553,0.383504,0.023664,-0.000272,-0.000013
598,0.009198,-0.037487,0.383340,0.023857,-0.000095,0.000306
599,0.009738,-0.037247,0.383201,0.023438,0.000072,0.000438
600,0.066799,0.060323,0.452575,0.032620,-0.009285,0.000544
601,0.013280,-0.031850,0.388747,0.025601,-0.001386,0.001212
602,0.013367,-0.031815,0.388884,0.025607,-0.001500,0.001330
603,0.013170,-0.032226,0.388473,0.025381,-0.001511,0.001385
604,0.051920,-0.018319,0.413225,0.026881,-0.006710,0.001409
605,0.006680,-0.041921,0.381515,0.024143,-0.001384,0.001444
606,0.006669,-0.041464,0.381319,0.023585,-0.001444,0.001348
607,0.006709,-0.040835,0.381129,0.022947,-0.001483,0.001223
608,0.006775,-0.040059,0.380941,0.022242,-0.001512,0.001076
609,0.439047,-0.001991,0.859664,0.033666,-0.070207,0.000931
610,-0.004802,-0.039399,0.391156,0.021203,-0.013878,0.000804
611,0.002782,-0.034532,0.401212,0.020914,-0.017002,0.000646
612,-0.515060,-0.034866,0.544689,0.020835,0.022694,0.000454
613,-0.514507,-0.060687,3.301748,0.062436,-0.122435,0.000796
614,-0.204995,0.011195,0.215973,0.020743,0.020709,0.001676
615,-0.246501,0.052732,0.456476,0.028433,0.013177,-0.000259
616,-0.058246,-0.013570,0.471178,0.023280,-0.001377,0.002191
617,0.008333,-0.031091,0.387587,0.019415,-0.001585,0.003747
618,-0.025501,-0.008318,0.460347,0.021612,-0.001673,0.003533
619,0.010606,-0.028444,0.391189,0.018284,0.000213,0.003606
620,-0.004842,-0.019339,0.452463,0.019131,-0.000831,0.003284
621,0.011883,-0.027582,0.389859,0.016796,0.002172,0.002828
622,0.016410,-0.024962,0.392413,0.016152,0.002456,0.002471
623,-0.044311,-0.011565,0.535028,0.018485,0.000931,0.002087
624,0.014369,-0.027010,0.386344,0.014335,0.005232,0.001758
625,-0.041130,0.003757,0.474548,0.017203,0.006147,0.001363
626,0.013907,-0.025313,0.387655,0.012848,0.007354,0.001235
627,-0.006222,-0.011362,0.496592,0.014675,0.004185,0.000872
628,0.012552,-0.033531,0.456224,0.011740,0.005929,0.000924
629,0.021778,-0.021657,0.388397,0.010671,0.009703,0.001084
630,-0.009996,-0.005578,0.485260,0.012431,0.008149,0.000783
631,-0.000385,-0.009333,0.435979,0.010653,0.011083,0.000706
632,0.029922,-0.017190,0.388675,0.008460,0.011924,0.000599
633,0.022204,-0.018009,0.390452,0.007374,0.013275,0.000359
634,-0.008126,-0.000328,0.540801,0.010117,0.008613,0.000134
635,0.035159,-0.013186,0.389396,0.006149,0.014081,0.000044
636,0.022504,-0.011777,0.392087,0.005302,0.015761,-0.000129
637,0.038178,-0.010342,0.389707,0.004489,0.015235,-0.000266
638,0.039298,-0.008926,0.389804,0.003659,0.015635,-0.000392
639,0.045124,-0.004150,0.396322,0.003245,0.015133,-0.000490
640,-0.048978,-0.039087,0.708117,0.004115,0.007085,-0.000547
641,0.032435,-0.006844,0.392387,0.001009,0.018577,-0.001830
642,0.013354,-0.030698,0.479257,-0.000583,0.016145,-0.001865
643,0.034841,-0.002570,0.399433,-0.000466,0.019289,-0.001913
644,0.022396,-0.008263,0.475666,-0.000600,0.016791,-0.001838
645,0.046285,0.000098,0.391730,-0.001996,0.019848,-0.002108
646,0.006311,0.000515,0.457262,-0.001829,0.020276,-0.001992
647,0.042868,0.000665,0.393039,-0.003457,0.021257,-0.002218
648,0.014676,0.002564,0.494100,-0.002571,0.018681,-0.002062
649,0.030920,-0.002797,0.457675,-0.004270,0.019811,-0.002878
650,0.054771,0.007188,0.391797,-0.005197,0.021673,-0.002973
651,0.020788,0.003600,0.432672,-0.005578,0.022723,-0.002734
652,0.021122,-0.000642,0.499640,-0.005505,0.019561,-0.002517
653,0.036852,0.004026,0.433260,-0.006846,0.022257,-0.003217
654,0.029649,-0.001273,0.461997,-0.007514,0.021634,-0.003198
655,0.048865,0.010715,0.393857,-0.008264,0.023951,-0.003712
656,0.059195,0.013909,0.392138,-0.008508,0.023194,-0.003359
657,0.002344,0.008397,0.529342,-0.007423,0.020871,-0.002966
658,0.052959,0.013042,0.393653,-0.009464,0.024339,-0.003764
659,0.022600,0.006531,0.487380,-0.009025,0.022004,-0.003347
660,0.061418,0.017327,0.392276,-0.010016,0.023945,-0.003899
661,0.025340,0.010918,0.430686,-0.010325,0.025035,-0.003439
662,0.061921,0.018506,0.392171,-0.010488,0.024027,-0.003038
663,-0.012295,-0.007839,0.554090,-0.010565,0.021689,-0.002542
664,0.032227,0.000854,0.446088,-0.012144,0.024007,-0.004954
665,0.037204,-0.001641,0.438566,-0.012821,0.024037,-0.005309
666,0.025259,0.015576,0.440733,-0.011728,0.024991,-0.005243
667,0.033413,0.018545,0.438500,-0.011685,0.024529,-0.005785
668,0.035660,0.017796,0.444842,-0.011713,0.024025,-0.005234
669,0.051626,0.021779,0.394241,-0.012251,0.025431,-0.005290
670,-0.016235,0.001912,0.487560,-0.012579,0.026159,-0.004632
671,0.027813,0.020556,0.441963,-0.011972,0.024906,-0.005108
672,0.049975,0.023773,0.394523,-0.012458,0.025502,-0.003800
673,0.050373,0.023205,0.394285,-0.012382,0.025440,-0.003101
674,0.051345,0.023284,0.393938,-0.012230,0.025194,-0.002416
675,0.038544,0.035085,0.447059,-0.010197,0.023168,-0.001757
676,0.037259,0.012889,0.396118,-0.012246,0.026074,-0.001023
677,0.062980,0.022705,0.391391,-0.011297,0.023868,-0.000498
678,-0.506290,-0.070226,0.552526,-0.016817,0.064314,0.000008
679,-0.285283,-0.045671,0.438126,-0.016114,0.053148,-0.001242
680,-0.165301,-0.050847,0.391703,-0.017531,0.046351,-0.003382
681,-0.139977,0.074651,0.416776,-0.007473,0.043530,-0.004655
682,-0.141387,-0.031514,0.459262,-0.013594,0.042841,-0.003844
683,0.068114,0.022086,0.396169,-0.010076,0.028956,-0.003717
684,0.069126,0.022444,0.394179,-0.009650,0.028959,-0.003295
685,-0.000456,-0.000028,0.406414,-0.011118,0.035040,-0.002839
686,0.061830,0.020006,0.395966,-0.009325,0.030943,-0.002439
687,0.051697,0.016046,0.397742,-0.009261,0.032056,-0.001974
688,0.073531,0.020716,0.394044,-0.008480,0.030556,-0.001536
689,0.073529,0.020018,0.393849,-0.008095,0.030456,-0.001102
690,0.073306,0.019273,0.393624,-0.007696,0.030261,-0.000700
691,0.012423,0.009703,0.429511,-0.007660,0.033809,-0.000331
692,0.041922,0.007157,0.399956,-0.007850,0.034672,0.000031
693,-0.238329,-0.241210,0.856559,-0.021832,0.034620,0.000268
694,0.039070,0.028225,0.400950,-0.008590,0.035879,0.001796
695,0.080071,0.020837,0.394504,-0.008898,0.033124,0.002073
696,-0.390857,-0.259472,0.484106,-0.031441,0.069115,0.002225
697,-0.054100,-0.042514,0.453331,-0.014943,0.042643,0.005138
698,-0.104948,-0.016603,0.439941,-0.013703,0.048325,0.003227
699,-0.099204,0.012588,0.467441,-0.010638,0.047415,0.001074
700,-0.036532,-0.032477,0.409573,-0.014683,0.046414,-0.000980
701,-0.011851,-0.008181,0.466467,-0.012129,0.041942,-0.000548
702,-0.048297,0.027142,0.422968,-0.009973,0.048271,-0.000388
703,-0.025410,-0.033064,0.434055,-0.014129,0.046806,-0.002581
704,-0.032413,-0.084100,0.404243,-0.019153,0.049690,-0.001003
705,-0.077257,-0.004099,0.455757,-0.013371,0.051152,-0.002312
706,-0.015328,0.027725,0.450397,-0.010217,0.047178,-0.001579
707,-0.021730,-0.006399,0.445381,-0.012416,0.048979,-0.001336
708,0.030643,0.010582,0.442289,-0.011207,0.045410,-0.002192
709,0.031677,0.001743,0.447450,-0.011759,0.045638,-0.001887
710,0.047403,0.020706,0.449193,-0.010314,0.044662,-0.001977
711,0.035942,-0.015044,0.434363,-0.013248,0.046877,-0.001179
712,0.048079,0.016356,0.452597,-0.010782,0.045112,-0.001129
713,0.053573,0.001656,0.442395,-0.011989,0.045485,-0.000453
714,0.070359,0.022425,0.421350,-0.010862,0.045327,-0.000590
715,0.075595,0.020017,0.417174,-0.011031,0.045171,-0.000408
716,0.061103,0.007063,0.489298,-0.010988,0.042437,-0.000249
717,0.075222,0.018199,0.402528,-0.011595,0.045907,-0.000599
718,0.047861,0.009949,0.499312,-0.010824,0.042844,-0.000498
719,0.075896,0.021483,0.408634,-0.011238,0.045262,-0.000761
720,0.054789,0.006569,0.478300,-0.011333,0.043025,-0.000646
721,0.074685,0.023733,0.415416,-0.010912,0.044462,-0.000754
722,0.037837,-0.002015,0.473532,-0.012023,0.044131,-0.000622
723,0.073221,0.023483,0.415850,-0.010872,0.043902,-0.000836
724,0.024014,-0.011529,0.467004,-0.012845,0.044913,-0.000706
725,0.029748,0.003368,0.438107,-0.012210,0.045618,-0.000762
726,0.030838,-0.002272,0.447819,-0.012437,0.044643,-0.000748
727,0.043066,0.004427,0.428789,-0.012120,0.044184,-0.000479
728,0.025817,-0.010696,0.443088,-0.013109,0.044381,-0.000358
729,0.010717,-0.002899,0.430629,-0.012817,0.045877,-0.000381
730,0.006559,-0.006718,0.453189,-0.012757,0.044613,-0.000128
731,0.009079,-0.001458,0.440079,-0.012518,0.044683,0.000140
732,0.021194,0.009451,0.438317,-0.011492,0.043254,0.000351
733,-0.003124,-0.002447,0.429678,-0.012371,0.045425,-0.000033
734,0.004997,-0.009545,0.455063,-0.012445,0.043021,-0.001044
735,0.072457,0.019484,0.398450,-0.010853,0.039790,-0.000636
736,0.028230,-0.000680,0.471923,-0.011289,0.039005,-0.000599
737,0.020462,-0.012922,0.440132,-0.012635,0.040808,-0.000049
738,0.005424,0.000249,0.436080,-0.011731,0.041742,-0.000059
739,0.007441,-0.000963,0.438331,-0.011636,0.040974,-0.000006
740,0.006902,0.002127,0.447865,-0.011078,0.039973,0.000037
741,0.002228,-0.016647,0.433830,-0.012650,0.040632,0.000296
742,0.015303,0.003044,0.419899,-0.011284,0.039713,0.000125
743,-0.042668,-0.063672,0.427693,-0.016646,0.043820,-0.000257
744,0.087543,0.024137,0.395631,-0.010178,0.033497,0.000458
745,-0.103507,-0.047743,0.480290,-0.014910,0.044571,0.000517
746,-0.097950,-0.034200,0.425086,-0.014743,0.047073,-0.000109
747,-0.052760,-0.029174,0.450917,-0.013936,0.041866,-0.001545
748,0.081716,0.022767,0.394921,-0.010321,0.032815,-0.000373
749,-0.113878,-0.039844,0.453663,-0.014730,0.045808,-0.000333
750,-0.851801,0.167259,0.234110,-0.001078,0.122061,-0.002095
751,-0.134903,-0.284922,0.549016,-0.028557,0.046758,-0.006309
752,-0.089066,-0.059259,0.435458,-0.016574,0.048783,-0.008591
753,-0.048175,-0.030938,0.427762,-0.014398,0.046470,-0.006060
754,-0.026818,-0.028284,0.447212,-0.013784,0.044199,-0.003410
755,-0.002340,0.005411,0.490843,-0.010602,0.040368,-0.002749
756,-0.077742,-0.072522,0.376665,-0.018639,0.053593,-0.001744
757,-0.070115,-0.040480,0.434106,-0.015684,0.050250,-0.000922
758,-0.012311,0.007081,0.480987,-0.011135,0.043632,-0.000841
759,0.029120,-0.013160,0.407083,-0.013495,0.044541,-0.000218
760,-0.043027,-0.026313,0.433094,-0.014743,0.049569,-0.001024
761,-0.004526,0.022478,0.478287,-0.010164,0.044456,-0.001962
762,0.001299,-0.034601,0.413741,-0.015536,0.048247,-0.002361
763,0.024404,0.003872,0.455334,-0.012070,0.044252,-0.001116
764,0.050784,0.011892,0.443205,-0.011536,0.043022,-0.000743
765,0.051321,0.010203,0.448134,-0.011584,0.042918,-0.000454
766,0.059020,0.007073,0.437291,-0.012018,0.042949,-0.000197
767,0.040742,0.008031,0.450536,-0.011857,0.043806,-0.000012
768,0.059295,0.009038,0.435360,-0.011992,0.043083,-0.000137
769,0.049627,0.011532,0.457203,-0.011509,0.042665,-0.000039
770,0.037994,-0.004741,0.431049,-0.013201,0.044997,0.000074
771,0.014464,-0.010030,0.435371,-0.013756,0.046610,-0.000007
772,0.030789,0.007301,0.446276,-0.012275,0.044536,-0.000410
773,0.014652,-0.006817,0.436158,-0.013536,0.046375,-0.000663
774,0.011573,-0.002797,0.439743,-0.013264,0.046321,-0.001134
775,0.030085,0.009359,0.445386,-0.012160,0.044338,-0.001458
776,0.030294,0.006020,0.441614,-0.012387,0.044403,-0.001522
777,0.029966,-0.005286,0.440441,-0.013298,0.044281,-0.001581
778,0.024905,-0.006570,0.441022,-0.013456,0.044452,-0.000907
779,0.018193,-0.006946,0.440230,-0.013547,0.044795,-0.000379
780,0.011626,-0.007319,0.440961,-0.013580,0.045067,0.000095
781,0.009237,-0.010855,0.428732,-0.014076,0.045623,0.000246
782,0.068273,0.020766,0.400201,-0.012004,0.041832,-0.000370
783,-0.041911,-0.044075,0.476589,-0.016261,0.046844,-0.000306
784,0.009605,0.006207,0.440624,-0.012733,0.044099,0.000642
785,0.016319,-0.009466,0.449044,-0.013651,0.042831,0.000508
786,0.030054,0.001172,0.429965,-0.013101,0.042299,0.000690
787,-0.016565,-0.023659,0.436783,-0.015097,0.045513,0.000572
788,-0.006782,-0.015395,0.437179,-0.014623,0.044403,0.000165
789,-0.022578,-0.019987,0.425508,-0.015229,0.046024,0.000212
790,-0.049028,-0.030777,0.443461,-0.016036,0.047193,-0.000625
791,-0.040431,-0.026237,0.431845,-0.015845,0.047020,-0.000119
792,-0.031392,-0.029482,0.430555,-0.016254,0.046181,-0.000272
793,-0.024477,-0.009461,0.432554,-0.014717,0.045210,-0.000074
794,-0.061178,-0.041693,0.439551,-0.017360,0.048053,-0.001251
795,0.005599,0.007978,0.448250,-0.013160,0.041839,-0.000474
796,0.018155,-0.003860,0.440382,-0.014056,0.041073,-0.000654
797,-0.038297,-0.051435,0.419847,-0.018574,0.046923,-0.000592
798,0.021436,0.032910,0.457440,-0.011617,0.039400,0.000391
799,0.008631,0.001886,0.436878,-0.013925,0.041498,-0.000296
800,0.004631,-0.008383,0.440134,-0.014578,0.041522,-0.000086
801,0.004440,-0.007709,0.437244,-0.014590,0.041475,0.000126
802,-0.038662,-0.028494,0.423195,-0.016616,0.045678,0.000180
803,0.002354,0.003472,0.450602,-0.013740,0.040571,-0.000562
804,0.016335,-0.000626,0.438140,-0.014048,0.039965,-0.000289
805,0.003286,-0.003156,0.436285,-0.014295,0.040953,-0.000355
806,0.013572,-0.006461,0.439248,-0.014536,0.039750,-0.000650
807,0.010436,0.000550,0.440035,-0.014064,0.039692,-0.000585
808,-0.006570,-0.014271,0.438103,-0.015173,0.041042,-0.000311
809,0.001204,-0.007662,0.436239,-0.014673,0.040241,-0.000033
810,-0.003499,-0.006028,0.426918,-0.014658,0.040899,0.000003
811,-0.007074,-0.013544,0.449534,-0.014928,0.039839,-0.000166
812,-0.005078,-0.009638,0.437749,-0.014794,0.040119,0.000031
813,-0.005358,-0.008090,0.434010,-0.014705,0.040121,-0.000060
814,0.009117,0.000230,0.424642,-0.014123,0.039139,-0.000383
815,-0.001030,-0.008077,0.450538,-0.014345,0.038397,-0.000579
816,-0.043315,-0.051918,0.413475,-0.018662,0.043906,-0.000636
817,-0.007322,0.016830,0.461274,-0.012550,0.037959,-0.000049
818,-0.036035,-0.032023,0.417746,-0.016809,0.042725,-0.000338
819,-0.066632,-0.034357,0.435139,-0.017151,0.044430,-0.001179
820,-0.002226,0.001554,0.448133,-0.013883,0.038221,-0.000626
821,-0.002999,-0.009455,0.437365,-0.014778,0.038834,-0.000373
822,-0.014546,-0.016145,0.420261,-0.015611,0.040561,-0.000020
823,-0.034295,-0.016023,0.445094,-0.015446,0.040916,-0.001176
824,-0.072504,-0.054667,0.422569,-0.019006,0.045591,-0.000948
825,-0.021487,-0.004683,0.445872,-0.014731,0.039968,-0.000114
826,-0.027210,-0.020686,0.434678,-0.016085,0.041148,-0.000237
827,-0.058091,-0.036569,0.423417,-0.017683,0.044417,0.000074
828,-0.030099,-0.008836,0.444993,-0.015307,0.041019,-0.000466
829,-0.046610,-0.024259,0.423807,-0.016787,0.043720,-0.000263
830,-0.100192,-0.045944,0.433091,-0.018790,0.048168,-0.001424
831,-0.037710,-0.015987,0.431580,-0.016333,0.043134,-0.001008
832,-0.036974,-0.016350,0.440428,-0.016400,0.042999,-0.001578
833,0.009708,0.006973,0.456102,-0.014138,0.038406,-0.000893
834,-0.005055,-0.012481,0.427219,-0.016120,0.041457,-0.000559
835,0.003455,-0.006299,0.439602,-0.015480,0.040205,-0.000266
836,0.010617,-0.005258,0.440449,-0.015417,0.039652,-0.000155
837,0.022479,0.007825,0.451602,-0.014143,0.038097,0.000047
838,0.028771,0.001936,0.430893,-0.014829,0.038750,0.000130
839,0.008253,-0.003727,0.438297,-0.015245,0.040088,0.000106
840,0.010673,0.002370,0.439708,-0.014769,0.039803,-0.000365
841,-0.002497,-0.010119,0.434534,-0.015857,0.041249,-0.000884
842,0.010921,-0.001584,0.443689,-0.015034,0.039608,-0.001017
843,0.032820,0.016337,0.458211,-0.013182,0.036930,-0.000656
844,0.012213,-0.009837,0.424828,-0.015663,0.040522,-0.000474
845,-0.022533,-0.029092,0.431651,-0.017291,0.043073,-0.000350
846,0.025857,0.021920,0.451233,-0.012767,0.037759,0.000369
847,0.026099,0.009251,0.440161,-0.013647,0.038317,-0.000586
848,0.030614,0.005390,0.441076,-0.013835,0.037765,-0.001237
849,0.017400,0.000601,0.437286,-0.014231,0.038953,-0.001295
850,0.004129,-0.017716,0.430629,-0.015830,0.040374,-0.001396
851,0.004790,0.003178,0.446125,-0.013874,0.039246,-0.000559
852,-0.031325,-0.032716,0.423558,-0.017071,0.043532,-0.000768
853,-0.018444,-0.020098,0.432811,-0.016080,0.041828,-0.000657
854,0.016815,0.031691,0.459127,-0.011288,0.037289,-0.000399
855,-0.020581,-0.047984,0.422911,-0.017902,0.042543,-0.001345
856,0.020491,0.019040,0.451474,-0.012238,0.037168,-0.000482
857,0.026920,0.008830,0.440458,-0.012877,0.037127,-0.001309
858,-0.034608,-0.042810,0.423509,-0.017392,0.043226,-0.001899
859,0.021107,0.018592,0.450981,-0.012012,0.036734,-0.001132
860,0.021566,0.002716,0.438520,-0.013153,0.037269,-0.001947
861,-0.009971,-0.022650,0.429479,-0.015367,0.040316,-0.002016
862,-0.023138,-0.023190,0.437150,-0.015396,0.040885,-0.001449
863,0.016712,0.011367,0.446162,-0.012292,0.036824,-0.000612
864,0.001141,-0.014203,0.429414,-0.014428,0.038952,-0.001361
865,-0.008485,-0.008546,0.436626,-0.013930,0.039209,-0.001373
866,-0.043850,-0.035159,0.428844,-0.016256,0.042608,-0.001559
867,-0.023627,-0.007288,0.439249,-0.013850,0.040194,-0.001192
868,-0.025038,-0.007633,0.437187,-0.013749,0.040454,-0.001617
869,-0.033482,-0.033260,0.430600,-0.015894,0.041608,-0.002509
870,-0.026421,-0.024664,0.429522,-0.015348,0.041030,-0.001840
871,-0.014205,-0.018176,0.432794,-0.014857,0.039767,-0.001839
872,-0.018916,-0.008349,0.444879,-0.013893,0.039490,-0.001604
873,0.004830,-0.005687,0.437471,-0.013609,0.037913,-0.001391
874,-0.012773,-0.022462,0.430023,-0.015120,0.039782,-0.001312
875,-0.020628,-0.010996,0.443654,-0.014078,0.039670,-0.001116
876,-0.018307,-0.013068,0.440875,-0.014178,0.039717,-0.001042
877,-0.019463,-0.020313,0.435478,-0.014816,0.040158,-0.001114
878,-0.016837,-0.022440,0.432324,-0.015077,0.040113,-0.000995
879,-0.019979,-0.016927,0.440423,-0.014621,0.039983,-0.000926
880,-0.014762,-0.019943,0.432798,-0.014973,0.039990,-0.000909
881,0.002522,-0.008481,0.436693,-0.014057,0.038303,-0.001017
882,-0.018290,-0.013809,0.442165,-0.014469,0.039811,-0.001256
883,0.009195,0.002555,0.443408,-0.013014,0.037421,-0.001387
884,-0.005782,-0.015084,0.429727,-0.014633,0.039477,-0.001638
885,-0.035199,-0.027531,0.433016,-0.015820,0.041840,-0.002091
886,0.004963,0.006085,0.450176,-0.012811,0.037492,-0.002092
887,0.011950,-0.016779,0.426150,-0.014867,0.038264,-0.001775
888,-0.015611,-0.013646,0.442550,-0.014635,0.039641,-0.001562
889,-0.012198,-0.017998,0.436905,-0.015051,0.039723,-0.001154
890,-0.061788,-0.009821,0.423988,-0.014690,0.044754,-0.000633
891,-0.034988,-0.034429,0.442366,-0.016395,0.041841,-0.003142
892,0.023504,0.006824,0.449866,-0.012845,0.036479,-0.001580
893,-0.001163,-0.022677,0.430598,-0.015559,0.039597,-0.001176
894,0.003373,0.029059,0.442180,-0.011450,0.038480,-0.001738
895,0.031461,0.007951,0.444474,-0.012576,0.036146,-0.002469
896,0.048360,0.016693,0.449030,-0.011605,0.034310,-0.002059
897,0.019317,0.003134,0.432672,-0.012861,0.037563,-0.001930
898,0.016351,-0.010330,0.435711,-0.013928,0.037580,-0.002647
899,0.012598,0.006418,0.455725,-0.012207,0.036658,-0.002072
900,0.026114,-0.014336,0.428707,-0.014008,0.036894,-0.001285
901,0.020065,-0.005134,0.432209,-0.013390,0.036933,-0.000891
902,-0.008381,-0.019594,0.432095,-0.014742,0.039151,-0.000740
903,0.010400,0.021160,0.451255,-0.011287,0.036334,-0.002035
904,0.064477,0.020123,0.397002,-0.011430,0.034558,-0.001274
905,0.001934,-0.019086,0.482439,-0.013293,0.034994,-0.001063
906,0.027967,0.017144,0.445012,-0.010843,0.034503,-0.000571
907,0.080266,0.023084,0.395739,-0.010672,0.032327,-0.000982
908,-0.000663,0.000954,0.485023,-0.010975,0.033926,-0.000766
909,0.049431,0.018857,0.439739,-0.010032,0.031987,-0.002031
910,0.061072,0.017001,0.396329,-0.010523,0.032985,-0.001864
911,0.013525,-0.017999,0.477392,-0.012035,0.032212,-0.001690
912,-0.002355,-0.008062,0.457927,-0.011574,0.034202,-0.001327
913,0.009869,-0.014918,0.411696,-0.012595,0.035332,-0.000737
914,-0.001020,-0.001543,0.457220,-0.010844,0.033382,-0.000774
915,-0.014855,-0.019089,0.411530,-0.012738,0.036800,-0.000527
916,0.015433,0.012980,0.457678,-0.009479,0.031358,-0.001817
917,-0.002651,-0.018807,0.415417,-0.012370,0.034916,-0.001857
918,0.024578,0.013936,0.452683,-0.008991,0.030161,-0.001431
919,-0.001782,-0.027461,0.438601,-0.012343,0.032924,-0.001387
920,-0.000714,0.001334,0.435569,-0.010131,0.032570,-0.000957
921,-0.005890,-0.016658,0.437344,-0.011407,0.032684,-0.001785
922,-0.003063,-0.000382,0.434236,-0.010001,0.032273,-0.001369
923,-0.006572,-0.017027,0.433629,-0.011225,0.032372,-0.002196
924,-0.025632,-0.022943,0.436347,-0.011672,0.033617,-0.001935
925,-0.020633,-0.012883,0.435683,-0.010745,0.032975,-0.001545
926,0.000804,0.017405,0.447802,-0.007713,0.030332,-0.000908
927,0.008241,-0.031413,0.424007,-0.011753,0.030891,-0.001898
928,-0.016944,-0.012639,0.437683,-0.010465,0.031903,-0.002174
929,-0.019826,-0.022396,0.416606,-0.011468,0.033106,-0.002020
930,-0.020818,-0.020063,0.454549,-0.010675,0.030967,-0.001369
931,-0.042298,-0.032326,0.424786,-0.012146,0.034268,-0.000796
932,-0.037758,-0.006933,0.436233,-0.010036,0.033131,-0.001449
933,-0.000588,-0.010844,0.438583,-0.010106,0.029950,-0.002479
934,0.002776,-0.006363,0.441498,-0.009654,0.029404,-0.002010
935,-0.767216,0.002356,0.377648,-0.010413,0.099616,-0.001394
936,-0.074947,-0.056765,0.439862,-0.012508,0.038442,-0.007266
937,0.007213,-0.026652,0.398047,-0.011477,0.034851,-0.010696
938,-0.001289,-0.015576,0.472785,-0.009618,0.031914,-0.009106
939,-0.000403,-0.018136,0.422535,-0.010596,0.035045,-0.007602
940,0.006717,-0.009794,0.437266,-0.009535,0.034079,-0.005727
941,-0.002311,-0.004517,0.465731,-0.008545,0.033812,-0.004347
942,0.015560,-0.015078,0.414131,-0.010076,0.035475,-0.003710
943,0.010388,0.016909,0.466767,-0.006761,0.033437,-0.003092
944,0.034496,-0.009740,0.421809,-0.009259,0.034235,-0.002860
945,0.027171,0.009156,0.450851,-0.007446,0.033441,-0.002592
946,0.032035,-0.003749,0.433336,-0.008596,0.034236,-0.002287
947,0.026058,0.007373,0.447926,-0.007507,0.034118,-0.001981
948,0.032483,-0.006418,0.434202,-0.008693,0.034506,-0.001838
949,0.026396,0.008363,0.448233,-0.007342,0.034355,-0.001516
950,0.031833,-0.005053,0.435986,-0.008438,0.034679,-0.001450
951,0.027788,-0.002643,0.438154,-0.008294,0.034891,-0.001341
952,0.024132,0.008168,0.446934,-0.007256,0.034785,-0.001409
953,0.026993,-0.010563,0.436231,-0.008767,0.035204,-0.001532
954,0.023285,-0.007055,0.437563,-0.008593,0.035365,-0.001319
955,0.023543,-0.004282,0.440175,-0.008352,0.035156,-0.001155
956,0.025097,-0.001435,0.440507,-0.008108,0.034946,-0.001258
957,0.023888,-0.001899,0.442554,-0.008087,0.034866,-0.001598
958,0.020878,-0.009178,0.438825,-0.008705,0.035243,-0.001921
959,0.001398,-0.022748,0.433775,-0.010005,0.037041,-0.001986
960,-0.017542,-0.013000,0.434171,-0.009618,0.038506,-0.003037
961,-0.017919,-0.012696,0.435566,-0.009631,0.038500,-0.003481
962,-0.017887,-0.013990,0.435960,-0.009752,0.038523,-0.003582
963,-0.016201,-0.013072,0.431156,-0.009790,0.038702,-0.003379
964,0.014564,0.019567,0.452098,-0.006733,0.034956,-0.003428
965,0.018431,-0.011905,0.436407,-0.008997,0.035529,-0.002726
966,0.027335,-0.004063,0.438651,-0.008406,0.034511,-0.002113
967,0.013096,-0.008874,0.440324,-0.008827,0.035482,-0.001685
968,0.012109,-0.006206,0.441754,-0.008637,0.035375,-0.001401
969,0.010265,-0.010789,0.435238,-0.009116,0.035746,-0.001338
970,0.011054,-0.009145,0.440900,-0.008978,0.035240,-0.001371
971,0.028726,0.008382,0.446935,-0.007431,0.033208,-0.001042
972,0.020613,-0.008150,0.434757,-0.008917,0.034443,-0.001382
973,0.009335,-0.014020,0.436915,-0.009468,0.035062,-0.001107
974,0.005845,-0.007499,0.443831,-0.008898,0.034764,-0.000744
975,0.017518,-0.011040,0.433594,-0.009323,0.034133,-0.000492
976,-0.008911,-0.006421,0.427582,-0.009223,0.036503,-0.000400
977,0.061773,0.014446,0.395488,-0.007973,0.032016,-0.001582
978,0.001623,-0.013558,0.489875,-0.008904,0.031709,-0.001415
979,-0.002330,-0.013711,0.438866,-0.009786,0.034615,-0.001234
980,-0.003478,-0.010924,0.435654,-0.009625,0.034652,-0.000933
981,0.004923,-0.017285,0.439281,-0.010062,0.033529,-0.000511
982,0.019477,0.009715,0.437064,-0.007991,0.032083,-0.000342
983,0.005006,-0.018316,0.437277,-0.010237,0.033187,-0.000948
984,-0.007507,-0.015886,0.438172,-0.010276,0.033975,-0.000878
985,0.016874,0.005705,0.432757,-0.008582,0.031908,-0.000640
986,0.014943,-0.006421,0.448293,-0.009223,0.030993,-0.000687
987,0.010898,0.000618,0.427748,-0.009047,0.032187,-0.000681
988,0.023652,-0.006575,0.444984,-0.009312,0.029891,-0.000847
989,0.010513,-0.004090,0.432436,-0.009444,0.031358,-0.000724
990,0.006428,-0.006843,0.444480,-0.009492,0.030770,-0.000615
991,-0.001186,-0.004463,0.436646,-0.009472,0.031618,-0.000675
992,0.011567,-0.006747,0.440564,-0.009594,0.030114,-0.001140
993,0.007717,-0.005353,0.433168,-0.009621,0.030548,-0.000863
994,0.052311,0.013847,0.394807,-0.008594,0.028520,-0.000819
995,-0.052345,-0.055782,0.473447,-0.013266,0.032962,-0.000711
996,0.053866,0.015767,0.393959,-0.008807,0.027816,0.000308
997,-0.041971,-0.036381,0.483104,-0.011900,0.031012,0.000430
998,-0.070441,-0.038534,0.420278,-0.013389,0.036642,0.000471
999,-0.039788,-0.000238,0.444637,-0.009785,0.032551,0.000288
1000,-0.000864,-0.008183,0.440463,-0.010237,0.029580,-0.001307
1001,-0.000675,-0.006231,0.436557,-0.010137,0.029671,-0.001124
1002,0.003597,-0.008740,0.436656,-0.010358,0.029181,-0.001017
1003,-0.029112,-0.030336,0.428979,-0.012391,0.032301,-0.000817
1004,-0.025940,-0.019911,0.429660,-0.011764,0.031888,-0.000365
1005,0.046387,0.015703,0.394837,-0.009442,0.027482,-0.000684
1006,-0.053488,-0.049186,0.471376,-0.013774,0.031803,-0.000622
1007,-0.058930,-0.044214,0.429566,-0.014390,0.034548,-0.000225
1008,-0.033034,0.000337,0.450400,-0.010517,0.031234,0.000411
1009,0.000604,-0.002630,0.431698,-0.010772,0.029483,-0.000353
1010,-0.008558,-0.014674,0.445124,-0.011691,0.029647,-0.000993
1011,-0.012408,0.004389,0.431875,-0.010468,0.030661,-0.000823
1012,-0.063856,-0.057696,0.425517,-0.015666,0.035675,-0.001499
1013,-0.027791,-0.008741,0.437917,-0.011709,0.031920,-0.000055
1014,-0.956365,0.072175,0.277906,-0.007980,0.121426,-0.000696
1015,-0.007328,-0.109501,0.549051,-0.015140,0.028463,-0.007279
1016,0.061426,0.016059,0.396385,-0.009362,0.031508,-0.009198
1017,-0.004809,-0.046898,0.449349,-0.013858,0.034965,-0.009024
1018,-0.009686,0.004153,0.441693,-0.010204,0.036364,-0.007605
1019,0.040052,-0.021096,0.451915,-0.011516,0.032337,-0.004835
1020,0.013384,-0.007513,0.437260,-0.011228,0.035798,-0.004315
1021,0.027538,0.012519,0.443773,-0.009633,0.034714,-0.004536
1022,0.018695,-0.006625,0.454774,-0.010746,0.035459,-0.003427
1023,0.042122,0.014581,0.445391,-0.009074,0.034430,-0.002242
1024,0.065295,0.020755,0.398057,-0.009103,0.035415,-0.001875
1025,0.063068,0.020243,0.398424,-0.008957,0.035780,-0.001262
1026,0.071236,0.020100,0.396909,-0.008756,0.035247,-0.000694
1027,0.017705,0.023327,0.515213,-0.006500,0.033568,-0.000183
1028,0.083645,0.018970,0.394804,-0.007932,0.034684,0.000291
1029,0.057447,0.016600,0.398882,-0.007838,0.036592,0.000683
1030,0.064977,0.016981,0.397651,-0.007479,0.036072,0.001022
1031,0.050857,0.007240,0.400035,-0.007976,0.037191,0.001289
1032,0.033781,0.015562,0.527464,-0.005145,0.031766,0.001456
1033,-0.837215,-0.433388,0.389178,-0.045232,0.114979,0.001707
1034,0.089523,0.024204,0.403179,-0.009163,0.035444,0.002957
1035,-1.191560,0.128855,0.278911,-0.002698,0.152712,0.003110
1036,0.034885,-0.267767,0.583615,-0.024419,0.036025,0.005579
1037,0.025526,0.031996,0.462744,-0.007649,0.042580,0.004481
1038,-0.382814,-0.191987,0.385726,-0.027221,0.086372,0.004488
1039,0.098704,0.023107,0.403179,-0.009639,0.045347,0.006113
1040,-1.378699,-0.040063,0.294958,-0.017429,0.179923,0.005850
1041,-0.674936,-0.042788,0.354530,-0.011405,0.123937,0.010353
1042,0.115801,-0.254227,0.476607,-0.026114,0.053807,0.009076
1043,-0.500260,-0.358437,0.497844,-0.040274,0.107242,0.003434
1044,-0.256800,-0.014067,0.345719,-0.017118,0.097068,-0.003730
1045,-0.028454,-0.030150,0.621027,-0.013230,0.067003,0.001162
1046,0.061554,0.044819,0.423643,-0.012901,0.071876,-0.001376
1047,0.104976,0.034797,0.416199,-0.013672,0.071256,-0.001647
1048,0.108451,0.034368,0.416399,-0.013897,0.073041,-0.001905
1049,0.112231,0.034572,0.416571,-0.014010,0.074692,-0.002078
1050,0.115312,0.034788,0.416851,-0.014069,0.076182,-0.002170
1051,0.118341,0.034941,0.417034,-0.014072,0.077484,-0.002194
1052,0.121126,0.035034,0.417136,-0.014032,0.078590,-0.002157
1053,0.144546,0.029251,0.414792,-0.014416,0.077735,-0.002065
1054,0.085492,-0.039785,0.446878,-0.020087,0.082377,-0.001982
1055,0.127011,0.041352,0.418412,-0.015200,0.081465,-0.002218
1056,-0.347697,0.114230,0.691403,-0.005331,0.108635,-0.002001
1057,-0.067317,0.070458,0.442800,-0.012049,0.100568,-0.002551
1058,0.138072,0.043192,0.419248,-0.014262,0.085615,-0.002344
1059,-0.232271,0.142319,0.456521,-0.005213,0.116549,-0.002025
1060,0.136013,0.036780,0.419520,-0.012782,0.088824,-0.002792
1061,0.140154,0.036494,0.419271,-0.012234,0.089343,-0.002472
1062,0.179913,0.030380,0.427596,-0.011968,0.085593,-0.002136
1063,0.186916,0.034399,0.410882,-0.011778,0.084761,-0.001938
1064,0.185834,0.033432,0.410323,-0.011416,0.083917,-0.001626
1065,-0.913765,0.198671,0.523166,0.003657,0.173156,-0.001309
1066,-0.338921,0.133818,0.513950,0.003314,0.130524,0.023313
1067,-0.818105,0.105069,0.198324,-0.002375,0.192420,0.030644
1068,-0.466453,-0.005932,0.527818,-0.006042,0.149861,0.028543
1069,0.212193,0.033731,0.416401,-0.005065,0.100184,0.020061
1070,-0.852280,0.394880,0.385558,0.025535,0.194207,0.018779
1071,-0.439346,-0.392533,0.432338,-0.031151,0.163194,0.018438
1072,0.149164,0.029225,0.434377,-0.002296,0.115829,0.017221
1073,-0.025824,-0.087091,0.565493,-0.009198,0.126453,0.015421
1074,-0.393879,0.365363,0.261141,0.024115,0.175603,0.014143
1075,-0.511075,0.110589,0.501279,0.013388,0.176180,0.012913
1076,-0.217636,-0.101166,0.503259,-0.000803,0.155416,0.010672
1077,-0.470980,-0.071375,0.342425,-0.002463,0.190032,0.011683
1078,-0.085847,-0.005767,0.581984,0.005831,0.148049,-0.001080
1079,0.268403,0.019447,0.425626,0.006160,0.129173,-0.008243
1080,2.325212,-0.965118,0.423665,-0.073475,-0.047615,-0.009909
1081,0.887143,-0.134768,0.753416,-0.006332,0.051127,0.011690
1082,-0.351521,0.249442,0.296588,0.014071,0.179847,0.020325
1083,-0.185809,-0.194255,0.482679,-0.018355,0.157206,0.000298
1084,-0.202224,0.101196,0.453001,0.003990,0.161042,0.023020
1085,-0.043505,0.071204,0.420482,0.000947,0.150129,0.010078
1086,0.188423,-0.067580,0.500188,-0.009966,0.125828,0.000584
1087,0.118034,-0.027283,0.499246,-0.009287,0.130549,-0.001561
1088,-0.023151,-0.039131,0.425333,-0.012592,0.146613,-0.000686
1089,-0.146993,0.028689,0.430527,-0.007654,0.156744,0.003292
1090,-0.210474,0.022267,0.427619,-0.008509,0.162585,0.002645
1091,-0.065448,-0.017530,0.392997,-0.012319,0.152251,0.000158
1092,0.023597,0.027416,0.504610,-0.007405,0.138208,0.001270
1093,-0.083101,0.002038,0.433795,-0.010749,0.150902,0.000038
1094,-0.092032,0.019378,0.440152,-0.009572,0.151284,0.001380
1095,-0.029451,0.004392,0.397973,-0.011522,0.147978,-0.000034
1096,0.009351,0.023334,0.499586,-0.008622,0.138699,0.000430
1097,-0.270151,0.044341,0.412740,-0.008526,0.167039,-0.001066
1098,-0.112015,0.011527,0.442575,-0.010285,0.152429,0.001073
1099,0.064358,0.026668,0.458198,-0.008850,0.136249,0.000147
1100,0.064422,0.000341,0.453754,-0.011122,0.135796,-0.001116
1101,-0.129273,0.021826,0.427014,-0.010182,0.153227,0.000002
1102,-0.198386,0.015347,0.352345,-0.011825,0.163168,-0.000144
1103,-0.076120,0.020271,0.519289,-0.008605,0.143662,0.000161
1104,-0.073977,0.003115,0.436911,-0.011084,0.147829,-0.000516
1105,-0.180964,0.015180,0.428846,-0.010297,0.157388,0.000949
1106,-0.157942,0.012328,0.372446,-0.011107,0.158573,0.000778
1107,-0.071664,0.008592,0.502687,-0.009027,0.144198,0.000630
1108,-0.058775,0.013950,0.440933,-0.009460,0.146322,0.001206
1109,-0.458950,0.103303,0.386603,-0.002872,0.183600,0.001336
1110,0.031259,0.025429,0.470214,-0.006129,0.138283,0.007462
1111,0.084907,-0.015023,0.460287,-0.009825,0.133856,0.001963
1112,-0.064771,0.010772,0.435742,-0.008176,0.147643,0.003504
1113,0.001106,0.004935,0.451792,-0.008001,0.140968,0.003645
1114,-0.084476,0.000060,0.433640,-0.008538,0.148939,0.004128
1115,-0.067746,0.015359,0.448710,-0.006753,0.146578,0.003874
1116,-0.082419,0.003739,0.432995,-0.007590,0.148512,0.004132
1117,-0.093262,-0.011405,0.435769,-0.008580,0.149138,0.004317
1118,-0.155041,-0.012537,0.431224,-0.008621,0.154687,0.004940
1119,-0.082256,-0.022350,0.437214,-0.009027,0.147983,0.005640
1120,-0.063829,-0.030577,0.438816,-0.009691,0.146167,0.000968
1121,-0.081746,-0.013417,0.456196,-0.007935,0.146593,0.000158
1122,-0.216294,-0.019811,0.412987,-0.008889,0.160519,0.000421
1123,-0.010799,-0.014238,0.460092,-0.007492,0.140562,0.000564
1124,-0.160611,-0.053340,0.414448,-0.011287,0.155923,0.000331
1125,-0.070715,-0.003301,0.440813,-0.006940,0.146798,0.006133
1126,-0.075717,0.000416,0.439626,-0.006644,0.147145,0.001070
1127,0.009070,-0.040976,0.439259,-0.009913,0.139762,0.000691
1128,-0.391587,0.030892,0.469423,-0.004012,0.172255,-0.000342
1129,0.012016,-0.046287,0.404544,-0.010115,0.142292,0.000503
1130,-0.043142,0.064993,0.442977,-0.000798,0.144575,0.005790
1131,-0.096720,-0.035047,0.435424,-0.008849,0.149500,0.001606
1132,0.034008,0.031603,0.454931,-0.003014,0.137129,0.004549
1133,-0.290608,0.003455,0.419152,-0.005976,0.166637,0.003572
1134,0.036135,-0.016263,0.468589,-0.006306,0.136235,0.002585
1135,-0.024135,-0.032331,0.422838,-0.008425,0.143632,0.001439
1136,-0.197737,0.037373,0.423820,-0.002897,0.158362,0.005407
1137,-0.031622,0.028232,0.444118,-0.002998,0.143104,0.000778
1138,-0.070863,0.016686,0.439463,-0.003805,0.146576,0.000502
1139,-0.109823,0.009174,0.437555,-0.004226,0.149956,0.000459
1140,-0.079628,-0.009159,0.439016,-0.005447,0.147293,0.000427
1141,-0.123403,-0.004829,0.436429,-0.005034,0.151183,0.000434
1142,-0.038495,-0.044320,0.440970,-0.008001,0.143674,0.000253
1143,-0.172824,-0.078372,0.428522,-0.011285,0.155671,0.000807
1144,-0.104467,-0.091321,0.436326,-0.012537,0.149579,0.000307
1145,-0.193115,-0.061657,0.431771,-0.010650,0.157461,0.000858
1146,-0.020489,-0.055812,0.441245,-0.010181,0.142327,0.001158
1147,-0.193293,0.045746,0.437519,-0.002419,0.157282,0.001007
1148,-0.001564,0.046836,0.443127,-0.001745,0.140691,0.001991
1149,0.130643,0.050226,0.447275,-0.001266,0.128856,0.001322
1150,-0.279882,0.130643,0.433378,0.004830,0.164403,-0.000547
1151,0.040635,0.034762,0.449182,-0.001553,0.136517,-0.000037
1152,-0.115972,-0.020223,0.434864,-0.006231,0.150471,0.000796
1153,-0.173237,-0.071020,0.433456,-0.010450,0.155522,0.000713
1154,-0.080806,-0.073565,0.437038,-0.010679,0.147509,0.000925
1155,-0.127662,-0.050992,0.433362,-0.009260,0.151750,0.001149
1156,-0.139398,-0.028631,0.436311,-0.007630,0.152705,0.001026
1157,0.009422,0.022480,0.446981,-0.003195,0.139462,0.001279
1158,-0.182690,0.054267,0.432041,-0.000880,0.156480,0.002280
1159,0.054940,0.013376,0.447186,-0.003575,0.135487,0.001088
1160,-0.181320,0.025455,0.433328,-0.002997,0.156190,0.000934
1161,-0.060739,-0.025230,0.440644,-0.006697,0.145668,0.000909
1162,-0.146962,-0.000638,0.438985,-0.004834,0.153164,0.001084
1163,-0.121712,-0.020023,0.436472,-0.006282,0.151310,0.001797
1164,-0.062327,-0.030306,0.439040,-0.007082,0.146161,0.001961
1165,-0.122617,-0.064044,0.431648,-0.010242,0.151558,0.001970
1166,0.006744,-0.000621,0.447163,-0.005036,0.139649,0.001321
1167,-0.243359,0.042631,0.427464,-0.002026,0.161912,0.002485
1168,0.110533,-0.000571,0.450046,-0.004725,0.130682,0.001133
1169,-0.225361,0.038422,0.431343,-0.002241,0.160076,0.001010
1170,0.018161,-0.014487,0.445692,-0.005819,0.138700,0.001039
1171,-0.140311,-0.013541,0.433443,-0.006207,0.152718,0.000995
1172,-0.088852,-0.025130,0.438552,-0.007052,0.148127,0.000795
1173,-0.123584,-0.020025,0.436885,-0.006807,0.151231,0.000862
1174,0.021075,-0.045436,0.440065,-0.008829,0.138648,0.001087
1175,-0.233629,0.073850,0.434262,0.000315,0.160571,-0.000263
1176,0.008234,0.031143,0.446587,-0.002216,0.139510,0.000825
1177,-0.110692,0.017313,0.437288,-0.003481,0.150020,0.001011
1178,-0.138371,0.015667,0.440550,-0.003382,0.152372,0.001006
1179,-0.104665,-0.020536,0.437810,-0.006109,0.149785,0.001732
1180,-0.080484,-0.042640,0.437472,-0.007945,0.147767,0.001942
1181,-0.145000,-0.055731,0.446180,-0.009071,0.152636,0.001934
1182,-0.090977,-0.033938,0.420085,-0.007631,0.149756,0.001468
1183,0.000637,0.016171,0.444781,-0.003566,0.140515,0.003412
1184,-0.116479,0.050252,0.438817,-0.001042,0.150547,0.001282
1185,-0.042231,0.013671,0.441401,-0.003677,0.144145,0.001180
1186,-0.109592,0.004368,0.437483,-0.004493,0.150028,0.001007
1187,-0.101699,-0.013079,0.437987,-0.005841,0.149413,0.000971
1188,-0.112705,-0.027797,0.436660,-0.007085,0.150444,0.001077
1189,-0.093594,-0.033996,0.437466,-0.007692,0.148811,0.001165
1190,0.029536,-0.019659,0.441971,-0.006496,0.137870,0.001158
1191,-0.247119,0.049225,0.432350,-0.001482,0.161891,0.000114
1192,-0.009253,0.005572,0.444965,-0.004215,0.141198,0.000895
1193,-0.105996,-0.002561,0.436431,-0.005103,0.149792,0.001141
1194,-0.079572,-0.015495,0.438640,-0.006086,0.147439,0.000990
1195,-0.154181,-0.016532,0.435004,-0.006361,0.154029,0.000835
1196,-0.053252,-0.029519,0.440423,-0.007272,0.145238,0.001157
1197,0.000165,-0.018213,0.439748,-0.006503,0.140480,0.001161
1198,-0.217283,0.061040,0.434878,-0.000459,0.159230,-0.000040
1199,-0.024676,0.015138,0.444397,-0.003433,0.142512,0.000861
1200,-0.092740,-0.003084,0.437383,-0.005018,0.148627,0.001126
1201,-0.098381,-0.029189,0.437049,-0.007162,0.149115,0.001049
1202,-0.130203,-0.025600,0.435855,-0.007030,0.151944,0.000831
1203,-0.070158,-0.048021,0.438183,-0.008893,0.146745,0.001102
1204,-0.144640,-0.000657,0.435928,-0.005351,0.153212,0.000887
1205,-0.034782,0.016845,0.442778,-0.003661,0.143531,0.001183
1206,0.015056,0.008021,0.441559,-0.004368,0.139106,0.001039
1207,-0.225844,0.079705,0.434964,0.001153,0.159936,-0.000008
1208,-0.010248,-0.035564,0.443286,-0.007439,0.141359,0.000924
1209,-0.124419,0.005530,0.435425,-0.004439,0.151382,0.000531
1210,-0.091951,-0.016585,0.438396,-0.006085,0.148520,0.000907
1211,-0.108992,-0.031190,0.436520,-0.007383,0.150075,0.000988
1212,-0.085550,-0.041030,0.437415,-0.008295,0.148052,0.001020
1213,-0.162245,-0.010832,0.435204,-0.006114,0.154776,0.000871
1214,0.083947,-0.029371,0.444388,-0.007316,0.133209,0.001299
1215,-0.258472,0.084147,0.433106,0.001205,0.162796,-0.000240
1216,-0.001339,-0.021123,0.445107,-0.006471,0.140552,0.000872
1217,-0.204380,0.002499,0.447437,-0.004726,0.157618,0.000454
1218,-0.042581,-0.049287,0.427993,-0.008823,0.145346,0.000995
1219,-0.065770,0.003609,0.441940,-0.004689,0.146413,0.004106
1220,-0.122968,-0.001189,0.431079,-0.005329,0.151800,0.003504
1221,-0.122064,0.007189,0.437204,-0.004572,0.151446,0.002647
1222,-0.018298,-0.006677,0.442867,-0.005610,0.142195,0.000893
1223,-0.109384,0.001673,0.436537,-0.005187,0.150191,0.000823
1224,-0.104441,0.001219,0.438712,-0.005154,0.149700,0.000629
1225,-0.081298,-0.001758,0.439611,-0.005322,0.147728,0.000761
1226,-0.095774,-0.003781,0.437727,-0.005509,0.149047,0.000893
1227,0.039888,-0.040634,0.441249,-0.008437,0.137138,0.000776
1228,-0.302185,0.047299,0.430076,-0.002026,0.166843,-0.000259
1229,0.032568,-0.005503,0.447640,-0.005300,0.137631,0.000294
1230,-0.107577,0.001227,0.436077,-0.005125,0.150033,0.000805
1231,-0.126416,-0.002542,0.437117,-0.005373,0.151645,0.000764
1232,-0.046049,-0.011474,0.440686,-0.005935,0.144641,0.000791
1233,-0.016946,-0.032659,0.438392,-0.007812,0.142087,0.000703
1234,-0.261699,0.038821,0.432130,-0.002479,0.163316,-0.000207
1235,-0.002701,-0.003739,0.444675,-0.005131,0.140804,0.000297
1236,-0.087848,-0.000410,0.438270,-0.005093,0.148241,0.000427
1237,-0.118618,-0.001567,0.437089,-0.005161,0.150945,0.000637
1238,-0.066373,-0.012521,0.439605,-0.005924,0.146382,0.000660
1239,-0.119739,-0.006137,0.437205,-0.005535,0.151058,0.000647
1240,0.028580,-0.046670,0.440754,-0.008691,0.138116,0.000800
1241,-0.258827,0.037498,0.431831,-0.002541,0.163008,-0.000339
1242,-0.000543,-0.012239,0.444699,-0.005765,0.140543,0.000493
1243,-0.108778,-0.003053,0.436376,-0.005361,0.150080,0.000675
1244,-0.112969,-0.004084,0.437567,-0.005397,0.150427,0.000657
1245,-0.066414,-0.007571,0.439735,-0.005594,0.146345,0.000582
1246,-0.119023,-0.006160,0.436935,-0.005607,0.150982,0.000664
1247,-0.096487,-0.006967,0.438773,-0.005613,0.149039,0.000687
1248,0.015216,-0.043289,0.440239,-0.008540,0.139309,0.000840
1249,-0.238083,0.033904,0.432337,-0.002898,0.161239,-0.000244
1250,-0.020068,-0.001215,0.444473,-0.005028,0.142233,0.000528
1251,-0.100739,-0.005640,0.436880,-0.005633,0.149438,0.000768
1252,-0.112293,-0.005451,0.437483,-0.005619,0.150407,0.000737
1253,-0.081214,-0.006250,0.439514,-0.005632,0.147707,0.000682
1254,-0.109735,-0.006643,0.437441,-0.005735,0.150265,0.000843
1255,0.027856,-0.011034,0.443934,-0.005895,0.138121,0.000929
1256,-0.297820,0.038082,0.427561,-0.002545,0.166717,0.000660
1257,0.075708,-0.019067,0.449419,-0.006202,0.133904,0.000459
1258,-0.156362,0.008175,0.433491,-0.004607,0.154287,0.000667
1259,-0.081286,-0.004650,0.440129,-0.005338,0.147682,0.000722
1260,-0.094827,-0.009950,0.437820,-0.005833,0.148951,0.000795
1261,0.019785,-0.012170,0.443373,-0.005863,0.138799,0.000835
1262,-0.271151,0.030249,0.428955,-0.002965,0.164256,0.000596
1263,0.052768,-0.017213,0.447601,-0.005974,0.135858,0.000560
1264,-0.182226,0.001578,0.432240,-0.005022,0.156542,0.000762
1265,-0.063052,-0.018778,0.440472,-0.006349,0.146079,0.000635
1266,-0.087736,-0.013754,0.437764,-0.006090,0.148284,0.000712
1267,-0.014853,-0.038484,0.438827,-0.008140,0.141875,0.000658
1268,-0.231942,0.030000,0.433460,-0.003072,0.160648,-0.000192
1269,-0.026326,-0.012110,0.443516,-0.005855,0.142824,0.000534
1270,-0.093389,-0.003319,0.437115,-0.005386,0.148765,0.000767
1271,-0.121317,-0.004673,0.437123,-0.005529,0.151186,0.000653
1272,-0.073708,-0.012225,0.439800,-0.006067,0.147040,0.000718
1273,-0.113124,-0.005636,0.437245,-0.005656,0.150550,0.000804
1274,0.040149,-0.046411,0.441035,-0.008882,0.137147,0.000875
1275,-0.285643,0.038205,0.430186,-0.002791,0.165430,-0.000195
1276,-0.013437,0.003575,0.445193,-0.004761,0.141735,0.000264
1277,-0.070874,-0.000926,0.439139,-0.005301,0.146810,0.000572
1278,-0.123220,0.002391,0.436658,-0.005095,0.151402,0.000757
1279,-0.059508,-0.003311,0.440874,-0.005395,0.145808,0.000715
1280,0.007597,-0.033000,0.439303,-0.007863,0.139961,0.000836
1281,-0.268624,0.042626,0.431960,-0.002290,0.163896,-0.000245
1282,-0.019717,0.004109,0.444362,-0.004588,0.142295,0.000300
1283,-0.056946,-0.003756,0.439599,-0.005341,0.145574,0.000541
1284,-0.138556,0.001888,0.436089,-0.004987,0.152692,0.000665
1285,-0.063197,-0.010184,0.440596,-0.005750,0.146114,0.000675
1286,-0.107872,-0.007906,0.436594,-0.005674,0.150087,0.000819
1287,0.032904,-0.047312,0.440904,-0.008798,0.137715,0.000685
1288,-0.276147,0.038684,0.431348,-0.002501,0.164497,-0.000310
1289,-0.001537,-0.006234,0.445280,-0.005273,0.140619,0.000502
1290,-0.108751,-0.007950,0.436119,-0.005740,0.150132,0.000786
1291,-0.104537,-0.008681,0.437409,-0.005765,0.149732,0.000713
1292,-0.082163,-0.008974,0.439531,-0.005766,0.147737,0.000564
1293,-0.121975,-0.003396,0.437047,-0.005391,0.151296,0.000735
1294,0.052452,-0.049826,0.441535,-0.009018,0.136055,0.000850
1295,-0.312987,0.040450,0.429115,-0.002536,0.167804,-0.000251
1296,0.044960,-0.013170,0.447786,-0.005882,0.136564,0.000291
1297,-0.109402,0.003085,0.435969,-0.005029,0.150162,0.000672
1298,-0.135658,0.002042,0.436905,-0.005054,0.152432,0.000644
1299,-0.048070,-0.009284,0.441394,-0.005784,0.144804,0.000717
1300,-0.138008,-0.001803,0.435710,-0.005377,0.152737,0.000863
1301,0.067005,-0.052369,0.442434,-0.009275,0.134798,0.000888
1302,-0.292901,0.043679,0.430290,-0.002331,0.165992,-0.000310
1303,0.016453,-0.009830,0.446060,-0.005738,0.139084,0.000578
1304,-0.122155,0.009610,0.436069,-0.004538,0.151276,0.000719
1305,-0.091496,-0.003377,0.438834,-0.005428,0.148597,0.000761
1306,-0.089429,-0.003164,0.439057,-0.005410,0.148432,0.000736
1307,0.025319,-0.038221,0.440248,-0.008198,0.138414,0.000860
1308,-0.276053,0.042447,0.431385,-0.002295,0.164538,-0.000232
1309,-0.027285,0.004560,0.443997,-0.004533,0.142957,0.000277
1310,-0.040530,-0.008891,0.440104,-0.005705,0.144129,0.000551
1311,-0.143479,0.004494,0.435737,-0.004796,0.153106,0.000565
1312,-0.067231,-0.007148,0.440612,-0.005492,0.146424,0.000622
1313,-0.112863,-0.004243,0.437052,-0.005351,0.150495,0.000740
1314,0.030384,-0.043195,0.440865,-0.008379,0.137941,0.000782
1315,-0.250292,0.028888,0.431842,-0.003186,0.162259,-0.000183
1316,-0.023437,-0.003935,0.444133,-0.005114,0.142518,0.000444
1317,-0.102288,-0.005993,0.436790,-0.005516,0.149544,0.000723
1318,-0.121333,-0.004568,0.437191,-0.005388,0.151175,0.000667
1319,-0.051691,-0.012134,0.440165,-0.005874,0.145085,0.000683
1320,-0.126083,-0.010715,0.436467,-0.005950,0.151611,0.000776
1321,0.018560,-0.051300,0.440047,-0.009177,0.139005,0.000756
1322,-0.235582,0.035180,0.433037,-0.002814,0.160961,-0.000364
1323,-0.044588,-0.003317,0.443118,-0.005254,0.144389,0.000527
1324,-0.088191,-0.007956,0.437770,-0.005816,0.148340,0.000819
1325,-0.107946,-0.004944,0.437145,-0.005623,0.150053,0.000775
1326,-0.079113,-0.009341,0.439494,-0.005953,0.147505,0.000619
1327,-0.114926,-0.001818,0.437546,-0.005429,0.150689,0.000778
1328,0.041185,-0.044696,0.441329,-0.008803,0.137054,0.000882
1329,-0.293662,0.043783,0.430263,-0.002386,0.166131,-0.000176
1330,0.023790,-0.003986,0.447122,-0.005320,0.138441,0.000347
1331,-0.102463,0.002981,0.436391,-0.005113,0.149621,0.000786
1332,-0.119351,0.002696,0.437644,-0.005091,0.151038,0.000675
1333,-0.052907,-0.005807,0.440906,-0.005616,0.145236,0.000761
1334,-0.002166,-0.034435,0.438749,-0.008051,0.140834,0.000814
1335,-0.263557,0.044540,0.432349,-0.002162,0.163459,-0.000253
1336,-0.026161,0.006239,0.444028,-0.004453,0.142872,0.000284
1337,-0.043774,-0.006143,0.440205,-0.005529,0.144414,0.000568
1338,-0.126851,0.007933,0.436411,-0.004500,0.151633,0.000577
1339,-0.080520,-0.006977,0.439632,-0.005522,0.147579,0.000612
1340,-0.107172,-0.005472,0.437760,-0.005436,0.149967,0.000670
1341,0.006790,-0.041800,0.439938,-0.008289,0.140020,0.000807
1342,-0.220059,0.030620,0.433193,-0.002958,0.159632,-0.000301
1343,-0.036582,-0.012404,0.442740,-0.005818,0.143686,0.000473
1344,-0.111329,-0.006024,0.436794,-0.005525,0.150313,0.000591
1345,-0.105777,-0.011254,0.437759,-0.005912,0.149833,0.000649
1346,-0.090472,-0.014203,0.438688,-0.006148,0.148517,0.000688
1347,0.021011,-0.049631,0.439664,-0.009048,0.138809,0.000875
1348,-0.257617,0.032883,0.431734,-0.003030,0.162913,-0.000219
1349,-0.021012,-0.003362,0.444579,-0.005225,0.142321,0.000477
1350,-0.084076,-0.003295,0.437622,-0.005446,0.147958,0.000808
1351,-0.131456,0.001848,0.436843,-0.005085,0.152074,0.000709
1352,-0.070742,-0.005799,0.440259,-0.005554,0.146792,0.000735
1353,-0.102971,-0.005055,0.437566,-0.005588,0.149676,0.000883
1354,0.024171,-0.039186,0.440606,-0.008288,0.138534,0.000902
1355,-0.258387,0.034512,0.431759,-0.002969,0.163027,-0.000144
1356,-0.001668,-0.005481,0.445049,-0.005439,0.140694,0.000456
1357,-0.119803,0.001188,0.436331,-0.005214,0.151098,0.000709
1358,-0.097949,0.001097,0.439150,-0.005091,0.149168,0.000732
1359,0.048663,-0.043124,0.441202,-0.008577,0.136390,0.000898
1360,-0.306968,0.045730,0.429678,-0.002136,0.167262,-0.000194
1361,0.037806,-0.006148,0.447938,-0.005320,0.137169,0.000313
1362,-0.099596,-0.000388,0.436135,-0.005244,0.149329,0.000810
1363,-0.140379,0.006130,0.436737,-0.004677,0.152830,0.000669
1364,-0.042382,-0.013313,0.440973,-0.006027,0.144300,0.000689
1365,-0.130685,-0.001352,0.436381,-0.005258,0.152039,0.000702
1366,0.048461,-0.045799,0.441696,-0.008664,0.136372,0.000797
1367,-0.296254,0.037591,0.429571,-0.002672,0.166323,-0.000258
1368,-0.003202,-0.000000,0.445692,-0.004824,0.140801,0.000193
1369,-0.078908,-0.002295,0.438174,-0.005207,0.147490,0.000462
1370,-0.102193,0.002230,0.437981,-0.004837,0.149461,0.000547
1371,-0.091712,-0.010260,0.438405,-0.005783,0.148579,0.000575
1372,-0.109108,-0.005955,0.438050,-0.005458,0.150116,0.000660
1373,-0.088275,-0.016345,0.438165,-0.006265,0.148354,0.000804
1374,0.029843,-0.052027,0.440081,-0.009202,0.138020,0.000758
1375,-0.278635,0.034874,0.430714,-0.002873,0.164737,-0.000280
1376,0.000332,-0.006335,0.445752,-0.005376,0.140447,0.000469
1377,-0.107688,-0.006076,0.435994,-0.005694,0.150044,0.000800
1378,-0.122683,0.000579,0.437600,-0.005137,0.151289,0.000650
1379,-0.063345,-0.008984,0.440386,-0.005789,0.146150,0.000729
1380,-0.109076,-0.005769,0.436836,-0.005665,0.150205,0.000871
1381,-0.092941,-0.007542,0.438821,-0.005785,0.148764,0.000760
1382,0.006541,-0.007502,0.443122,-0.005661,0.139991,0.000906
1383,-0.274578,0.033257,0.428555,-0.002889,0.164707,0.000783
1384,0.064012,-0.021501,0.448610,-0.006481,0.134935,0.000482
1385,-0.155907,0.006977,0.433408,-0.004743,0.154273,0.000901
1386,-0.077717,-0.005655,0.440222,-0.005496,0.147387,0.000761
1387,-0.093724,-0.008242,0.437671,-0.005773,0.148850,0.000859
1388,0.037397,-0.040993,0.441098,-0.008388,0.137328,0.000738
1389,-0.300641,0.042500,0.429723,-0.002337,0.166703,-0.000267
1390,0.006505,0.001688,0.446334,-0.004706,0.139944,0.000191
1391,-0.083824,0.000540,0.438126,-0.005028,0.147917,0.000497
1392,-0.100242,0.003394,0.437908,-0.004749,0.149309,0.000644
1393,-0.089360,-0.008877,0.438632,-0.005683,0.148366,0.000608
1394,-0.108701,-0.003945,0.437956,-0.005299,0.150083,0.000682
1395,-0.081810,-0.012641,0.438665,-0.005936,0.147774,0.000783
1396,-0.109334,-0.011462,0.437262,-0.005942,0.150194,0.000746
1397,0.021252,-0.016321,0.443437,-0.006161,0.138674,0.000822
1398,-0.272467,0.033952,0.429114,-0.002650,0.164372,0.000606
1399,0.057591,-0.029501,0.447126,-0.006981,0.135479,0.000632
1400,-0.173405,-0.000271,0.432481,-0.005250,0.155764,0.000641
1401,-0.081109,-0.010177,0.440037,-0.005774,0.147631,0.000552
1402,-0.093772,-0.009941,0.438391,-0.005830,0.148805,0.000691
1403,-0.103674,-0.011853,0.437391,-0.006033,0.149715,0.000830
1404,0.034378,-0.050611,0.440634,-0.009166,0.137630,0.000797
1405,-0.267751,0.035404,0.431272,-0.002919,0.163805,-0.000211
1406,-0.014334,-0.001401,0.445049,-0.005115,0.141744,0.000490
1407,-0.090299,-0.002020,0.437350,-0.005418,0.148541,0.000834
1408,-0.136032,0.005296,0.436769,-0.004861,0.152486,0.000743
1409,-0.038383,-0.008443,0.441777,-0.005765,0.143974,0.000780
1410,-0.133828,-0.000825,0.435612,-0.005379,0.152375,0.000878
1411,0.040499,-0.041491,0.442239,-0.008493,0.137087,0.000821
1412,-0.267854,0.037072,0.430887,-0.002831,0.163890,-0.000139
1413,0.009266,-0.009132,0.445615,-0.005764,0.139730,0.000497
1414,-0.105268,0.006575,0.436710,-0.004810,0.149805,0.000682
1415,-0.117230,0.002590,0.437925,-0.005063,0.150828,0.000704
1416,-0.071650,-0.001048,0.440206,-0.005218,0.146875,0.000763
1417,0.009331,-0.032633,0.439677,-0.007781,0.139815,0.000863
1418,-0.258179,0.038946,0.432063,-0.002526,0.163009,-0.000137
1419,-0.004363,-0.001435,0.445364,-0.004985,0.140880,0.000303
1420,-0.092497,-0.002389,0.437163,-0.005308,0.148702,0.000544
1421,-0.123537,-0.002819,0.437042,-0.005313,0.151382,0.000670
1422,-0.047623,-0.013705,0.440583,-0.006042,0.144766,0.000684
1423,-0.032272,-0.031650,0.437679,-0.007646,0.143404,0.000700
1424,-0.224997,0.032713,0.433986,-0.002802,0.160032,-0.000163
1425,-0.011690,-0.004805,0.444364,-0.005158,0.141501,0.000492
1426,-0.122315,-0.001595,0.435751,-0.005170,0.151291,0.000728
1427,-0.099941,-0.007874,0.438264,-0.005573,0.149299,0.000633
1428,-0.081567,-0.003960,0.439766,-0.005206,0.147675,0.000656
1429,-0.000530,-0.058348,0.438185,-0.009678,0.140713,0.000720
1430,-0.244964,0.018038,0.431940,-0.004115,0.161833,-0.000049
1431,-0.050832,-0.022556,0.442323,-0.006836,0.145008,0.000578
1432,-0.089901,-0.015522,0.437470,-0.006526,0.148527,0.000793
1433,-0.118282,-0.018148,0.436485,-0.006871,0.151034,0.000876
1434,-0.077998,-0.019145,0.439081,-0.006997,0.147517,0.000877
1435,-0.119176,-0.011830,0.436905,-0.006614,0.151154,0.000926
1436,0.040553,-0.047150,0.441270,-0.009454,0.137201,0.001016
1437,-0.302149,0.042037,0.429888,-0.003053,0.166989,0.000009
1438,0.032103,-0.003813,0.447771,-0.005857,0.137827,0.000596
1439,-0.096098,0.003006,0.436713,-0.005735,0.149177,0.001031
1440,-0.123367,0.012612,0.437714,-0.004948,0.151502,0.000910
1441,-0.049112,0.008025,0.442047,-0.005110,0.144991,0.000959
1442,0.004205,-0.023451,0.439568,-0.007722,0.140394,0.001196
1443,-0.243861,0.044226,0.433165,-0.002723,0.161865,0.000143
1444,-0.006104,0.007408,0.445316,-0.004927,0.141166,0.000629
1445,-0.091952,0.010297,0.437572,-0.004859,0.148759,0.000908
1446,-0.102004,0.012078,0.439029,-0.004594,0.149563,0.000803
1447,-0.082654,0.006003,0.439364,-0.004923,0.147920,0.000878
1448,-0.082306,0.000608,0.438944,-0.005267,0.147862,0.000909
1449,0.006402,-0.002426,0.443191,-0.005311,0.139994,0.000921
1450,-0.291921,0.037302,0.427696,-0.002555,0.166225,0.000727
1451,0.086223,-0.026837,0.449489,-0.006738,0.132989,0.000429
1452,-0.204586,0.002961,0.430186,-0.005012,0.158607,0.000703
1453,-0.048125,-0.024745,0.441788,-0.006781,0.144771,0.000383
1454,-0.088561,-0.023017,0.437085,-0.006828,0.148389,0.000682
1455,-0.135413,-0.017535,0.435738,-0.006507,0.152475,0.000642
1456,0.018219,-0.060284,0.440566,-0.009891,0.139047,0.000702
1457,-0.253106,0.016176,0.430961,-0.004408,0.162609,-0.000103
1458,-0.023036,-0.015582,0.443895,-0.006340,0.142564,0.000570
1459,-0.104247,-0.012579,0.436280,-0.006410,0.149791,0.000886
1460,-0.117876,-0.005180,0.437510,-0.005863,0.150931,0.000812
1461,-0.080952,-0.013033,0.439525,-0.006469,0.147761,0.000919
1462,-0.106397,-0.010101,0.437183,-0.006374,0.150055,0.001058
1463,0.036562,-0.053590,0.440802,-0.009910,0.137542,0.000999
1464,-0.269512,0.042993,0.431320,-0.002835,0.164065,0.000180
1465,-0.010368,-0.001270,0.445414,-0.005630,0.141517,0.000766
1466,-0.101162,0.003618,0.437154,-0.005532,0.149589,0.001001
1467,-0.096017,0.006848,0.439122,-0.005207,0.149096,0.000969
1468,-0.086186,0.010877,0.439577,-0.004801,0.148243,0.000998
1469,0.044522,-0.036049,0.441533,-0.008503,0.136835,0.001145
1470,-0.277779,0.044003,0.431112,-0.002703,0.164797,0.000203
1471,-0.012558,0.004136,0.445183,-0.005074,0.141716,0.000598
1472,-0.072074,0.000449,0.438323,-0.005538,0.147028,0.000907
1473,-0.131073,0.012944,0.437243,-0.004525,0.152129,0.000852
1474,-0.057858,0.003256,0.441087,-0.005032,0.145715,0.000914
1475,0.009494,-0.003239,0.442918,-0.005441,0.139751,0.001011
1476,-0.305758,0.039336,0.427002,-0.002489,0.167453,0.000773
1477,0.096295,-0.026654,0.450274,-0.006770,0.132123,0.000490
1478,-0.192671,0.003397,0.430697,-0.005063,0.157577,0.000671
1479,-0.061342,-0.014563,0.441422,-0.006063,0.145924,0.000376
1480,-0.088775,-0.021941,0.437458,-0.006781,0.148421,0.000721
1481,0.000908,-0.052646,0.438692,-0.009323,0.140560,0.000749
1482,-0.299261,0.024799,0.429217,-0.003726,0.166659,-0.000254
1483,0.000643,-0.016152,0.445442,-0.006203,0.140546,0.000233
1484,-0.074087,-0.014103,0.438030,-0.006338,0.147111,0.000550
1485,-0.138739,-0.009503,0.435744,-0.006108,0.152767,0.000724
1486,-0.081375,-0.013697,0.439873,-0.006346,0.147751,0.000740
1487,-0.094891,-0.016306,0.437242,-0.006684,0.149035,0.001000
1488,-0.109771,-0.014489,0.437651,-0.006655,0.150313,0.000852
1489,0.022391,-0.018463,0.443434,-0.006859,0.138690,0.001050
1490,-0.301612,0.033551,0.427248,-0.003328,0.167154,0.000849
1491,0.085477,-0.021636,0.449983,-0.006871,0.133137,0.000663
1492,-0.169358,0.003855,0.432476,-0.005522,0.155567,0.000968
1493,-0.075557,-0.003160,0.440680,-0.005803,0.147272,0.000897
1494,-0.091680,0.001085,0.438679,-0.005521,0.148733,0.000999
1495,0.053935,-0.032656,0.441896,-0.008146,0.135978,0.001129
1496,-0.296643,0.041360,0.430258,-0.002898,0.166416,0.000092
1497,0.009370,-0.002123,0.445978,-0.005522,0.139807,0.000575
1498,-0.090749,0.001446,0.437170,-0.005528,0.148638,0.000807
1499,-0.113564,0.005416,0.437859,-0.005161,0.150564,0.000769
1500,-0.079883,0.002885,0.440058,-0.005224,0.147635,0.000755
1501,-0.100717,0.003913,0.438326,-0.005107,0.149493,0.000952
1502,0.049265,-0.045224,0.441314,-0.008950,0.136372,0.001039
1503,-0.275816,0.037700,0.431061,-0.002940,0.164543,0.000036
1504,-0.050153,0.004853,0.442610,-0.004815,0.145025,0.000703
1505,-0.033494,-0.006743,0.440981,-0.005744,0.143543,0.000634
1506,-0.153014,0.000554,0.435159,-0.005354,0.154016,0.000737
1507,-0.069898,-0.009194,0.440200,-0.005890,0.146763,0.000783
1508,-0.099381,-0.005501,0.437865,-0.005651,0.149355,0.000886
1509,0.022744,-0.049697,0.440145,-0.009172,0.138704,0.000962
1510,-0.291448,0.030870,0.429673,-0.003364,0.166007,-0.000088
1511,0.020141,-0.019047,0.446449,-0.006531,0.138803,0.000341
1512,-0.114646,-0.005522,0.435721,-0.005847,0.150702,0.000824
1513,-0.127270,-0.003007,0.437442,-0.005595,0.151777,0.000863
1514,-0.056622,-0.020132,0.439865,-0.006885,0.145666,0.000983
1515,0.006474,-0.046961,0.438773,-0.009242,0.140146,0.000931
1516,-0.291630,0.037306,0.430479,-0.003074,0.166008,-0.000135
1517,0.004977,-0.003823,0.445699,-0.005551,0.140221,0.000444
1518,-0.088400,0.001682,0.438192,-0.005375,0.148389,0.000665
1519,-0.106995,-0.005662,0.437530,-0.005971,0.150046,0.000918
1520,-0.085379,-0.002544,0.439238,-0.005667,0.148153,0.000920
1521,-0.099156,0.001439,0.438503,-0.005368,0.149362,0.000888
1522,0.036601,-0.012964,0.444087,-0.006328,0.137430,0.001064
1523,-0.327046,0.042509,0.426144,-0.002517,0.169337,0.000780
1524,0.110184,-0.023919,0.451351,-0.006779,0.130936,0.000563
1525,-0.177031,0.003090,0.431618,-0.005359,0.156203,0.000830
1526,-0.089043,-0.005113,0.440206,-0.005694,0.148412,0.000736
1527,-0.070145,-0.013148,0.438987,-0.006327,0.146828,0.000950
1528,0.003162,-0.043539,0.439099,-0.008867,0.140400,0.000969
1529,-0.263366,0.027954,0.431640,-0.003670,0.163501,0.000073
1530,-0.009776,-0.010769,0.444441,-0.006072,0.141468,0.000753
1531,-0.102349,-0.005522,0.436654,-0.005955,0.149637,0.000873
1532,-0.113373,-0.001940,0.437832,-0.005653,0.150560,0.000769
1533,-0.070096,-0.008480,0.439901,-0.006091,0.146789,0.000831
1534,-0.118108,-0.001654,0.437140,-0.005639,0.151033,0.000993
1535,0.017805,-0.009835,0.443827,-0.006077,0.139068,0.001077
1536,-0.296147,0.033849,0.427337,-0.003122,0.166672,0.001095
1537,0.106544,-0.028540,0.450356,-0.007223,0.131274,0.000632
1538,-0.192070,0.005456,0.431295,-0.005259,0.157502,0.000810
1539,-0.082662,-0.001827,0.440862,-0.005449,0.147846,0.000776
1540,-0.066240,-0.005544,0.439200,-0.005741,0.146486,0.000978
1541,-0.011823,-0.007982,0.442189,-0.005880,0.141603,0.001054
1542,-0.283854,0.031583,0.428074,-0.003156,0.165558,0.000823
1543,0.081562,-0.023712,0.449229,-0.006716,0.133436,0.000530
1544,-0.168594,0.004826,0.432590,-0.005050,0.155400,0.000785
1545,-0.079691,-0.016629,0.439780,-0.006496,0.147581,0.000758
1546,-0.093148,-0.013573,0.438028,-0.006334,0.148790,0.000807
1547,0.018337,-0.050553,0.439567,-0.009354,0.139084,0.000927
1548,-0.303621,0.036497,0.429787,-0.003026,0.167036,-0.000183
1549,-0.001175,-0.008214,0.445338,-0.005762,0.140746,0.000372
1550,-0.057167,-0.009625,0.439056,-0.006115,0.145654,0.000644
1551,-0.141550,0.002066,0.436070,-0.005321,0.152997,0.000782
1552,-0.071970,-0.009825,0.440083,-0.006102,0.146960,0.000881
1553,-0.101354,-0.012584,0.437354,-0.006465,0.149587,0.000941
1554,0.018960,-0.045706,0.440314,-0.009130,0.139030,0.000961
1555,-0.253825,0.028066,0.431945,-0.003809,0.162693,0.000160
1556,-0.051577,0.003027,0.442429,-0.005206,0.145193,0.000854
1557,-0.040472,-0.002544,0.440723,-0.005699,0.144203,0.000721
1558,-0.137131,0.004557,0.436061,-0.005314,0.152665,0.000836
1559,-0.066264,-0.006870,0.440160,-0.006054,0.146481,0.000872
1560,-0.107343,0.006261,0.438300,-0.005064,0.150051,0.000905
1561,0.051254,-0.042235,0.441701,-0.008844,0.136213,0.001059
1562,-0.290432,0.039554,0.430404,-0.002962,0.165866,0.000070
1563,-0.001551,-0.002660,0.445650,-0.005509,0.140717,0.000541
1564,-0.092596,-0.000533,0.437007,-0.005590,0.148813,0.000889
1565,-0.115425,0.004152,0.438068,-0.005176,0.150738,0.000798
1566,-0.079808,-0.001613,0.439391,-0.005503,0.147675,0.000890
1567,0.023691,-0.039463,0.440485,-0.008538,0.138599,0.000937
1568,-0.252197,0.032499,0.432055,-0.003291,0.162515,0.000092
1569,-0.031075,-0.001638,0.443607,-0.005328,0.143299,0.000726
1570,-0.078187,-0.008213,0.437951,-0.006031,0.147507,0.000832
1571,-0.142777,0.004711,0.436663,-0.005050,0.153116,0.000721
1572,-0.045220,-0.012786,0.440929,-0.006198,0.144620,0.000915
1573,-0.121814,-0.003339,0.436486,-0.005620,0.151335,0.000940
1574,0.017598,0.001318,0.444153,-0.004949,0.139016,0.001018
1575,-0.279672,0.026898,0.428040,-0.003401,0.165179,0.001006
1576,0.056482,-0.027055,0.447980,-0.006929,0.135622,0.000500
1577,-0.151807,-0.002083,0.433414,-0.005472,0.153935,0.000746
1578,-0.082577,-0.015532,0.439152,-0.006334,0.147843,0.000767
1579,-0.105698,-0.017607,0.437327,-0.006627,0.149900,0.000738
1580,-0.096647,-0.019740,0.437788,-0.006834,0.149138,0.000816
1581,0.019195,-0.053681,0.439632,-0.009645,0.139018,0.000858
1582,-0.291896,0.029254,0.429795,-0.003677,0.166041,-0.000147
1583,-0.012241,-0.006398,0.444996,-0.005769,0.141713,0.000319
1584,-0.063692,-0.009756,0.438954,-0.006284,0.146257,0.000698
1585,-0.119219,0.004975,0.437074,-0.005217,0.151065,0.000783
1586,-0.078641,-0.005893,0.439427,-0.005986,0.147544,0.000801
1587,-0.101823,-0.000852,0.438427,-0.005662,0.149564,0.000783
1588,-0.092395,-0.001868,0.438845,-0.005701,0.148790,0.001007
1589,0.047132,-0.044919,0.441123,-0.009146,0.136608,0.001119
1590,-0.293262,0.037322,0.429990,-0.003258,0.166142,0.000097
1591,0.006556,-0.000312,0.446203,-0.005441,0.140038,0.000508
1592,-0.095527,0.005593,0.437029,-0.005250,0.149058,0.000815
1593,-0.102232,0.003292,0.438559,-0.005375,0.149577,0.000710
1594,-0.078010,-0.000061,0.439570,-0.005554,0.147489,0.000798
1595,-0.112596,0.005304,0.438026,-0.005129,0.150528,0.000844
1596,-0.068351,-0.003325,0.439691,-0.005671,0.146675,0.000979
1597,-0.103111,0.000601,0.437981,-0.005409,0.149707,0.000994
1598,0.011664,-0.004968,0.443406,-0.005634,0.139591,0.001055
1599,-0.269480,0.028160,0.429269,-0.003440,0.164219,0.000820
1600,0.066369,-0.027648,0.447277,-0.007140,0.134806,0.000795
1601,-0.208110,0.008076,0.430716,-0.004915,0.158939,0.000760
1602,-0.042352,-0.009885,0.442880,-0.005853,0.144305,0.000492
1603,0.018805,-0.047908,0.439363,-0.009081,0.139049,0.000813
1604,-0.272501,0.031046,0.430833,-0.003306,0.164264,-0.000136
1605,-0.015261,-0.009615,0.444158,-0.005818,0.141948,0.000540
1606,-0.101923,0.000669,0.437591,-0.005223,0.149524,0.000585
1607,-0.100598,-0.012108,0.437914,-0.006200,0.149430,0.000778
1608,-0.095277,-0.012405,0.438280,-0.006247,0.149001,0.000814
1609,0.017710,-0.049654,0.439842,-0.009271,0.139140,0.000923
1610,-0.292118,0.033167,0.429931,-0.003279,0.166065,-0.000155
1611,0.028345,-0.012557,0.447147,-0.006082,0.138069,0.000393
1612,-0.113605,-0.002486,0.435780,-0.005688,0.150615,0.000916
1613,-0.144471,-0.001718,0.435726,-0.005638,0.153380,0.000895
1614,-0.026911,-0.018678,0.442627,-0.006793,0.143003,0.000639
1615,-0.002154,-0.045577,0.437997,-0.009244,0.140905,0.001006
1616,-0.304230,0.040946,0.430132,-0.002873,0.167124,0.000044
1617,0.035081,-0.009764,0.447775,-0.006048,0.137531,0.000508
1618,-0.103361,0.006602,0.436520,-0.005142,0.149747,0.000778
1619,-0.104830,-0.004772,0.437855,-0.005999,0.149852,0.000911
1620,-0.090174,0.001265,0.439292,-0.005471,0.148567,0.000827
1621,-0.086223,-0.002602,0.438763,-0.005753,0.148250,0.000975
1622,0.023095,-0.037979,0.440596,-0.008597,0.138677,0.001022
1623,-0.271497,0.035982,0.431249,-0.003234,0.164257,0.000170
1624,0.001710,-0.001440,0.445576,-0.005454,0.140463,0.000599
1625,-0.100991,0.001634,0.436849,-0.005480,0.149544,0.000881
1626,-0.107002,0.004558,0.438509,-0.005164,0.150013,0.000837
1627,-0.076698,-0.000344,0.439566,-0.005435,0.147372,0.000888
1628,-0.092447,0.000249,0.438549,-0.005382,0.148768,0.000972
1629,-0.003954,-0.004513,0.442539,-0.005594,0.140953,0.001031
1630,-0.245460,0.025000,0.430373,-0.003615,0.162123,0.000825
1631,0.047166,-0.019396,0.446468,-0.006467,0.136447,0.000756
1632,-0.168974,0.006687,0.433326,-0.004863,0.155399,0.000781
1633,-0.074540,-0.014237,0.439644,-0.006233,0.147142,0.000756
1634,-0.089608,-0.011996,0.438439,-0.006132,0.148447,0.000700
1635,-0.125248,-0.012812,0.436477,-0.006266,0.151635,0.000853
1636,0.033966,-0.022344,0.444059,-0.006821,0.137617,0.000912
1637,-0.313785,0.029992,0.426306,-0.003281,0.168156,0.000704
1638,0.084167,-0.031452,0.449604,-0.007284,0.133199,0.000488
1639,-0.174524,0.000988,0.432160,-0.005365,0.155931,0.000837
1640,-0.081275,-0.018285,0.439524,-0.006652,0.147738,0.000809
1641,-0.085430,-0.019242,0.438229,-0.006860,0.148155,0.000856
1642,-0.010147,-0.043600,0.438668,-0.008936,0.141588,0.000891
1643,-0.267611,0.028816,0.431353,-0.003678,0.163951,-0.000046
1644,0.024121,-0.014192,0.446118,-0.006393,0.138501,0.000461
1645,-0.124316,0.003246,0.436130,-0.005425,0.151531,0.000721
1646,-0.099670,-0.005730,0.438314,-0.006049,0.149417,0.000933
1647,-0.085987,-0.000695,0.439465,-0.005632,0.148215,0.000925
1648,0.019082,-0.036913,0.440346,-0.008561,0.139050,0.001067
1649,-0.246835,0.033528,0.432510,-0.003458,0.162102,0.000188
1650,-0.029667,0.005173,0.443816,-0.005070,0.143218,0.000618
1651,-0.059504,0.004880,0.439436,-0.005204,0.145873,0.000847
1652,-0.122461,0.007651,0.436980,-0.005034,0.151364,0.000834
1653,-0.086105,-0.001538,0.439354,-0.005640,0.148189,0.000792
1654,-0.076951,-0.001857,0.439513,-0.005617,0.147389,0.000882
1655,-0.110506,0.003976,0.437809,-0.005162,0.150353,0.000967
1656,0.014442,-0.004685,0.443573,-0.005598,0.139350,0.001052
1657,-0.263677,0.027765,0.429301,-0.003456,0.163744,0.001050
1658,0.049636,-0.018144,0.447179,-0.006379,0.136247,0.000671
1659,-0.156066,-0.001026,0.433355,-0.005515,0.154335,0.000822
1660,-0.092490,-0.003678,0.439779,-0.005455,0.148693,0.000710
1661,0.031810,-0.048888,0.440499,-0.009059,0.137873,0.000902
1662,-0.293411,0.030717,0.429578,-0.003318,0.166152,0.000046
1663,0.012242,-0.015497,0.445988,-0.006195,0.139480,0.000354
1664,-0.095163,-0.006303,0.436541,-0.005798,0.148968,0.000737
1665,-0.132796,-0.010770,0.436713,-0.006180,0.152233,0.000817
1666,0.037373,-0.048945,0.441426,-0.009152,0.137382,0.000808
1667,-0.288313,0.030221,0.429919,-0.003493,0.165718,-0.000038
1668,0.005227,-0.016014,0.445763,-0.006416,0.140115,0.000389
1669,-0.100084,-0.006056,0.436566,-0.005965,0.149445,0.000876
1670,-0.117897,-0.008733,0.436993,-0.006208,0.151000,0.000909
1671,-0.080768,-0.014604,0.439387,-0.006665,0.147748,0.000876
1672,0.014308,-0.040656,0.439913,-0.008834,0.139457,0.000967
1673,-0.256995,0.033803,0.432044,-0.003423,0.162976,0.000160
1674,-0.020753,-0.000585,0.444367,-0.005494,0.142439,0.000868
1675,-0.086320,-0.001403,0.437791,-0.005802,0.148279,0.000962
1676,-0.111970,0.006275,0.438178,-0.005189,0.150475,0.000903
1677,-0.082780,0.005592,0.439812,-0.005112,0.147929,0.000941
1678,-0.068849,-0.003071,0.439261,-0.005774,0.146753,0.001126
1679,0.015521,-0.035813,0.439813,-0.008453,0.139333,0.001039
1680,-0.273537,0.038156,0.431589,-0.003062,0.164398,0.000062
1681,0.000580,-0.001292,0.445607,-0.005421,0.140548,0.000559
1682,-0.102313,0.001226,0.436669,-0.005483,0.149662,0.000899
1683,-0.113043,0.005768,0.438437,-0.005027,0.150541,0.000816
1684,0.044739,-0.040620,0.441754,-0.008593,0.136764,0.000964
1685,-0.259058,0.030657,0.431153,-0.003489,0.163139,0.000115
1686,-0.035099,0.001128,0.443746,-0.005152,0.143641,0.000414
1687,-0.065355,-0.001316,0.438907,-0.005427,0.146348,0.000706
1688,-0.123009,0.004059,0.437118,-0.005023,0.151354,0.000746
1689,-0.084984,-0.010497,0.438873,-0.006056,0.148070,0.000816
1690,-0.087032,-0.009276,0.438592,-0.005976,0.148246,0.000803
1691,-0.122229,-0.006242,0.436985,-0.005764,0.151347,0.000892
1692,0.029258,-0.017716,0.444043,-0.006452,0.138037,0.000991
1693,-0.279837,0.029078,0.428396,-0.003264,0.165102,0.000802
1694,0.053790,-0.030700,0.447082,-0.007270,0.135882,0.000750
1695,-0.174389,-0.006482,0.432097,-0.005951,0.155950,0.000856
1696,-0.084777,-0.012550,0.439948,-0.006180,0.148037,0.000733
1697,-0.092832,-0.018307,0.438253,-0.006737,0.148812,0.000895
1698,-0.045147,-0.022893,0.444694,-0.007050,0.144429,0.000987
1699,-0.176248,0.030326,0.429070,-0.003023,0.156451,0.003754
1700,-0.005735,0.012166,0.444551,-0.004016,0.141077,0.000910
1701,-0.101643,0.016202,0.437364,-0.003859,0.149501,0.000687
1702,-0.085242,0.016017,0.439576,-0.003675,0.147998,0.000488
1703,-0.131344,0.003288,0.458664,-0.004245,0.150893,0.000504
1704,-0.124663,-0.066777,0.411806,-0.010372,0.153247,0.000859
1705,-0.031693,0.029184,0.450572,-0.002254,0.143190,0.004190
1706,-0.240046,0.073372,0.448751,0.001503,0.160977,0.002855
1707,0.157962,-0.081527,0.460255,-0.010015,0.126530,0.001634
1708,-0.121558,-0.057155,0.409917,-0.010101,0.152647,-0.000849
1709,-0.107691,0.025204,0.435597,-0.003033,0.150146,0.004160
1710,-0.166710,-0.017821,0.430265,-0.006590,0.155553,0.001836
1711,-0.193389,0.005849,0.428413,-0.004750,0.158146,0.002787
1712,-0.164089,0.013861,0.432428,-0.003885,0.155739,0.003569
1713,-0.113276,0.002118,0.437144,-0.004556,0.151399,0.002314
1714,-0.053199,0.021524,0.443292,-0.002760,0.146000,0.003672
1715,-0.010260,0.004060,0.447384,-0.003964,0.142018,0.003254
1716,-0.004116,0.003389,0.447140,-0.004019,0.141246,0.002916
1717,-0.028272,0.005066,0.444747,-0.003990,0.143139,0.003826
1718,-0.092932,-0.009661,0.437187,-0.005351,0.148877,0.002841
1719,-0.137338,-0.003614,0.433783,-0.004980,0.152819,0.003464
1720,-0.233214,-0.003193,0.420901,-0.005185,0.161901,0.003553
1721,0.082264,-0.007658,0.456509,-0.004568,0.133090,0.003261
1722,-0.185415,0.004008,0.430055,-0.004571,0.157049,-0.000099
1723,-0.032328,-0.002917,0.476306,-0.004003,0.141513,0.000096
1724,-0.095318,-0.048572,0.407053,-0.008665,0.150761,0.000593
1725,-0.129361,0.011358,0.434398,-0.003730,0.152182,0.004299
1726,-0.146043,0.011287,0.433474,-0.003643,0.153776,0.003426
1727,-0.445630,0.077603,0.388269,0.001206,0.182163,0.002272
1728,0.521485,-0.125275,0.528306,-0.011500,0.092376,0.009799
1729,-0.095766,0.006955,0.429199,-0.004377,0.149032,0.002848
1730,-0.468732,0.024606,0.400971,-0.003573,0.182840,0.003966
1731,0.196828,-0.041216,0.480075,-0.006897,0.122189,0.001612
1732,-0.292336,0.010730,0.401539,-0.004557,0.167798,0.001484
1733,0.068542,-0.028913,0.447961,-0.006723,0.134835,0.001478
1734,-0.183009,0.008611,0.432097,-0.004359,0.156917,0.001543
1735,-0.051869,-0.004168,0.441608,-0.005032,0.145360,0.001368
1736,-0.092062,-0.000034,0.438015,-0.004836,0.148916,0.001409
1737,-0.101409,0.003948,0.438245,-0.004496,0.149712,0.001365
1738,-0.073962,-0.000942,0.439500,-0.004812,0.147310,0.001366
1739,-0.100140,0.002513,0.438067,-0.004583,0.149596,0.001357
1740,-0.083865,-0.000614,0.438998,-0.004755,0.148171,0.001341
1741,-0.090485,-0.000449,0.438493,-0.004744,0.148749,0.001348
1742,-0.096776,-0.001531,0.438240,-0.004815,0.149298,0.001321
1743,-0.090526,-0.002750,0.438745,-0.004872,0.148753,0.001340
1744,-0.114252,-0.003488,0.436516,-0.004971,0.150934,0.001392
1745,-0.057901,-0.011152,0.440590,-0.005483,0.145885,0.001140
1746,-0.132696,-0.002483,0.435479,-0.004962,0.152540,0.001331
1747,-0.065687,-0.010125,0.440727,-0.005419,0.146572,0.001126
1748,-0.121200,-0.003769,0.436136,-0.005052,0.151563,0.001427
1749,-0.098262,-0.005729,0.438498,-0.005146,0.149531,0.001235
1750,-0.047250,-0.013281,0.441158,-0.005695,0.145007,0.001245
1751,-0.138291,0.000732,0.435942,-0.004777,0.153016,0.001502
1752,-0.100544,-0.005478,0.438011,-0.005166,0.149804,0.001601
1753,-0.049636,0.000784,0.467275,-0.004112,0.143788,0.001459
1754,-0.139881,-0.018315,0.406727,-0.006566,0.154931,0.001697
1755,-0.054472,0.012299,0.442814,-0.003585,0.145740,0.004991
1756,-0.045385,0.017906,0.441075,-0.003211,0.144910,0.001575
1757,-0.114021,0.029738,0.437982,-0.002268,0.150869,0.001140
1758,-0.065195,0.018563,0.440867,-0.002863,0.146561,0.001016
1759,-0.064443,0.015045,0.439983,-0.003020,0.146494,0.000999
1760,-0.110582,-0.001669,0.435932,-0.004362,0.150555,0.000872
1761,-0.053219,0.006777,0.442029,-0.003453,0.145346,0.000248
1762,-0.145172,0.012017,0.435782,-0.003027,0.153491,0.000710
1763,-0.047119,-0.007662,0.441030,-0.004264,0.144897,0.000754
1764,-0.114659,-0.004270,0.436533,-0.004082,0.150817,0.000769
1765,-0.125549,0.042491,0.442314,0.000044,0.151480,0.000705
1766,0.053861,0.026157,0.450728,-0.000419,0.135748,0.003379
1767,-0.087639,-0.020809,0.439394,-0.004534,0.148004,0.003317
1768,0.108537,0.012976,0.432665,-0.001661,0.131182,0.004116
1769,-0.409139,0.071227,0.437544,0.002818,0.174649,0.003987
1770,0.085418,0.024940,0.451728,0.000448,0.132202,0.003599
1771,0.008780,0.028342,0.448329,0.000800,0.138236,0.003182
1772,0.037218,0.026121,0.447995,0.000912,0.135247,0.003264
1773,-0.008191,0.033189,0.457007,0.001904,0.137957,0.003125
1774,-0.604457,0.022068,0.381226,-0.000377,0.193063,0.003122
1775,0.156139,-0.031741,0.492862,-0.001867,0.122660,0.000295
1776,-0.239320,-0.020676,0.384527,-0.002751,0.162038,0.000417
1777,-0.003055,-0.048743,0.442605,-0.004028,0.138928,0.000218
1778,-0.175415,-0.030145,0.431357,-0.002923,0.154070,0.000204
1779,-0.086045,-0.018466,0.455380,-0.001336,0.145180,0.000133
1780,0.011319,-0.085548,0.420671,-0.007025,0.138707,0.000141
1781,-0.285964,-0.080609,0.418337,-0.007898,0.163891,-0.000509
1782,0.060113,-0.070173,0.451142,-0.006661,0.132849,-0.002743
1783,-0.356248,0.043921,0.431337,0.001768,0.169522,-0.001570
1784,0.052710,-0.066842,0.522602,-0.004904,0.130002,0.001603
1785,-0.158798,0.024613,0.354756,-0.000591,0.157124,-0.000096
1786,-0.005555,0.018448,0.443891,0.000413,0.139496,0.001464
1787,-0.116785,0.024940,0.435675,0.000679,0.149321,0.001622
1788,-0.047843,0.033707,0.443621,0.001657,0.143040,0.000820
1789,-0.095611,0.035574,0.438999,0.001901,0.147329,0.001498
1790,-0.059142,0.030561,0.441159,0.001769,0.144098,0.001527
1791,-0.178448,0.004138,0.435284,-0.000455,0.154692,0.001444
1792,-0.000319,-0.022574,0.466116,-0.001824,0.137918,0.001479
1793,-0.182668,-0.008330,0.408139,-0.001725,0.156555,0.001109
1794,-0.026727,-0.018413,0.441420,-0.002059,0.141608,0.001016
1795,-0.146016,0.007778,0.435738,-0.000226,0.152031,0.000662
1796,-0.053437,-0.012757,0.440389,-0.001651,0.143901,0.000875
1797,-0.103591,-0.011056,0.436264,-0.001718,0.148370,0.000941
1798,-0.084404,-0.018502,0.437670,-0.002359,0.146583,0.000659
1799,-0.118440,-0.018788,0.436807,-0.002581,0.149629,0.000523
1800,-0.127158,-0.014150,0.436510,-0.002288,0.150486,0.000704
1801,-0.079345,-0.008602,0.452900,-0.001586,0.145566,0.000767
1802,-0.131611,0.009266,0.423893,-0.000571,0.151690,0.000973
1803,-0.005892,-0.000645,0.443620,-0.001047,0.139920,0.001455
1804,-0.124206,0.072665,0.485505,0.005553,0.147378,0.001643
1805,-0.091045,-0.024699,0.390365,-0.003703,0.150071,0.009047
1806,0.086951,-0.064116,0.441774,-0.006082,0.132124,0.001737
1807,-0.328218,0.083837,0.433610,0.005123,0.167752,-0.000282
1808,0.012507,0.020587,0.446780,0.001321,0.138470,0.003296
1809,-0.067329,0.026938,0.439531,0.001709,0.145521,0.003516
1810,-0.090652,-0.022761,0.433591,-0.002403,0.147718,0.003493
1811,-0.070214,0.034293,0.444470,0.002305,0.145353,0.001196
1812,-0.168004,-0.030345,0.428312,-0.003063,0.154648,0.003060
1813,0.008418,-0.022910,0.445150,-0.002306,0.138676,0.000263
1814,-0.185782,-0.003673,0.432391,-0.001201,0.155822,0.000757
1815,-0.088843,-0.020195,0.438289,-0.002311,0.147442,0.000794
1816,-0.093828,-0.014832,0.445255,-0.001866,0.147457,0.000620
1817,-0.139646,-0.004971,0.428454,-0.001341,0.152346,0.000627
1818,-0.003253,-0.023427,0.442257,-0.002635,0.140027,0.000871
1819,-0.152117,0.001233,0.435165,-0.001072,0.152957,0.000739
1820,0.085174,-0.053707,0.443280,-0.005287,0.132212,0.001023
1821,-0.327762,0.080357,0.433712,0.004793,0.167772,0.000111
1822,0.000638,0.017101,0.445672,0.000901,0.139607,0.003611
1823,-0.050904,0.021437,0.440293,0.001140,0.144164,0.004047
1824,-0.140539,0.034278,0.436601,0.002178,0.151989,0.004148
1825,-0.013822,-0.018936,0.439379,-0.001886,0.141066,0.004018
1826,-0.106099,0.002552,0.436438,-0.000576,0.148902,0.001294
1827,-0.093917,0.001485,0.438438,-0.000566,0.147775,0.000842
1828,-0.090554,0.001283,0.438707,-0.000534,0.147477,0.000785
1829,-0.101144,-0.002545,0.437780,-0.000807,0.148426,0.000841
1830,-0.111289,-0.003009,0.436759,-0.000839,0.149412,0.000874
1831,-0.065675,-0.008686,0.440239,-0.001188,0.145301,0.000610
1832,-0.128022,-0.008841,0.435243,-0.001362,0.150904,0.000867
1833,-0.088671,-0.013218,0.438593,-0.001654,0.147424,0.000634
1834,-0.072734,-0.017422,0.439219,-0.002045,0.145970,0.000618
1835,0.016076,-0.038340,0.440380,-0.003805,0.138192,0.000940
1836,-0.279248,0.015897,0.428440,-0.000141,0.163933,0.000279
1837,0.032202,-0.026813,0.446047,-0.002918,0.136674,0.000300
1838,-0.165376,0.055026,0.439817,0.003379,0.153713,0.000473
1839,-0.100404,0.030979,0.439466,0.002016,0.148436,0.003583
1840,-0.029018,-0.020961,0.437598,-0.002133,0.142503,0.003904
1841,-0.112429,0.002576,0.436995,-0.000642,0.149443,0.001165
1842,-0.102771,0.001110,0.437788,-0.000705,0.148664,0.000900
1843,-0.064485,-0.003807,0.440203,-0.001013,0.145236,0.000712
1844,-0.089432,-0.000820,0.438116,-0.000855,0.147441,0.000951
1845,-0.142393,0.001227,0.435399,-0.000770,0.152166,0.000906
1846,-0.058789,-0.009534,0.440361,-0.001473,0.144839,0.000711
1847,-0.087466,-0.009391,0.438423,-0.001584,0.147286,0.000697
1848,0.028489,-0.034329,0.441381,-0.003580,0.137115,0.000966
1849,-0.300371,0.070176,0.433951,0.004374,0.165477,0.000322
1850,0.013125,0.008511,0.445959,0.000533,0.138477,0.003539
1851,-0.081527,0.018121,0.438459,0.001106,0.146798,0.003941
1852,-0.119896,0.023424,0.437542,0.001623,0.150134,0.004004
1853,-0.041717,0.009636,0.441546,0.000810,0.143272,0.003951
1854,-0.138738,-0.014446,0.431408,-0.001425,0.152065,0.003919
1855,-0.032635,-0.012847,0.441951,-0.001238,0.142376,0.000992
1856,-0.123722,-0.011016,0.434817,-0.001354,0.150472,0.000815
1857,-0.091037,-0.011796,0.438885,-0.001337,0.147468,0.000433
1858,-0.117874,-0.012903,0.436155,-0.001524,0.149958,0.000700
1859,-0.078273,-0.018004,0.439348,-0.001896,0.146406,0.000556
1860,-0.085903,-0.019945,0.437612,-0.002187,0.147141,0.000883
1861,-0.126643,-0.011537,0.436262,-0.001684,0.150695,0.000895
1862,-0.102436,-0.016961,0.437163,-0.002165,0.148687,0.000971
1863,-0.097217,-0.013882,0.437798,-0.002049,0.148245,0.000745
1864,0.059833,-0.058559,0.441752,-0.005709,0.134432,0.000737
1865,-0.295992,0.069946,0.435279,0.003998,0.164990,0.000112
1866,-0.047227,0.020259,0.442935,0.000966,0.143809,0.003667
1867,-0.014211,0.014681,0.442429,0.000559,0.140978,0.004080
1868,-0.158296,0.037067,0.435494,0.002176,0.153573,0.004204
1869,-0.020486,0.018629,0.443464,0.001144,0.141473,0.004100
1870,-0.091235,-0.010134,0.434372,-0.001448,0.147879,0.004068
1871,-0.080180,0.003200,0.438854,-0.000495,0.146612,0.001292
1872,-0.098540,0.004790,0.438234,-0.000356,0.148192,0.000899
1873,-0.079457,-0.000549,0.439012,-0.000704,0.146542,0.000887
1874,-0.146660,0.001784,0.434949,-0.000607,0.152533,0.000881
1875,-0.038429,-0.011880,0.441353,-0.001466,0.143022,0.000661
1876,-0.116212,-0.007355,0.436784,-0.001309,0.149770,0.000621
1877,-0.080609,-0.013069,0.438265,-0.001715,0.146729,0.000887
1878,-0.113356,-0.007798,0.437321,-0.001401,0.149525,0.000662
1879,-0.065475,-0.019562,0.438995,-0.002318,0.145372,0.000934
1880,0.009446,-0.049083,0.438776,-0.004892,0.138803,0.000919
1881,-0.283784,0.072059,0.436353,0.004458,0.163886,0.000001
1882,-0.031713,0.018425,0.443649,0.001158,0.142402,0.003526
1883,-0.017227,-0.037504,0.435997,-0.003598,0.141439,0.003925
1884,-0.149905,0.051363,0.440919,0.003282,0.152345,0.000804
1885,-0.099473,0.027913,0.439298,0.001936,0.148326,0.003607
1886,-0.025124,-0.026478,0.438065,-0.002380,0.142048,0.003888
1887,-0.116911,-0.004486,0.435771,-0.001051,0.149840,0.001265
1888,-0.088701,-0.006695,0.438582,-0.001158,0.147319,0.000824
1889,-0.095227,-0.007882,0.437810,-0.001283,0.147902,0.000794
1890,-0.091094,-0.007713,0.438157,-0.001289,0.147542,0.000783
1891,-0.107443,-0.004116,0.437581,-0.001036,0.148982,0.000813
1892,-0.081517,-0.011007,0.438522,-0.001579,0.146732,0.000890
1893,-0.128211,-0.000636,0.436124,-0.000878,0.150891,0.000855
1894,-0.057945,-0.007210,0.440780,-0.001265,0.144659,0.000680
1895,-0.123440,-0.003684,0.435723,-0.001188,0.150521,0.000931
1896,-0.070274,-0.005256,0.440229,-0.001217,0.145752,0.000717
1897,-0.113049,-0.006425,0.436306,-0.001473,0.149638,0.000976
1898,-0.094829,-0.007283,0.438013,-0.001553,0.148036,0.000755
1899,-0.056555,-0.009988,0.440503,-0.001785,0.144580,0.000709
1900,-0.137519,0.002532,0.435429,-0.001008,0.151789,0.000976
1901,0.070734,-0.049294,0.443215,-0.005018,0.133463,0.000786
1902,-0.273888,0.082436,0.435703,0.005012,0.163073,0.000166
1903,-0.004613,-0.020726,0.440355,-0.002445,0.140196,0.003439
1904,-0.075711,0.052419,0.444478,0.003254,0.145888,0.000844
1905,-0.158098,0.047262,0.435802,0.003131,0.153520,0.003517
1906,-0.005683,-0.014288,0.439924,-0.001462,0.140409,0.003801
1907,-0.097740,0.007466,0.437544,-0.000084,0.148130,0.001119
1908,-0.081653,0.001417,0.438910,-0.000442,0.146682,0.000802
1909,-0.091595,-0.000138,0.438154,-0.000535,0.147549,0.000735
1910,-0.099573,-0.002588,0.437826,-0.000681,0.148235,0.000695
1911,-0.106381,-0.001800,0.437354,-0.000584,0.148897,0.000691
1912,-0.077969,-0.011166,0.439037,-0.001252,0.146346,0.000497
1913,-0.089023,-0.014099,0.437676,-0.001547,0.147332,0.000692
1914,-0.120280,-0.011637,0.436476,-0.001428,0.150059,0.000697
1915,-0.101982,-0.012717,0.437454,-0.001519,0.148549,0.000736
1916,-0.113728,-0.010511,0.436895,-0.001409,0.149613,0.000558
1917,-0.075002,-0.015409,0.439002,-0.001799,0.146225,0.000619
1918,-0.096828,-0.013247,0.438039,-0.001764,0.148070,0.000606
1919,-0.118415,-0.016434,0.435663,-0.002165,0.150111,0.000941
1920,-0.085249,-0.013647,0.438956,-0.001990,0.147157,0.000671
1921,-0.071307,-0.017102,0.439046,-0.002389,0.145912,0.000725
1922,-0.108950,-0.006351,0.437268,-0.001733,0.149226,0.001015
1923,0.033891,-0.044921,0.440681,-0.004869,0.136724,0.001112
1924,-0.277527,0.076193,0.436591,0.004373,0.163417,0.000197
1925,0.011146,-0.021992,0.440458,-0.002737,0.138920,0.003705
1926,-0.078466,0.050240,0.444117,0.002792,0.146180,0.000963
1927,-0.165789,0.048112,0.435789,0.002892,0.154226,0.003862
1928,0.010448,-0.008768,0.440790,-0.001319,0.139064,0.004037
1929,-0.134795,0.023436,0.435821,0.000814,0.151506,0.001255
1930,-0.051833,0.008844,0.441042,-0.000046,0.144188,0.000789
1931,-0.072010,0.015340,0.439955,0.000519,0.145846,0.000637
1932,-0.087930,0.006636,0.438430,-0.000083,0.147245,0.000797
1933,-0.093444,0.002852,0.438297,-0.000300,0.147701,0.000729
1934,-0.097678,0.000390,0.438228,-0.000412,0.148067,0.000711
1935,-0.116831,-0.005333,0.436401,-0.000844,0.149854,0.000776
1936,-0.053917,-0.011437,0.440288,-0.001186,0.144243,0.000527
1937,-0.158832,-0.010684,0.433818,-0.001344,0.153544,0.000753
1938,-0.066749,-0.022460,0.439695,-0.002117,0.145476,0.000541
1939,0.006241,-0.056720,0.437972,-0.005070,0.139132,0.000514
1940,-0.259282,0.070343,0.437657,0.004801,0.161688,-0.000533
1941,-0.015424,0.017534,0.444462,0.001576,0.140907,0.003128
1942,-0.072612,0.019376,0.439020,0.001649,0.145953,0.003514
1943,-0.084653,-0.033627,0.433604,-0.002744,0.147175,0.003671
1944,-0.097165,-0.013609,0.459103,-0.001038,0.146750,0.000948
1945,-0.154561,-0.016405,0.414243,-0.001966,0.154256,0.001019
1946,-0.072876,-0.006342,0.462221,-0.000387,0.144868,0.000958
1947,-0.088254,-0.011933,0.414266,-0.001476,0.148782,0.000787
1948,-0.078936,-0.009839,0.437847,-0.001205,0.146749,0.001143
1949,-0.111729,0.008350,0.438062,0.000211,0.149518,0.001111
1950,-0.075580,-0.000520,0.461746,-0.000043,0.145187,0.001106
1951,-0.121143,0.024931,0.415185,0.001411,0.151647,0.001131
1952,-0.020497,-0.014428,0.442032,-0.001343,0.141620,0.001012
1953,-0.085948,0.013649,0.441119,0.000799,0.147171,0.001161
1954,-0.122362,-0.067285,0.456140,-0.005637,0.149268,0.001209
1955,-0.126622,-0.006336,0.410059,-0.001580,0.152293,0.000124
1956,-0.103452,0.055004,0.447412,0.004092,0.148602,0.001070
1957,-0.054198,-0.045465,0.436738,-0.003888,0.145013,0.004248
1958,-0.117451,-0.004684,0.432641,-0.001098,0.150541,0.001949
1959,-0.067922,-0.018729,0.437809,-0.002189,0.146234,0.001447
1960,-0.115714,0.008913,0.437755,-0.000122,0.150303,0.001181
1961,-0.084967,0.055223,0.447065,0.003976,0.147288,0.001198
1962,-0.070033,0.037683,0.441914,0.002945,0.146336,0.004053
1963,-0.055882,0.031324,0.440555,0.002589,0.145129,0.003970
1964,-0.059035,-0.044817,0.452438,-0.003375,0.144660,0.004062
1965,-0.146532,0.072812,0.423605,0.005608,0.153645,0.001844
1966,-0.002727,0.009702,0.444002,0.001388,0.140444,0.003442
1967,-0.109223,-0.033270,0.431460,-0.002441,0.149982,0.003854
1968,-0.097674,0.057731,0.446724,0.005192,0.148147,0.001978
1969,-0.087843,-0.010067,0.454287,0.000236,0.146894,0.003838
1970,-0.111556,-0.008748,0.414140,-0.000285,0.151138,0.001627
1971,-0.071530,0.000015,0.444825,0.000856,0.146129,0.001028
1972,-0.105047,0.006726,0.431790,0.001305,0.149626,0.001051
1973,-0.070798,0.004888,0.440299,0.001361,0.146221,0.000931
1974,-0.085465,-0.012876,0.437602,-0.000062,0.147497,0.001021
1975,-0.109805,-0.008289,0.436833,0.000285,0.149576,0.001038
1976,-0.096950,-0.020424,0.436922,-0.000675,0.148488,0.001099
1977,-0.113757,-0.016073,0.436407,-0.000407,0.149941,0.001033
1978,-0.105846,-0.020254,0.436894,-0.000779,0.149276,0.001075
1979,-0.114055,0.007132,0.453958,0.001751,0.149026,0.001113
1980,-0.095974,-0.030503,0.420850,-0.001552,0.149442,0.001275
1981,-0.057767,-0.001059,0.503102,0.001795,0.141412,0.001409
1982,-0.174731,0.015083,0.371704,0.000953,0.158834,0.008622
1983,-0.015975,-0.031583,0.441510,-0.001536,0.141872,0.001775
1984,-0.150179,0.018341,0.435177,0.002118,0.153555,0.001267
1985,-0.060817,-0.001336,0.440327,0.000729,0.145792,0.000982
1986,-0.113403,0.017876,0.437759,0.002182,0.150359,0.000853
1987,-0.060301,0.000038,0.440335,0.000872,0.145739,0.000846
1988,-0.103098,0.016427,0.438184,0.002127,0.149449,0.000829
1989,-0.069232,0.003129,0.439918,0.001170,0.146477,0.000803
1990,-0.086384,0.007848,0.439459,0.001535,0.147902,0.000809
1991,-0.078939,-0.000298,0.438825,0.000919,0.147267,0.000979
1992,-0.113600,0.014229,0.436971,0.002067,0.150344,0.001039
1993,-0.056364,-0.007313,0.441041,0.000477,0.145211,0.000759
1994,-0.105843,0.004534,0.437086,0.001322,0.149587,0.001024
1995,-0.086074,0.000236,0.438912,0.001054,0.147822,0.000984
1996,-0.099885,0.000129,0.437612,0.001020,0.149067,0.001006
1997,-0.087303,-0.001993,0.438908,0.000883,0.147909,0.000858
1998,-0.101260,-0.003107,0.437331,0.000763,0.149194,0.001011
1999,-0.104132,0.007705,0.437769,0.001642,0.149458,0.000877
2000,-0.071692,-0.011272,0.439471,0.000174,0.146583,0.000704
2001,-0.117712,0.011588,0.436737,0.001916,0.150652,0.000845
2002,-0.085144,0.001556,0.439268,0.001230,0.147774,0.000701
2003,-0.077876,-0.003793,0.438823,0.000784,0.147156,0.000735
2004,-0.110107,0.013394,0.438044,0.002152,0.149938,0.000688
2005,-0.081698,-0.003012,0.438795,0.000920,0.147487,0.000770
2006,-0.092986,-0.000423,0.438010,0.001088,0.148475,0.000736
2007,-0.093942,-0.000382,0.438343,0.001097,0.148530,0.000678
2008,-0.089362,-0.001771,0.438325,0.000984,0.148149,0.000698
2009,-0.097533,0.002232,0.438150,0.001295,0.148847,0.000672
2010,-0.095800,0.001145,0.438332,0.001222,0.148693,0.000678
2011,-0.082028,-0.006022,0.438550,0.000654,0.147517,0.000706
2012,-0.107575,0.003603,0.437623,0.001367,0.149730,0.000713
2013,-0.083487,-0.005072,0.438734,0.000709,0.147650,0.000709
2014,-0.101884,0.001679,0.437844,0.001197,0.149252,0.000721
2015,-0.083649,-0.004315,0.438756,0.000726,0.147672,0.000717
2016,-0.106417,0.004705,0.437637,0.001401,0.149672,0.000706
2017,-0.078155,-0.005713,0.439086,0.000603,0.147206,0.000743
2018,-0.104481,0.006662,0.437850,0.001521,0.149508,0.000759
2019,-0.081022,-0.001657,0.439083,0.000904,0.147461,0.000717
2020,-0.097226,0.001740,0.438010,0.001126,0.148884,0.000749
2021,-0.086232,-0.000387,0.438736,0.000960,0.147928,0.000774
2022,-0.087159,0.001410,0.438568,0.001086,0.148012,0.000752
2023,-0.104848,0.010629,0.438219,0.001808,0.149536,0.000760
2024,-0.071606,-0.002472,0.439517,0.000829,0.146650,0.000755
2025,-0.078645,0.002288,0.439455,0.001183,0.147188,0.000759
2026,-0.118653,0.011800,0.436823,0.001909,0.150752,0.001056
2027,-0.071508,0.001740,0.440151,0.001228,0.146604,0.000787
2028,-0.102466,0.006067,0.437524,0.001521,0.149344,0.000836
2029,-0.060595,-0.015781,0.440114,-0.000181,0.145600,0.000752
2030,-0.127045,0.010731,0.435857,0.001794,0.151494,0.001034
2031,-0.080306,-0.000414,0.439513,0.001023,0.147375,0.000746
2032,-0.096188,0.004047,0.438108,0.001344,0.148781,0.000725
2033,-0.088408,0.001008,0.438688,0.001131,0.148090,0.000718
2034,-0.090415,0.001937,0.438426,0.001201,0.148270,0.000729
2035,-0.094868,0.002831,0.438453,0.001275,0.148638,0.000722
2036,-0.069961,-0.014127,0.439101,-0.000080,0.146469,0.000723
2037,-0.129669,0.016647,0.436483,0.002279,0.151696,0.000850
2038,-0.065918,-0.006315,0.440091,0.000594,0.146115,0.000720
2039,-0.106771,0.007201,0.437444,0.001576,0.149710,0.000754
2040,-0.065787,-0.013535,0.439745,-0.000024,0.146088,0.000717
2041,-0.128374,0.015193,0.436395,0.002149,0.151591,0.000864
2042,-0.047789,-0.010361,0.441564,0.000282,0.144471,0.000725
2043,-0.131426,0.012485,0.435418,0.001934,0.151895,0.001063
2044,-0.078303,-0.002335,0.439576,0.000882,0.147211,0.000767
2045,-0.093780,0.001579,0.438027,0.001144,0.148594,0.000773
2046,-0.087221,0.000639,0.438839,0.001075,0.147988,0.000746
2047,-0.094360,0.002859,0.438221,0.001241,0.148626,0.000732
2048,-0.088518,0.001376,0.438680,0.001138,0.148105,0.000728
2049,-0.078879,-0.009799,0.438959,0.000223,0.147237,0.000736
2050,-0.122971,0.012977,0.436669,0.001972,0.151138,0.000884
2051,-0.054064,-0.017056,0.440449,-0.000326,0.145084,0.000753
2052,-0.127624,0.016399,0.436311,0.002184,0.151554,0.000894
2053,-0.061965,-0.013279,0.440402,-0.000050,0.145757,0.000702
2054,-0.112063,0.008835,0.436718,0.001578,0.150216,0.000922
2055,-0.071237,-0.008049,0.440108,0.000313,0.146553,0.000736
2056,-0.101328,0.000254,0.437394,0.000867,0.149250,0.001059
2057,-0.092919,-0.000213,0.438647,0.000847,0.148481,0.001060
2058,-0.089045,-0.002863,0.438274,0.000607,0.148190,0.001093
2059,-0.112849,0.015235,0.437418,0.002034,0.150307,0.001100
2060,-0.051753,-0.008514,0.441077,0.000238,0.144888,0.000829
2061,-0.138585,0.029186,0.436389,0.003143,0.152537,0.001063
2062,-0.041115,-0.010428,0.441003,0.000199,0.144039,0.000882
2063,-0.102335,0.004439,0.437695,0.001213,0.149320,0.000829
2064,-0.087167,-0.000106,0.438783,0.000900,0.147989,0.000880
2065,-0.108523,0.012008,0.437562,0.001867,0.149887,0.000911
2066,-0.065812,-0.005038,0.440492,0.000605,0.146095,0.000782
2067,-0.095383,0.000198,0.437618,0.000946,0.148706,0.000989
2068,-0.085642,-0.002392,0.438260,0.000754,0.147840,0.001036
2069,-0.103676,0.000454,0.438094,0.000955,0.149374,0.001017
2070,-0.087843,-0.004999,0.438423,0.000524,0.148046,0.001054
2071,-0.106342,0.001147,0.437531,0.000969,0.149674,0.001077
2072,-0.078111,-0.006070,0.439000,0.000422,0.147205,0.000941
2073,-0.102010,0.002063,0.437773,0.001008,0.149292,0.001076
2074,-0.087658,-0.003190,0.438644,0.000604,0.148046,0.001067
2075,-0.099873,0.001263,0.437750,0.000903,0.149157,0.001098
2076,-0.084033,0.000202,0.439211,0.000842,0.147724,0.000956
2077,-0.091465,0.001157,0.438241,0.000885,0.148409,0.001101
2078,-0.102491,0.008704,0.438458,0.001494,0.149364,0.001094
2079,-0.072419,-0.006482,0.439161,0.000318,0.146761,0.001058
2080,-0.100731,0.003045,0.437686,0.000996,0.149234,0.001134
2081,-0.086630,0.000397,0.438834,0.000813,0.147992,0.001098
2082,-0.092554,0.003163,0.438467,0.001017,0.148508,0.001105
2083,-0.088066,0.001722,0.438648,0.000912,0.148121,0.001117
2084,-0.092622,0.003674,0.438541,0.001063,0.148506,0.001105
2085,-0.087018,-0.000135,0.438591,0.000763,0.148033,0.001121
2086,-0.096098,0.009017,0.438810,0.001507,0.148800,0.001112
2087,-0.093024,0.046056,0.442391,0.004722,0.148389,0.001182
2088,-0.057080,0.031075,0.445760,0.003888,0.145123,0.001706
2089,-0.012211,-0.036804,0.432550,-0.001732,0.141862,0.001782
2090,-0.160748,0.099627,0.443679,0.009331,0.153719,0.000562
2091,0.006541,-0.052773,0.437252,-0.002442,0.139885,0.003157
2092,-0.181674,0.003185,0.455736,0.001892,0.154714,0.000786
2093,-0.057039,0.053809,0.424945,0.006134,0.145936,0.000271
2094,-0.062730,-0.017703,0.434591,0.000663,0.145894,0.003281
2095,-0.140219,0.022399,0.435985,0.003751,0.152315,0.001252
2096,-0.040490,-0.022503,0.444329,0.000468,0.143363,0.000697
2097,-0.132630,0.023201,0.433115,0.003997,0.151678,0.000764
2098,-0.045042,-0.022330,0.439567,0.000612,0.143904,0.000822
2099,-0.135684,0.010689,0.435957,0.003148,0.151733,0.000834
2100,-0.080432,-0.016049,0.443571,0.001276,0.146647,0.000799
2101,-0.117423,0.012221,0.432336,0.003431,0.150366,0.000664
2102,-0.079011,-0.003323,0.438210,0.002371,0.146842,0.000873
2103,-0.107424,0.006042,0.437593,0.003133,0.149256,0.000643
2104,-0.073187,-0.015481,0.448733,0.001681,0.145674,0.000553
2105,-0.119938,-0.005195,0.426591,0.002208,0.150847,0.000679
2106,-0.086799,-0.012154,0.454392,0.002061,0.146530,0.001027
2107,-0.119731,-0.006339,0.420503,0.002126,0.151238,0.001028
2108,-0.018258,-0.043816,0.438444,-0.000836,0.141644,0.001227
2109,0.105607,0.017975,0.453782,0.004308,0.129826,0.000722
2110,-0.497000,0.140445,0.426795,0.013522,0.182591,0.000166
2111,0.084720,0.002687,0.436127,0.003682,0.133274,0.001627
2112,0.049478,-0.010580,0.443156,0.002652,0.135234,0.001368
2113,0.097777,-0.004249,0.450162,0.003100,0.130041,0.001132
2114,-0.307238,-0.052302,0.330459,-0.003359,0.170758,0.001248
2115,-0.013131,0.010085,0.529800,0.004852,0.134673,0.002224
2116,0.085780,0.000151,0.465108,0.003426,0.129501,0.002076
2117,0.090631,-0.005905,0.446470,0.002510,0.129191,0.002098
2118,0.029217,-0.018914,0.444514,0.000997,0.133614,0.002001
2119,0.033680,-0.008774,0.447764,0.001497,0.132035,0.002156
2120,-0.020070,-0.004932,0.438009,0.001357,0.136210,0.002177
2121,0.010153,0.010939,0.448870,0.002849,0.131974,0.002218
2122,0.250921,0.007558,0.417067,0.002917,0.111388,0.002996
2123,0.247227,0.008714,0.413440,0.002483,0.108687,0.002647
2124,0.118078,-0.062565,0.433382,-0.004187,0.116600,0.002284
2125,-0.146880,0.042063,0.533370,0.003817,0.132628,0.001462
2126,0.240662,0.012057,0.412753,0.000265,0.104871,-0.002516
2127,0.235427,0.012035,0.410657,-0.000398,0.101832,-0.002889
2128,0.147050,-0.034090,0.418790,-0.005133,0.106069,-0.003151
2129,-0.094711,0.005635,0.607377,-0.000872,0.114989,-0.003624
2130,0.225370,0.021947,0.414441,-0.001863,0.097413,0.001792
2131,-0.073552,0.098790,0.460849,0.004633,0.117290,0.001990
2132,-0.118821,0.087948,0.391131,0.004438,0.124360,-0.003479
2133,-0.910195,0.125471,0.333540,0.006821,0.194478,-0.003421
2134,0.215628,0.013293,0.409285,0.000466,0.093699,-0.004927
2135,0.210823,0.012766,0.407622,0.000328,0.090986,-0.004853
2136,-0.388672,0.116445,0.508843,0.010182,0.134602,-0.004673
2137,0.104646,-0.022573,0.413462,0.000790,0.099129,0.000518
2138,0.219472,-0.002331,0.419199,0.002674,0.087269,0.000840
2139,-0.683020,0.101182,0.422732,0.010016,0.160709,0.000839
2140,-0.192804,-0.091779,0.515060,-0.001880,0.116535,0.006669
2141,0.151549,-0.005048,0.410593,0.001639,0.091670,0.005144
2142,0.199964,0.008822,0.406534,0.002817,0.086575,0.005331
2143,-0.500268,0.031633,0.471154,0.005124,0.141845,0.005344
2144,-0.417296,0.188656,0.314435,0.017787,0.143024,-0.000106
2145,-0.416749,0.000762,0.440428,0.006637,0.137361,0.001951
2146,-0.371506,0.067806,0.412767,0.011439,0.136103,-0.000705
2147,0.138876,-0.006578,0.415126,0.006879,0.092961,-0.002898
2148,0.196277,0.003447,0.407895,0.008208,0.087429,-0.003056
2149,-2.086215,0.173058,0.468316,0.021517,0.280850,-0.003122
2150,0.164801,-0.009529,0.412697,0.010365,0.096075,-0.008241
2151,0.203199,0.002337,0.411490,0.011934,0.093865,-0.008144
2152,0.095049,-0.014350,0.428282,0.011030,0.102248,-0.007913
2153,0.151281,-0.000993,0.420169,0.012483,0.098001,-0.007538
2154,0.153020,-0.002454,0.419865,0.012778,0.097932,-0.007019
2155,0.153550,-0.002900,0.419345,0.013019,0.097432,-0.006411
2156,0.153831,-0.003467,0.418738,0.013161,0.096773,-0.005747
2157,0.200874,-0.004034,0.417858,0.013348,0.091459,-0.005043
2158,-0.004331,-0.027552,0.737264,0.015393,0.089216,-0.004483
2159,0.093586,-0.013129,0.447123,0.012339,0.097590,-0.004527
2160,0.109928,-0.016251,0.441854,0.012119,0.095737,-0.004031
2161,0.144925,0.007237,0.444384,0.014095,0.091405,-0.003409
2162,0.104781,-0.031433,0.455648,0.011184,0.092878,-0.002570
2163,0.088273,-0.019304,0.445517,0.011579,0.093404,-0.001845
2164,0.092184,-0.019962,0.453111,0.011495,0.091252,-0.001244
2165,-0.477842,0.033528,0.330587,0.013422,0.145677,-0.000267
2166,-0.405139,0.140905,0.410546,0.024823,0.135152,-0.001098
2167,-0.500417,-0.041189,0.398340,0.011378,0.145424,-0.001947
2168,0.063563,-0.048299,0.515425,0.012291,0.091205,-0.005226
2169,0.109906,-0.034468,0.454007,0.012368,0.090540,-0.003779
2170,0.141903,0.001936,0.429014,0.014487,0.088132,-0.003541
2171,-0.492631,0.192970,0.358535,0.029007,0.145513,-0.003030
2172,-0.400313,0.063739,0.408560,0.021968,0.136104,-0.007042
2173,-0.423590,0.075125,0.409618,0.023736,0.139271,-0.007042
2174,-0.364281,0.051291,0.416224,0.022968,0.135122,-0.007519
2175,-0.282194,0.012953,0.422657,0.020850,0.129264,-0.007180
2176,0.034081,-0.069652,0.490793,0.015778,0.100606,-0.004477
2177,0.173643,-0.020735,0.412471,0.018522,0.093552,-0.002858
2178,0.146910,-0.020740,0.417869,0.018347,0.095064,-0.002127
2179,0.147883,-0.018033,0.417972,0.018316,0.094590,-0.001424
2180,-0.825518,0.249984,0.451448,0.040341,0.176269,-0.000770
2181,0.147233,-0.031685,0.415566,0.020629,0.097177,-0.008146
2182,-0.443889,-0.069056,0.408550,0.016514,0.149332,-0.007686
2183,0.147403,-0.016915,0.420995,0.020734,0.099012,-0.007580
2184,0.198577,-0.017054,0.428313,0.020806,0.093991,-0.006913
2185,-0.298592,0.049605,0.539707,0.027124,0.128975,-0.006282
2186,-0.183369,-0.033350,0.443593,0.020877,0.126659,0.000145
2187,-0.045341,-0.025951,0.446342,0.021296,0.115647,-0.002520
2188,0.204109,-0.024633,0.417987,0.021005,0.095805,-0.005569
2189,1.445644,-0.635037,0.596306,-0.026972,-0.022111,-0.005085
2190,0.203608,-0.020661,0.411730,0.014297,0.089730,0.003556
2191,-0.372949,0.062202,0.433957,0.019548,0.135138,0.004278
2192,-0.375086,0.036413,0.411625,0.017869,0.137639,0.007433
2193,-0.474591,-0.004237,0.382472,0.013242,0.148791,0.004887
2194,-0.438808,0.052770,0.402896,0.017010,0.145650,-0.001812
2195,0.197945,-0.013397,0.420962,0.012447,0.090809,-0.007822
2196,-1.182518,-0.078912,0.320461,0.002316,0.215887,-0.007965
2197,-0.048639,-0.078520,0.552244,0.007639,0.108845,-0.004055
2198,0.205017,-0.009172,0.413959,0.010445,0.093886,0.001603
2199,0.204354,-0.007081,0.410766,0.009599,0.092492,0.001985
2200,-0.080185,-0.043317,0.559363,0.007279,0.108815,0.002269
2201,-0.069058,-0.015892,0.422079,0.006607,0.116109,0.001701
2202,-0.370973,-0.101110,0.399927,-0.001872,0.143745,0.001772
2203,-0.302558,0.035619,0.414712,0.008217,0.139300,-0.004017
2204,0.211142,-0.001028,0.413226,0.005981,0.095848,-0.003720
2205,0.001400,-0.085287,0.532210,-0.000654,0.106964,-0.003681
2206,0.211395,0.001608,0.411632,0.003724,0.094894,-0.005042
2207,0.137110,-0.032337,0.424159,-0.000341,0.099687,-0.004862
2208,-0.114441,0.038424,0.507257,0.005067,0.116224,-0.004818
2209,0.174283,-0.027005,0.419259,-0.001333,0.096242,-0.005494
2210,0.165704,-0.014689,0.418631,-0.002272,0.095927,-0.005333
2211,-0.075290,0.019585,0.501411,0.000313,0.111215,-0.005008
2212,-0.572926,-0.083650,0.254633,-0.012240,0.167579,-0.003414
2213,0.004041,-0.001844,0.596056,-0.001576,0.100489,-0.004658
2214,-0.501238,-0.081979,0.188451,-0.015022,0.166055,-0.001931
2215,-0.140387,-0.093196,0.638056,-0.010627,0.112858,-0.003283
2216,-0.143033,0.001991,0.442207,-0.005536,0.124190,0.001430
2217,-0.487474,-0.346146,0.283263,-0.038419,0.165335,0.006306
2218,-0.576458,-0.149032,0.387006,-0.027417,0.167905,0.004876
2219,-0.808827,0.070606,0.401960,-0.010929,0.191184,0.005256
2220,-0.005651,0.020108,0.504169,-0.008943,0.119895,0.009331
2221,0.225462,0.026274,0.423367,-0.009818,0.104621,0.016234
2222,-0.121453,0.095268,0.466478,-0.004724,0.131918,0.015977
2223,-0.024669,-0.013187,0.486717,-0.012498,0.125172,0.019110
2224,-0.366936,0.017417,0.424648,-0.012789,0.158956,0.016535
2225,-0.410816,-0.128011,0.342526,-0.026126,0.169539,0.014976
2226,0.155454,0.075724,0.436565,-0.010014,0.117611,0.013108
2227,-0.493219,-0.012887,0.422899,-0.018114,0.174790,0.011569
2228,-0.263999,0.059675,0.439299,-0.012508,0.157132,0.005300
2229,0.154462,0.083959,0.441829,-0.009733,0.123568,0.000843
2230,0.212578,0.061605,0.431411,-0.011011,0.119480,-0.000690
2231,-0.067818,0.074205,0.508837,-0.008607,0.139929,-0.001876
2232,-0.244041,-0.149012,0.527838,-0.026181,0.157403,-0.002333
2233,-0.359906,-0.038133,0.386911,-0.021474,0.176850,0.004822
2234,-0.443433,-0.105927,0.374265,-0.027556,0.187167,-0.003272
2235,-0.169994,-0.047474,0.507612,-0.020850,0.159164,-0.001433
2236,0.268823,0.050125,0.436568,-0.013547,0.126512,-0.003136
2237,0.174439,0.075875,0.418731,-0.012012,0.134845,-0.002613
2238,-0.138002,-0.103105,0.387304,-0.027318,0.163723,-0.002502
2239,-0.049859,-0.040926,0.466836,-0.022171,0.153559,0.000135
2240,-0.205029,-0.058943,0.439598,-0.024516,0.169813,0.004695
2241,-0.219851,-0.051879,0.414077,-0.024357,0.174436,0.005048
2242,-0.073954,-0.065060,0.456929,-0.024629,0.161146,0.006542
2243,0.002172,-0.084397,0.510558,-0.026626,0.153014,0.006301
2244,-0.369438,-0.010889,0.367448,-0.025240,0.194014,0.005631
2245,-0.195716,-0.054422,0.419903,-0.027595,0.178215,0.006318
2246,0.009052,-0.071124,0.483811,-0.028536,0.158734,0.003276
2247,0.129031,0.013495,0.482461,-0.023527,0.149488,0.001421
2248,0.033207,-0.012824,0.471408,-0.026753,0.158779,0.001252
2249,-0.099195,0.012081,0.403223,-0.026576,0.174243,-0.000159
2250,-0.019440,0.007170,0.438759,-0.026212,0.166067,-0.002132
2251,-0.015153,0.066761,0.427337,-0.021887,0.166749,-0.003131
2252,0.103024,-0.029130,0.518283,-0.028330,0.152423,-0.001431
2253,0.306500,0.056258,0.429724,-0.024065,0.138848,-0.001636
2254,0.054912,-0.053212,0.546508,-0.032271,0.152739,-0.001665
2255,0.304506,0.062439,0.431371,-0.025832,0.137354,0.000832
2256,-0.248231,0.008276,0.393447,-0.031623,0.184883,0.000972
2257,0.102103,-0.019247,0.488584,-0.031099,0.150991,0.007180
2258,0.091081,-0.018249,0.474497,-0.032544,0.152376,0.009295
2259,0.303620,0.061504,0.427412,-0.027392,0.134907,0.009012
2260,0.018734,0.001136,0.493214,-0.032025,0.153852,0.008753
2261,0.300357,0.062820,0.423442,-0.027813,0.132170,0.009865
2262,-0.276151,-0.015273,0.411962,-0.035241,0.180373,0.009353
2263,-0.089724,0.036633,0.440158,-0.030354,0.163025,0.008357
2264,0.119798,-0.054611,0.516258,-0.036139,0.139884,0.007761
2265,0.291215,0.066373,0.422717,-0.029048,0.127499,0.007731
2266,-0.171970,0.078943,0.404621,-0.028641,0.165998,0.006912
2267,-0.208162,-0.021628,0.434701,-0.035120,0.167749,0.006675
2268,-0.146066,-0.002402,0.439707,-0.033581,0.161248,0.007873
2269,0.283167,0.063963,0.420747,-0.027683,0.123737,0.009041
2270,-0.235054,-0.003238,0.455222,-0.033022,0.164227,0.008137
2271,-0.173818,0.021365,0.454827,-0.030673,0.158407,0.008498
2272,-0.319421,-0.032522,0.417664,-0.035491,0.172547,0.007932
2273,0.273742,0.061790,0.424077,-0.026636,0.120388,0.008976
2274,0.269094,0.062369,0.418082,-0.026048,0.117389,0.007956
2275,-0.376766,-0.070262,0.443634,-0.037253,0.169530,0.006898
2276,0.264014,0.066783,0.421264,-0.026872,0.115692,0.008893
2277,-0.451544,-0.059340,0.453553,-0.037394,0.173204,0.007940
2278,0.261041,0.068768,0.419574,-0.026953,0.114201,0.010066
2279,-0.825799,0.501520,0.560845,0.011324,0.196788,0.009142
2280,-0.245840,-0.030832,0.322007,-0.028326,0.163655,-0.026002
2281,0.259324,0.056107,0.416424,-0.018548,0.114651,-0.023602
2282,0.254696,0.053457,0.415218,-0.017412,0.112108,-0.024222
2283,0.144791,0.103999,0.435781,-0.011653,0.117970,-0.024230
2284,-0.077214,-0.120890,0.591567,-0.025845,0.128235,-0.023454
2285,-0.026339,-0.019797,0.457704,-0.020842,0.131728,-0.021343
2286,0.248435,0.046293,0.413056,-0.014354,0.108120,-0.022467
2287,0.242922,0.044074,0.411767,-0.013477,0.105198,-0.020845
2288,-0.199724,-0.080027,0.507789,-0.022083,0.136160,-0.018964
2289,-0.019619,-0.075150,0.428668,-0.022903,0.125700,-0.016742
2290,-0.787244,0.000438,0.267722,-0.020886,0.198944,-0.014901
2291,-0.614696,-0.058754,0.422460,-0.021345,0.177234,-0.009174
2292,0.174910,0.138922,0.538032,-0.001054,0.102879,-0.007500
2293,-0.109345,-0.131907,0.464723,-0.021971,0.129427,-0.004414
2294,-0.118225,0.051979,0.417842,-0.007600,0.133398,-0.001114
2295,0.204388,0.053869,0.416040,-0.005962,0.103679,-0.002497
2296,0.191203,0.050465,0.419125,-0.004761,0.102634,-0.000854
2297,0.188175,0.047425,0.417829,-0.003670,0.100761,0.000590
2298,-0.518015,0.093582,0.557525,0.003030,0.152817,0.001853
2299,-0.801317,-0.227208,0.186490,-0.027881,0.200526,-0.005730
2300,-0.326994,-0.016291,0.501394,-0.007320,0.142037,-0.005876
2301,-0.639366,-0.070406,0.320501,-0.012803,0.180412,-0.004388
2302,-0.493780,-0.073884,0.400252,-0.009566,0.165346,-0.002078
2303,-0.762186,-0.230391,0.383176,-0.022189,0.192114,0.000084
2304,-0.951971,-0.162321,0.313089,-0.018435,0.216147,-0.003515
2305,-0.551687,-0.266887,0.463386,-0.023002,0.177903,-0.009019
2306,-0.427957,-0.179438,0.417399,-0.018486,0.172854,-0.013112
2307,-0.848928,0.037084,0.324959,-0.002921,0.217592,-0.014114
2308,3.970421,-2.554029,0.564534,-0.208650,-0.206349,-0.010234
2309,-0.619277,0.199905,0.610514,-0.003927,0.171442,-0.011014
2310,0.247828,0.023555,0.415587,-0.018792,0.107560,-0.011325
2311,0.244037,0.026527,0.414672,-0.020581,0.105312,-0.010334
2312,-0.608884,-0.091917,0.638568,-0.030457,0.165937,-0.009249
2313,-0.164811,-0.051115,0.395898,-0.035493,0.143807,-0.017869
2314,-0.260374,-0.015929,0.421857,-0.035781,0.150196,-0.016334
2315,-0.228218,-0.148390,0.409834,-0.048939,0.148359,-0.010059
2316,-0.664752,0.214641,0.373247,-0.024233,0.187875,-0.009692
2317,-0.493252,0.065600,0.405148,-0.032940,0.175186,-0.004806
2318,-0.161889,0.092443,0.474290,-0.030443,0.144257,-0.001111
2319,-0.355447,-0.075970,0.382041,-0.045286,0.167772,-0.001901
2320,-0.437030,0.074648,0.423702,-0.035581,0.174157,-0.000066
2321,-0.403487,0.097180,0.409100,-0.033926,0.174723,0.002142
2322,-0.080730,0.037364,0.480500,-0.037858,0.145525,0.002074
2323,-0.034861,-0.015354,0.447627,-0.043974,0.144821,0.001815
2324,-0.059389,0.104496,0.482804,-0.034920,0.146189,0.001253
2325,-0.048586,0.033820,0.415863,-0.041213,0.150681,0.000150
2326,-0.031915,-0.049452,0.442003,-0.048200,0.149205,0.002217
2327,0.054111,0.168940,0.492253,-0.030608,0.139611,0.003536
2328,0.057893,0.017286,0.424069,-0.042082,0.144615,0.002621
2329,0.060835,0.001542,0.484292,-0.042965,0.141463,0.004150
2330,0.175609,0.119606,0.453301,-0.034204,0.133417,0.002717
2331,0.035689,0.003471,0.451504,-0.042871,0.146076,0.002371
2332,0.100154,0.019518,0.443547,-0.042159,0.140918,0.003808
2333,0.068755,0.026243,0.455735,-0.041876,0.142610,0.004253
2334,0.088519,0.050023,0.455257,-0.039971,0.140771,0.004839
2335,0.215587,0.077497,0.428322,-0.037384,0.130944,0.006107
2336,0.205315,0.085287,0.445017,-0.035965,0.129891,0.005766
2337,0.270907,0.080057,0.434490,-0.035491,0.123242,0.005449
2338,0.268371,0.076022,0.435279,-0.035553,0.119802,0.004895
2339,0.267977,0.077560,0.417823,-0.034927,0.117012,0.004391
2340,-0.480163,-0.199086,0.588417,-0.055985,0.171439,0.003892
2341,0.269392,0.081323,0.417966,-0.036677,0.117462,0.019236
2342,0.264366,0.080466,0.416732,-0.036233,0.114744,0.018812
2343,0.069375,0.064993,0.440855,-0.037066,0.128495,0.018028
2344,-0.069583,0.002547,0.516482,-0.040781,0.137539,0.016739
2345,-0.150481,-0.097984,0.387263,-0.050929,0.150454,0.013835
