Step,Fx(N),Fy(N),Fz(N),Tx(Nm),Ty(Nm),Tz(Nm)
1,0.000000,-0.000000,0.000000,0.000000,-0.000000,0.000000
2,-0.881862,-0.780264,1.798613,0.083496,-0.182543,-0.000009
3,-0.882967,-0.786922,1.767044,0.091376,-0.185180,-0.000380
4,-0.885637,-0.796100,1.733197,0.100340,-0.188489,-0.000775
5,-0.889805,-0.807659,1.697225,0.110322,-0.192437,-0.001172
6,-0.895420,-0.821436,1.659249,0.121244,-0.197003,-0.001577
7,-0.902388,-0.837271,1.619448,0.133033,-0.202144,-0.001978
8,-0.910663,-0.855020,1.577943,0.145621,-0.207838,-0.002375
9,-0.920158,-0.874497,1.534888,0.158921,-0.214048,-0.002760
10,-0.930814,-0.895560,1.490420,0.172867,-0.220746,-0.003134
11,-0.942541,-0.918026,1.444693,0.187378,-0.227892,-0.003492
12,-0.955269,-0.941729,1.397854,0.202375,-0.235457,-0.003834
13,-0.968914,-0.966512,1.350055,0.217789,-0.243401,-0.004159
14,-0.983413,-0.992204,1.301428,0.233540,-0.251698,-0.004464
15,-0.998672,-1.018640,1.252139,0.249554,-0.260306,-0.004753
16,-1.014621,-1.045662,1.202322,0.265761,-0.269196,-0.005021
17,-1.031172,-1.073104,1.152146,0.282083,-0.278326,-0.005277
18,-1.048248,-1.100804,1.101751,0.298447,-0.287665,-0.005514
19,-1.065765,-1.128626,1.051295,0.314793,-0.297173,-0.005731
20,-1.083659,-1.156405,1.000899,0.331045,-0.306825,-0.005943
21,-1.101836,-1.184004,0.950737,0.347138,-0.316578,-0.006138
22,-1.120212,-1.211284,0.900946,0.363012,-0.326395,-0.006324
23,-1.138733,-1.238118,0.851649,0.378606,-0.336252,-0.006497
24,-1.157295,-1.264366,0.803008,0.393854,-0.346103,-0.006658
25,-1.175853,-1.289919,0.755125,0.408708,-0.355929,-0.006812
26,-1.194304,-1.314657,0.708153,0.423110,-0.365683,-0.006967
27,-1.212593,-1.338465,0.662200,0.437006,-0.375343,-0.007115
28,-1.230643,-1.361256,0.617378,0.450354,-0.384873,-0.007252
29,-1.248381,-1.382924,0.573813,0.463105,-0.394240,-0.007389
30,-1.265738,-1.403388,0.531601,0.475218,-0.403416,-0.007516
31,-1.282660,-1.422562,0.490818,0.486652,-0.412376,-0.007642
32,-1.299066,-1.440382,0.451573,0.497377,-0.421084,-0.007765
33,-1.314900,-1.456776,0.413947,0.507356,-0.429515,-0.007879
34,-1.330096,-1.471681,0.378004,0.516559,-0.437642,-0.007993
35,-1.344594,-1.485054,0.343809,0.524966,-0.445438,-0.008100
36,-1.358351,-1.496833,0.311411,0.532545,-0.452884,-0.008203
37,-1.371294,-1.506993,0.280874,0.539285,-0.459949,-0.008296
38,-1.383373,-1.515508,0.252230,0.545173,-0.466612,-0.008384
39,-1.394552,-1.522339,0.225502,0.550190,-0.472857,-0.008464
40,-1.404762,-1.527466,0.200736,0.554328,-0.478656,-0.008534
41,-1.413971,-1.530879,0.177934,0.557583,-0.483997,-0.008599
42,-1.422124,-1.532574,0.157114,0.559955,-0.488855,-0.008651
43,-1.429205,-1.532548,0.138260,0.561444,-0.493226,-0.008694
44,-1.435155,-1.530801,0.121392,0.562054,-0.497086,-0.008731
45,-1.439943,-1.527342,0.106496,0.561790,-0.500423,-0.008749
46,-1.443537,-1.522188,0.093555,0.560665,-0.503226,-0.008760
47,-1.445921,-1.515345,0.082541,0.558686,-0.505489,-0.008759
48,-1.447052,-1.506844,0.073443,0.555874,-0.507197,-0.008740
49,-1.446928,-1.496709,0.066212,0.552243,-0.508352,-0.008713
50,-1.445511,-1.484969,0.060827,0.547813,-0.508939,-0.008674
51,-1.442799,-1.471666,0.057246,0.542610,-0.508961,-0.008613
52,-1.438758,-1.456826,0.055432,0.536654,-0.508407,-0.008544
53,-1.433403,-1.440495,0.055325,0.529973,-0.507285,-0.008460
54,-1.426705,-1.422708,0.056888,0.522590,-0.505587,-0.008370
55,-1.418673,-1.403530,0.060060,0.514543,-0.503319,-0.008254
56,-1.409319,-1.382997,0.064771,0.505856,-0.500491,-0.008141
57,-1.398618,-1.361171,0.070980,0.496568,-0.497095,-0.008004
58,-1.386585,-1.338097,0.078630,0.486704,-0.493140,-0.007857
59,-1.373224,-1.313828,0.087651,0.476301,-0.488632,-0.007705
60,-1.358557,-1.288424,0.097971,0.465392,-0.483582,-0.007533
61,-1.342588,-1.261948,0.109526,0.454014,-0.477997,-0.007357
62,-1.325347,-1.234463,0.122234,0.442205,-0.471891,-0.007171
63,-1.306837,-1.206022,0.136039,0.429997,-0.465269,-0.006982
64,-1.287082,-1.176698,0.150870,0.417429,-0.458143,-0.006771
65,-1.266107,-1.146541,0.166645,0.404533,-0.450528,-0.006564
66,-1.243946,-1.115635,0.183282,0.391353,-0.442438,-0.006350
67,-1.220615,-1.084018,0.200718,0.377913,-0.433884,-0.006129
68,-1.196163,-1.051782,0.218861,0.364262,-0.424889,-0.005900
69,-1.170596,-1.018963,0.237660,0.350420,-0.415456,-0.005671
70,-1.143974,-0.985649,0.257007,0.336433,-0.405612,-0.005439
71,-1.116331,-0.951894,0.276840,0.322330,-0.395373,-0.005201
72,-1.087687,-0.917754,0.297096,0.308140,-0.384748,-0.004958
73,-1.058105,-0.883304,0.317668,0.293901,-0.373766,-0.004723
74,-1.027617,-0.848598,0.338510,0.279640,-0.362438,-0.004483
75,-0.996264,-0.813692,0.359540,0.265386,-0.350784,-0.004238
76,-0.964087,-0.778647,0.380684,0.251167,-0.338822,-0.004000
77,-0.931164,-0.743531,0.401857,0.237015,-0.326582,-0.003754
78,-0.897508,-0.708378,0.423015,0.222947,-0.314071,-0.003519
79,-0.863192,-0.673267,0.444070,0.209000,-0.301319,-0.003281
80,-0.828237,-0.638220,0.464989,0.195181,-0.288333,-0.003048
81,-0.792726,-0.603320,0.485672,0.181528,-0.275149,-0.002815
82,-0.756707,-0.568588,0.506066,0.168050,-0.261786,-0.002585
83,-0.720220,-0.534090,0.526132,0.154776,-0.248259,-0.002359
84,-0.683306,-0.499857,0.545818,0.141715,-0.234583,-0.002139
85,-0.646061,-0.465940,0.565045,0.128889,-0.220798,-0.001923
86,-0.608501,-0.432369,0.583791,0.116310,-0.206910,-0.001714
87,-0.570702,-0.399185,0.601997,0.103992,-0.192949,-0.001505
88,-0.532706,-0.366423,0.619631,0.091948,-0.178930,-0.001301
89,-0.494578,-0.334116,0.636640,0.080189,-0.164880,-0.001100
90,-0.456361,-0.302287,0.653011,0.068720,-0.150815,-0.000907
91,-0.418111,-0.270973,0.668697,0.057555,-0.136757,-0.000722
92,-0.379886,-0.240192,0.683668,0.046699,-0.122729,-0.000538
93,-0.341738,-0.209966,0.697909,0.036154,-0.108751,-0.000362
94,-0.303725,-0.180325,0.711383,0.025932,-0.094845,-0.000190
95,-0.265887,-0.151272,0.724085,0.016027,-0.081027,-0.000025
96,-0.228284,-0.122829,0.735986,0.006446,-0.067322,0.000129
97,-0.190955,-0.095018,0.747088,-0.002807,-0.053742,0.000285
98,-0.153962,-0.067840,0.757366,-0.011736,-0.040313,0.000432
99,-0.117331,-0.041301,0.766832,-0.020344,-0.027044,0.000577
100,-0.081121,-0.015414,0.775469,-0.028629,-0.013959,0.000712
101,-0.045386,0.009811,0.783267,-0.036593,-0.001080,0.000845
102,-0.010149,0.034390,0.790244,-0.044246,0.011585,0.000967
103,0.024547,0.058312,0.796405,-0.051589,0.024021,0.001089
104,0.058646,0.081588,0.801733,-0.058631,0.036202,0.001198
105,0.092139,0.104210,0.806270,-0.065374,0.048130,0.001304
106,0.124956,0.126182,0.809990,-0.071825,0.059772,0.001405
107,0.157080,0.147511,0.812922,-0.077988,0.071125,0.001501
108,0.188484,0.168215,0.815085,-0.083879,0.082177,0.001597
109,0.219141,0.188297,0.816493,-0.089501,0.092919,0.001678
110,0.249012,0.207766,0.817155,-0.094863,0.103333,0.001760
111,0.278099,0.226640,0.817110,-0.099977,0.113424,0.001836
112,0.306346,0.244923,0.816353,-0.104847,0.123166,0.001912
113,0.333755,0.262635,0.814926,-0.109487,0.132562,0.001973
114,0.360285,0.279791,0.812832,-0.113906,0.141596,0.002035
115,0.385936,0.296399,0.810110,-0.118111,0.150268,0.002094
116,0.410694,0.312486,0.806783,-0.122118,0.158572,0.002147
117,0.434553,0.328060,0.802876,-0.125931,0.166507,0.002195
118,0.457487,0.343150,0.798412,-0.129567,0.174063,0.002242
119,0.479511,0.357758,0.793426,-0.133030,0.181247,0.002289
120,0.500608,0.371909,0.787940,-0.136332,0.188051,0.002329
121,0.520779,0.385627,0.781985,-0.139486,0.194478,0.002370
122,0.540027,0.398917,0.775586,-0.142495,0.200527,0.002408
123,0.558353,0.411815,0.768782,-0.145380,0.206202,0.002439
124,0.575749,0.424322,0.761587,-0.148142,0.211499,0.002479
125,0.592233,0.436465,0.754040,-0.150793,0.216426,0.002509
126,0.607809,0.448260,0.746165,-0.153341,0.220986,0.002534
127,0.622490,0.459729,0.737993,-0.155799,0.225183,0.002566
128,0.636286,0.470885,0.729552,-0.158173,0.229023,0.002594
129,0.649220,0.481744,0.720876,-0.160471,0.232518,0.002621
130,0.661304,0.492330,0.711990,-0.162704,0.235671,0.002646
131,0.672558,0.502656,0.702924,-0.164878,0.238493,0.002669
132,0.682990,0.512737,0.693697,-0.167000,0.240987,0.002686
133,0.692625,0.522587,0.684343,-0.169078,0.243164,0.002711
134,0.701494,0.532223,0.674888,-0.171119,0.245038,0.002734
135,0.709615,0.541663,0.665356,-0.173130,0.246617,0.002755
136,0.717010,0.550909,0.655772,-0.175112,0.247912,0.002784
137,0.723705,0.559985,0.646159,-0.177077,0.248935,0.002806
138,0.729733,0.568902,0.636542,-0.179027,0.249697,0.002828
139,0.735116,0.577680,0.626947,-0.180974,0.250212,0.002855
140,0.739878,0.586309,0.617384,-0.182908,0.250489,0.002881
141,0.744068,0.594822,0.607886,-0.184847,0.250549,0.002902
142,0.747705,0.603226,0.598473,-0.186792,0.250401,0.002931
143,0.750817,0.611509,0.589155,-0.188736,0.250059,0.002959
144,0.753437,0.619701,0.579953,-0.190692,0.249535,0.002988
145,0.755598,0.627818,0.570892,-0.192666,0.248845,0.003020
146,0.757324,0.635836,0.561970,-0.194647,0.247999,0.003052
147,0.758659,0.643791,0.553220,-0.196648,0.247018,0.003088
148,0.759630,0.651675,0.544646,-0.198665,0.245912,0.003122
149,0.760262,0.659506,0.536263,-0.200705,0.244692,0.003150
150,0.760596,0.667272,0.528080,-0.202760,0.243377,0.003194
151,0.760674,0.674996,0.520120,-0.204841,0.241985,0.003230
152,0.760503,0.682673,0.512377,-0.206943,0.240519,0.003271
153,0.760133,0.690307,0.504871,-0.209066,0.239001,0.003314
154,0.759583,0.697895,0.497598,-0.211206,0.237439,0.003361
155,0.758898,0.705456,0.490580,-0.213372,0.235854,0.003401
156,0.758089,0.712980,0.483811,-0.215558,0.234248,0.003447
157,0.757199,0.720468,0.477300,-0.217761,0.232642,0.003491
158,0.756254,0.727936,0.471053,-0.219988,0.231046,0.003537
159,0.755275,0.735363,0.465071,-0.222229,0.229470,0.003587
160,0.754294,0.742760,0.459353,-0.224485,0.227927,0.003632
161,0.753327,0.750128,0.453902,-0.226757,0.226423,0.003681
162,0.752414,0.757471,0.448723,-0.229044,0.224977,0.003731
163,0.751559,0.764775,0.443806,-0.231339,0.223590,0.003785
164,0.750787,0.772052,0.439152,-0.233647,0.222271,0.003839
165,0.750137,0.779297,0.434771,-0.235962,0.221039,0.003888
166,0.749614,0.786502,0.430646,-0.238281,0.219895,0.003941
167,0.749252,0.793686,0.426788,-0.240613,0.218853,0.003997
168,0.749060,0.800821,0.423182,-0.242940,0.217916,0.004046
169,0.749040,0.807912,0.419824,-0.245267,0.217086,0.004103
170,0.749221,0.814966,0.416714,-0.247595,0.216374,0.004162
171,0.749615,0.821967,0.413843,-0.249916,0.215786,0.004216
172,0.750228,0.828924,0.411203,-0.252233,0.215322,0.004269
173,0.751079,0.835826,0.408794,-0.254540,0.214993,0.004322
174,0.752175,0.842680,0.406607,-0.256841,0.214799,0.004374
175,0.753519,0.849473,0.404631,-0.259128,0.214741,0.004429
176,0.755120,0.856199,0.402859,-0.261399,0.214822,0.004481
177,0.756993,0.862865,0.401289,-0.263656,0.215050,0.004536
178,0.759128,0.869461,0.399907,-0.265895,0.215418,0.004587
179,0.761528,0.875982,0.398705,-0.268113,0.215928,0.004641
180,0.764207,0.882426,0.397679,-0.270309,0.216586,0.004692
181,0.767148,0.888795,0.396815,-0.272485,0.217382,0.004745
182,0.770370,0.895073,0.396110,-0.274631,0.218326,0.004791
183,0.773848,0.901263,0.395546,-0.276751,0.219404,0.004841
184,0.777599,0.907367,0.395127,-0.278844,0.220624,0.004888
185,0.781597,0.913367,0.394832,-0.280905,0.221975,0.004937
186,0.785849,0.919272,0.394658,-0.282936,0.223458,0.004986
187,0.790349,0.925063,0.394597,-0.284929,0.225071,0.005030
188,0.795083,0.930748,0.394636,-0.286887,0.226807,0.005073
189,0.800050,0.936320,0.394772,-0.288810,0.228664,0.005116
190,0.805224,0.941778,0.394990,-0.290696,0.230630,0.005156
191,0.810607,0.947111,0.395287,-0.292541,0.232707,0.005194
192,0.816176,0.952309,0.395649,-0.294341,0.234883,0.005235
193,0.821936,0.957382,0.396074,-0.296101,0.237161,0.005267
194,0.827868,0.962324,0.396553,-0.297818,0.239530,0.005301
195,0.833945,0.967122,0.397078,-0.299488,0.241980,0.005334
196,0.840160,0.971782,0.397638,-0.301114,0.244506,0.005366
197,0.846491,0.976294,0.398228,-0.302692,0.247099,0.005397
198,0.852935,0.980649,0.398842,-0.304218,0.249756,0.005424
199,0.859477,0.984863,0.399477,-0.305701,0.252471,0.005444
200,0.866081,0.988909,0.400118,-0.307128,0.255227,0.005474
201,0.872742,0.992786,0.400764,-0.308500,0.258022,0.005498
202,0.879449,0.996505,0.401411,-0.309822,0.260851,0.005520
203,0.886166,1.000052,0.402049,-0.311089,0.263698,0.005536
204,0.892886,1.003427,0.402675,-0.312302,0.266559,0.005556
205,0.899589,1.006625,0.403283,-0.313458,0.269425,0.005570
206,0.906257,1.009640,0.403870,-0.314555,0.272289,0.005583
207,0.912877,1.012469,0.404433,-0.315593,0.275144,0.005599
208,0.919415,1.015109,0.404961,-0.316570,0.277974,0.005612
209,0.925891,1.017571,0.405465,-0.317493,0.280790,0.005621
210,0.932245,1.019828,0.405925,-0.318348,0.283563,0.005634
211,0.938479,1.021889,0.406347,-0.319142,0.286296,0.005635
212,0.944578,1.023750,0.406727,-0.319872,0.288980,0.005643
213,0.950521,1.025414,0.407065,-0.320539,0.291608,0.005646
214,0.956276,1.026862,0.407350,-0.321137,0.294165,0.005645
215,0.961836,1.028099,0.407588,-0.321667,0.296649,0.005646
216,0.967195,1.029125,0.407773,-0.322129,0.299054,0.005646
217,0.972345,1.029946,0.407910,-0.322527,0.301381,0.005641
218,0.977258,1.030549,0.407996,-0.322855,0.303614,0.005640
219,0.981921,1.030925,0.408025,-0.323108,0.305750,0.005634
220,0.986330,1.031097,0.408004,-0.323297,0.307785,0.005623
221,0.990448,1.031027,0.407924,-0.323406,0.309705,0.005616
222,0.994289,1.030746,0.407791,-0.323448,0.311515,0.005607
223,0.997830,1.030231,0.407606,-0.323413,0.313207,0.005598
224,1.001043,1.029490,0.407362,-0.323304,0.314766,0.005586
225,1.003946,1.028520,0.407066,-0.323120,0.316201,0.005573
226,1.006526,1.027321,0.406720,-0.322861,0.317508,0.005557
227,1.008760,1.025894,0.406322,-0.322527,0.318676,0.005543
228,1.010644,1.024230,0.405869,-0.322114,0.319703,0.005525
229,1.012193,1.022336,0.405372,-0.321625,0.320597,0.005507
230,1.013371,1.020209,0.404825,-0.321058,0.321342,0.005481
231,1.014192,1.017854,0.404233,-0.320415,0.321943,0.005464
232,1.014647,1.015253,0.403595,-0.319688,0.322399,0.005450
233,1.014712,1.012428,0.402914,-0.318888,0.322698,0.005423
234,1.014411,1.009361,0.402191,-0.318004,0.322851,0.005406
235,1.013726,1.006070,0.401430,-0.317045,0.322851,0.005380
236,1.012664,1.002531,0.400630,-0.315999,0.322701,0.005357
237,1.011221,0.998776,0.399796,-0.314882,0.322399,0.005326
238,1.009398,0.994786,0.398929,-0.313684,0.321946,0.005304
239,1.007189,0.990564,0.398029,-0.312406,0.321341,0.005277
240,1.004616,0.986119,0.397103,-0.311051,0.320591,0.005248
241,1.001655,0.981450,0.396150,-0.309619,0.319688,0.005218
242,0.998318,0.976544,0.395171,-0.308104,0.318638,0.005191
243,0.994626,0.971420,0.394172,-0.306513,0.317449,0.005161
244,0.990558,0.966078,0.393151,-0.304846,0.316113,0.005124
245,0.986127,0.960520,0.392113,-0.303104,0.314635,0.005093
246,0.981339,0.954740,0.391059,-0.301284,0.313019,0.005061
247,0.976205,0.948745,0.389991,-0.299388,0.311269,0.005023
248,0.970737,0.942544,0.388912,-0.297420,0.309391,0.004992
249,0.964929,0.936140,0.387823,-0.295381,0.307383,0.004951
250,0.958793,0.929529,0.386726,-0.293269,0.305249,0.004915
251,0.952340,0.922715,0.385623,-0.291084,0.302996,0.004878
252,0.945575,0.915705,0.384516,-0.288831,0.300624,0.004842
253,0.938500,0.908500,0.383405,-0.286509,0.298136,0.004803
254,0.931137,0.901110,0.382293,-0.284122,0.295541,0.004767
255,0.923497,0.893536,0.381182,-0.281669,0.292843,0.004728
256,0.915585,0.885781,0.380073,-0.279153,0.290046,0.004683
257,0.907399,0.877852,0.378966,-0.276576,0.287148,0.004643
258,0.898964,0.869738,0.377862,-0.273932,0.284160,0.004601
259,0.890297,0.861468,0.376767,-0.271236,0.281089,0.004558
260,0.881375,0.853025,0.375672,-0.268476,0.277927,0.004509
261,0.872241,0.844420,0.374585,-0.265660,0.274691,0.004466
262,0.862909,0.835670,0.373508,-0.262794,0.271387,0.004421
263,0.853379,0.826765,0.372438,-0.259873,0.268016,0.004374
264,0.843662,0.817724,0.371375,-0.256906,0.264580,0.004328
265,0.833774,0.808542,0.370322,-0.253890,0.261090,0.004278
266,0.823723,0.799229,0.369278,-0.250829,0.257546,0.004231
267,0.813507,0.789783,0.368240,-0.247722,0.253948,0.004183
268,0.803166,0.780218,0.367214,-0.244576,0.250314,0.004129
269,0.792687,0.770534,0.366195,-0.241389,0.246638,0.004079
270,0.782082,0.760734,0.365183,-0.238164,0.242923,0.004026
271,-4.547316,-2.576864,20.681545,-0.143146,-0.338681,0.004439
272,0.881456,0.844471,0.401617,-0.297024,0.301705,-0.015270
273,0.893694,0.852756,0.402778,-0.301491,0.306834,-0.015352
274,0.782600,0.770628,0.557503,-0.310688,0.314756,-0.014941
275,0.873288,0.837789,0.459934,-0.312705,0.318229,-0.014671
276,0.882876,0.844824,0.461076,-0.316647,0.322611,-0.013710
277,0.889742,0.849803,0.464355,-0.320253,0.326656,-0.012359
278,0.897661,0.855513,0.465393,-0.323480,0.330368,-0.010800
279,0.904094,0.860004,0.467092,-0.326325,0.333710,-0.009086
280,0.909830,0.863894,0.468444,-0.328759,0.336671,-0.007331
281,0.914209,0.866686,0.470222,-0.330798,0.339246,-0.005530
282,0.918277,0.869179,0.471124,-0.332408,0.341422,-0.003723
283,0.921257,0.870569,0.472507,-0.333695,0.343263,-0.001899
284,0.923312,0.871284,0.473490,-0.334506,0.344663,-0.000413
285,0.925181,0.871787,0.473651,-0.334952,0.345710,0.000932
286,0.924604,0.870325,0.475409,-0.334990,0.346346,0.002190
287,0.926191,0.870476,0.473418,-0.334583,0.346585,0.003279
288,0.921190,0.865520,0.478136,-0.333930,0.346503,0.004382
289,0.920623,0.863715,0.476515,-0.332780,0.345988,0.005301
290,0.917734,0.860104,0.476500,-0.331304,0.345115,0.006094
291,0.913836,0.855621,0.476566,-0.329462,0.343876,0.006735
292,0.915446,0.855040,0.468722,-0.326993,0.342073,0.007240
293,0.896852,0.839611,0.484053,-0.324846,0.340339,0.007656
294,0.896996,0.837751,0.476024,-0.321778,0.337891,0.007885
295,0.889849,0.830414,0.475602,-0.318564,0.335194,0.008019
296,0.881830,0.822507,0.475111,-0.315052,0.332181,0.007940
297,0.873097,0.813902,0.474512,-0.311238,0.328825,0.007907
298,0.863663,0.804716,0.473791,-0.307143,0.325152,0.007796
299,0.853497,0.794927,0.473018,-0.302783,0.321177,0.007618
300,0.841846,0.784167,0.472729,-0.298178,0.316921,0.007376
301,0.877177,0.806703,0.415308,-0.291515,0.311042,0.007068
302,0.772414,0.729097,0.525048,-0.289588,0.308334,0.006829
303,0.805901,0.750178,0.469083,-0.282856,0.302283,0.006435
304,0.792242,0.737592,0.468019,-0.277302,0.296848,0.006077
305,0.778248,0.724939,0.466708,-0.271619,0.291239,0.005683
306,0.763538,0.711416,0.465527,-0.265720,0.285325,0.005294
307,0.748462,0.697786,0.464253,-0.259729,0.279272,0.004910
308,0.732812,0.683862,0.462760,-0.253530,0.272966,0.004548
309,0.716518,0.669144,0.461668,-0.247236,0.266457,0.004210
310,0.699995,0.654464,0.460225,-0.240841,0.259795,0.003814
311,0.683029,0.639468,0.458821,-0.234350,0.252976,0.003457
312,0.665868,0.624369,0.457252,-0.227799,0.246028,0.003106
313,0.647828,0.608642,0.456120,-0.221135,0.238896,0.002765
314,0.629952,0.593112,0.454612,-0.214478,0.231710,0.002418
315,0.611607,0.577201,0.453207,-0.207740,0.224368,0.002132
316,0.593265,0.561414,0.451674,-0.201040,0.217004,0.001795
317,0.574161,0.545111,0.450618,-0.194283,0.209519,0.001502
318,0.555450,0.529145,0.448928,-0.187528,0.201982,0.001345
319,0.536088,0.512719,0.447931,-0.180817,0.194415,0.001252
320,0.516949,0.496524,0.446537,-0.174126,0.186818,0.001142
321,0.497817,0.480359,0.444910,-0.167421,0.179151,0.001079
322,0.478311,0.464015,0.443911,-0.160846,0.171559,0.000982
323,0.458755,0.447706,0.442845,-0.154291,0.163943,0.000926
324,0.439312,0.431475,0.441888,-0.147870,0.156401,0.000877
325,0.455816,0.440370,0.395719,-0.140104,0.147879,0.000847
326,0.435008,0.423240,0.394571,-0.133331,0.139878,0.000941
327,0.309732,0.333759,0.525915,-0.130780,0.134903,0.001038
328,0.361994,0.367584,0.438249,-0.122913,0.126588,0.000622
329,0.343648,0.352387,0.437225,-0.117099,0.119496,0.000523
330,0.359979,0.361570,0.392239,-0.110035,0.111541,0.000454
331,0.340107,0.345393,0.391252,-0.103855,0.104005,0.000578
332,0.320322,0.329318,0.390285,-0.097753,0.096522,0.000696
333,0.167797,0.221336,0.560420,-0.097041,0.092841,0.000812
334,0.252007,0.277606,0.434131,-0.089239,0.084919,0.000253
335,0.269456,0.287863,0.389563,-0.083014,0.077783,0.000148
336,0.185846,0.227637,0.473486,-0.080198,0.072776,0.000269
337,0.235236,0.260076,0.388725,-0.073131,0.065201,0.000168
338,-1.309234,-0.531183,1.461516,-0.121254,0.149663,0.000297
339,0.255752,0.261679,0.400716,-0.077484,0.076580,-0.002729
340,0.247358,0.252532,0.401014,-0.074581,0.073837,-0.002609
341,0.238954,0.243450,0.401307,-0.071717,0.071090,-0.002439
342,0.230579,0.234433,0.401598,-0.068890,0.068357,-0.002208
343,0.222208,0.225469,0.401883,-0.066089,0.065627,-0.001942
344,0.213856,0.216564,0.402164,-0.063319,0.062908,-0.001638
345,0.205541,0.207717,0.402442,-0.060578,0.060205,-0.001318
346,0.197246,0.198938,0.402716,-0.057870,0.057512,-0.000994
347,0.188982,0.190207,0.402986,-0.055185,0.054834,-0.000671
348,0.180762,0.181555,0.403255,-0.052538,0.052175,-0.000355
349,0.172573,0.172956,0.403520,-0.049916,0.049531,-0.000057
350,0.164424,0.164413,0.403781,-0.047318,0.046905,0.000220
351,0.156323,0.155936,0.404039,-0.044750,0.044299,0.000465
352,0.148269,0.147526,0.404295,-0.042210,0.041715,0.000685
353,0.140262,0.139168,0.404548,-0.039694,0.039151,0.000882
354,0.132311,0.130874,0.404798,-0.037204,0.036610,0.001035
355,0.124402,0.122640,0.405044,-0.034739,0.034089,0.001160
356,0.116551,0.114465,0.405288,-0.032297,0.031591,0.001250
357,0.108758,0.106350,0.405528,-0.029878,0.029119,0.001311
358,0.101035,0.098287,0.405767,-0.027479,0.026676,0.001342
359,0.093358,0.090284,0.406001,-0.025102,0.024252,0.001345
360,0.085748,0.082343,0.406233,-0.022749,0.021856,0.001322
361,0.078211,0.074456,0.406464,-0.020414,0.019491,0.001275
362,0.070726,0.066626,0.406689,-0.018099,0.017147,0.001209
363,0.063320,0.058841,0.406912,-0.015797,0.014836,0.001132
364,0.055969,0.051113,0.407130,-0.013515,0.012546,0.001030
365,0.048690,0.043438,0.407345,-0.011249,0.010287,0.000928
366,0.041467,0.035822,0.407554,-0.009003,0.008049,0.000815
367,0.034313,0.028243,0.407760,-0.006766,0.005839,0.000704
368,0.027227,0.020712,0.407960,-0.004541,0.003657,0.000579
369,0.020206,0.013237,0.408156,-0.002334,0.001499,0.000460
370,0.013253,0.005802,0.408347,-0.000136,-0.000631,0.000344
371,0.006367,-0.001583,0.408532,0.002048,-0.002735,0.000227
372,-0.000456,-0.008927,0.408711,0.004223,-0.004815,0.000113
373,-0.007221,-0.016224,0.408883,0.006386,-0.006873,0.000004
374,-0.013894,-0.023468,0.409053,0.008535,-0.008895,-0.000093
375,-0.020529,-0.030683,0.409212,0.010680,-0.010904,-0.000190
376,-0.027086,-0.037841,0.409367,0.012810,-0.012883,-0.000276
377,-0.033583,-0.044973,0.409513,0.014937,-0.014839,-0.000356
378,-0.040023,-0.052063,0.409651,0.017056,-0.016776,-0.000431
379,-0.046392,-0.059107,0.409783,0.019165,-0.018686,-0.000490
380,-0.052709,-0.066104,0.409905,0.021262,-0.020578,-0.000546
381,-0.058954,-0.073066,0.410021,0.023354,-0.022444,-0.000594
382,-0.065144,-0.079994,0.410127,0.025441,-0.024291,-0.000641
383,-0.071271,-0.086878,0.410225,0.027519,-0.026115,-0.000674
384,-0.077352,-0.093719,0.410313,0.029587,-0.027925,-0.000705
385,-0.083380,-0.100527,0.410389,0.031651,-0.029718,-0.000738
386,-0.089345,-0.107292,0.410458,0.033706,-0.031488,-0.000760
387,-0.095255,-0.114019,0.410516,0.035755,-0.033241,-0.000783
388,-0.101107,-0.120699,0.410565,0.037792,-0.034975,-0.000806
389,-0.106908,-0.127342,0.410602,0.039824,-0.036693,-0.000825
390,-0.112653,-0.133945,0.410630,0.041847,-0.038393,-0.000837
391,-0.118354,-0.140501,0.410646,0.043860,-0.040080,-0.000857
392,-0.124006,-0.147019,0.410650,0.045866,-0.041753,-0.000870
393,-0.129606,-0.153491,0.410643,0.047862,-0.043409,-0.000886
394,-0.135168,-0.159925,0.410623,0.049851,-0.045056,-0.000909
395,-0.140672,-0.166316,0.410592,0.051831,-0.046686,-0.000926
396,-0.146138,-0.172666,0.410548,0.053803,-0.048305,-0.000942
397,-0.151557,-0.178954,0.410493,0.055756,-0.049911,-0.000966
398,-0.156926,-0.185207,0.410426,0.057704,-0.051503,-0.000986
399,-0.162249,-0.191409,0.410346,0.059639,-0.053083,-0.001005
400,-0.167547,-0.197567,0.410251,0.061565,-0.054659,-0.001034
401,-0.172796,-0.203677,0.410145,0.063479,-0.056222,-0.001057
402,-0.177987,-0.209726,0.410028,0.065375,-0.057767,-0.001084
403,-0.183154,-0.215731,0.409896,0.067262,-0.059310,-0.001114
404,-0.188270,-0.221686,0.409751,0.069136,-0.060839,-0.001142
405,-0.193353,-0.227573,0.409594,0.070989,-0.062360,-0.001174
406,-0.198403,-0.233419,0.409422,0.072833,-0.063876,-0.001204
407,-0.203385,-0.239195,0.409242,0.074657,-0.065371,-0.001235
408,-0.208346,-0.244928,0.409045,0.076471,-0.066864,-0.001270
409,-0.213277,-0.250595,0.408835,0.078265,-0.068353,-0.001304
410,-0.218148,-0.256205,0.408614,0.080043,-0.069824,-0.001336
411,-0.223000,-0.261752,0.408378,0.081803,-0.071295,-0.001366
412,-0.227798,-0.267236,0.408131,0.083544,-0.072751,-0.001407
413,-0.232568,-0.272660,0.407870,0.085267,-0.074203,-0.001436
414,-0.237286,-0.278009,0.407598,0.086968,-0.075641,-0.001475
415,-0.241971,-0.283299,0.407313,0.088651,-0.077074,-0.001501
416,-0.246615,-0.288521,0.407015,0.090314,-0.078497,-0.001535
417,-0.251218,-0.293669,0.406706,0.091954,-0.079911,-0.001571
418,-0.255781,-0.298752,0.406384,0.093574,-0.081316,-0.001604
419,-0.260299,-0.303759,0.406051,0.095170,-0.082711,-0.001634
420,-0.264769,-0.308699,0.405708,0.096745,-0.084093,-0.001661
421,-0.269190,-0.313555,0.405355,0.098294,-0.085462,-0.001688
422,-0.832322,-0.775661,0.447461,0.059141,-0.033538,-0.001718
423,-3.289235,-2.791433,2.612525,-0.099787,0.100715,-0.004121
424,-0.151124,-0.214103,0.469303,0.034835,-0.029997,-0.018750
425,-0.136222,-0.198094,0.474499,0.027517,-0.022708,-0.018768
426,-0.122522,-0.184075,0.482309,0.020488,-0.015903,-0.018298
427,-0.108881,-0.170749,0.489624,0.013728,-0.009277,-0.017503
428,-0.095350,-0.158192,0.496995,0.007298,-0.002927,-0.016430
429,-0.082458,-0.145734,0.503499,0.001177,0.003280,-0.015159
430,-0.069964,-0.133799,0.510065,-0.004597,0.009238,-0.013714
431,-0.057861,-0.122344,0.516032,-0.010036,0.014970,-0.012165
432,-0.047376,-0.109603,0.519704,-0.015044,0.020715,-0.010557
433,-0.035224,-0.102118,0.528368,-0.019903,0.025660,-0.008907
434,-0.029194,-0.095048,0.519906,-0.024798,0.031888,-0.007305
435,-0.018828,-0.087537,0.519853,-0.029185,0.036996,-0.005769
436,-0.015786,-0.082970,0.513548,-0.033546,0.042808,-0.004314
437,-0.016551,-0.075490,0.485201,-0.037803,0.050128,-0.003009
438,0.017437,-0.063019,0.557193,-0.039615,0.048296,-0.001807
439,0.008660,-0.061494,0.514001,-0.043799,0.056277,-0.000713
440,0.019555,-0.052377,0.523083,-0.046251,0.059446,0.000206
441,0.026928,-0.046281,0.524244,-0.048648,0.063011,0.001001
442,0.036349,-0.039424,0.527685,-0.050597,0.065931,0.001655
443,0.035476,-0.036949,0.519962,-0.052732,0.070110,0.002178
444,0.045007,-0.030726,0.524736,-0.054095,0.072446,0.002541
445,0.051490,-0.025649,0.526888,-0.055247,0.074850,0.002783
446,0.055455,-0.022267,0.525181,-0.056275,0.077404,0.002922
447,0.061441,-0.017844,0.527484,-0.056844,0.079248,0.002944
448,0.066746,-0.014160,0.529525,-0.057155,0.080848,0.002884
449,0.066739,-0.013246,0.522473,-0.057490,0.083113,0.002759
450,0.072352,-0.009789,0.525841,-0.057194,0.084038,0.002556
451,0.076702,-0.007036,0.527432,-0.056673,0.084850,0.002303
452,0.052864,-0.003304,0.493148,-0.056436,0.090120,0.001997
453,0.111491,-0.005378,0.566561,-0.054444,0.081556,0.001689
454,0.056868,-0.005071,0.490112,-0.054717,0.090968,0.001360
455,0.112225,-0.001592,0.560928,-0.051906,0.082323,0.000993
456,0.077424,-0.005645,0.509116,-0.051494,0.087872,0.000695
457,0.089488,-0.001852,0.524729,-0.049231,0.085659,0.000326
458,0.080131,-0.005013,0.512186,-0.047625,0.086515,0.000026
459,0.086723,-0.005335,0.521486,-0.045241,0.084541,-0.000266
460,0.085746,-0.005548,0.518006,-0.042902,0.083652,-0.000539
461,0.085526,-0.006790,0.518022,-0.040385,0.082282,-0.000777
462,0.082094,-0.009392,0.511758,-0.037869,0.081283,-0.000978
463,0.082636,-0.010707,0.514056,-0.034945,0.079231,-0.001150
464,0.080740,-0.012841,0.512296,-0.032022,0.077413,-0.001299
465,0.077770,-0.015938,0.509318,-0.029047,0.075548,-0.001406
466,0.076443,-0.017894,0.509129,-0.025771,0.073137,-0.001482
467,0.070478,-0.015746,0.511081,-0.022011,0.070837,-0.001530
468,0.074488,-0.029254,0.503601,-0.019404,0.067985,-0.001519
469,0.064969,-0.028945,0.499695,-0.015749,0.065863,-0.001529
470,0.063317,-0.031427,0.501418,-0.012063,0.062647,-0.001508
471,0.059190,-0.035895,0.498438,-0.008517,0.059722,-0.001456
472,0.050816,-0.040346,0.490171,-0.004994,0.057339,-0.001397
473,0.055196,-0.048314,0.493578,-0.001486,0.052970,-0.001323
474,0.047214,-0.052564,0.487049,0.002069,0.050067,-0.001253
475,0.041941,-0.058072,0.482606,0.005602,0.046695,-0.001174
476,0.037366,-0.063900,0.478900,0.009097,0.043091,-0.001100
477,0.030712,-0.069106,0.473825,0.012562,0.039658,-0.001036
478,0.026340,-0.075126,0.470504,0.015979,0.035785,-0.000966
479,0.020503,-0.080701,0.466026,0.019337,0.032017,-0.000906
480,0.014389,-0.086211,0.461597,0.022625,0.028179,-0.000855
481,0.007786,-0.091408,0.456776,0.025851,0.024327,-0.000812
482,0.001705,-0.097200,0.453565,0.028978,0.020234,-0.000771
483,-0.004485,-0.102248,0.448676,0.032002,0.016245,-0.000744
484,-0.011528,-0.107357,0.444888,0.034927,0.012213,-0.000727
485,-0.017892,-0.112136,0.440139,0.037744,0.008146,-0.000715
486,-0.025024,-0.116951,0.436414,0.040443,0.004053,-0.000713
487,-0.031749,-0.121347,0.431969,0.043013,-0.000009,-0.000724
488,-0.038563,-0.125537,0.427454,0.045468,-0.004084,-0.000732
489,-0.045970,-0.129702,0.423813,0.047786,-0.008142,-0.000742
490,-0.052952,-0.133473,0.419585,0.049985,-0.012205,-0.000759
491,-0.059885,-0.136935,0.415331,0.052035,-0.016209,-0.000781
492,-0.067587,-0.140452,0.412325,0.053930,-0.020145,-0.000811
493,-0.074226,-0.143117,0.407742,0.055716,-0.024047,-0.000831
494,-0.081282,-0.145843,0.403996,0.057338,-0.027865,-0.000865
495,-0.089274,-0.148849,0.402161,0.058784,-0.031605,-0.000895
496,-0.094822,-0.150140,0.396076,0.060149,-0.035254,-0.000926
497,-0.163471,-0.161094,0.472453,0.061599,-0.037260,-0.000933
498,-0.107751,-0.154342,0.392487,0.062349,-0.041356,-0.001001
499,-0.114898,-0.156304,0.390974,0.063261,-0.044631,-0.001013
500,-0.121777,-0.157969,0.389539,0.064023,-0.047781,-0.001017
501,-0.128395,-0.159349,0.388180,0.064640,-0.050809,-0.001030
502,-0.134713,-0.160430,0.386902,0.065108,-0.053700,-0.001038
503,-0.140723,-0.161220,0.385703,0.065433,-0.056450,-0.001043
504,-0.146399,-0.161715,0.384587,0.065613,-0.059047,-0.001042
505,-0.151734,-0.161928,0.383553,0.065657,-0.061490,-0.001041
506,-0.156721,-0.161840,0.382599,0.065558,-0.063776,-0.001044
507,-0.161338,-0.161471,0.381729,0.065326,-0.065895,-0.001043
508,-0.165572,-0.160827,0.380942,0.064965,-0.067843,-0.001045
509,-0.169405,-0.159894,0.380238,0.064471,-0.069611,-0.001035
510,-0.172850,-0.158699,0.379615,0.063857,-0.071206,-0.001026
511,-0.175909,-0.157233,0.379068,0.063121,-0.072631,-0.001023
512,-0.178544,-0.155508,0.378603,0.062270,-0.073866,-0.001011
513,-0.180770,-0.153537,0.378214,0.061310,-0.074921,-0.000999
514,-0.182579,-0.151321,0.377902,0.060243,-0.075792,-0.000981
515,-0.183962,-0.148863,0.377666,0.059073,-0.076475,-0.000965
516,-0.184926,-0.146195,0.377501,0.057814,-0.076974,-0.000950
517,-0.185459,-0.143301,0.377409,0.056461,-0.077285,-0.000923
518,-0.185575,-0.140189,0.377385,0.055018,-0.077414,-0.000907
519,-0.185289,-0.136885,0.377424,0.053498,-0.077368,-0.000885
520,-0.184576,-0.133387,0.377530,0.051901,-0.077136,-0.000860
521,-0.183455,-0.129711,0.377697,0.050235,-0.076727,-0.000831
522,-0.181940,-0.125878,0.377920,0.048509,-0.076147,-0.000802
523,-0.180021,-0.121876,0.378200,0.046721,-0.075394,-0.000772
524,-0.177721,-0.117730,0.378531,0.044881,-0.074477,-0.000742
525,-0.175041,-0.113452,0.378912,0.042995,-0.073396,-0.000704
526,-0.171995,-0.109043,0.379338,0.041064,-0.072159,-0.000673
527,-0.168580,-0.104520,0.379809,0.039097,-0.070765,-0.000643
528,-0.164830,-0.099896,0.380319,0.037100,-0.069228,-0.000614
529,-0.160744,-0.095175,0.380865,0.035074,-0.067549,-0.000573
530,-0.156338,-0.090383,0.381443,0.033031,-0.065735,-0.000538
531,-0.151617,-0.085512,0.382053,0.030969,-0.063788,-0.000503
532,-0.146607,-0.080588,0.382687,0.028898,-0.061721,-0.000467
533,-0.141315,-0.075604,0.383346,0.026816,-0.059537,-0.000426
534,-0.135751,-0.070571,0.384026,0.024727,-0.057239,-0.000387
535,-0.129954,-0.065516,0.384721,0.022644,-0.054845,-0.000353
536,-0.123926,-0.060444,0.385428,0.020568,-0.052357,-0.000318
537,-0.117663,-0.055354,0.386148,0.018499,-0.049773,-0.000280
538,-0.111209,-0.050266,0.386873,0.016446,-0.047112,-0.000242
539,-0.104574,-0.045177,0.387601,0.014407,-0.044378,-0.000203
540,-0.097769,-0.040103,0.388331,0.012388,-0.041578,-0.000174
541,-0.090828,-0.035056,0.389056,0.010395,-0.038725,-0.000137
542,-0.083758,-0.030042,0.389775,0.008430,-0.035823,-0.000101
543,-0.076556,-0.025050,0.390488,0.006486,-0.032870,-0.000070
544,-0.069286,-0.020117,0.391186,0.004582,-0.029895,-0.000040
545,-0.061920,-0.015242,0.391872,0.002716,-0.026884,-0.000010
546,-0.054498,-0.010416,0.392540,0.000881,-0.023857,0.000023
547,-0.047036,-0.005667,0.393188,-0.000907,-0.020819,0.000051
548,-0.039539,-0.000980,0.393815,-0.002658,-0.017773,0.000080
549,-0.032040,0.003630,0.394417,-0.004367,-0.014733,0.000110
550,-0.024533,0.008156,0.394995,-0.006028,-0.011697,0.000134
551,-0.017062,0.012602,0.395542,-0.007647,-0.008683,0.000160
552,-0.198332,-0.047158,0.716592,-0.010451,-0.004941,0.000185
553,-0.016916,0.015896,0.434294,-0.011964,0.000056,-0.000068
554,0.012825,0.028352,0.398327,-0.013566,0.003715,-0.000083
555,-0.013696,0.017672,0.463073,-0.015606,0.006945,-0.000060
556,0.030581,0.037782,0.399635,-0.016989,0.010865,-0.000102
557,0.038860,0.042121,0.400147,-0.018513,0.014151,-0.000060
558,-0.006154,0.017904,0.504381,-0.021017,0.016860,-0.000018
559,0.038129,0.040985,0.438836,-0.022406,0.021137,-0.000123
560,0.004159,0.049102,0.491383,-0.023051,0.025778,-0.000122
561,0.075878,0.060528,0.402635,-0.025055,0.029004,-0.000092
562,0.084122,0.064571,0.403026,-0.026425,0.032221,-0.000040
563,0.091885,0.068379,0.403325,-0.027690,0.035225,0.000027
564,0.099389,0.072045,0.403567,-0.028892,0.038112,0.000104
565,0.106600,0.075565,0.403748,-0.030030,0.040867,0.000173
566,0.113532,0.078935,0.403872,-0.031101,0.043498,0.000247
567,0.120167,0.082163,0.403938,-0.032111,0.045996,0.000317
568,0.126492,0.085241,0.403945,-0.033056,0.048356,0.000381
569,0.132518,0.088178,0.403897,-0.033942,0.050584,0.000450
570,0.138231,0.090969,0.403792,-0.034765,0.052674,0.000505
571,0.143619,0.093616,0.403632,-0.035530,0.054622,0.000559
572,0.148687,0.096113,0.403417,-0.036231,0.056430,0.000606
573,1.308528,1.645393,2.542439,0.134058,-0.175852,0.000599
574,0.103971,0.032725,0.395375,-0.001363,0.039355,0.007507
575,0.100509,0.023832,0.394302,0.003014,0.037809,0.007546
576,0.096812,0.015166,0.393238,0.007213,0.036166,0.007400
577,0.092991,0.006760,0.392181,0.011231,0.034465,0.007095
578,0.089026,-0.001372,0.391130,0.015060,0.032694,0.006665
579,0.513114,-0.029453,0.864634,0.025675,-0.036571,0.006102
580,0.055676,-0.021222,0.397464,0.020902,0.020758,0.004942
581,0.054092,-0.023593,0.385449,0.024102,0.017379,0.004207
582,0.047063,-0.030223,0.384248,0.026984,0.014334,0.003498
583,0.034169,-0.342143,0.491692,0.004885,0.006631,0.002782
584,0.001703,-0.027544,0.448155,0.026280,0.006990,0.000205
585,0.068732,-0.261261,0.600753,0.008922,-0.010734,-0.000858
586,-0.397320,-0.267434,0.555832,0.001227,0.031528,-0.002940
587,0.026549,-0.015548,0.382918,0.015683,0.004445,-0.005159
588,0.022172,-0.015073,0.382234,0.015188,0.002453,-0.005487
589,0.017895,-0.014435,0.381577,0.014619,0.000513,-0.005652
590,0.013723,-0.013647,0.380943,0.013985,-0.001373,-0.005680
591,-0.161347,0.380691,0.577396,0.049995,0.001385,-0.005579
592,0.012743,-0.029968,0.380443,0.023360,-0.000987,-0.002706
593,0.000517,-0.009939,0.390364,0.025835,-0.001900,-0.002437
594,0.007827,-0.033753,0.379503,0.024702,-0.003159,-0.002035
595,-0.003405,-0.015785,0.388306,0.026781,-0.003955,-0.001747
596,0.003430,-0.036774,0.378658,0.025629,-0.005109,-0.001362
597,0.004748,0.026447,0.412820,0.031861,-0.008464,-0.001092
598,-0.000899,-0.041079,0.377823,0.027309,-0.006942,-0.000449
599,-0.004518,-0.036533,0.382263,0.028073,-0.007877,-0.000197
600,-0.009653,-0.024633,0.393029,0.029536,-0.009018,0.000014
601,-0.008977,-0.036718,0.383692,0.029031,-0.009367,0.000237
602,-0.007535,-0.045846,0.376479,0.028351,-0.009846,0.000393
603,0.027470,0.018608,0.421565,0.034565,-0.016611,0.000486
604,-0.011814,-0.049329,0.375674,0.029507,-0.011636,0.000968
605,0.005063,-0.018847,0.396945,0.032329,-0.015204,0.001000
606,-0.008701,-0.040171,0.382617,0.030650,-0.014002,0.001161
607,-0.007371,-0.035837,0.385800,0.031067,-0.015050,0.001196
608,-0.009521,-0.037678,0.384462,0.030949,-0.015494,0.001240
609,-0.017187,-0.049533,0.376394,0.029725,-0.014932,0.001242
610,-0.003294,-0.025914,0.393159,0.031601,-0.017687,0.001141
611,-0.014569,-0.042532,0.381368,0.030071,-0.016599,0.001172
612,-0.013531,-0.039233,0.383355,0.030095,-0.017262,0.001099
613,-0.022586,-0.053034,0.373448,0.028334,-0.016186,0.001009
614,-0.008003,-0.026618,0.391190,0.030164,-0.018779,0.000836
615,-0.016486,-0.039917,0.382050,0.028806,-0.017859,0.000838
616,0.430706,-0.111948,0.854696,0.030880,-0.087346,0.000729
617,-0.057580,-0.049623,0.429964,0.025130,-0.027980,-0.000030
618,-0.051929,-0.048554,0.370012,0.023199,-0.028763,-0.000145
619,-0.054617,-0.046737,0.369771,0.021978,-0.029838,-0.000314
620,-0.057045,-0.044800,0.369562,0.020721,-0.030791,-0.000462
621,-0.035152,-0.031748,0.394605,0.020879,-0.035386,-0.000585
622,-0.870473,0.052294,3.197146,0.069035,-0.113192,-0.000536
623,-0.324019,-0.018522,0.242351,0.021607,0.007352,0.005981
624,-0.212086,0.032170,0.403013,0.028017,-0.008916,0.011262
625,-0.404165,-0.025323,0.388562,0.022818,0.010580,0.008199
626,-0.240194,-0.006186,0.522140,0.027005,-0.007966,0.005607
627,-0.029927,-0.039400,0.379010,0.021383,-0.015793,0.006982
628,-0.558852,-0.036472,0.335232,0.019661,0.033848,0.006407
629,-0.033224,-0.031511,0.384742,0.020560,-0.011052,0.012041
630,-0.298718,0.013994,0.454911,0.024904,0.009723,0.011352
631,-0.222039,0.011244,0.545223,0.027114,0.002038,0.008636
632,-0.413713,0.006904,0.235401,0.021186,0.038722,0.011296
633,-0.102043,-0.052288,0.534096,0.021712,-0.000543,0.007601
634,-0.012721,-0.042580,0.442120,0.019371,-0.000010,0.007120
635,-0.428928,0.012877,0.287784,0.020399,0.046807,0.005868
636,-0.000673,-0.038044,0.387925,0.019327,0.008530,-0.000996
637,0.015620,-0.032007,0.387065,0.018972,0.010184,-0.002233
638,0.006369,-0.036369,0.390202,0.017811,0.013456,-0.003232
639,-0.458752,-0.101251,0.632874,0.014763,0.043121,-0.004072
640,0.002599,-0.029773,0.409549,0.016176,0.018709,-0.004871
641,0.037512,-0.025392,0.390605,0.015305,0.020367,-0.005288
642,0.010137,-0.023504,0.397115,0.014351,0.025034,-0.005560
643,0.038335,-0.024640,0.393490,0.013170,0.025525,-0.005657
644,0.026176,-0.019783,0.397191,0.012342,0.028878,-0.005655
645,0.050019,-0.020583,0.394249,0.011110,0.029413,-0.005502
646,0.030377,-0.016072,0.399080,0.010198,0.033124,-0.005270
647,0.085402,-0.000281,0.415807,0.010761,0.029339,-0.004928
648,0.004565,-0.010139,0.476305,0.009697,0.034941,-0.004472
649,0.045157,-0.020028,0.399861,0.006736,0.038011,-0.003937
650,0.078372,-0.004629,0.442219,0.007409,0.034519,-0.003496
651,-0.157700,-0.052695,0.802200,0.007885,0.036672,-0.002856
652,-0.452310,0.057260,0.273743,0.007845,0.094395,-0.005372
653,-0.272472,-0.043509,0.437922,0.004012,0.073905,-0.007628
654,0.011173,-0.127543,0.517864,-0.003095,0.048214,-0.010355
655,0.082333,0.016898,0.319088,0.002296,0.054630,-0.009330
656,-0.177411,-0.037412,0.585472,0.000810,0.064900,-0.009879
657,0.054475,0.040493,0.399461,0.003362,0.057850,-0.009243
658,0.112936,0.003885,0.423682,0.000604,0.053110,-0.009257
659,0.119578,0.004513,0.401821,-0.000616,0.055789,-0.008270
660,0.015603,0.004391,0.420368,-0.001654,0.065401,-0.007233
661,0.128391,0.007493,0.401656,-0.002196,0.058974,-0.006104
662,0.130171,0.008914,0.401652,-0.003056,0.059457,-0.005035
663,0.131478,0.010305,0.401582,-0.003903,0.059734,-0.003985
664,0.132309,0.011646,0.401447,-0.004726,0.059806,-0.002976
665,-0.123984,-0.039763,0.771920,-0.004847,0.063506,-0.002022
666,-0.345016,-0.028221,0.279863,-0.013104,0.112776,-0.002437
667,0.048770,0.036709,0.567093,-0.003851,0.065490,-0.002122
668,0.103177,0.010273,0.449924,-0.007878,0.068942,-0.001982
669,0.151148,0.020075,0.403669,-0.008488,0.067788,-0.001346
670,0.071727,0.016276,0.422848,-0.009472,0.074256,-0.000729
671,0.094526,0.006397,0.494439,-0.009758,0.069614,-0.000178
672,0.153167,0.022491,0.404241,-0.010491,0.069667,0.000301
673,0.087941,0.021108,0.415384,-0.011265,0.074877,0.000731
674,0.119484,0.023343,0.410145,-0.011602,0.072986,0.001124
675,0.120528,0.024131,0.409873,-0.012039,0.073006,0.001438
676,0.080841,0.008100,0.551756,-0.011704,0.068739,0.001686
677,-0.460755,0.066519,0.352199,-0.010670,0.126592,0.001849
678,-0.325125,-0.150195,0.428267,-0.025914,0.112927,0.000834
679,-0.099310,0.060456,0.510111,-0.010628,0.089916,0.000646
680,-0.246939,0.028486,0.374474,-0.015072,0.110885,0.005074
681,-0.207337,0.046627,0.484972,-0.012250,0.103279,0.004940
682,0.134422,0.031962,0.410518,-0.014313,0.079915,0.003681
683,0.129200,0.029261,0.412326,-0.014843,0.080959,0.003469
684,0.074032,0.061421,0.548208,-0.010323,0.078703,0.003204
685,-0.039420,-0.011257,0.424187,-0.017632,0.096102,0.002434
686,0.099085,0.037894,0.490193,-0.012750,0.080963,0.002548
687,0.139383,0.026441,0.412328,-0.014663,0.082053,0.001637
688,0.136961,0.027894,0.420955,-0.014562,0.081599,0.001281
689,0.120553,0.043648,0.449852,-0.012876,0.081186,0.000955
690,-0.047945,-0.036985,0.442020,-0.019591,0.096109,0.000785
691,0.122320,0.057487,0.481018,-0.011708,0.079027,0.000866
692,0.137439,0.032050,0.411579,-0.014211,0.081308,0.000789
693,-0.171806,0.003403,0.440692,-0.016236,0.105923,0.000588
694,-0.042937,-0.046026,0.436309,-0.019825,0.095330,-0.000176
695,0.007314,0.019363,0.446792,-0.015441,0.090204,-0.001159
696,-0.030888,0.033445,0.452613,-0.013887,0.092918,-0.000914
697,-0.022371,-0.006528,0.427186,-0.016605,0.093659,0.000173
698,-0.046804,-0.048401,0.422080,-0.020295,0.096067,0.001047
699,0.007855,0.012727,0.446376,-0.015841,0.089748,0.001510
700,-0.029035,0.009579,0.451008,-0.015892,0.092383,0.002303
701,0.008278,0.046251,0.430969,-0.012770,0.090018,0.002903
702,0.016973,-0.033024,0.438238,-0.018312,0.088848,0.003392
703,0.005041,0.015949,0.437565,-0.015189,0.089313,0.002792
704,-0.047896,0.037710,0.449317,-0.012927,0.092877,0.002228
705,-0.473757,-0.071082,0.418280,-0.021844,0.131491,0.001860
706,0.127990,0.034868,0.445909,-0.012365,0.079078,0.001079
707,0.133166,0.032097,0.411490,-0.012784,0.080302,0.000796
708,0.134228,0.021359,0.410817,-0.013416,0.079553,0.000580
709,-0.145112,-0.039452,0.454652,-0.018094,0.100556,0.000318
710,0.089251,0.041005,0.507827,-0.010648,0.077176,0.000701
711,-0.089705,-0.024622,0.380053,-0.017614,0.099121,0.000560
712,-0.007793,0.025499,0.478134,-0.011956,0.086292,0.001099
713,-0.140366,-0.031571,0.373885,-0.017910,0.103265,0.000026
714,-0.156939,-0.018989,0.424464,-0.016305,0.101957,0.000426
715,0.021307,0.028948,0.485832,-0.010889,0.083290,0.001504
716,0.133135,0.024219,0.409052,-0.011723,0.077593,0.000822
717,0.126064,0.032373,0.410346,-0.010893,0.077263,0.000664
718,0.130425,0.030443,0.408953,-0.010686,0.076037,0.000570
719,0.099093,0.038077,0.542427,-0.007601,0.070348,0.000474
720,-0.025257,-0.082934,0.476145,-0.018184,0.083702,0.000469
721,-0.271005,-0.034111,0.315041,-0.017816,0.112650,0.001135
722,0.119724,0.034763,0.408888,-0.010267,0.073991,0.001040
723,-0.341895,-0.053193,0.436506,-0.017265,0.111757,0.000977
724,0.075455,0.035480,0.536916,-0.007803,0.070367,0.001851
725,0.122871,0.029117,0.408065,-0.009295,0.072784,0.001608
726,0.142658,0.022378,0.403671,-0.009543,0.070217,0.001486
727,-1.496765,-0.243093,0.370268,-0.033679,0.213187,0.001311
728,-0.213025,-0.037542,0.367046,-0.015313,0.106209,0.005916
729,-0.152522,-0.130996,0.473871,-0.021899,0.096178,0.002533
730,-0.153601,-0.027794,0.432958,-0.015779,0.098954,0.001458
731,-0.116316,-0.015112,0.437311,-0.014313,0.096638,0.000827
732,-0.094472,-0.029231,0.433502,-0.015071,0.096040,0.000649
733,-0.089591,-0.038650,0.432539,-0.015763,0.096577,0.000670
734,-0.085273,-0.039214,0.432922,-0.015902,0.097036,0.000834
735,0.047529,0.089293,0.494150,-0.004027,0.083162,0.001237
736,-0.079935,-0.078143,0.404227,-0.017663,0.100154,0.001559
737,-0.227677,-0.029949,0.338288,-0.015261,0.116949,0.003502
738,0.112197,0.060001,0.487935,-0.005392,0.080669,0.002605
739,-0.023001,-0.087518,0.473254,-0.017317,0.093721,0.002573
740,-0.001259,-0.048189,0.444202,-0.015428,0.093463,0.003403
741,0.087514,0.079269,0.462272,-0.005261,0.085003,0.002778
742,0.114786,0.024813,0.466344,-0.008362,0.083061,0.002975
743,0.121485,0.018475,0.446476,-0.009205,0.083356,0.002276
744,0.128878,0.016429,0.448707,-0.009467,0.082190,0.001760
745,0.122680,0.021204,0.447752,-0.009266,0.082198,0.001503
746,0.120938,0.018317,0.449166,-0.009554,0.081617,0.001141
747,0.123950,0.016618,0.445441,-0.009853,0.080770,0.000975
748,-0.017638,-0.089130,0.402694,-0.019669,0.094415,0.000777
749,-0.003311,-0.016004,0.481098,-0.013408,0.088082,0.001184
750,0.016304,-0.040495,0.412666,-0.016540,0.089427,0.001880
751,0.012908,0.037493,0.439185,-0.010613,0.087339,0.000918
752,-0.005844,-0.046354,0.433653,-0.017270,0.088860,-0.000043
753,-0.033527,-0.014121,0.424101,-0.015633,0.090960,-0.000213
754,0.131573,0.031409,0.403905,-0.012398,0.077302,-0.001430
755,-0.361700,-0.023753,0.372532,-0.018123,0.120706,-0.001631
756,-0.036098,-0.090617,0.494231,-0.021245,0.086436,-0.000404
757,-0.088263,0.003416,0.440557,-0.015853,0.093085,-0.000461
758,-0.131918,-0.020669,0.447868,-0.017309,0.096515,-0.000874
759,-0.002020,-0.021482,0.431782,-0.016858,0.086334,0.001534
760,-0.340505,-0.029840,0.351694,-0.019522,0.119678,0.001370
761,-0.118399,0.010577,0.435423,-0.014146,0.096351,0.003482
762,-0.329568,-0.063865,0.379610,-0.021208,0.118432,-0.002282
763,0.006157,0.040375,0.531682,-0.010352,0.081908,-0.001316
764,-0.305229,-0.061347,0.323254,-0.021813,0.120640,-0.002842
765,-0.283588,-0.029917,0.420083,-0.018274,0.114309,-0.001911
766,0.057849,0.051083,0.531912,-0.009316,0.079841,-0.000318
767,0.011372,-0.034385,0.445220,-0.017238,0.089078,-0.001544
768,-0.272558,-0.037013,0.325830,-0.020019,0.120268,-0.000644
769,0.093549,0.069118,0.554034,-0.007431,0.077150,-0.000196
770,-0.195750,-0.068067,0.308816,-0.022035,0.116067,-0.000386
771,0.090148,0.088450,0.559731,-0.005658,0.077939,0.000352
772,0.120601,0.010598,0.442217,-0.012532,0.082283,-0.000301
773,-0.248117,-0.069680,0.332979,-0.021567,0.119896,0.000022
774,0.081939,0.066724,0.531976,-0.007645,0.081031,0.000254
775,-0.165144,-0.057355,0.335946,-0.020333,0.113506,-0.000313
776,-0.135577,-0.004655,0.437648,-0.015200,0.105628,-0.000074
777,0.140306,0.049716,0.444664,-0.010015,0.081969,0.000460
778,-0.315189,-0.058356,0.434185,-0.019230,0.122178,0.000627
779,-0.112762,-0.011716,0.424825,-0.015553,0.105973,0.001778
780,-0.128773,-0.014550,0.419357,-0.015817,0.108442,0.002453
781,-0.158564,-0.005972,0.443603,-0.014714,0.110445,0.002455
782,-0.071791,-0.004989,0.431637,-0.014452,0.104657,0.002159
783,-0.094232,0.024318,0.495174,-0.010870,0.103643,0.001676
784,0.188732,0.033378,0.409766,-0.010433,0.084514,-0.000458
785,-0.223531,-0.029946,0.423773,-0.015823,0.118972,-0.000617
786,-0.032266,0.010760,0.500325,-0.010879,0.099508,0.000987
787,-0.148414,-0.033393,0.374985,-0.016392,0.117462,-0.000494
788,-0.053121,0.017737,0.476414,-0.010606,0.104134,0.000317
789,0.195186,0.031950,0.408305,-0.009779,0.086770,-0.001508
790,-0.018212,0.016913,0.503889,-0.009782,0.099588,-0.001573
791,-0.168883,-0.044053,0.370993,-0.016675,0.120772,-0.002410
792,0.021819,0.022346,0.489927,-0.009414,0.098099,-0.001281
793,0.078586,-0.001586,0.450538,-0.011677,0.095663,-0.002340
794,0.080212,0.004313,0.449315,-0.011420,0.095383,-0.002578
795,0.197487,0.030922,0.407093,-0.009572,0.086677,-0.002162
796,0.176101,0.032352,0.409617,-0.009443,0.086748,-0.002003
797,0.058114,0.042613,0.431005,-0.008404,0.095074,-0.001790
798,-0.153136,-0.032385,0.506375,-0.012961,0.109187,-0.001431
799,0.192851,0.030364,0.408768,-0.009163,0.084527,-0.003995
800,-0.094680,0.022548,0.536874,-0.007976,0.101040,-0.003756
801,0.043025,-0.004615,0.410165,-0.011144,0.096142,-0.001895
802,-0.159257,-0.029340,0.398383,-0.013846,0.113418,-0.001315
803,0.191446,0.028312,0.404606,-0.008775,0.082590,-0.003843
804,-0.083278,0.019821,0.536813,-0.007727,0.097855,-0.003573
805,0.014909,-0.038388,0.388302,-0.013955,0.097333,-0.001610
806,-0.012377,-0.002100,0.437553,-0.011011,0.096061,-0.002257
807,0.078885,0.022378,0.455780,-0.008437,0.086386,-0.002704
808,0.060582,-0.000596,0.466540,-0.009814,0.086315,-0.002284
809,-0.053497,-0.023735,0.390172,-0.013031,0.099305,-0.001493
810,-0.385267,-0.015845,0.460534,-0.011825,0.123293,-0.001003
811,-0.005820,0.000747,0.384906,-0.010440,0.095091,-0.000334
812,0.008396,-0.006493,0.441384,-0.010264,0.090337,-0.002249
813,-0.030842,0.002926,0.410401,-0.010169,0.094655,-0.002274
814,-0.055592,0.002047,0.446495,-0.009571,0.094196,-0.001893
815,-0.037565,0.020839,0.448135,-0.007905,0.092141,-0.002860
816,-0.077482,-0.010001,0.427901,-0.010286,0.096163,-0.002716
817,-0.076501,-0.002627,0.420264,-0.009817,0.096098,-0.002143
818,-0.093623,0.002406,0.429720,-0.009174,0.096788,-0.001821
819,-0.486374,-0.002989,0.457944,-0.009136,0.128932,-0.001637
820,-0.289955,-0.034741,0.312345,-0.012764,0.121036,-0.001076
821,-0.312592,0.000501,0.413012,-0.008713,0.118455,-0.004100
822,-0.235059,-0.005728,0.391944,-0.008929,0.114101,-0.006226
823,-0.091330,-0.075260,0.503265,-0.012729,0.097029,-0.007958
824,-0.343558,-0.025609,0.338020,-0.012039,0.128504,-0.007866
825,-0.156813,-0.104558,0.530228,-0.014328,0.103624,-0.003575
826,-0.101611,-0.071319,0.409533,-0.013841,0.105923,-0.000870
827,-0.295660,0.029623,0.353023,-0.007453,0.126577,-0.002106
828,-0.000315,-0.057564,0.510072,-0.010311,0.094743,0.000163
829,0.110588,0.076162,0.443282,-0.000825,0.089283,0.000654
830,-0.082451,0.002812,0.463047,-0.005580,0.105062,0.001444
831,-0.055844,-0.090867,0.405552,-0.014180,0.106781,-0.000080
832,-0.091859,-0.023537,0.430469,-0.010114,0.108963,-0.001882
833,-0.086588,0.033175,0.443723,-0.005071,0.108421,-0.002807
834,-0.082378,0.016649,0.459050,-0.004742,0.108355,-0.004064
835,0.017537,-0.108760,0.412614,-0.015460,0.103588,-0.005383
836,0.198920,0.029241,0.411942,-0.005573,0.087315,-0.004500
837,0.079169,0.082353,0.454266,-0.000823,0.094688,-0.004118
838,0.196873,0.022049,0.406947,-0.005117,0.086905,-0.003357
839,0.194721,0.021982,0.406134,-0.005360,0.085504,-0.002971
840,-0.246602,-0.037446,0.582493,-0.008532,0.113615,-0.002553
841,0.054599,-0.024350,0.444850,-0.009417,0.096778,-0.003601
842,0.021251,-0.035569,0.439033,-0.011141,0.099420,-0.003112
843,0.035985,0.008381,0.443510,-0.008025,0.097402,-0.002312
844,0.052043,-0.009544,0.448483,-0.009198,0.095354,-0.001068
845,0.030835,-0.000380,0.435525,-0.009011,0.097205,-0.000443
846,0.025854,0.046132,0.439985,-0.005156,0.096880,-0.000135
847,0.050454,-0.028406,0.451963,-0.010508,0.093749,-0.000360
848,-0.130300,-0.048621,0.400301,-0.013858,0.111012,0.000297
849,-0.025594,0.033446,0.478672,-0.006582,0.097495,-0.002435
850,0.190696,0.023076,0.404445,-0.007082,0.082213,-0.000874
851,0.186723,0.023301,0.405200,-0.007317,0.080328,-0.000696
852,0.183229,0.023068,0.402780,-0.007598,0.078150,-0.000520
853,-0.292632,-0.168712,0.486831,-0.023477,0.113273,-0.000362
854,0.179434,0.032512,0.407961,-0.010216,0.077428,-0.003741
855,-0.601878,0.003884,0.451976,-0.013145,0.141042,-0.003524
856,-0.183469,-0.027835,0.371875,-0.015170,0.112520,-0.007286
857,-0.293638,-0.025384,0.410605,-0.014713,0.119995,-0.005050
858,-0.190786,-0.010523,0.425391,-0.013181,0.111057,-0.002141
859,-0.110585,-0.072999,0.519262,-0.016768,0.099011,0.000557
860,-0.260043,0.030320,0.361890,-0.011379,0.120551,0.001978
861,-0.108592,-0.004911,0.410855,-0.012374,0.105799,0.002303
862,-0.111755,0.008652,0.428377,-0.011185,0.105588,0.000908
863,-0.142256,0.024544,0.444375,-0.009507,0.107819,-0.001073
864,-0.083520,0.003384,0.420788,-0.011129,0.104787,-0.003378
865,-0.082748,0.012099,0.430008,-0.010301,0.104524,-0.004914
866,0.184232,0.032137,0.412128,-0.008409,0.082438,-0.005838
867,-0.245435,-0.079916,0.487757,-0.017164,0.113866,-0.005602
868,-0.320122,0.059983,0.386681,-0.008113,0.127612,-0.002397
869,-0.110823,-0.092970,0.493650,-0.017606,0.105809,-0.005578
870,-0.172736,0.062734,0.382415,-0.007211,0.117624,-0.004324
871,-0.289651,0.049493,0.408273,-0.005930,0.127544,-0.004156
872,-0.027139,-0.050606,0.457980,-0.010427,0.103941,-0.007445
873,-0.051397,-0.087408,0.501808,-0.014402,0.104671,-0.006854
874,-0.002849,0.013963,0.375823,-0.009769,0.107454,-0.006269
875,-0.041811,0.000466,0.442040,-0.009582,0.107637,-0.004365
876,0.156948,-0.074505,0.469228,-0.015376,0.089165,-0.003067
877,-0.416631,0.124564,0.373451,-0.002639,0.143336,-0.007106
878,-0.050564,-0.119978,0.461297,-0.016518,0.110214,-0.008191
879,-0.101704,0.065353,0.420345,-0.004039,0.116531,-0.007118
880,-0.038708,0.037503,0.453558,-0.003871,0.110927,-0.002696
881,0.121002,0.103016,0.383769,-0.000610,0.100794,-0.011848
882,0.114294,-0.115383,0.537339,-0.015528,0.093135,-0.009870
883,0.031407,0.099232,0.464748,-0.001223,0.103863,-0.010322
884,0.140620,-0.064360,0.399918,-0.013465,0.098460,-0.007902
885,-0.024633,0.007593,0.474252,-0.008366,0.107649,-0.008817
886,-0.019080,0.052618,0.417353,-0.005281,0.110599,-0.010307
887,-0.028609,0.046507,0.423937,-0.004128,0.111479,-0.006274
888,0.042791,-0.062795,0.475621,-0.012210,0.102068,-0.010463
889,0.049713,0.067588,0.470872,-0.002780,0.101215,-0.011183
890,-0.012059,0.031135,0.451682,-0.004451,0.107651,-0.007631
891,-0.014215,-0.083931,0.399093,-0.014920,0.110112,-0.013600
892,-0.108086,-0.073694,0.429892,-0.015081,0.115944,-0.011774
893,-0.161291,0.019621,0.425966,-0.007804,0.120741,-0.004654
894,-0.175017,0.003465,0.424744,-0.008871,0.122230,-0.008509
895,-0.106158,-0.054907,0.423219,-0.013534,0.116660,-0.011321
896,-0.162587,0.006704,0.437191,-0.008771,0.120688,-0.008376
897,-0.109446,0.005051,0.432380,-0.008274,0.117143,-0.007802
898,-0.051470,-0.018832,0.435194,-0.009961,0.112226,-0.009737
899,-0.007140,-0.014145,0.441367,-0.009498,0.108093,-0.008642
900,0.015214,0.018149,0.441314,-0.006851,0.106110,-0.007259
901,0.030353,-0.003061,0.442498,-0.008434,0.104500,-0.009389
902,0.012739,-0.014516,0.440979,-0.009459,0.105758,-0.009166
903,-0.025443,-0.004478,0.436894,-0.008829,0.108910,-0.007681
904,-0.065314,0.010894,0.440632,-0.007560,0.111950,-0.008145
905,-0.111996,-0.021222,0.424028,-0.010245,0.116829,-0.008698
906,-0.143728,-0.034255,0.428147,-0.011543,0.119360,-0.009647
907,-0.156900,-0.007171,0.427459,-0.009438,0.120802,-0.007766
908,-0.071504,-0.026517,0.424452,-0.010961,0.113816,-0.008901
909,-0.125583,0.011977,0.440272,-0.008037,0.117463,-0.009233
910,-0.079246,-0.024261,0.434920,-0.010468,0.114312,-0.009209
911,-0.050084,0.004262,0.436158,-0.008212,0.111905,-0.007969
912,-0.009258,-0.008287,0.439525,-0.009085,0.108213,-0.009342
913,0.002105,-0.010399,0.439873,-0.009307,0.107050,-0.008765
914,-0.002975,-0.002649,0.440984,-0.008803,0.107180,-0.008261
915,0.026215,-0.001766,0.430834,-0.009015,0.104991,-0.008405
916,-0.079135,0.061934,0.453088,-0.003641,0.112175,-0.010629
917,-0.068884,-0.073711,0.426241,-0.013513,0.113414,-0.012931
918,-0.118044,-0.052509,0.428398,-0.013440,0.117118,-0.013026
919,-0.141379,0.025049,0.428809,-0.007374,0.119220,-0.006557
920,-0.146329,0.104500,0.390901,-0.000941,0.122089,-0.009148
921,-0.001152,-0.053954,0.475624,-0.010944,0.105709,-0.011000
922,-0.001605,0.058106,0.459532,-0.003180,0.106027,-0.013058
923,0.202715,0.025034,0.411354,-0.004980,0.090490,-0.011493
924,-0.127432,0.014126,0.426115,-0.006206,0.116970,-0.009966
925,-0.129877,-0.009009,0.424851,-0.007759,0.118075,-0.010971
926,-0.164090,-0.015709,0.426269,-0.008286,0.121099,-0.010432
927,-0.181274,-0.007427,0.424954,-0.007574,0.122984,-0.009524
928,-0.169475,-0.009256,0.431394,-0.007486,0.121976,-0.010346
929,-0.032237,-0.017758,0.420167,-0.008147,0.110895,-0.011062
930,0.106248,-0.049760,0.489563,-0.009970,0.095086,-0.009673
931,-0.113430,0.089552,0.407213,-0.001505,0.117771,-0.013591
932,0.059621,-0.104676,0.476083,-0.014335,0.099434,-0.012509
933,-0.086540,0.059570,0.404010,-0.004039,0.115187,-0.013094
934,0.068562,0.034180,0.519158,-0.002017,0.096311,-0.007300
935,-0.056538,0.021076,0.409228,-0.004285,0.112123,-0.004604
936,0.202532,0.021350,0.410393,-0.004059,0.089454,-0.013370
937,0.098272,0.028142,0.425154,-0.003467,0.096259,-0.011922
938,-0.235642,-0.036837,0.446912,-0.008306,0.123233,-0.010330
939,0.199638,0.014783,0.410416,-0.003322,0.087559,-0.007396
940,0.197828,0.017177,0.404865,-0.003218,0.085516,-0.005889
941,-0.002899,-0.035118,0.601835,-0.005059,0.091013,-0.004406
942,0.195904,0.018103,0.404328,-0.004173,0.084009,-0.004806
943,0.191924,0.017941,0.403202,-0.004343,0.081809,-0.003529
944,0.187417,0.017665,0.402252,-0.004511,0.079430,-0.002321
945,-0.259325,-0.126849,0.600421,-0.014759,0.106468,-0.001214
946,0.038571,0.075520,0.383580,-0.002498,0.093800,-0.005383
947,0.183809,0.018276,0.403980,-0.005084,0.077877,-0.004256
948,0.132680,-0.012332,0.408519,-0.007960,0.079623,-0.003403
949,0.153921,0.004335,0.403880,-0.007477,0.075775,-0.002776
950,0.173020,0.019900,0.399217,-0.006763,0.071521,-0.002093
951,0.167737,0.020002,0.398222,-0.007077,0.068848,-0.001369
952,0.162080,0.020062,0.397195,-0.007368,0.066028,-0.000698
953,0.016956,0.108996,0.442794,0.000365,0.073720,-0.000093
954,0.156702,0.015875,0.395913,-0.005164,0.063260,0.001180
955,-0.564387,-0.015840,0.659496,-0.004345,0.108497,0.001624
956,-0.122819,-0.026899,0.456552,-0.007690,0.083886,0.018168
957,-0.050941,0.004228,0.433366,-0.005816,0.078020,0.013568
958,0.053707,-0.043880,0.445397,-0.009995,0.066803,0.009608
959,0.049911,-0.027723,0.432826,-0.010055,0.065901,0.007868
960,-0.375034,0.170038,0.347286,0.004497,0.104879,0.006418
961,-0.114067,-0.020649,0.415606,-0.006530,0.079652,0.008835
962,-0.339429,-0.038380,0.425526,-0.008778,0.097627,0.004920
963,-0.349352,-0.082666,0.360135,-0.014111,0.102769,0.003218
964,-0.427402,-0.053674,0.524368,-0.010607,0.100565,0.002069
965,-0.231444,-0.021339,0.362695,-0.007157,0.093124,-0.002661
966,-0.206460,-0.090198,0.402117,-0.011029,0.089418,0.000663
967,-0.196852,-0.048795,0.408021,-0.009580,0.088500,0.001525
968,-0.339235,-0.041010,0.382257,-0.010290,0.103006,0.002935
969,-0.739569,-0.034115,0.270898,-0.012476,0.144893,0.000967
970,-0.213421,-0.201692,0.542363,-0.021028,0.088198,-0.003622
971,0.142299,0.014223,0.412842,-0.003130,0.065324,-0.011985
972,-0.098159,-0.292708,0.543801,-0.027105,0.078800,-0.012328
973,0.016273,-0.160254,0.403467,-0.019881,0.077695,-0.004352
974,0.150512,0.013297,0.403076,-0.005672,0.066247,-0.000604
975,0.036143,-0.096489,0.530954,-0.013625,0.068991,-0.000293
976,0.096851,-0.019657,0.430440,-0.011336,0.069893,-0.001199
977,-0.352783,0.145698,0.338376,-0.000541,0.112783,-0.000921
978,-0.170012,0.070256,0.505809,-0.002867,0.090951,-0.005546
979,-0.377303,0.134734,0.339081,-0.001048,0.118176,-0.001869
980,-0.338491,-0.138306,0.512456,-0.018563,0.108950,-0.006865
981,0.016859,0.044677,0.404390,-0.006953,0.085200,-0.010950
982,-0.388455,0.022492,0.359147,-0.009129,0.123059,-0.007423
983,0.093363,0.010693,0.411062,-0.007152,0.081576,-0.010753
984,-0.454456,-0.034113,0.426541,-0.010896,0.128722,-0.010045
985,-0.398772,-0.176877,0.473590,-0.022305,0.124819,-0.011514
986,-0.156714,-0.139835,0.357465,-0.023278,0.113267,-0.008378
987,0.177971,0.034373,0.411104,-0.010318,0.082499,-0.011735
988,-0.465019,0.128729,0.475570,-0.001505,0.134014,-0.010524
989,-0.355331,-0.282833,0.473966,-0.031030,0.129973,-0.012910
990,-0.122666,0.212186,0.378858,0.004936,0.117480,-0.013495
991,-0.694628,0.185310,0.461268,0.006003,0.165507,-0.010503
992,-0.115973,0.073392,0.335374,-0.003872,0.126116,-0.004155
993,0.007749,-0.116307,0.525802,-0.014675,0.108703,0.001102
994,0.201287,0.029493,0.414104,-0.006363,0.099535,0.001226
995,-0.063733,0.000805,0.520189,-0.007536,0.117320,0.002398
996,0.170674,0.020089,0.421215,-0.006873,0.105565,0.002533
997,0.217274,0.026959,0.424788,-0.006247,0.101872,0.003294
998,-0.330024,0.090386,0.425909,-0.001622,0.148876,0.003906
999,0.226790,0.026131,0.414292,-0.004513,0.104392,0.006344
1000,-0.243410,-0.092675,0.467218,-0.014393,0.142778,0.006655
1001,-0.108119,0.026581,0.438370,-0.006403,0.134881,0.005368
1002,0.234004,0.030163,0.416962,-0.005667,0.107565,0.003169
1003,0.234092,0.028875,0.413847,-0.005893,0.106641,0.003013
1004,-0.305971,0.057583,0.516149,-0.002832,0.148093,0.002802
1005,-0.088404,0.035536,0.449349,-0.004521,0.136631,-0.003159
1006,-0.101716,-0.021998,0.413635,-0.009362,0.141497,-0.005640
1007,-0.065296,0.017174,0.489121,-0.004797,0.135460,-0.005462
1008,-0.010795,-0.049072,0.416019,-0.010390,0.136041,-0.000763
1009,0.001828,0.039298,0.450665,-0.002953,0.133391,0.000770
1010,0.030905,-0.018711,0.485750,-0.005976,0.129920,0.001267
1011,-0.031523,-0.056789,0.389963,-0.011047,0.141255,0.001572
1012,-0.030235,0.004337,0.442085,-0.006468,0.138632,0.000996
1013,-0.026770,0.057310,0.458292,-0.001550,0.137927,0.000912
1014,-0.001426,-0.065647,0.445665,-0.010696,0.136968,-0.000808
1015,0.409949,0.077721,0.467410,0.000956,0.100657,0.000559
1016,0.266979,-0.142445,0.572272,-0.015282,0.105752,0.001239
1017,-0.207774,-0.061386,0.335647,-0.014063,0.158501,-0.004273
1018,0.019472,-0.041606,0.439905,-0.011569,0.133771,-0.003853
1019,-0.151508,-0.034878,0.428491,-0.011834,0.148762,-0.003857
1020,-0.064071,-0.031254,0.435305,-0.011750,0.141123,-0.004412
1021,-0.122227,-0.008414,0.433444,-0.010361,0.146209,-0.004726
1022,-0.038099,-0.010673,0.437573,-0.010635,0.138897,-0.004706
1023,-0.063375,0.011875,0.437702,-0.009088,0.140930,-0.004758
1024,-0.077355,0.039325,0.438205,-0.006944,0.142251,-0.004362
1025,-0.095997,0.038038,0.436241,-0.006975,0.143886,-0.004237
1026,0.062003,0.013719,0.441801,-0.008667,0.130071,-0.004117
1027,-0.176937,0.063129,0.432740,-0.005037,0.150751,-0.004581
1028,-0.001555,0.033805,0.441855,-0.006727,0.135477,-0.004431
1029,-0.109020,0.075518,0.437569,-0.003258,0.144870,-0.004520
1030,-0.069081,0.061472,0.439554,-0.003724,0.141399,-0.003955
1031,0.002835,-0.074587,0.434788,-0.014553,0.135320,-0.003795
1032,-0.164019,-0.070161,0.426909,-0.014860,0.149844,-0.004119
1033,-0.112306,-0.074093,0.432957,-0.015304,0.145240,-0.004869
1034,-0.112000,-0.060385,0.433633,-0.014497,0.145240,-0.004838
1035,-0.397330,-0.056853,0.412967,-0.015068,0.171384,-0.004249
1036,-0.276651,-0.000181,0.418772,-0.009956,0.161965,0.001415
1037,-0.117687,0.014771,0.435365,-0.008236,0.148120,0.000973
1038,0.021085,-0.020413,0.528413,-0.009529,0.131581,-0.001441
1039,-0.120653,0.020775,0.353785,-0.009278,0.153095,0.000445
1040,0.493515,-0.124680,0.471528,-0.018848,0.093633,-0.000986
1041,-0.391746,0.016482,0.412961,-0.010477,0.171294,-0.003990
1042,-0.037507,-0.004325,0.441839,-0.011243,0.140110,-0.005037
1043,0.025432,0.001819,0.442063,-0.010861,0.134585,-0.004810
1044,-0.176929,0.034783,0.431920,-0.008578,0.152291,-0.004364
1045,0.009817,-0.000879,0.440387,-0.011035,0.136023,-0.004254
1046,-0.138390,0.048877,0.435199,-0.007277,0.148967,-0.004502
1047,-0.068696,0.052840,0.439974,-0.006392,0.142815,-0.004196
1048,-0.157716,-0.025797,0.464295,-0.012224,0.149210,-0.003299
1049,-0.056472,-0.040448,0.404137,-0.014166,0.144028,-0.003714
1050,-0.014273,-0.042439,0.436860,-0.014207,0.138616,-0.003538
1051,-0.195725,-0.012171,0.429221,-0.012253,0.154430,-0.003747
1052,-0.030160,-0.031751,0.438605,-0.013577,0.139982,-0.003755
1053,-0.089184,-0.025465,0.433477,-0.013442,0.145189,-0.003644
1054,-0.136047,-0.005728,0.433690,-0.012020,0.149216,-0.003852
1055,-0.046831,-0.014832,0.437687,-0.012658,0.141498,-0.003634
1056,-0.114058,0.017854,0.435833,-0.010169,0.147319,-0.003552
1057,-0.079650,0.014449,0.436923,-0.010245,0.144417,-0.002945
1058,-0.056598,0.006670,0.493677,-0.009829,0.139235,-0.002834
1059,-0.067301,0.054997,0.383639,-0.007176,0.146207,-0.001813
1060,-0.019863,0.039963,0.439643,-0.007495,0.139183,-0.002083
1061,-0.124185,0.020883,0.434326,-0.008968,0.148290,-0.002111
1062,-0.052151,-0.040410,0.435193,-0.013695,0.142110,-0.002080
1063,-0.143868,-0.053923,0.431543,-0.015095,0.150149,-0.002028
1064,0.019147,-0.058626,0.436752,-0.015441,0.135878,-0.002037
1065,-0.171563,-0.033367,0.426437,-0.014159,0.152420,-0.003086
1066,-0.159576,-0.020237,0.436050,-0.013020,0.151097,-0.003928
1067,-0.035025,-0.008710,0.439658,-0.011846,0.140587,-0.002239
1068,-0.116010,0.030937,0.434744,-0.008755,0.147634,-0.001988
1069,-0.004690,0.010065,0.438207,-0.010159,0.137895,-0.002151
1070,-0.140298,0.031180,0.435347,-0.008572,0.149600,-0.002537
1071,-0.069975,0.005730,0.437757,-0.010231,0.143595,-0.002089
1072,-0.036395,-0.021717,0.435056,-0.012420,0.140758,-0.001971
1073,-0.142941,-0.013937,0.433103,-0.012015,0.149924,-0.002213
1074,-0.086140,-0.085767,0.431879,-0.017906,0.145165,-0.002255
1075,-0.124489,-0.010505,0.434994,-0.012123,0.148344,-0.003021
1076,-0.053304,-0.008713,0.435321,-0.011859,0.142213,-0.002058
1077,-0.081343,0.013761,0.436696,-0.010133,0.144516,-0.002533
1078,-0.072381,0.028659,0.437065,-0.008724,0.143720,-0.002052
1079,-0.095001,0.021005,0.437318,-0.009205,0.145674,-0.002178
1080,-0.043277,-0.013749,0.435264,-0.011862,0.141297,-0.002086
1081,-0.118244,-0.017052,0.433815,-0.012301,0.147743,-0.002576
1082,-0.125522,-0.021672,0.434946,-0.012621,0.148448,-0.002111
1083,-0.087379,-0.033696,0.435011,-0.013602,0.145249,-0.001996
1084,0.100377,-0.028355,0.439117,-0.013082,0.128718,-0.001921
1085,-0.369305,0.028040,0.423638,-0.009465,0.169429,-0.003533
1086,0.112405,-0.036519,0.447750,-0.013505,0.127626,-0.002246
1087,-0.211738,0.015065,0.426712,-0.010135,0.156039,-0.002220
1088,0.010701,-0.025094,0.440304,-0.012872,0.136491,-0.002366
1089,-0.153368,0.007331,0.432417,-0.010631,0.150812,-0.002554
1090,-0.084888,-0.002495,0.437960,-0.011114,0.144842,-0.002090
1091,-0.062649,-0.011464,0.435089,-0.011836,0.143058,-0.002029
1092,-0.088992,-0.001893,0.435803,-0.011105,0.145268,-0.001968
1093,-0.117908,-0.000372,0.434790,-0.010982,0.147790,-0.002198
1094,-0.005291,-0.022331,0.436596,-0.012592,0.138048,-0.002063
1095,-0.136563,-0.016432,0.431446,-0.012485,0.149331,-0.002533
1096,-0.106821,-0.005715,0.437456,-0.011499,0.146706,-0.002695
1097,-0.060526,-0.025935,0.434114,-0.013078,0.142853,-0.002067
1098,-0.094730,-0.004505,0.436289,-0.011504,0.145695,-0.002547
1099,-0.067842,-0.000267,0.434608,-0.011079,0.143398,-0.002231
1100,-0.080202,0.007556,0.436396,-0.010465,0.144364,-0.002723
1101,-0.089559,0.003390,0.435520,-0.010702,0.145182,-0.002477
1102,-0.079833,-0.004682,0.435940,-0.011291,0.144372,-0.002572
1103,-0.108741,-0.014202,0.434270,-0.012072,0.146913,-0.002455
1104,-0.106725,-0.020408,0.435953,-0.012556,0.146780,-0.002398
1105,-0.081003,-0.023466,0.435001,-0.012806,0.144648,-0.002026
1106,-0.043736,-0.028922,0.433994,-0.013361,0.141383,-0.002206
1107,-0.133455,-0.029367,0.431425,-0.013763,0.149152,-0.002736
1108,-0.077742,-0.003005,0.437227,-0.011524,0.144122,-0.003229
1109,-0.067415,0.028215,0.437720,-0.008935,0.143245,-0.003178
1110,-0.117683,0.038812,0.437468,-0.007885,0.147607,-0.002472
1111,-0.053932,0.007104,0.437995,-0.010103,0.142209,-0.002049
1112,-0.098512,-0.012961,0.434197,-0.011767,0.146169,-0.001973
1113,-0.095351,-0.030999,0.434275,-0.013238,0.145934,-0.001995
1114,-0.111210,-0.040700,0.433276,-0.014161,0.147342,-0.002008
1115,-0.000338,0.000687,0.441814,-0.010653,0.137453,-0.001922
1116,-0.260062,-0.012803,0.423105,-0.012232,0.160416,-0.001288
1117,0.082465,-0.058679,0.443940,-0.015445,0.130425,-0.002031
1118,-0.228884,0.014158,0.427656,-0.010316,0.157566,-0.001970
1119,0.028273,-0.003333,0.442267,-0.011143,0.135043,-0.002085
1120,-0.115048,0.028027,0.432302,-0.008915,0.147576,-0.002152
1121,-0.079596,0.016661,0.438800,-0.009530,0.144302,-0.002417
1122,-0.091691,0.000605,0.435609,-0.010725,0.145525,-0.002113
1123,-0.062095,-0.023266,0.435491,-0.012593,0.142982,-0.002018
1124,-0.102822,-0.027302,0.432178,-0.013104,0.146549,-0.002240
1125,-0.077559,-0.043544,0.434132,-0.014504,0.144265,-0.002382
1126,-0.150499,-0.014709,0.434230,-0.012399,0.150586,-0.002576
1127,-0.056104,-0.007178,0.437452,-0.011587,0.142461,-0.002021
1128,-0.057871,-0.009903,0.433983,-0.011931,0.142615,-0.002084
1129,-0.119529,0.020107,0.436589,-0.009578,0.147827,-0.002579
1130,-0.088063,0.012056,0.436935,-0.009951,0.145171,-0.002074
1131,-0.010107,-0.008066,0.436969,-0.011442,0.138452,-0.001982
1132,-0.112776,0.003187,0.432903,-0.010728,0.147272,-0.002192
1133,-0.097989,-0.016963,0.434693,-0.012293,0.145992,-0.002617
1134,-0.117605,-0.014494,0.436221,-0.012084,0.147655,-0.002936
1135,-0.032878,-0.027687,0.435305,-0.013070,0.140455,-0.002155
1136,-0.135129,-0.056415,0.430344,-0.015845,0.149350,-0.002552
1137,-0.092482,0.003945,0.436735,-0.010945,0.145448,-0.003193
1138,-0.099925,0.020414,0.437654,-0.009500,0.146138,-0.002400
1139,-0.066812,0.014412,0.437302,-0.009771,0.143354,-0.001993
1140,-0.032963,0.004819,0.436337,-0.010456,0.140411,-0.001995
1141,-0.145956,0.011660,0.434314,-0.009995,0.150151,-0.002202
1142,-0.061286,-0.018950,0.436951,-0.012196,0.142887,-0.002037
1143,-0.093768,-0.033764,0.432643,-0.013583,0.145803,-0.002045
1144,-0.115544,-0.028679,0.434412,-0.013280,0.147649,-0.001993
1145,-0.085268,-0.031412,0.433885,-0.013565,0.145058,-0.001990
1146,0.057979,-0.008820,0.440044,-0.011667,0.132400,-0.001962
1147,-0.226413,0.017172,0.426975,-0.010206,0.157034,-0.003174
1148,0.063359,-0.024572,0.442627,-0.012970,0.131679,-0.003616
1149,-0.201225,0.020863,0.429745,-0.009844,0.154705,-0.003965
1150,-0.007916,-0.012457,0.440267,-0.011998,0.137861,-0.003726
1151,-0.132912,-0.017704,0.431826,-0.012754,0.148855,-0.003648
1152,-0.091475,0.018059,0.435749,-0.009671,0.145212,-0.003679
1153,-0.040868,-0.032815,0.437494,-0.013663,0.140765,-0.003220
1154,-0.127533,-0.029007,0.432060,-0.013679,0.148403,-0.003651
1155,-0.124040,0.015031,0.436411,-0.010016,0.148080,-0.003665
1156,-0.071082,-0.013298,0.436216,-0.012113,0.143632,-0.003101
1157,-0.073300,-0.018017,0.435167,-0.012583,0.143820,-0.003165
1158,-0.119559,0.001596,0.434618,-0.011076,0.147835,-0.003263
1159,-0.045557,-0.000371,0.437455,-0.011009,0.141351,-0.003008
1160,-0.086696,-0.004127,0.434890,-0.011414,0.144941,-0.002690
1161,-0.139721,0.011692,0.436053,-0.010079,0.149537,-0.002660
1162,-0.045346,-0.011816,0.437538,-0.011694,0.141476,-0.002091
1163,-0.080114,-0.030360,0.432213,-0.013400,0.144554,-0.002215
1164,-0.120504,-0.017890,0.434405,-0.012526,0.147934,-0.002645
1165,-0.092309,-0.011699,0.436391,-0.011924,0.145536,-0.002087
1166,-0.033551,-0.021042,0.434784,-0.012712,0.140472,-0.002128
1167,-0.126487,0.008140,0.434122,-0.010585,0.148405,-0.002794
1168,-0.067305,-0.008086,0.436499,-0.011678,0.143253,-0.002472
1169,-0.111125,0.009662,0.436599,-0.010288,0.147096,-0.002631
1170,-0.061932,-0.014146,0.434745,-0.012051,0.142922,-0.002110
1171,-0.102211,-0.002300,0.436313,-0.011194,0.146349,-0.002574
1172,-0.057912,-0.015201,0.434433,-0.012129,0.142566,-0.002120
1173,-0.084279,-0.021958,0.434508,-0.012858,0.144759,-0.002706
1174,-0.117069,-0.018739,0.433655,-0.012681,0.147595,-0.002650
1175,-0.107318,-0.001550,0.437207,-0.011240,0.146768,-0.002659
1176,-0.105062,0.002038,0.435633,-0.010848,0.146711,-0.002059
1177,-0.033021,-0.010591,0.436464,-0.011751,0.140504,-0.001916
1178,-0.131075,0.003897,0.434246,-0.010742,0.148948,-0.001965
1179,0.008983,0.016449,0.442830,-0.009339,0.136632,-0.001979
1180,-0.162768,0.019992,0.425259,-0.009342,0.151882,-0.001624
1181,0.040788,-0.037655,0.440806,-0.013636,0.133734,-0.003137
1182,-0.186392,-0.054373,0.428494,-0.015634,0.153559,-0.003221
1183,-0.057872,-0.054506,0.436243,-0.015569,0.142337,-0.003665
1184,-0.152516,-0.006143,0.431015,-0.012015,0.150677,-0.003577
1185,-0.022877,-0.032984,0.439047,-0.014006,0.139276,-0.003116
1186,-0.149196,0.051087,0.434485,-0.007434,0.150311,-0.003549
1187,-0.037432,0.014624,0.439986,-0.009875,0.140561,-0.003066
1188,-0.087578,0.005497,0.435496,-0.010690,0.145051,-0.003140
1189,-0.094378,-0.013523,0.434614,-0.012170,0.145677,-0.003021
1190,-0.077605,-0.012751,0.435835,-0.012089,0.144225,-0.003142
1191,-0.082731,0.009855,0.435624,-0.010203,0.144563,-0.003035
1192,-0.085389,0.006291,0.437691,-0.010382,0.144787,-0.002718
1193,-0.090549,-0.018254,0.433119,-0.012317,0.145386,-0.002301
1194,-0.075739,-0.030507,0.435257,-0.013366,0.144050,-0.002649
1195,-0.146158,-0.013861,0.433966,-0.012150,0.150182,-0.002477
1196,-0.069486,-0.083520,0.432359,-0.017868,0.143772,-0.002202
1197,-0.094534,0.006325,0.435174,-0.010888,0.145708,-0.003004
1198,-0.118725,0.034036,0.437701,-0.008506,0.147732,-0.002422
1199,-0.030170,0.024256,0.439330,-0.008935,0.140152,-0.001953
1200,-0.099491,0.020556,0.435311,-0.009240,0.146198,-0.002030
1201,-0.073181,-0.003911,0.436397,-0.011023,0.143930,-0.001991
1202,-0.073489,-0.021558,0.434823,-0.012456,0.143996,-0.001994
1203,-0.130548,-0.027357,0.432796,-0.013085,0.148955,-0.002166
1204,-0.082851,-0.036866,0.435080,-0.013849,0.144865,-0.002080
1205,-0.091980,-0.033001,0.432842,-0.013714,0.145678,-0.001968
1206,0.046661,-0.009223,0.439825,-0.011714,0.133367,-0.002001
1207,-0.319301,0.035206,0.426407,-0.008767,0.165136,-0.003147
1208,0.104050,-0.027976,0.446966,-0.012824,0.128428,-0.002068
1209,-0.228243,0.015454,0.427641,-0.010039,0.157488,-0.001979
1210,0.177193,-0.015939,0.444704,-0.011811,0.121993,-0.002013
1211,-0.276106,0.029893,0.423933,-0.009080,0.161302,-0.003098
1212,0.026772,-0.040247,0.442555,-0.013978,0.134801,-0.003693
1213,-0.168971,-0.029599,0.429360,-0.013699,0.152018,-0.003647
1214,-0.064494,-0.039823,0.436262,-0.014391,0.142889,-0.003674
1215,-0.118879,-0.033526,0.432529,-0.014185,0.147693,-0.003612
1216,-0.060664,0.006352,0.436913,-0.010897,0.142536,-0.003611
1217,-0.122804,0.058629,0.437389,-0.006583,0.147896,-0.003579
1218,-0.048871,0.004237,0.438273,-0.010561,0.141588,-0.003091
1219,-0.081469,-0.021578,0.434414,-0.012768,0.144541,-0.003185
1220,-0.115453,-0.015969,0.433753,-0.012375,0.147476,-0.003265
1221,-0.080154,-0.040983,0.434819,-0.014409,0.144436,-0.003262
1222,-0.102446,0.011254,0.435578,-0.010261,0.146317,-0.003201
1223,-0.068435,-0.002983,0.436313,-0.011251,0.143365,-0.002502
1224,-0.117048,0.008735,0.436368,-0.010323,0.147609,-0.002583
1225,-0.032938,-0.022702,0.435312,-0.012674,0.140379,-0.002078
1226,-0.099026,-0.021015,0.433546,-0.012832,0.146050,-0.002768
1227,-0.156857,0.006897,0.435371,-0.010555,0.151045,-0.002670
1228,-0.054089,-0.014290,0.437619,-0.011990,0.142276,-0.002072
1229,-0.082789,-0.014559,0.433627,-0.012149,0.144838,-0.002006
1230,-0.068381,-0.012360,0.435512,-0.011982,0.143471,-0.001975
1231,-0.090855,-0.012450,0.434025,-0.012095,0.145399,-0.002157
1232,-0.115653,0.007227,0.436727,-0.010506,0.147492,-0.002560
1233,-0.086285,0.001079,0.436338,-0.010821,0.145057,-0.002056
1234,-0.045069,-0.009047,0.436606,-0.011582,0.141499,-0.002015
1235,-0.101998,-0.016064,0.432196,-0.012321,0.146429,-0.002235
1236,-0.079276,-0.007738,0.437383,-0.011600,0.144330,-0.002534
1237,-0.088675,-0.001702,0.433866,-0.011106,0.145233,-0.002260
1238,-0.081325,-0.020814,0.435174,-0.012679,0.144570,-0.002540
1239,-0.109566,-0.031741,0.433114,-0.013706,0.147060,-0.002959
1240,-0.059940,-0.011057,0.436533,-0.012026,0.142641,-0.003109
1241,-0.091515,0.007862,0.435429,-0.010549,0.145355,-0.002632
1242,-0.075654,0.002974,0.436082,-0.010840,0.143956,-0.002596
1243,-0.121372,0.017029,0.436859,-0.009665,0.147936,-0.002685
1244,-0.086245,-0.003063,0.436357,-0.011045,0.145034,-0.002098
1245,-0.075026,-0.018806,0.435379,-0.012314,0.144148,-0.002017
1246,-0.100507,-0.025205,0.432919,-0.012941,0.146384,-0.001999
1247,-0.095232,-0.026576,0.435439,-0.013097,0.145872,-0.001969
1248,0.036041,-0.012140,0.438420,-0.011856,0.134348,-0.001962
1249,-0.178639,0.005524,0.428493,-0.010975,0.152894,-0.003104
1250,-0.014934,-0.027679,0.439052,-0.013310,0.138523,-0.003667
1251,-0.144675,-0.014873,0.431550,-0.012633,0.149885,-0.003660
1252,-0.062413,-0.027591,0.436545,-0.013545,0.142709,-0.003633
1253,-0.087579,0.014171,0.434786,-0.010261,0.144886,-0.003576
1254,-0.067889,0.007759,0.437074,-0.010650,0.143101,-0.003629
1255,-0.121570,0.056018,0.437619,-0.006587,0.147739,-0.003672
1256,-0.061698,-0.018722,0.436764,-0.012281,0.142764,-0.003095
1257,-0.113236,-0.034613,0.433014,-0.013752,0.147360,-0.003175
1258,-0.113724,-0.030377,0.433958,-0.013449,0.147398,-0.003070
1259,-0.054097,-0.027353,0.435811,-0.013204,0.142196,-0.002924
1260,-0.123460,-0.007862,0.433715,-0.011832,0.148197,-0.002630
1261,-0.064440,-0.019061,0.436079,-0.012639,0.143073,-0.002396
1262,-0.104304,0.006351,0.435534,-0.010677,0.146526,-0.002549
1263,-0.101831,0.017224,0.437231,-0.009626,0.146334,-0.002044
1264,-0.012584,-0.000526,0.437023,-0.010860,0.138638,-0.002002
1265,-0.152863,0.013210,0.434151,-0.009951,0.150728,-0.002529
1266,-0.071897,-0.016865,0.436861,-0.012073,0.143797,-0.002081
1267,-0.048914,-0.048821,0.432897,-0.014810,0.141901,-0.002026
1268,-0.165436,-0.017707,0.433105,-0.012640,0.151892,-0.002608
1269,-0.081154,-0.017561,0.436546,-0.012426,0.144660,-0.002047
1270,-0.072415,-0.006798,0.435751,-0.011634,0.143961,-0.001986
1271,0.036804,0.010410,0.439052,-0.010088,0.134252,-0.001947
1272,-0.155919,0.026256,0.430115,-0.009206,0.150889,-0.003117
1273,-0.020999,-0.015973,0.439167,-0.012202,0.138992,-0.003650
1274,-0.130831,-0.022851,0.431836,-0.013055,0.148671,-0.003637
1275,-0.089269,-0.042277,0.434686,-0.014611,0.145053,-0.003699
1276,-0.093140,-0.029315,0.434022,-0.013736,0.145432,-0.003613
1277,-0.146504,0.016910,0.434712,-0.010064,0.150087,-0.003649
1278,-0.041488,-0.003389,0.438549,-0.011372,0.141003,-0.003096
1279,-0.095810,0.012819,0.435352,-0.010168,0.145774,-0.003179
1280,-0.080965,0.020037,0.436347,-0.009384,0.144485,-0.003069
1281,-0.064418,0.009086,0.437500,-0.010086,0.142984,-0.003033
1282,-0.090660,-0.034161,0.433539,-0.013642,0.145357,-0.003008
1283,-0.107447,-0.032070,0.433890,-0.013615,0.146836,-0.003239
1284,-0.091028,-0.026564,0.434386,-0.013197,0.145372,-0.003049
1285,-0.116923,-0.005529,0.436187,-0.011575,0.147628,-0.002674
1286,-0.034868,-0.017137,0.435315,-0.012381,0.140578,-0.002081
1287,-0.107316,0.004435,0.434718,-0.010860,0.146748,-0.002742
1288,-0.075788,0.006656,0.436591,-0.010493,0.143980,-0.002461
1289,-0.081541,0.005640,0.436090,-0.010535,0.144508,-0.002554
1290,-0.084485,-0.013917,0.434874,-0.012073,0.144783,-0.002449
1291,-0.095486,-0.016999,0.434953,-0.012375,0.145753,-0.002592
1292,-0.107356,-0.006051,0.436020,-0.011468,0.146796,-0.002424
1293,-0.062590,-0.025883,0.434164,-0.013044,0.142999,-0.002216
1294,-0.122780,-0.005457,0.435440,-0.011558,0.148154,-0.002606
1295,-0.067961,-0.022138,0.434377,-0.012797,0.143470,-0.002096
1296,-0.092862,-0.000944,0.436714,-0.011203,0.145567,-0.002524
1297,-0.123923,0.010879,0.434995,-0.010165,0.148318,-0.002085
1298,0.010555,-0.009372,0.438320,-0.011554,0.136649,-0.001981
1299,-0.136241,-0.002519,0.431428,-0.011333,0.149338,-0.002179
1300,-0.094917,-0.001757,0.438043,-0.011081,0.145656,-0.002582
1301,-0.082343,-0.013654,0.434347,-0.011985,0.144753,-0.002050
1302,-0.080986,-0.023712,0.434955,-0.012855,0.144598,-0.002048
1303,-0.126120,-0.011588,0.434581,-0.011979,0.148536,-0.001992
1304,0.008166,0.013593,0.443153,-0.009629,0.136692,-0.001976
1305,-0.137161,-0.018373,0.425568,-0.012615,0.149673,-0.001780
1306,0.022703,-0.051269,0.438331,-0.015204,0.135333,-0.003533
1307,-0.301175,0.027006,0.428494,-0.009445,0.163412,-0.003991
1308,0.056887,-0.019117,0.445520,-0.012245,0.132482,-0.002306
1309,-0.195996,0.017614,0.429827,-0.009788,0.154677,-0.002010
1310,0.014508,-0.010937,0.440793,-0.011577,0.136282,-0.001951
1311,-0.151070,0.007693,0.431820,-0.010418,0.150727,-0.002126
1312,-0.034889,-0.016178,0.438009,-0.012046,0.140569,-0.002092
1313,-0.092914,-0.023161,0.431884,-0.012853,0.145672,-0.002252
1314,-0.123609,-0.009523,0.435784,-0.011794,0.148205,-0.002584
1315,-0.060346,-0.034482,0.434114,-0.013750,0.142838,-0.002052
1316,-0.090764,-0.006975,0.436176,-0.011718,0.145379,-0.002552
1317,-0.101685,-0.002267,0.433472,-0.011320,0.146358,-0.002260
1318,-0.072143,0.003087,0.438475,-0.010807,0.143712,-0.002573
1319,-0.103956,0.012148,0.435160,-0.010012,0.146565,-0.002041
1320,-0.063403,0.003346,0.437202,-0.010570,0.143058,-0.002222
1321,-0.072243,-0.022803,0.433193,-0.012725,0.143872,-0.002034
1322,-0.112508,-0.009570,0.435665,-0.011762,0.147268,-0.002513
1323,-0.118519,-0.013787,0.434520,-0.012048,0.147887,-0.002106
1324,-0.040438,-0.034934,0.435453,-0.013720,0.141159,-0.002024
1325,-0.138751,-0.008781,0.433491,-0.011880,0.149661,-0.002016
1326,0.128263,0.005858,0.442443,-0.010256,0.126177,-0.001970
1327,-0.351911,0.038168,0.424486,-0.008517,0.167883,-0.003480
1328,0.066712,-0.033086,0.446317,-0.013127,0.131595,-0.002295
1329,-0.200665,-0.009849,0.428186,-0.011904,0.155123,-0.002002
1330,-0.011960,-0.038779,0.437833,-0.013910,0.138645,-0.002058
1331,-0.152454,-0.012693,0.432347,-0.012202,0.150866,-0.002015
1332,-0.072133,-0.012363,0.436873,-0.012007,0.143872,-0.001985
1333,0.095895,0.011363,0.440299,-0.009911,0.129082,-0.001961
1334,-0.233907,0.024783,0.427100,-0.009466,0.157612,-0.003334
1335,0.017451,-0.024989,0.441508,-0.012837,0.135638,-0.003695
1336,-0.145551,-0.015061,0.430798,-0.012475,0.149960,-0.003630
1337,-0.084786,-0.047446,0.434977,-0.015027,0.144649,-0.003749
1338,-0.088943,-0.015358,0.433966,-0.012599,0.145054,-0.003653
1339,-0.095121,-0.004872,0.435233,-0.011773,0.145512,-0.003669
1340,-0.063832,0.000133,0.436570,-0.011309,0.142793,-0.003596
1341,-0.130977,0.055853,0.437485,-0.006699,0.148554,-0.003670
1342,-0.062466,-0.001749,0.437755,-0.010953,0.142843,-0.003060
1343,-0.077701,-0.026549,0.433646,-0.013032,0.144279,-0.002995
1344,-0.113112,-0.046325,0.433268,-0.014812,0.147281,-0.003286
1345,-0.096389,-0.038798,0.434037,-0.014346,0.145881,-0.003238
1346,-0.102789,0.009388,0.435871,-0.010482,0.146353,-0.003206
1347,-0.094806,0.017382,0.437948,-0.009659,0.145678,-0.002422
1348,-0.036593,-0.006593,0.435710,-0.011452,0.140740,-0.002000
1349,-0.123822,0.008010,0.435498,-0.010407,0.148216,-0.002513
1350,-0.096056,-0.000361,0.436155,-0.010867,0.145905,-0.002075
1351,-0.066396,-0.023978,0.435576,-0.012741,0.143402,-0.001960
1352,0.054938,-0.016425,0.437127,-0.012091,0.132702,-0.002016
1353,-0.230940,-0.008042,0.427083,-0.012078,0.157378,-0.003111
1354,0.006432,-0.026826,0.440002,-0.013097,0.136662,-0.003647
1355,-0.159863,-0.038628,0.430380,-0.014575,0.151240,-0.003569
1356,-0.080676,-0.043385,0.435364,-0.014934,0.144349,-0.003634
1357,-0.115820,0.040823,0.436113,-0.008198,0.147423,-0.003578
1358,-0.067910,0.011658,0.438169,-0.010228,0.143242,-0.003126
1359,-0.063634,0.009043,0.436975,-0.010395,0.142960,-0.003140
1360,-0.107096,-0.008643,0.433960,-0.011843,0.146784,-0.003031
1361,-0.033198,0.015552,0.438396,-0.009665,0.140200,-0.003145
1362,-0.117693,0.014838,0.434714,-0.009742,0.147588,-0.002773
1363,-0.069580,-0.023927,0.435717,-0.012673,0.143458,-0.002531
1364,-0.143170,-0.023018,0.434080,-0.012765,0.149925,-0.002639
1365,-0.042616,-0.051133,0.434148,-0.014944,0.141301,-0.002125
1366,-0.115357,-0.041122,0.432050,-0.014570,0.147524,-0.002682
1367,-0.126718,0.000044,0.436282,-0.011270,0.148437,-0.002702
1368,-0.059356,-0.022682,0.434182,-0.013047,0.142823,-0.002208
1369,-0.072424,0.028369,0.437737,-0.008955,0.143667,-0.003053
1370,-0.079324,0.031761,0.437160,-0.008487,0.144281,-0.002440
1371,-0.063318,0.018125,0.438492,-0.009365,0.142882,-0.002389
1372,-0.099837,-0.035771,0.431734,-0.013805,0.146295,-0.002308
1373,-0.079969,-0.010512,0.436070,-0.011766,0.144367,-0.003133
1374,-0.091014,-0.026914,0.433842,-0.013137,0.145378,-0.002491
1375,-0.135396,-0.015126,0.435235,-0.012300,0.149231,-0.002695
1376,-0.095142,-0.012970,0.435729,-0.011990,0.145875,-0.002068
1377,-0.053750,-0.025037,0.434896,-0.013003,0.142327,-0.001923
1378,-0.100420,-0.004073,0.434337,-0.011470,0.146299,-0.001995
1379,-0.087491,0.001103,0.436048,-0.010979,0.145118,-0.002002
1380,0.054646,0.011818,0.440998,-0.009874,0.132629,-0.001940
1381,-0.228306,0.048375,0.426715,-0.007387,0.157233,-0.003086
1382,0.075286,-0.050576,0.443952,-0.014650,0.130605,-0.003242
1383,-0.201115,-0.001310,0.427018,-0.011372,0.154834,-0.003619
1384,-0.081287,-0.031107,0.436375,-0.013430,0.144325,-0.003485
1385,-0.050155,-0.050348,0.435723,-0.015125,0.141666,-0.003201
1386,-0.147444,-0.031853,0.431867,-0.014006,0.150117,-0.003595
1387,-0.089105,-0.006688,0.435170,-0.011920,0.145112,-0.003584
1388,-0.045919,-0.016645,0.437067,-0.012721,0.141297,-0.003122
1389,-0.139694,0.051534,0.435995,-0.007277,0.149404,-0.003577
1390,-0.044211,-0.004338,0.438743,-0.011382,0.141208,-0.003049
1391,-0.093117,0.005951,0.435217,-0.010651,0.145544,-0.003168
1392,-0.094738,-0.023384,0.434371,-0.012975,0.145705,-0.003076
1393,-0.070785,-0.029538,0.435116,-0.013554,0.143650,-0.003171
1394,-0.128101,-0.027209,0.432685,-0.013573,0.148633,-0.003236
1395,-0.079994,0.045105,0.440171,-0.007481,0.144278,-0.003219
1396,-0.081008,0.034696,0.437499,-0.008024,0.144525,-0.002114
1397,-0.030509,0.000200,0.437486,-0.010579,0.140181,-0.002004
1398,-0.116899,-0.014555,0.431773,-0.011929,0.147714,-0.002277
1399,-0.112532,-0.045260,0.434928,-0.014407,0.147291,-0.002453
1400,-0.097292,-0.044994,0.433609,-0.014507,0.146114,-0.002121
1401,-0.083449,-0.053021,0.431833,-0.015394,0.144931,-0.002152
1402,-0.084997,-0.023553,0.434634,-0.013265,0.144884,-0.003068
1403,-0.132829,0.026910,0.436719,-0.009210,0.148986,-0.002582
1404,-0.008397,0.010909,0.438111,-0.010155,0.138243,-0.002025
1405,-0.114010,0.036352,0.436634,-0.008211,0.147317,-0.002549
1406,-0.088521,0.018193,0.437138,-0.009326,0.145173,-0.002098
1407,-0.037735,-0.015854,0.435977,-0.011955,0.140869,-0.002021
1408,0.003314,-0.011785,0.437143,-0.011622,0.137108,-0.002041
1409,-0.296591,-0.008838,0.426028,-0.011952,0.163158,-0.003236
1410,0.037092,-0.072246,0.442412,-0.016399,0.134307,-0.002299
1411,-0.229251,-0.021915,0.427108,-0.013089,0.157668,-0.001988
1412,-0.005859,-0.029808,0.439858,-0.013357,0.138165,-0.001905
1413,-0.092516,0.004208,0.432805,-0.010948,0.145700,-0.001890
1414,-0.075855,0.022265,0.437306,-0.009367,0.144059,-0.002097
1415,-0.082696,0.031410,0.437984,-0.008446,0.144656,-0.001975
1416,-0.050735,0.017156,0.437573,-0.009385,0.141902,-0.002001
1417,-0.043351,-0.012889,0.434338,-0.011801,0.141267,-0.002237
1418,-0.120527,-0.019903,0.432964,-0.012553,0.147876,-0.002811
1419,-0.114293,-0.027572,0.434514,-0.013128,0.147359,-0.002731
1420,-0.109512,-0.034649,0.432398,-0.013792,0.147136,-0.002439
1421,-0.102247,-0.026373,0.437289,-0.013174,0.146353,-0.002678
1422,-0.066047,-0.035109,0.433336,-0.013967,0.143385,-0.002010
1423,-0.111233,0.004211,0.436219,-0.010982,0.147176,-0.002515
1424,-0.100355,0.020059,0.436574,-0.009522,0.146266,-0.002033
1425,-0.006905,0.016289,0.439337,-0.009582,0.138157,-0.001972
1426,-0.118441,0.029741,0.434324,-0.008585,0.147787,-0.002164
1427,-0.038588,-0.001381,0.436868,-0.010792,0.140842,-0.002266
1428,-0.091977,-0.028992,0.433118,-0.013173,0.145480,-0.002416
1429,-0.107155,-0.045880,0.433025,-0.014677,0.146767,-0.002642
1430,-0.148809,-0.029361,0.434357,-0.013507,0.150429,-0.002699
1431,-0.066354,-0.017590,0.436490,-0.012431,0.143386,-0.002023
1432,-0.064492,-0.020814,0.433502,-0.012858,0.143216,-0.002099
1433,-0.113868,0.019348,0.436752,-0.009697,0.147352,-0.002547
1434,-0.076558,0.019835,0.436606,-0.009400,0.144175,-0.002062
1435,0.092258,0.008085,0.441945,-0.010038,0.129331,-0.001930
1436,-0.334388,0.036673,0.425089,-0.008406,0.166388,-0.003280
1437,0.101457,-0.056974,0.445232,-0.014912,0.128614,-0.002241
1438,-0.257657,-0.015181,0.426143,-0.012410,0.160053,-0.002033
1439,-0.028397,-0.050709,0.438915,-0.014839,0.140068,-0.002051
1440,0.023194,-0.022401,0.436096,-0.012809,0.135556,-0.001951
1441,-0.193194,0.022970,0.428804,-0.009642,0.154145,-0.003123
1442,0.002654,-0.040912,0.439661,-0.014398,0.137010,-0.003594
1443,-0.143877,-0.005463,0.431479,-0.011975,0.149823,-0.003628
1444,-0.058494,-0.003420,0.437625,-0.011597,0.142312,-0.003681
1445,-0.096496,-0.009276,0.434573,-0.012175,0.145667,-0.003616
1446,-0.096388,0.068139,0.438827,-0.005671,0.145566,-0.003668
1447,-0.076598,-0.011122,0.436223,-0.011780,0.144061,-0.003112
1448,-0.089191,-0.026436,0.434494,-0.013084,0.145257,-0.003151
1449,-0.103110,-0.021257,0.433273,-0.012728,0.146474,-0.003091
1450,-0.081709,-0.043674,0.435009,-0.014614,0.144547,-0.003256
1451,-0.108150,0.005290,0.435176,-0.010760,0.146823,-0.003210
1452,-0.067926,-0.008181,0.436208,-0.011711,0.143340,-0.002483
1453,-0.114804,0.011446,0.436464,-0.010155,0.147423,-0.002560
1454,-0.024721,-0.011731,0.435952,-0.011812,0.139661,-0.002091
1455,-0.118773,-0.008306,0.432820,-0.011823,0.147822,-0.002781
1456,-0.088670,-0.009213,0.436233,-0.011736,0.145057,-0.003087
1457,-0.100657,-0.003166,0.436871,-0.011253,0.146198,-0.002691
1458,-0.080949,-0.023835,0.433437,-0.012872,0.144600,-0.002114
1459,-0.095963,-0.012848,0.436418,-0.012090,0.145833,-0.002553
1460,-0.088453,-0.020901,0.433116,-0.012750,0.145273,-0.002083
1461,-0.087165,-0.004318,0.437241,-0.011475,0.145062,-0.002532
1462,-0.123339,0.009226,0.434786,-0.010330,0.148289,-0.002081
1463,0.071594,0.016627,0.446392,-0.009267,0.131071,-0.001986
1464,-0.209572,-0.010219,0.421457,-0.012069,0.155989,-0.001659
1465,0.027617,-0.073872,0.439432,-0.016947,0.134920,-0.003542
1466,-0.187056,0.006438,0.428846,-0.011070,0.153606,-0.003648
1467,-0.019307,-0.006063,0.439889,-0.011647,0.138860,-0.003744
1468,-0.120013,-0.011355,0.433503,-0.012338,0.147698,-0.003643
1469,-0.069864,-0.010453,0.436404,-0.012158,0.143333,-0.003637
1470,-0.125783,0.036400,0.435947,-0.008354,0.148235,-0.003594
1471,-0.066809,-0.000122,0.437474,-0.010972,0.143182,-0.003197
1472,-0.067167,-0.025593,0.434927,-0.013089,0.143305,-0.003149
1473,-0.128681,-0.023984,0.432744,-0.013148,0.148662,-0.003311
1474,-0.067607,0.021723,0.438058,-0.009226,0.143236,-0.003275
1475,-0.087008,-0.026588,0.434332,-0.013138,0.145023,-0.002960
1476,-0.082601,-0.002657,0.435944,-0.011229,0.144601,-0.003182
1477,-0.095753,-0.017808,0.434218,-0.012449,0.145762,-0.002515
1478,-0.087711,-0.003346,0.437207,-0.011267,0.145047,-0.002645
1479,-0.118954,-0.042415,0.431253,-0.014546,0.147962,-0.002302
1480,-0.043133,-0.007695,0.437671,-0.011721,0.141202,-0.003036
1481,-0.119409,0.006056,0.433643,-0.010728,0.147824,-0.002441
1482,-0.051283,0.002176,0.438026,-0.010846,0.141865,-0.002585
1483,-0.142109,0.015281,0.435193,-0.009837,0.149809,-0.002412
1484,-0.055571,-0.009497,0.437506,-0.011535,0.142387,-0.002029
1485,0.077275,-0.001886,0.438859,-0.010801,0.130689,-0.002022
1486,-0.244426,-0.006488,0.425686,-0.011873,0.158573,-0.003310
1487,-0.007352,-0.061346,0.439087,-0.015854,0.137904,-0.003726
1488,-0.186744,-0.002686,0.429067,-0.011620,0.153622,-0.003682
1489,-0.004115,-0.044055,0.440003,-0.014633,0.137599,-0.003179
1490,-0.111025,-0.011808,0.432231,-0.012465,0.146979,-0.003523
1491,-0.090292,0.019241,0.436912,-0.009846,0.145006,-0.003922
1492,-0.061118,-0.000122,0.436619,-0.011294,0.142568,-0.003648
1493,-0.128200,0.052784,0.436411,-0.006927,0.148374,-0.003683
1494,-0.028299,-0.007666,0.438712,-0.011378,0.139754,-0.003081
1495,-0.088918,-0.039880,0.432535,-0.014251,0.145092,-0.003552
1496,-0.118089,-0.054423,0.432292,-0.015651,0.147608,-0.003672
1497,-0.146088,-0.011956,0.434337,-0.012333,0.150073,-0.003626
1498,-0.069059,-0.020157,0.436263,-0.012851,0.143498,-0.003044
1499,-0.084794,0.004752,0.435790,-0.010936,0.144861,-0.003063
1500,-0.078526,0.007157,0.436006,-0.010671,0.144286,-0.002967
1501,-0.064442,0.023027,0.437546,-0.009268,0.143016,-0.003105
1502,-0.070095,0.030510,0.436991,-0.008470,0.143426,-0.003038
1503,-0.068400,0.008195,0.436832,-0.010093,0.143306,-0.002663
1504,-0.115619,-0.014160,0.433846,-0.011880,0.147482,-0.002537
1505,-0.085054,-0.046194,0.434370,-0.014451,0.144901,-0.002476
1506,-0.132307,-0.046721,0.433168,-0.014737,0.149036,-0.002438
1507,-0.076750,-0.053729,0.432808,-0.015421,0.144300,-0.002265
1508,-0.129824,-0.011365,0.435076,-0.012273,0.148820,-0.002574
1509,-0.055213,-0.006770,0.435512,-0.011766,0.142371,-0.002027
1510,-0.082791,0.025649,0.438041,-0.009214,0.144659,-0.002479
1511,-0.085318,0.042781,0.437479,-0.007571,0.144885,-0.002050
1512,-0.050334,0.025086,0.438320,-0.008728,0.141867,-0.002112
1513,-0.075844,0.001713,0.435371,-0.010531,0.144121,-0.002022
1514,-0.085466,-0.024781,0.433318,-0.012688,0.144987,-0.002273
1515,-0.109979,-0.035620,0.434554,-0.013658,0.147065,-0.002431
1516,-0.111482,-0.072628,0.430458,-0.016881,0.147395,-0.002253
1517,-0.070019,-0.043232,0.434588,-0.014735,0.143607,-0.003010
1518,-0.126430,0.004312,0.434338,-0.011099,0.148461,-0.002655
1519,-0.018502,0.010174,0.438744,-0.010377,0.139010,-0.002388
1520,-0.110285,0.044880,0.435937,-0.007653,0.146939,-0.002719
1521,-0.066992,0.027919,0.437996,-0.008637,0.143197,-0.002475
1522,-0.049307,-0.003827,0.436590,-0.011073,0.141680,-0.002878
1523,-0.120768,-0.013252,0.433586,-0.011933,0.147923,-0.002700
1524,-0.103491,-0.025227,0.435935,-0.012809,0.146449,-0.002485
1525,-0.100751,-0.081088,0.430455,-0.017564,0.146469,-0.002261
1526,-0.059067,-0.030943,0.435044,-0.013752,0.142605,-0.003053
1527,-0.145985,-0.008600,0.432578,-0.012217,0.150169,-0.002819
1528,-0.033902,0.014672,0.439357,-0.010065,0.140293,-0.003135
1529,-0.121569,0.048612,0.437375,-0.007313,0.147935,-0.002658
1530,-0.062551,0.034349,0.438922,-0.007998,0.142900,-0.002066
1531,-0.021460,-0.014691,0.435377,-0.011848,0.139426,-0.001991
1532,-0.143280,-0.015444,0.432577,-0.012153,0.149911,-0.002589
1533,-0.091515,-0.031993,0.436052,-0.013324,0.145460,-0.002138
1534,-0.055275,-0.049646,0.432744,-0.014930,0.142410,-0.002167
1535,-0.137317,-0.018696,0.432874,-0.012754,0.149405,-0.002813
1536,-0.109660,-0.009240,0.434010,-0.011922,0.147086,-0.002451
1537,-0.063457,-0.001218,0.439720,-0.011166,0.142944,-0.002621
1538,-0.073025,-0.001813,0.433897,-0.011243,0.143938,-0.002017
1539,-0.094543,0.013137,0.437467,-0.010024,0.145656,-0.002489
1540,-0.076816,0.013611,0.436608,-0.009799,0.144189,-0.002059
1541,-0.051964,-0.001102,0.435495,-0.010910,0.142058,-0.002226
1542,-0.091419,-0.025496,0.433502,-0.012984,0.145410,-0.002414
1543,-0.137781,-0.016000,0.435076,-0.012312,0.149433,-0.002680
1544,-0.095413,-0.018065,0.435529,-0.012350,0.145910,-0.002083
1545,-0.065603,-0.027494,0.434465,-0.013165,0.143359,-0.001956
1546,-0.099519,-0.017950,0.434003,-0.012561,0.146246,-0.001927
1547,0.047743,0.005509,0.440552,-0.010471,0.133231,-0.001944
1548,-0.305522,0.035060,0.426986,-0.008678,0.163923,-0.003159
1549,0.115110,-0.030053,0.446774,-0.012895,0.127446,-0.002081
1550,-0.217658,0.003490,0.425709,-0.010984,0.156529,-0.002207
1551,-0.029150,-0.019452,0.441194,-0.012350,0.139943,-0.002571
1552,-0.152571,-0.008121,0.431848,-0.011698,0.150893,-0.002057
1553,-0.031079,-0.032624,0.436574,-0.013496,0.140315,-0.002043
1554,0.001533,-0.003329,0.437362,-0.011251,0.137313,-0.002002
1555,-0.187538,-0.000631,0.428672,-0.011465,0.153665,-0.003109
1556,0.013032,-0.030361,0.440003,-0.013496,0.136113,-0.003625
1557,-0.176650,-0.012760,0.430046,-0.012552,0.152669,-0.003663
1558,-0.016725,0.005803,0.439583,-0.010675,0.138649,-0.003624
1559,-0.122362,-0.008844,0.432618,-0.012096,0.147935,-0.003599
1560,-0.094853,0.039661,0.438438,-0.007913,0.145468,-0.003720
1561,-0.051413,-0.027624,0.435994,-0.013155,0.141807,-0.003103
1562,-0.117791,0.005362,0.434900,-0.010651,0.147577,-0.003496
1563,-0.119374,-0.045315,0.433183,-0.014701,0.147858,-0.003155
1564,-0.057067,-0.013340,0.436941,-0.012116,0.142406,-0.003139
1565,-0.115494,-0.008478,0.433419,-0.011848,0.147509,-0.002477
1566,-0.051767,-0.020225,0.436551,-0.012721,0.141927,-0.002588
1567,-0.150893,0.017799,0.435190,-0.009783,0.150547,-0.002661
1568,-0.065913,0.008250,0.438156,-0.010192,0.143262,-0.002081
1569,-0.029646,-0.006280,0.435861,-0.011322,0.140165,-0.001944
1570,-0.152150,0.001045,0.433486,-0.010904,0.150710,-0.002190
1571,-0.065257,-0.016293,0.437098,-0.012071,0.143250,-0.002084
1572,-0.066487,-0.043870,0.432370,-0.014472,0.143427,-0.001987
1573,-0.134444,-0.014857,0.434579,-0.012381,0.149206,-0.002572
1574,-0.086435,-0.011818,0.435038,-0.012001,0.145102,-0.002085
1575,-0.068618,-0.003743,0.437154,-0.011362,0.143539,-0.001963
1576,0.022991,0.017299,0.438783,-0.009509,0.135421,-0.001982
1577,-0.154199,-0.002251,0.429007,-0.011526,0.150831,-0.003110
1578,-0.021473,0.010942,0.440205,-0.010027,0.138953,-0.003779
1579,-0.096139,-0.021483,0.433162,-0.012826,0.145600,-0.003646
1580,-0.114195,-0.019588,0.434177,-0.012714,0.147128,-0.003983
1581,-0.068074,-0.041297,0.434906,-0.014478,0.143187,-0.003739
1582,-0.122401,-0.007487,0.433656,-0.011945,0.147875,-0.003923
1583,-0.069699,-0.008390,0.436625,-0.011887,0.143281,-0.003733
1584,-0.096027,-0.017527,0.434308,-0.012736,0.145635,-0.003646
1585,-0.079120,-0.000112,0.436148,-0.011292,0.144099,-0.003629
1586,-0.110604,0.020262,0.436068,-0.009607,0.146888,-0.003624
1587,-0.054058,0.001999,0.437269,-0.010831,0.142019,-0.003317
1588,-0.074649,-0.023011,0.434319,-0.012952,0.143810,-0.003595
1589,-0.114525,0.008308,0.435315,-0.010466,0.147250,-0.003612
1590,-0.079855,-0.038385,0.434298,-0.014151,0.144292,-0.003474
1591,-0.099433,-0.003358,0.435665,-0.011454,0.146013,-0.003549
1592,-0.128310,-0.008971,0.433840,-0.011861,0.148592,-0.003193
1593,-0.034361,-0.034888,0.436947,-0.013883,0.140476,-0.003120
1594,-0.166645,0.021929,0.431126,-0.009549,0.152002,-0.003177
1595,-0.000805,-0.014865,0.440947,-0.012110,0.137480,-0.002778
1596,-0.115414,0.007338,0.433541,-0.010551,0.147441,-0.002954
1597,-0.063434,0.003054,0.437628,-0.010707,0.142891,-0.002719
1598,-0.138518,0.004133,0.435044,-0.010628,0.149480,-0.002479
1599,-0.045624,-0.015542,0.437418,-0.011973,0.141517,-0.002131
1600,-0.096769,-0.040139,0.431100,-0.014222,0.146049,-0.002165
1601,-0.080881,-0.029555,0.434864,-0.013508,0.144489,-0.003137
1602,-0.124295,-0.008067,0.434132,-0.011882,0.148268,-0.002643
1603,-0.076669,-0.006512,0.436840,-0.011628,0.144133,-0.002376
1604,-0.054643,0.006747,0.436671,-0.010512,0.142250,-0.002049
1605,-0.137575,0.021024,0.435404,-0.009387,0.149392,-0.002187
1606,0.018212,-0.014339,0.437926,-0.011924,0.135933,-0.002057
1607,-0.141214,-0.000353,0.431914,-0.011178,0.149681,-0.002731
1608,-0.092484,0.000444,0.438123,-0.010842,0.145396,-0.002718
1609,-0.087852,-0.045585,0.432202,-0.014636,0.145256,-0.002253
1610,-0.082748,-0.014749,0.435451,-0.012276,0.144656,-0.003100
1611,-0.102457,-0.018153,0.433915,-0.012613,0.146370,-0.002481
1612,-0.063179,-0.018238,0.436080,-0.012637,0.142938,-0.002635
1613,-0.135551,0.012428,0.434741,-0.010245,0.149210,-0.002598
1614,-0.026849,0.005561,0.438775,-0.010470,0.139790,-0.002033
1615,-0.119160,0.021287,0.435361,-0.009302,0.147802,-0.002171
1616,-0.045494,-0.007200,0.435945,-0.011370,0.141452,-0.002206
1617,-0.126944,-0.007106,0.434966,-0.011491,0.148489,-0.002570
1618,-0.106323,-0.022347,0.434852,-0.012616,0.146827,-0.002108
1619,-0.052991,-0.031236,0.435684,-0.013339,0.142247,-0.002007
1620,-0.080078,-0.031399,0.431934,-0.013604,0.144550,-0.002167
1621,-0.091350,-0.020829,0.434580,-0.012918,0.145362,-0.002797
1622,-0.116664,0.006926,0.435328,-0.010691,0.147551,-0.002706
1623,-0.048436,-0.006279,0.437038,-0.011591,0.141637,-0.002414
1624,-0.132806,0.017725,0.435929,-0.009750,0.148965,-0.002615
1625,-0.079104,0.009428,0.437381,-0.010109,0.144407,-0.002053
1626,-0.043771,-0.009798,0.435677,-0.011609,0.141431,-0.001940
1627,-0.018385,0.014389,0.442753,-0.009504,0.138820,-0.002014
1628,-0.267616,0.000573,0.422756,-0.011009,0.161010,-0.001711
1629,0.118525,-0.074556,0.443587,-0.016454,0.127221,-0.002142
1630,-0.315789,-0.001624,0.424468,-0.011568,0.165059,-0.002218
1631,0.070730,-0.061308,0.441244,-0.015699,0.131437,-0.002009
1632,-0.180748,-0.001465,0.429905,-0.011646,0.153280,-0.002491
1633,-0.063553,0.008837,0.438656,-0.010423,0.143002,-0.002047
1634,0.007010,0.039946,0.443954,-0.007659,0.136698,-0.001909
1635,-0.142011,0.016212,0.427122,-0.009732,0.149978,-0.000717
1636,0.041062,-0.035393,0.440159,-0.013714,0.133690,-0.003487
1637,-0.218453,-0.014799,0.427795,-0.012635,0.156294,-0.003743
1638,0.000215,-0.023112,0.439513,-0.012861,0.137224,-0.003698
1639,-0.147554,-0.017881,0.431835,-0.012820,0.150072,-0.003748
1640,-0.069198,-0.035350,0.436076,-0.014150,0.143292,-0.003689
1641,-0.098398,-0.013085,0.434116,-0.012527,0.145875,-0.003593
1642,-0.120126,0.041116,0.437237,-0.008035,0.147706,-0.003635
1643,-0.048472,0.008408,0.437928,-0.010319,0.141594,-0.003103
1644,-0.078323,-0.007267,0.435100,-0.011658,0.144242,-0.003206
1645,-0.108248,-0.015075,0.434144,-0.012307,0.146825,-0.003302
1646,-0.089664,-0.017380,0.435597,-0.012462,0.145252,-0.003266
1647,-0.100316,-0.030684,0.433676,-0.013616,0.146247,-0.003041
1648,-0.070092,0.012994,0.437201,-0.010023,0.143492,-0.003112
1649,-0.081270,0.001087,0.435414,-0.010928,0.144486,-0.002476
1650,-0.087836,-0.004908,0.435745,-0.011378,0.145052,-0.002613
1651,-0.111038,-0.007477,0.435002,-0.011560,0.147113,-0.002414
1652,-0.052534,-0.033036,0.435196,-0.013565,0.142108,-0.002047
1653,-0.151946,-0.007094,0.434073,-0.011726,0.150696,-0.002543
1654,-0.054997,-0.011378,0.437331,-0.011834,0.142343,-0.002046
1655,-0.092187,-0.004436,0.433902,-0.011410,0.145604,-0.002198
1656,-0.096772,-0.001166,0.436366,-0.011083,0.145951,-0.001980
1657,-0.046390,-0.003770,0.435931,-0.011198,0.141603,-0.001960
1658,-0.097174,-0.004239,0.434161,-0.011347,0.145950,-0.002164
1659,-0.072088,-0.019874,0.435264,-0.012587,0.143735,-0.002369
1660,-0.116841,-0.007549,0.434743,-0.011695,0.147610,-0.002587
1661,-0.105946,-0.006762,0.436268,-0.011516,0.146738,-0.002071
1662,-0.077300,-0.011863,0.435829,-0.011879,0.144331,-0.001962
1663,-0.091527,-0.007456,0.435071,-0.011584,0.145584,-0.002009
1664,0.052227,-0.003362,0.439332,-0.011056,0.132919,-0.001955
1665,-0.214340,0.033459,0.427017,-0.008611,0.156035,-0.003112
1666,0.038366,-0.054525,0.441887,-0.015130,0.133862,-0.003191
1667,-0.185506,-0.037304,0.427935,-0.014451,0.153528,-0.003583
1668,-0.068042,-0.044112,0.436305,-0.014858,0.143213,-0.003684
1669,-0.129976,0.031498,0.435057,-0.008898,0.148655,-0.003554
1670,-0.068720,-0.004732,0.437602,-0.011534,0.143350,-0.003082
1671,-0.072301,0.002519,0.436306,-0.010988,0.143751,-0.003132
1672,-0.106768,0.017029,0.435386,-0.009745,0.146730,-0.003022
1673,-0.045598,-0.027673,0.436258,-0.013241,0.141450,-0.002974
1674,-0.105473,0.025846,0.435519,-0.008994,0.146536,-0.003185
1675,-0.059794,-0.002942,0.436702,-0.011069,0.142584,-0.002527
1676,-0.132301,-0.008066,0.434994,-0.011561,0.148925,-0.002652
1677,-0.031287,-0.036144,0.435036,-0.013673,0.140273,-0.002151
1678,-0.126619,-0.029502,0.432080,-0.013513,0.148463,-0.002767
1679,-0.098775,-0.032993,0.434511,-0.013804,0.146019,-0.002670
1680,-0.125658,-0.005563,0.436001,-0.011675,0.148393,-0.002647
1681,-0.045748,0.003069,0.436733,-0.010781,0.141537,-0.002019
1682,-0.066058,0.001702,0.435180,-0.010972,0.143228,-0.002116
1683,-0.101804,0.012522,0.435679,-0.010101,0.146250,-0.002570
1684,-0.102696,0.010777,0.437377,-0.010063,0.146356,-0.002410
1685,-0.081292,-0.010312,0.435813,-0.011637,0.144642,-0.002018
1686,-0.091100,-0.019386,0.434678,-0.012423,0.145552,-0.002027
1687,0.065744,-0.014989,0.438403,-0.011904,0.131729,-0.001994
1688,-0.187915,0.007438,0.427836,-0.010713,0.153631,-0.003430
1689,-0.018093,-0.014757,0.439722,-0.012063,0.138656,-0.003977
1690,-0.305337,-0.005114,0.427337,-0.011748,0.163935,-0.003996
1691,0.057862,-0.068022,0.444577,-0.016055,0.132476,-0.002226
1692,-0.191509,-0.025946,0.426784,-0.013480,0.154412,-0.001939
1693,-0.044120,-0.015480,0.439481,-0.012369,0.141397,-0.001980
1694,-0.110673,0.016523,0.434594,-0.009952,0.147251,-0.001897
1695,0.105677,0.031953,0.443154,-0.008266,0.128196,-0.001953
1696,-0.232261,0.076482,0.427138,-0.005149,0.157521,-0.003152
1697,0.076278,-0.044365,0.444251,-0.014043,0.130497,-0.003200
1698,-0.184478,-0.005211,0.427904,-0.011514,0.153328,-0.003660
1699,-0.095437,-0.038871,0.435319,-0.013979,0.145548,-0.003683
1700,-0.088072,-0.088469,0.433295,-0.018243,0.145031,-0.003239
1701,-0.135368,-0.058869,0.430958,-0.016315,0.149209,-0.003557
1702,-0.114644,-0.001286,0.435565,-0.011756,0.147363,-0.003605
1703,-0.073358,0.044222,0.439222,-0.007855,0.143736,-0.003233
1704,-0.049225,0.046061,0.438836,-0.007433,0.141683,-0.002933
1705,-0.053149,0.012818,0.436765,-0.009975,0.142027,-0.002954
1706,-0.088090,0.033288,0.436897,-0.008195,0.144954,-0.003241
1707,-0.066005,-0.013924,0.435668,-0.011800,0.143114,-0.002534
1708,-0.147077,-0.022625,0.434042,-0.012624,0.150225,-0.002758
1709,-0.069583,-0.065668,0.432855,-0.016046,0.143669,-0.002157
1710,-0.138012,-0.042291,0.433296,-0.014549,0.149574,-0.002588
1711,-0.124359,-0.022854,0.434227,-0.013000,0.148445,-0.002080
1712,-0.022045,-0.008816,0.438029,-0.011803,0.139555,-0.001950
1713,-0.142103,0.029617,0.433901,-0.008889,0.149925,-0.002103
1714,-0.024101,0.017093,0.439799,-0.009493,0.139642,-0.001932
1715,-0.099942,0.020932,0.435015,-0.009226,0.146261,-0.001924
1716,-0.069650,-0.002105,0.436615,-0.010897,0.143625,-0.001990
1717,-0.074239,-0.016467,0.434950,-0.012059,0.144051,-0.001984
1718,-0.085832,-0.043902,0.431976,-0.014433,0.145058,-0.002193
1719,-0.128800,-0.023795,0.434778,-0.013002,0.148707,-0.002600
1720,-0.099334,-0.022691,0.434019,-0.012875,0.146246,-0.002090
1721,-0.054878,-0.022232,0.436139,-0.012875,0.142367,-0.001974
1722,0.038267,0.025774,0.439347,-0.008894,0.133997,-0.001954
1723,-0.186362,0.023376,0.429874,-0.009499,0.153464,-0.003307
1724,-0.017420,-0.021139,0.439469,-0.012631,0.138692,-0.003714
1725,-0.086258,0.011837,0.434310,-0.010115,0.144676,-0.003658
1726,-0.125348,-0.050418,0.432938,-0.015243,0.148141,-0.003892
1727,-0.092650,-0.048453,0.433964,-0.015204,0.145390,-0.003735
1728,-0.117523,-0.035119,0.433124,-0.014360,0.147564,-0.003657
1729,-0.060917,0.001744,0.436307,-0.011365,0.142607,-0.003564
1730,-0.121287,0.062423,0.437469,-0.006373,0.147776,-0.003645
1731,-0.046035,0.049707,0.440667,-0.006828,0.141265,-0.003117
1732,-0.078445,0.016426,0.434785,-0.009372,0.144269,-0.002948
1733,-0.070090,-0.057272,0.435268,-0.015322,0.143524,-0.002866
1734,-0.174000,-0.019089,0.430557,-0.012508,0.152666,-0.003213
1735,-0.037910,-0.080844,0.436341,-0.017379,0.140848,-0.002575
1736,-0.104006,-0.032809,0.432202,-0.013984,0.146562,-0.003037
1737,-0.120466,-0.013639,0.434072,-0.012568,0.147945,-0.002822
1738,-0.066225,0.026755,0.438683,-0.009132,0.143129,-0.003125
1739,-0.062267,0.034865,0.437721,-0.008303,0.142823,-0.002397
1740,-0.100139,0.035934,0.437891,-0.008031,0.146088,-0.002378
1741,-0.004852,-0.009464,0.436649,-0.011408,0.137916,-0.002054
1742,-0.103045,-0.017460,0.432794,-0.012335,0.146337,-0.002769
1743,-0.143352,-0.007307,0.433860,-0.011484,0.149823,-0.002924
1744,-0.076529,-0.088174,0.433465,-0.018053,0.144238,-0.002930
1745,-0.112956,-0.031264,0.432841,-0.013834,0.147329,-0.003155
1746,-0.090833,-0.016485,0.435210,-0.012680,0.145334,-0.002645
1747,-0.107913,0.025439,0.437767,-0.009285,0.146815,-0.002598
1748,-0.057442,0.035378,0.438618,-0.008157,0.142479,-0.002033
1749,-0.023660,0.014798,0.436456,-0.009681,0.139567,-0.002108
1750,-0.145973,0.019141,0.435151,-0.009394,0.150069,-0.002593
1751,-0.004796,-0.029304,0.436582,-0.012962,0.137934,-0.002095
1752,-0.140560,-0.034120,0.430979,-0.013795,0.149674,-0.002755
1753,-0.143316,-0.025478,0.435284,-0.013059,0.149909,-0.002699
1754,-0.082360,-0.032894,0.435391,-0.013606,0.144806,-0.002045
1755,-0.093962,-0.016971,0.434553,-0.012471,0.145845,-0.001990
1756,-0.066844,-0.003868,0.436087,-0.011412,0.143420,-0.001926
1757,-0.058270,0.001084,0.434779,-0.011062,0.142629,-0.002169
1758,-0.115579,0.023651,0.436887,-0.009240,0.147468,-0.002527
1759,-0.079277,0.011719,0.437118,-0.009921,0.144409,-0.002062
1760,-0.048185,-0.009181,0.435676,-0.011539,0.141784,-0.002009
1761,0.044665,0.004958,0.438694,-0.010260,0.133440,-0.002014
1762,-0.227692,-0.012572,0.426620,-0.012270,0.157106,-0.003429
1763,-0.042099,-0.030269,0.437742,-0.013263,0.140931,-0.003731
1764,-0.082468,-0.067441,0.433207,-0.016600,0.144505,-0.003207
1765,-0.133239,-0.019495,0.432898,-0.013014,0.148856,-0.003882
1766,-0.068582,-0.020839,0.436291,-0.013065,0.143224,-0.003677
1767,-0.085100,0.002876,0.435400,-0.011259,0.144671,-0.003622
1768,-0.117237,0.028697,0.436534,-0.009106,0.147459,-0.003638
1769,-0.063421,0.036834,0.438966,-0.008075,0.142848,-0.003289
1770,-0.063620,-0.002091,0.435978,-0.011096,0.142943,-0.003025
1771,-0.106623,-0.012459,0.434471,-0.011995,0.146711,-0.003254
1772,-0.092926,-0.039263,0.433870,-0.014161,0.145599,-0.003062
1773,-0.100391,-0.050136,0.433192,-0.015258,0.146273,-0.003172
1774,-0.097877,0.015731,0.436214,-0.009947,0.145914,-0.003147
1775,-0.069367,0.018574,0.438593,-0.009509,0.143423,-0.002448
1776,-0.064823,0.000314,0.434633,-0.010920,0.143128,-0.002264
1777,-0.082167,-0.002922,0.435745,-0.011190,0.144559,-0.002652
1778,-0.120939,-0.011680,0.434022,-0.011894,0.147962,-0.002481
1779,-0.070551,-0.022698,0.437167,-0.012691,0.143619,-0.002368
1780,-0.097991,-0.027989,0.432000,-0.013286,0.146108,-0.002220
1781,-0.110288,-0.013126,0.436279,-0.012163,0.147064,-0.002626
1782,-0.108716,-0.004939,0.435074,-0.011435,0.147045,-0.002059
1783,-0.054936,-0.010703,0.436798,-0.011833,0.142388,-0.002001
1784,0.075366,0.006679,0.438513,-0.010318,0.130884,-0.001988
1785,-0.231770,0.016511,0.427769,-0.010129,0.157397,-0.003217
1786,0.010939,-0.018821,0.441269,-0.012352,0.136201,-0.003735
1787,-0.170322,0.010825,0.430096,-0.010325,0.152137,-0.003642
1788,-0.025334,-0.053502,0.438783,-0.015201,0.139412,-0.003268
1789,-0.156376,-0.011790,0.429948,-0.012266,0.151009,-0.003540
1790,-0.051135,-0.062313,0.437077,-0.016234,0.141723,-0.003222
1791,-0.145729,0.020523,0.434170,-0.009846,0.150041,-0.003525
1792,-0.038194,-0.016802,0.437139,-0.012564,0.140677,-0.003169
1793,-0.097536,0.023236,0.436147,-0.009501,0.145836,-0.003428
1794,-0.111549,0.037923,0.436643,-0.008041,0.147062,-0.003177
1795,0.002959,0.002306,0.439472,-0.010558,0.137104,-0.002955
1796,-0.140654,0.008642,0.432880,-0.010256,0.149620,-0.002739
1797,-0.068192,-0.038585,0.435530,-0.013852,0.143344,-0.002536
1798,-0.145833,-0.030015,0.433645,-0.013407,0.150181,-0.002678
1799,-0.049034,-0.046753,0.434122,-0.014690,0.141861,-0.002109
1800,-0.106519,-0.031438,0.432985,-0.013832,0.146755,-0.002678
1801,-0.078564,-0.007652,0.435630,-0.011919,0.144243,-0.002613
1802,-0.102128,0.023660,0.436437,-0.009386,0.146250,-0.002751
1803,-0.048638,0.012058,0.437542,-0.010087,0.141616,-0.002424
1804,-0.125134,0.023499,0.436577,-0.009166,0.148257,-0.002648
1805,-0.054755,0.008404,0.437821,-0.010034,0.142261,-0.002077
1806,-0.064197,-0.023562,0.433359,-0.012686,0.143148,-0.002177
1807,-0.103613,-0.042173,0.432837,-0.014385,0.146468,-0.002612
1808,-0.149609,-0.020833,0.434558,-0.012791,0.150480,-0.002682
1809,-0.087786,-0.024369,0.435745,-0.012963,0.145251,-0.002061
1810,0.071001,-0.008146,0.439628,-0.011555,0.131333,-0.001959
1811,-0.315140,0.036649,0.426021,-0.008619,0.164766,-0.003146
1812,0.091176,-0.025419,0.446656,-0.012593,0.129518,-0.002179
1813,-0.223373,0.011863,0.427910,-0.010248,0.157056,-0.002008
1814,0.003029,-0.021097,0.440688,-0.012382,0.137308,-0.002053
1815,-0.129097,-0.010839,0.430994,-0.011911,0.148891,-0.001969
1816,-0.038014,-0.021557,0.437087,-0.012619,0.140822,-0.001988
1817,-0.137195,-0.002480,0.432969,-0.011317,0.149449,-0.002152
1818,-0.023073,-0.012833,0.437649,-0.011927,0.139503,-0.002006
1819,-0.118004,-0.006960,0.432863,-0.011731,0.147699,-0.002536
1820,-0.107963,0.006999,0.437621,-0.010472,0.146782,-0.002679
1821,-0.091631,-0.001496,0.435893,-0.011008,0.145528,-0.002088
1822,-0.007430,-0.029099,0.435477,-0.013191,0.138225,-0.002033
1823,-0.155762,-0.002464,0.432054,-0.011412,0.150985,-0.002716
1824,-0.096837,-0.006807,0.437752,-0.011503,0.145852,-0.002462
1825,-0.060752,-0.006996,0.436351,-0.011454,0.142863,-0.002071
1826,-0.078839,-0.014110,0.433258,-0.012135,0.144427,-0.002163
1827,-0.071662,-0.019047,0.435234,-0.012594,0.143678,-0.002558
1828,-0.126221,-0.003155,0.434193,-0.011408,0.148403,-0.002630
1829,-0.092536,-0.000864,0.437598,-0.011061,0.145516,-0.002401
1830,-0.089774,-0.003270,0.435520,-0.011194,0.145396,-0.002034
1831,-0.075470,-0.006066,0.435952,-0.011391,0.144173,-0.002041
1832,-0.098020,-0.008643,0.434690,-0.011624,0.146131,-0.001983
1833,-0.057251,-0.011200,0.436345,-0.011783,0.142568,-0.002032
1834,-0.126764,-0.004980,0.433593,-0.011413,0.148603,-0.002147
1835,-0.047322,-0.017908,0.436151,-0.012308,0.141718,-0.002037
1836,-0.106263,-0.011504,0.433732,-0.011958,0.146806,-0.001980
1837,-0.098440,-0.006273,0.436320,-0.011486,0.146100,-0.001986
1838,-0.089702,-0.009713,0.435406,-0.011755,0.145404,-0.001969
1839,0.110251,0.010347,0.440718,-0.009853,0.127800,-0.002026
1840,-0.252536,0.008594,0.425416,-0.010756,0.159262,-0.003580
1841,0.011582,-0.027080,0.441926,-0.012964,0.136098,-0.003806
1842,-0.148232,-0.030889,0.430097,-0.013765,0.150235,-0.003648
1843,-0.076917,-0.029802,0.436007,-0.013567,0.143905,-0.003724
1844,-0.094326,-0.024675,0.434158,-0.013340,0.145493,-0.003656
1845,-0.123980,0.017529,0.435617,-0.009937,0.148067,-0.003610
1846,-0.064931,0.011462,0.437786,-0.010158,0.142997,-0.003322
1847,-0.074973,-0.003656,0.435623,-0.011363,0.143918,-0.003189
1848,-0.096009,0.013094,0.435894,-0.009969,0.145745,-0.003272
1849,-0.089631,-0.030407,0.433918,-0.013445,0.145307,-0.003079
1850,-0.112936,-0.003561,0.433686,-0.011351,0.147310,-0.003247
1851,-0.051994,-0.016671,0.438584,-0.012248,0.141891,-0.002811
1852,-0.111047,-0.010685,0.433608,-0.011915,0.147163,-0.002422
1853,-0.064859,-0.025812,0.435445,-0.013100,0.143105,-0.002412
1854,-0.138540,0.002484,0.435268,-0.010968,0.149497,-0.002645
1855,-0.084276,-0.003250,0.436670,-0.011210,0.144884,-0.002089
1856,-0.048866,-0.011113,0.435570,-0.011825,0.141873,-0.001979
1857,-0.084455,-0.003133,0.434680,-0.011271,0.144863,-0.001978
1858,-0.063894,0.001348,0.435956,-0.010854,0.143005,-0.002165
1859,-0.123240,-0.040956,0.432156,-0.014499,0.148256,-0.002589
1860,-0.061027,-0.001420,0.437074,-0.011228,0.142700,-0.003166
1861,-0.109740,0.022327,0.436911,-0.009292,0.146920,-0.002658
1862,-0.088624,-0.050980,0.432650,-0.015203,0.145334,-0.002269
1863,-0.053057,0.013457,0.437353,-0.010028,0.142038,-0.003004
1864,-0.107129,0.014166,0.434752,-0.009945,0.146704,-0.002516
1865,-0.086572,0.007956,0.438265,-0.010249,0.144918,-0.002605
1866,-0.111881,-0.002433,0.434819,-0.011001,0.147289,-0.002082
1867,-0.050025,-0.032074,0.435172,-0.013321,0.141980,-0.001968
1868,-0.136479,-0.024363,0.433075,-0.012948,0.149472,-0.001977
1869,-0.067724,-0.024484,0.436045,-0.012885,0.143501,-0.002007
1870,-0.070076,-0.030723,0.432840,-0.013590,0.143717,-0.002093
1871,-0.126261,0.006018,0.435888,-0.010769,0.148448,-0.002569
1872,-0.086298,0.011013,0.436948,-0.010134,0.145049,-0.002058
1873,-0.038283,-0.000705,0.436530,-0.010990,0.140924,-0.001995
1874,0.061375,0.011850,0.438885,-0.009840,0.132013,-0.001973
1875,-0.201087,0.030359,0.429513,-0.008791,0.154617,-0.003238
1876,-0.159606,-0.010476,0.435735,-0.011693,0.151128,-0.004029
1877,0.014183,-0.074738,0.438215,-0.016633,0.136282,-0.002334
1878,-0.235137,-0.026917,0.428857,-0.013478,0.158006,-0.002598
1879,0.019867,-0.049246,0.438089,-0.014904,0.135869,-0.002046
1880,-0.139446,-0.008736,0.431457,-0.012231,0.149626,-0.002626
1881,-0.107656,0.024274,0.438604,-0.009336,0.146737,-0.002591
1882,-0.016442,0.011993,0.437509,-0.010087,0.138958,-0.002032
1883,-0.120921,0.033952,0.436374,-0.008390,0.147925,-0.002504
1884,-0.056761,0.018106,0.438204,-0.009274,0.142408,-0.002081
1885,-0.098728,-0.003822,0.434829,-0.011044,0.146137,-0.002154
1886,-0.082851,-0.034082,0.433705,-0.013450,0.144820,-0.002021
1887,0.058077,-0.032937,0.438254,-0.013297,0.132351,-0.001986
1888,-0.269406,-0.047934,0.423452,-0.015431,0.160850,-0.003366
1889,-0.020574,-0.018692,0.439245,-0.012602,0.139087,-0.003706
1890,-0.090438,-0.009397,0.434957,-0.012085,0.145122,-0.003160
1891,-0.080200,-0.011795,0.434955,-0.012317,0.144276,-0.003515
1892,-0.130527,0.031932,0.436237,-0.008766,0.148626,-0.003627
1893,-0.063118,-0.012347,0.437619,-0.012055,0.142856,-0.003095
1894,-0.068746,-0.004018,0.435372,-0.011468,0.143432,-0.003156
1895,-0.115263,0.024369,0.435641,-0.009114,0.147395,-0.003268
1896,-0.051032,-0.026585,0.435816,-0.013053,0.141940,-0.003019
1897,-0.111112,0.002538,0.434306,-0.010833,0.147099,-0.003249
1898,-0.093341,-0.052639,0.434318,-0.015292,0.145595,-0.003027
1899,-0.074817,-0.015000,0.435368,-0.012376,0.143944,-0.003154
1900,-0.088211,0.009229,0.435783,-0.010421,0.145065,-0.002634
1901,-0.085796,0.004281,0.435892,-0.010738,0.144837,-0.002639
1902,-0.066198,-0.005093,0.436207,-0.011427,0.143158,-0.002605
1903,-0.118630,0.000531,0.434564,-0.011009,0.147722,-0.002654
1904,-0.077659,-0.003150,0.437744,-0.011128,0.144184,-0.002430
1905,-0.095183,-0.045139,0.431665,-0.014660,0.145912,-0.002230
1906,-0.078558,-0.012228,0.435860,-0.012098,0.144285,-0.003081
1907,-0.100730,-0.009548,0.434312,-0.011933,0.146222,-0.002457
1908,-0.099620,0.007894,0.437494,-0.010456,0.146101,-0.002562
1909,-0.100398,0.009469,0.435988,-0.010186,0.146281,-0.002052
1910,-0.054492,-0.005839,0.436893,-0.011292,0.142344,-0.001937
1911,-0.092408,-0.008712,0.433524,-0.011618,0.145655,-0.001957
1912,0.021764,0.006112,0.444283,-0.010117,0.135331,-0.001987
1913,-0.288342,0.004184,0.421775,-0.010749,0.162794,-0.000629
1914,0.128036,-0.080421,0.443597,-0.017000,0.126381,-0.002153
1915,-0.288915,0.005899,0.425877,-0.011055,0.162656,-0.002580
1916,0.003804,-0.078059,0.437962,-0.017334,0.137324,-0.002255
1917,-0.147111,0.030058,0.434417,-0.009090,0.150287,-0.002938
1918,-0.009109,0.031472,0.439383,-0.008487,0.138263,-0.002057
1919,-0.102096,0.046110,0.437321,-0.007313,0.146265,-0.002454
1920,-0.082730,0.020367,0.437226,-0.009026,0.144654,-0.002105
1921,-0.049834,-0.022393,0.435222,-0.012381,0.141909,-0.002089
1922,-0.126413,-0.033586,0.432956,-0.013465,0.148542,-0.002058
1923,-0.075943,-0.059551,0.432485,-0.015657,0.144221,-0.002227
1924,-0.144149,-0.032492,0.433683,-0.013802,0.150078,-0.002611
1925,-0.055253,-0.021757,0.435184,-0.012842,0.142412,-0.002068
1926,-0.107783,0.000424,0.432782,-0.011294,0.146963,-0.002443
1927,-0.012738,0.002964,0.439993,-0.010883,0.138425,-0.002708
1928,-0.139885,0.024533,0.433182,-0.009345,0.149606,-0.002776
1929,-0.050241,-0.010218,0.438141,-0.011826,0.141735,-0.003017
1930,-0.111881,0.026083,0.436906,-0.008936,0.147120,-0.003151
1931,-0.054028,-0.011498,0.435239,-0.011712,0.142198,-0.002148
1932,-0.110754,-0.012972,0.435485,-0.011975,0.147099,-0.002608
1933,-0.087852,-0.036142,0.432781,-0.013816,0.145223,-0.002113
1934,-0.104493,-0.025704,0.435678,-0.013143,0.146605,-0.002567
1935,-0.130107,-0.009456,0.433983,-0.011855,0.148922,-0.002074
1936,-0.027381,-0.017525,0.436926,-0.012391,0.140014,-0.002000
1937,0.043919,0.023517,0.438933,-0.009019,0.133524,-0.001955
1938,-0.204150,0.014770,0.428989,-0.010179,0.154981,-0.003359
1939,-0.008480,-0.040730,0.439327,-0.014229,0.137951,-0.003724
1940,-0.158168,-0.035266,0.430058,-0.014266,0.151110,-0.003637
1941,-0.071898,-0.039756,0.435721,-0.014573,0.143577,-0.003631
1942,-0.084232,0.009962,0.434928,-0.010684,0.144623,-0.003616
1943,-0.119743,0.046963,0.438169,-0.007530,0.147609,-0.003671
1944,-0.045016,0.009642,0.438088,-0.010156,0.141281,-0.003095
1945,-0.096975,-0.003834,0.434896,-0.011312,0.145868,-0.003217
1946,-0.081244,-0.006696,0.435481,-0.011406,0.144440,-0.003057
1947,-0.112156,-0.006210,0.436191,-0.011373,0.147179,-0.002715
1948,-0.093628,-0.023860,0.433561,-0.012713,0.145718,-0.002154
1949,-0.052995,-0.052588,0.434456,-0.015156,0.142160,-0.002352
1950,-0.160543,-0.013547,0.433238,-0.012325,0.151438,-0.002590
1951,-0.045820,-0.027136,0.435657,-0.013248,0.141538,-0.002221
1952,-0.097330,0.002124,0.435341,-0.011100,0.145948,-0.002545
1953,-0.083284,0.018027,0.436589,-0.009643,0.144681,-0.002056
1954,-0.049980,0.015393,0.437321,-0.009720,0.141803,-0.002131
1955,-0.125573,0.019173,0.435911,-0.009401,0.148331,-0.002410
1956,-0.046775,-0.009453,0.437446,-0.011436,0.141573,-0.002129
1957,-0.106944,-0.061690,0.430110,-0.015975,0.146994,-0.002246
1958,-0.098992,-0.017117,0.434987,-0.012487,0.146070,-0.003073
1959,-0.082606,-0.021594,0.434828,-0.012880,0.144671,-0.002439
1960,-0.101387,0.001180,0.435789,-0.011098,0.146274,-0.002540
1961,-0.063341,0.007811,0.436907,-0.010400,0.142978,-0.002045
1962,-0.112043,0.020456,0.436404,-0.009366,0.147204,-0.002148
1963,-0.076996,-0.000336,0.436662,-0.010835,0.144234,-0.002041
1964,-0.061914,-0.018240,0.434706,-0.012286,0.143000,-0.002039
1965,-0.113079,-0.022033,0.433362,-0.012725,0.147398,-0.001999
1966,-0.102226,-0.021761,0.435626,-0.012707,0.146458,-0.001992
1967,0.075420,-0.018330,0.438318,-0.012289,0.130922,-0.001961
1968,-0.232659,-0.006425,0.426854,-0.012093,0.157550,-0.003153
1969,-0.006070,-0.031111,0.440046,-0.013605,0.137759,-0.003638
1970,-0.138554,-0.015839,0.431524,-0.012801,0.149386,-0.003578
1971,-0.055120,0.006826,0.437687,-0.010769,0.142012,-0.003681
1972,-0.115556,0.053426,0.436854,-0.006913,0.147288,-0.003620
1973,-0.077034,-0.018663,0.436598,-0.012450,0.144098,-0.003078
1974,-0.079412,0.003696,0.435917,-0.010636,0.144333,-0.003177
1975,-0.110348,-0.052591,0.432562,-0.015289,0.147128,-0.003062
1976,-0.079209,-0.002324,0.436400,-0.011240,0.144296,-0.003205
1977,-0.092441,-0.012403,0.434582,-0.012064,0.145489,-0.002478
1978,-0.112544,0.000338,0.436587,-0.011026,0.147229,-0.002577
1979,-0.098734,-0.005816,0.435566,-0.011405,0.146153,-0.002068
1980,-0.018589,-0.015249,0.436450,-0.012090,0.139219,-0.002007
1981,-0.122871,-0.013684,0.431892,-0.012235,0.148178,-0.002186
1982,-0.105994,-0.004692,0.437336,-0.011448,0.146643,-0.002629
1983,-0.060502,-0.004076,0.435564,-0.011263,0.142824,-0.002044
1984,-0.069440,-0.016497,0.434561,-0.012355,0.143544,-0.002140
1985,-0.125228,-0.000407,0.434738,-0.011157,0.148324,-0.002576
1986,-0.076040,-0.007994,0.436477,-0.011581,0.144120,-0.002044
1987,-0.085585,-0.010505,0.435085,-0.011826,0.144990,-0.001975
1988,0.065841,0.010345,0.440287,-0.009905,0.131590,-0.001985
1989,-0.224713,0.005857,0.427532,-0.010865,0.156799,-0.003371
1990,-0.004276,-0.055807,0.439043,-0.015405,0.137608,-0.003673
1991,-0.166738,-0.041910,0.429367,-0.014868,0.151876,-0.003679
1992,-0.071775,-0.035794,0.436051,-0.014295,0.143554,-0.003647
1993,-0.118727,0.045730,0.436098,-0.007769,0.147656,-0.003561
1994,-0.037176,-0.016578,0.437590,-0.012504,0.140546,-0.003077
1995,-0.099576,0.019318,0.435888,-0.009769,0.146014,-0.003446
1996,-0.111657,0.004671,0.435092,-0.010772,0.147095,-0.003189
1997,-0.046610,-0.013435,0.437485,-0.012110,0.141508,-0.003154
1998,-0.101655,0.020807,0.434735,-0.009348,0.146205,-0.003023
1999,-0.071486,0.007408,0.438665,-0.010205,0.143554,-0.002744
2000,-0.120037,-0.016881,0.431543,-0.012185,0.148040,-0.002297
2001,-0.053427,-0.036326,0.436699,-0.013680,0.142104,-0.002876
2002,-0.101322,-0.046999,0.431862,-0.014836,0.146316,-0.002455
2003,-0.124315,-0.025028,0.433968,-0.013241,0.148259,-0.002839
2004,-0.079664,-0.021076,0.435355,-0.012896,0.144414,-0.002441
2005,-0.097627,0.005077,0.436073,-0.010858,0.145949,-0.002536
2006,-0.102944,0.021450,0.437254,-0.009385,0.146436,-0.002011
2007,-0.052288,0.013190,0.437798,-0.009843,0.142102,-0.001944
2008,-0.088907,0.013160,0.435655,-0.009833,0.145303,-0.002009
2009,-0.042992,-0.007876,0.435852,-0.011374,0.141286,-0.002016
2010,-0.112787,-0.005243,0.434663,-0.011280,0.147293,-0.002167
2011,-0.103065,-0.037338,0.432721,-0.013885,0.146585,-0.002261
2012,-0.068150,-0.031121,0.435292,-0.013453,0.143454,-0.002830
2013,-0.148661,-0.011195,0.434025,-0.012030,0.150445,-0.002418
2014,-0.046056,-0.018214,0.437313,-0.012417,0.141589,-0.001992
2015,-0.069411,-0.008400,0.433438,-0.011815,0.143636,-0.002179
2016,-0.092075,0.010221,0.435903,-0.010327,0.145429,-0.002569
2017,-0.114030,0.018401,0.437149,-0.009532,0.147332,-0.002426
2018,-0.038299,-0.008711,0.436251,-0.011501,0.140903,-0.002026
2019,-0.103347,-0.008591,0.434236,-0.011646,0.146492,-0.002322
2020,-0.095524,-0.011160,0.436052,-0.011768,0.145799,-0.002057
2021,-0.065715,-0.026766,0.433815,-0.013079,0.143292,-0.002182
2022,-0.115115,-0.016954,0.434306,-0.012455,0.147487,-0.002545
2023,-0.115905,-0.009457,0.435737,-0.011793,0.147615,-0.002058
2024,-0.058224,-0.013993,0.435669,-0.012101,0.142687,-0.001951
2025,0.078600,-0.001180,0.439277,-0.010956,0.130560,-0.001929
2026,-0.344889,0.038168,0.426256,-0.008464,0.167218,-0.003213
2027,0.154412,-0.052244,0.446429,-0.014656,0.123965,-0.002214
2028,-0.272075,0.013838,0.425395,-0.010336,0.161138,-0.002772
2029,0.008088,-0.037651,0.440748,-0.013805,0.136675,-0.002513
2030,-0.149791,-0.009861,0.431957,-0.012039,0.150531,-0.002603
2031,-0.079666,-0.000847,0.437844,-0.011045,0.144402,-0.002090
2032,-0.027640,-0.012607,0.435167,-0.012006,0.139943,-0.002130
2033,-0.133924,-0.024962,0.431571,-0.013354,0.149158,-0.002811
2034,-0.083642,0.027588,0.438091,-0.008867,0.144604,-0.003286
2035,-0.061295,0.008285,0.437559,-0.010250,0.142722,-0.002880
2036,-0.074954,-0.009990,0.434915,-0.011735,0.143972,-0.002430
2037,-0.113034,-0.012224,0.434408,-0.011963,0.147251,-0.002654
2038,-0.073564,-0.037981,0.434660,-0.014022,0.143876,-0.002436
2039,-0.122744,-0.014608,0.435061,-0.012321,0.148135,-0.002645
2040,-0.075348,-0.019516,0.434190,-0.012657,0.144107,-0.002237
2041,-0.059864,-0.004353,0.436822,-0.011496,0.142647,-0.002574
2042,-0.130658,0.019353,0.434116,-0.009597,0.148807,-0.002243
2043,-0.004312,0.001271,0.439353,-0.010748,0.137783,-0.002370
