Step,Fx(N),Fy(N),Fz(N),Tx(Nm),Ty(Nm),Tz(Nm)
1,0.000000,-0.000000,0.000000,0.000000,-0.000000,0.000000
2,-0.171363,-0.160190,0.856431,0.016373,-0.028292,0.000000
3,-0.174448,-0.163642,0.851886,0.018153,-0.029653,-0.000067
4,-0.177588,-0.167145,0.847243,0.019951,-0.031040,-0.000132
5,-0.180780,-0.170698,0.842507,0.021768,-0.032451,-0.000193
6,-0.184021,-0.174295,0.837682,0.023601,-0.033885,-0.000251
7,-0.187310,-0.177931,0.832775,0.025447,-0.035343,-0.000306
8,-0.190643,-0.181606,0.827788,0.027308,-0.036821,-0.000359
9,-0.194018,-0.185312,0.822728,0.029179,-0.038320,-0.000410
10,-0.197432,-0.189049,0.817597,0.031060,-0.039839,-0.000458
11,-0.200881,-0.192812,0.812404,0.032950,-0.041375,-0.000506
12,-0.204364,-0.196598,0.807150,0.034848,-0.042928,-0.000550
13,-0.207876,-0.200401,0.801841,0.036751,-0.044498,-0.000593
14,-0.211415,-0.204221,0.796483,0.038659,-0.046082,-0.000634
15,-0.214977,-0.208053,0.791083,0.040570,-0.047678,-0.000675
16,-0.218563,-0.211892,0.785639,0.042482,-0.049289,-0.000714
17,-0.222167,-0.215737,0.780162,0.044396,-0.050910,-0.000751
18,-0.225787,-0.219583,0.774653,0.046308,-0.052542,-0.000789
19,-0.229419,-0.223426,0.769121,0.048218,-0.054182,-0.000824
20,-0.233063,-0.227268,0.763566,0.050126,-0.055831,-0.000858
21,-0.236714,-0.231098,0.757995,0.052028,-0.057487,-0.000891
22,-0.240372,-0.234920,0.752410,0.053926,-0.059149,-0.000925
23,-0.244030,-0.238726,0.746820,0.055816,-0.060816,-0.000956
24,-0.247688,-0.242514,0.741229,0.057697,-0.062485,-0.000987
25,-0.251345,-0.246282,0.735636,0.059569,-0.064159,-0.001019
26,-0.254995,-0.250027,0.730052,0.061431,-0.065833,-0.001048
27,-0.258638,-0.253746,0.724476,0.063282,-0.067509,-0.001078
28,-0.262270,-0.257436,0.718916,0.065119,-0.069183,-0.001106
29,-0.265889,-0.261095,0.713374,0.066944,-0.070856,-0.001134
30,-0.269492,-0.264719,0.707856,0.068753,-0.072526,-0.001161
31,-0.273077,-0.268306,0.702366,0.070547,-0.074192,-0.001188
32,-0.276642,-0.271853,0.696907,0.072323,-0.075854,-0.001215
33,-0.280185,-0.275358,0.691482,0.074081,-0.077510,-0.001240
34,-0.283704,-0.278820,0.686096,0.075822,-0.079160,-0.001265
35,-0.287191,-0.282235,0.680755,0.077543,-0.080801,-0.001290
36,-0.290651,-0.285601,0.675461,0.079242,-0.082433,-0.001316
37,-0.294078,-0.288915,0.670216,0.080921,-0.084056,-0.001339
38,-0.297473,-0.292179,0.665023,0.082578,-0.085669,-0.001363
39,-0.300828,-0.295385,0.659888,0.084210,-0.087269,-0.001386
40,-0.304148,-0.298535,0.654813,0.085820,-0.088856,-0.001409
41,-0.307428,-0.301625,0.649799,0.087404,-0.090432,-0.001431
42,-0.310662,-0.304656,0.644854,0.088963,-0.091991,-0.001454
43,-0.313854,-0.307623,0.639978,0.090496,-0.093536,-0.001475
44,-0.316999,-0.310527,0.635172,0.092002,-0.095064,-0.001496
45,-0.320096,-0.313365,0.630442,0.093480,-0.096575,-0.001517
46,-0.323143,-0.316135,0.625788,0.094930,-0.098069,-0.001538
47,-0.326137,-0.318838,0.621213,0.096352,-0.099543,-0.001558
48,-0.329075,-0.321468,0.616724,0.097743,-0.100997,-0.001578
49,-0.331962,-0.324029,0.612313,0.099104,-0.102431,-0.001597
50,-0.334790,-0.326518,0.607992,0.100435,-0.103844,-0.001617
51,-0.337559,-0.328932,0.603757,0.101735,-0.105235,-0.001635
52,-0.340267,-0.331271,0.599613,0.103003,-0.106603,-0.001653
53,-0.342912,-0.333535,0.595561,0.104239,-0.107946,-0.001671
54,-0.345496,-0.335722,0.591599,0.105442,-0.109266,-0.001689
55,-0.348013,-0.337830,0.587733,0.106612,-0.110561,-0.001707
56,-0.350463,-0.339861,0.583964,0.107748,-0.111829,-0.001723
57,-0.352847,-0.341813,0.580290,0.108851,-0.113071,-0.001740
58,-0.355162,-0.343684,0.576713,0.109919,-0.114286,-0.001755
59,-0.357406,-0.345476,0.573234,0.110953,-0.115474,-0.001771
60,-0.359578,-0.347187,0.569856,0.111952,-0.116632,-0.001787
61,-0.361679,-0.348817,0.566575,0.112917,-0.117763,-0.001802
62,-0.363706,-0.350364,0.563395,0.113845,-0.118863,-0.001815
63,-0.365657,-0.351830,0.560318,0.114738,-0.119933,-0.001830
64,-0.367531,-0.353215,0.557340,0.115596,-0.120972,-0.001843
65,-0.369329,-0.354516,0.554464,0.116418,-0.121980,-0.001856
66,-0.371051,-0.355733,0.551686,0.117202,-0.122957,-0.001869
67,-0.372693,-0.356869,0.549011,0.117952,-0.123901,-0.001881
68,-0.374256,-0.357921,0.546436,0.118664,-0.124813,-0.001893
69,-0.375739,-0.358890,0.543961,0.119341,-0.125691,-0.001906
70,-0.377141,-0.359778,0.541585,0.119981,-0.126537,-0.001917
71,-0.378460,-0.360583,0.539309,0.120585,-0.127348,-0.001927
72,-0.379699,-0.361306,0.537131,0.121152,-0.128125,-0.001937
73,-0.380854,-0.361946,0.535052,0.121682,-0.128868,-0.001947
74,-0.381927,-0.362504,0.533068,0.122176,-0.129576,-0.001957
75,-0.382912,-0.362981,0.531184,0.122634,-0.130247,-0.001965
76,-0.383816,-0.363377,0.529393,0.123056,-0.130885,-0.001973
77,-0.384634,-0.363690,0.527697,0.123440,-0.131486,-0.001981
78,-0.385369,-0.363924,0.526093,0.123789,-0.132051,-0.001988
79,-0.386018,-0.364078,0.524581,0.124102,-0.132581,-0.001995
80,-0.386579,-0.364151,0.523161,0.124379,-0.133073,-0.002002
81,-0.387059,-0.364146,0.521826,0.124620,-0.133531,-0.002006
82,-0.387451,-0.364063,0.520581,0.124826,-0.133952,-0.002013
83,-0.387756,-0.363903,0.519424,0.124997,-0.134335,-0.002018
84,-0.387977,-0.363664,0.518349,0.125133,-0.134682,-0.002022
85,-0.388111,-0.363350,0.517359,0.125234,-0.134993,-0.002026
86,-0.388158,-0.362959,0.516451,0.125300,-0.135266,-0.002030
87,-0.388121,-0.362495,0.515622,0.125333,-0.135502,-0.002033
88,-0.387997,-0.361955,0.514871,0.125331,-0.135702,-0.002035
89,-0.387789,-0.361343,0.514197,0.125297,-0.135865,-0.002037
90,-0.387494,-0.360656,0.513598,0.125227,-0.135991,-0.002038
91,-0.387115,-0.359900,0.513071,0.125126,-0.136081,-0.002039
92,-0.386650,-0.359074,0.512617,0.124993,-0.136133,-0.002039
93,-0.386101,-0.358176,0.512232,0.124827,-0.136150,-0.002040
94,-0.385470,-0.357208,0.511913,0.124629,-0.136131,-0.002038
95,-0.384753,-0.356173,0.511661,0.124400,-0.136075,-0.002038
96,-0.383955,-0.355070,0.511472,0.124139,-0.135984,-0.002036
97,-0.383073,-0.353903,0.511344,0.123849,-0.135856,-0.002034
98,-0.382110,-0.352671,0.511277,0.123529,-0.135694,-0.002031
99,-0.381064,-0.351374,0.511267,0.123179,-0.135496,-0.002028
100,-0.379940,-0.350014,0.511313,0.122799,-0.135263,-0.002023
101,-0.378735,-0.348592,0.511413,0.122391,-0.134996,-0.002020
102,-0.377448,-0.347108,0.511568,0.121955,-0.134693,-0.002014
103,-0.376082,-0.345563,0.511772,0.121490,-0.134356,-0.002009
104,-0.374639,-0.343961,0.512025,0.120999,-0.133986,-0.002004
105,-0.373119,-0.342300,0.512324,0.120480,-0.133582,-0.001997
106,-0.371522,-0.340583,0.512668,0.119936,-0.133145,-0.001991
107,-0.369847,-0.338810,0.513056,0.119366,-0.132674,-0.001983
108,-0.368100,-0.336982,0.513484,0.118770,-0.132171,-0.001975
109,-0.366277,-0.335101,0.513952,0.118150,-0.131636,-0.001967
110,-0.364383,-0.333167,0.514456,0.117505,-0.131071,-0.001958
111,-0.362416,-0.331181,0.514997,0.116837,-0.130473,-0.001950
112,-0.360377,-0.329146,0.515572,0.116145,-0.129845,-0.001940
113,-0.358269,-0.327061,0.516177,0.115431,-0.129186,-0.001930
114,-0.356092,-0.324927,0.516814,0.114694,-0.128498,-0.001919
115,-0.353846,-0.322748,0.517479,0.113937,-0.127780,-0.001908
116,-0.351532,-0.320522,0.518172,0.113158,-0.127033,-0.001897
117,-0.349154,-0.318252,0.518889,0.112359,-0.126258,-0.001885
118,-0.346713,-0.315938,0.519628,0.111540,-0.125456,-0.001873
119,-0.344205,-0.313580,0.520391,0.110700,-0.124624,-0.001860
120,-0.341636,-0.311183,0.521173,0.109844,-0.123767,-0.001848
121,-0.339005,-0.308744,0.521974,0.108968,-0.122883,-0.001834
122,-0.336313,-0.306267,0.522792,0.108074,-0.121973,-0.001820
123,-0.333563,-0.303752,0.523626,0.107164,-0.121038,-0.001806
124,-0.330754,-0.301199,0.524474,0.106237,-0.120078,-0.001792
125,-0.327888,-0.298610,0.525335,0.105293,-0.119093,-0.001777
126,-0.324968,-0.295987,0.526206,0.104334,-0.118085,-0.001763
127,-0.321993,-0.293332,0.527087,0.103360,-0.117053,-0.001747
128,-0.318965,-0.290642,0.527977,0.102372,-0.115999,-0.001731
129,-0.315885,-0.287920,0.528874,0.101369,-0.114923,-0.001715
130,-0.312757,-0.285168,0.529774,0.100353,-0.113827,-0.001699
131,-0.309578,-0.282387,0.530681,0.099324,-0.112708,-0.001682
132,-0.306353,-0.279577,0.531590,0.098282,-0.111570,-0.001666
133,-0.303079,-0.276741,0.532500,0.097230,-0.110412,-0.001648
134,-0.299761,-0.273879,0.533412,0.096165,-0.109234,-0.001630
135,-0.296399,-0.270990,0.534321,0.095090,-0.108038,-0.001612
136,-0.292993,-0.268076,0.535230,0.094003,-0.106823,-0.001594
137,-0.289547,-0.265140,0.536136,0.092907,-0.105592,-0.001576
138,-0.286059,-0.262182,0.537037,0.091802,-0.104343,-0.001558
139,-0.282533,-0.259201,0.537934,0.090687,-0.103078,-0.001540
140,-0.278971,-0.256200,0.538822,0.089565,-0.101798,-0.001521
141,-0.275373,-0.253180,0.539704,0.088434,-0.100503,-0.001501
142,-0.271739,-0.250142,0.540579,0.087296,-0.099193,-0.001482
143,-0.268071,-0.247087,0.541444,0.086151,-0.097868,-0.001463
144,-0.264372,-0.244015,0.542297,0.084999,-0.096531,-0.001443
145,-0.260642,-0.240928,0.543140,0.083841,-0.095181,-0.001423
146,-0.256882,-0.237826,0.543970,0.082678,-0.093819,-0.001403
147,-0.253094,-0.234711,0.544786,0.081510,-0.092445,-0.001383
148,-0.249280,-0.231583,0.545589,0.080336,-0.091060,-0.001363
149,-0.245437,-0.228442,0.546378,0.079158,-0.089664,-0.001342
150,-0.241571,-0.225292,0.547151,0.077977,-0.088258,-0.001321
151,-0.237684,-0.222130,0.547907,0.076791,-0.086844,-0.001300
152,-0.233774,-0.218960,0.548646,0.075603,-0.085420,-0.001281
153,-0.229841,-0.215780,0.549368,0.074412,-0.083987,-0.001260
154,-0.225892,-0.212592,0.550069,0.073218,-0.082548,-0.001240
155,-0.221922,-0.209399,0.550753,0.072023,-0.081100,-0.001219
156,-0.217938,-0.206199,0.551416,0.070826,-0.079647,-0.001197
157,-0.213936,-0.202994,0.552059,0.069628,-0.078187,-0.001176
158,-0.209920,-0.199784,0.552680,0.068429,-0.076721,-0.001156
159,-0.205892,-0.196571,0.553280,0.067229,-0.075251,-0.001134
160,-0.201851,-0.193354,0.553856,0.066029,-0.073776,-0.001114
161,-0.197799,-0.190134,0.554410,0.064829,-0.072297,-0.001093
162,-0.193736,-0.186915,0.554942,0.063630,-0.070813,-0.001072
163,-0.189664,-0.183693,0.555448,0.062432,-0.069327,-0.001051
164,-0.185585,-0.180470,0.555932,0.061234,-0.067838,-0.001030
165,-0.181500,-0.177249,0.556390,0.060038,-0.066347,-0.001009
166,-0.177410,-0.174029,0.556821,0.058844,-0.064854,-0.000988
167,-0.173315,-0.170812,0.557227,0.057652,-0.063360,-0.000967
168,-0.169216,-0.167596,0.557608,0.056463,-0.061865,-0.000947
169,-0.165116,-0.164384,0.557961,0.055276,-0.060370,-0.000926
170,-0.161016,-0.161175,0.558287,0.054092,-0.058876,-0.000905
171,-0.156914,-0.157972,0.558587,0.052911,-0.057381,-0.000884
172,-0.152812,-0.154771,0.558859,0.051733,-0.055887,-0.000864
173,-0.148713,-0.151576,0.559103,0.050559,-0.054395,-0.000842
174,-0.144615,-0.148388,0.559320,0.049388,-0.052904,-0.000822
175,-0.140524,-0.145204,0.559507,0.048221,-0.051416,-0.000801
176,-0.136438,-0.142029,0.559664,0.047059,-0.049931,-0.000782
177,-0.132355,-0.138861,0.559794,0.045902,-0.048448,-0.000761
178,-0.128280,-0.135702,0.559894,0.044749,-0.046969,-0.000741
179,-0.124212,-0.132552,0.559964,0.043602,-0.045493,-0.000721
180,-0.120154,-0.129410,0.560004,0.042459,-0.044022,-0.000701
181,-0.116102,-0.126278,0.560016,0.041322,-0.042555,-0.000681
182,-0.112061,-0.123156,0.559997,0.040191,-0.041092,-0.000661
183,-0.108032,-0.120044,0.559948,0.039066,-0.039635,-0.000641
184,-0.104014,-0.116941,0.559869,0.037945,-0.038183,-0.000623
185,-0.100008,-0.113850,0.559760,0.036830,-0.036737,-0.000603
186,-0.096019,-0.110771,0.559617,0.035722,-0.035299,-0.000584
187,-0.092042,-0.107704,0.559446,0.034621,-0.033867,-0.000565
188,-0.088077,-0.104648,0.559246,0.033525,-0.032439,-0.000546
189,-0.084130,-0.101606,0.559012,0.032437,-0.031021,-0.000526
190,-0.080195,-0.098575,0.558751,0.031354,-0.029607,-0.000508
191,-0.076280,-0.095557,0.558456,0.030279,-0.028202,-0.000489
192,-0.072381,-0.092553,0.558132,0.029210,-0.026805,-0.000472
193,-0.068498,-0.089562,0.557778,0.028149,-0.025416,-0.000452
194,-0.064634,-0.086586,0.557392,0.027094,-0.024034,-0.000435
195,-0.060791,-0.083623,0.556975,0.026047,-0.022661,-0.000417
196,-0.056968,-0.080676,0.556527,0.025008,-0.021298,-0.000398
197,-0.053166,-0.077742,0.556048,0.023975,-0.019944,-0.000381
198,-0.049382,-0.074825,0.555539,0.022950,-0.018598,-0.000364
199,-0.045618,-0.071923,0.555000,0.021934,-0.017261,-0.000347
200,-0.041876,-0.069035,0.554430,0.020924,-0.015933,-0.000329
201,-0.038157,-0.066164,0.553829,0.019922,-0.014616,-0.000312
202,-0.034459,-0.063308,0.553199,0.018928,-0.013308,-0.000294
203,-0.030789,-0.060468,0.552536,0.017942,-0.012012,-0.000278
204,-0.027142,-0.057644,0.551843,0.016963,-0.010726,-0.000262
205,-0.023514,-0.054837,0.551121,0.015993,-0.009449,-0.000245
206,-0.019911,-0.052045,0.550370,0.015030,-0.008182,-0.000228
207,-0.016331,-0.049269,0.549590,0.014075,-0.006925,-0.000213
208,-0.012779,-0.046510,0.548778,0.013129,-0.005680,-0.000197
209,-0.009252,-0.043768,0.547937,0.012190,-0.004446,-0.000181
210,-0.005749,-0.041043,0.547067,0.011259,-0.003223,-0.000165
211,-0.002271,-0.038335,0.546168,0.010337,-0.002011,-0.000150
212,0.001179,-0.035644,0.545239,0.009423,-0.000810,-0.000134
213,0.004605,-0.032969,0.544282,0.008517,0.000380,-0.000120
214,0.008003,-0.030312,0.543295,0.007618,0.001559,-0.000103
215,0.011374,-0.027671,0.542281,0.006728,0.002725,-0.000089
216,0.014717,-0.025047,0.541237,0.005846,0.003880,-0.000074
217,0.018036,-0.022441,0.540166,0.004971,0.005024,-0.000060
218,0.021328,-0.019850,0.539067,0.004105,0.006157,-0.000046
219,0.024591,-0.017277,0.537940,0.003246,0.007277,-0.000032
220,0.027827,-0.014721,0.536786,0.002396,0.008387,-0.000016
221,0.031037,-0.012182,0.535605,0.001554,0.009485,-0.000003
222,0.034218,-0.009660,0.534396,0.000719,0.010571,0.000011
223,0.037371,-0.007156,0.533160,-0.000107,0.011644,0.000024
224,0.040494,-0.004668,0.531897,-0.000926,0.012705,0.000038
225,0.043592,-0.002198,0.530608,-0.001736,0.013756,0.000051
226,0.046663,0.000258,0.529294,-0.002540,0.014795,0.000065
227,0.049704,0.002697,0.527952,-0.003336,0.015821,0.000077
228,0.052719,0.005118,0.526586,-0.004124,0.016837,0.000090
229,0.055705,0.007523,0.525194,-0.004904,0.017841,0.000103
230,0.058663,0.009912,0.523776,-0.005677,0.018832,0.000115
231,0.061593,0.012285,0.522334,-0.006443,0.019812,0.000128
232,0.064494,0.014641,0.520867,-0.007201,0.020780,0.000140
233,0.067369,0.016979,0.519375,-0.007951,0.021737,0.000153
234,0.070217,0.019305,0.517860,-0.008695,0.022683,0.000165
235,0.073033,0.021613,0.516319,-0.009431,0.023615,0.000176
236,0.075826,0.023906,0.514756,-0.010160,0.024538,0.000189
237,0.078591,0.026184,0.513170,-0.010883,0.025449,0.000199
238,0.081327,0.028445,0.511559,-0.011598,0.026348,0.000211
239,0.084038,0.030691,0.509926,-0.012306,0.027237,0.000222
240,0.086719,0.032924,0.508270,-0.013008,0.028113,0.000234
241,0.089372,0.035140,0.506591,-0.013703,0.028978,0.000246
242,0.092000,0.037341,0.504890,-0.014391,0.029832,0.000257
243,0.094604,0.039528,0.503169,-0.015072,0.030677,0.000269
244,0.097179,0.041699,0.501424,-0.015747,0.031510,0.000280
245,0.099729,0.043859,0.499658,-0.016416,0.032332,0.000291
246,0.102254,0.046002,0.497871,-0.017078,0.033144,0.000301
247,0.104751,0.048132,0.496063,-0.017735,0.033945,0.000312
248,0.107220,0.050249,0.494233,-0.018385,0.034734,0.000322
249,0.109670,0.052352,0.492385,-0.019030,0.035516,0.000333
250,0.112088,0.054442,0.490515,-0.019668,0.036285,0.000343
251,0.114483,0.056518,0.488624,-0.020301,0.037043,0.000353
252,0.116855,0.058582,0.486715,-0.020928,0.037793,0.000362
253,0.119201,0.060634,0.484786,-0.021550,0.038533,0.000372
254,0.121524,0.062672,0.482838,-0.022166,0.039262,0.000382
255,0.123823,0.064698,0.480870,-0.022777,0.039983,0.000392
256,0.126098,0.066713,0.478883,-0.023383,0.040693,0.000401
257,0.128348,0.068714,0.476878,-0.023983,0.041394,0.000411
258,0.130578,0.070704,0.474854,-0.024578,0.042087,0.000421
259,0.132782,0.072683,0.472812,-0.025168,0.042769,0.000429
260,0.134965,0.074648,0.470751,-0.025753,0.043443,0.000440
261,0.137125,0.076604,0.468673,-0.026334,0.044107,0.000448
262,0.139263,0.078550,0.466577,-0.026910,0.044763,0.000458
263,0.141381,0.080486,0.464464,-0.027482,0.045411,0.000466
264,0.143477,0.082410,0.462334,-0.028049,0.046050,0.000476
265,0.145554,0.084324,0.460186,-0.028612,0.046682,0.000485
266,0.147608,0.086228,0.458021,-0.029171,0.047305,0.000493
267,0.149641,0.088121,0.455840,-0.029725,0.047920,0.000502
268,0.151653,0.090006,0.453641,-0.030277,0.048526,0.000511
269,0.153647,0.091880,0.451426,-0.030823,0.049125,0.000520
270,0.155620,0.093745,0.449194,-0.031366,0.049716,0.000529
271,0.157576,0.095603,0.446947,-0.031906,0.050300,0.000537
272,0.159514,0.097450,0.444684,-0.032441,0.050878,0.000546
273,0.161430,0.099288,0.442404,-0.032973,0.051447,0.000555
274,0.163330,0.101119,0.440109,-0.033502,0.052010,0.000564
275,0.165212,0.102943,0.437798,-0.034029,0.052566,0.000572
276,0.167074,0.104756,0.435470,-0.034550,0.053114,0.000580
277,0.168923,0.106563,0.433128,-0.035070,0.053658,0.000589
278,0.170754,0.108362,0.430771,-0.035587,0.054194,0.000598
279,0.172569,0.110153,0.428398,-0.036100,0.054725,0.000605
280,0.174366,0.111937,0.426009,-0.036611,0.055249,0.000613
281,0.176151,0.113715,0.423607,-0.037120,0.055768,0.000621
282,0.177919,0.115485,0.421188,-0.037625,0.056281,0.000629
283,0.179670,0.117247,0.418755,-0.038128,0.056788,0.000637
284,0.181408,0.119004,0.416306,-0.038628,0.057290,0.000645
285,2.827007,3.729195,22.243883,0.633301,-1.418830,-0.000106
286,-0.000317,0.009625,0.662900,0.058727,-0.021444,0.028552
287,-0.007557,-0.080224,0.382913,0.050032,-0.006680,0.026112
288,-0.005739,-0.052784,0.496736,0.055301,-0.014913,0.023315
289,-0.014678,-0.085021,0.381983,0.052383,-0.009482,0.021001
290,-0.014277,-0.054810,0.494142,0.057743,-0.017449,0.018680
291,-0.021513,-0.089495,0.381106,0.054560,-0.012185,0.016822
292,-0.024637,-0.090801,0.380797,0.055182,-0.013443,0.014896
293,-0.027699,-0.091992,0.380496,0.055743,-0.014680,0.013153
294,-0.030693,-0.093071,0.380202,0.056247,-0.015895,0.011578
295,-0.033618,-0.094037,0.379916,0.056692,-0.017086,0.010152
296,-0.072924,0.078313,0.805172,0.079190,-0.038678,0.008857
297,-0.039624,-0.085161,0.432451,0.064190,-0.021715,0.008927
298,-0.041943,-0.084023,0.441677,0.065396,-0.023389,0.007872
299,-0.043856,-0.087950,0.436119,0.065923,-0.024269,0.006943
300,-0.045956,-0.088674,0.439308,0.066764,-0.025609,0.006092
301,-0.047942,-0.091890,0.434693,0.067205,-0.026506,0.005326
302,-0.050074,-0.105309,0.400950,0.066138,-0.025744,0.004625
303,-0.054366,-0.110974,0.381032,0.065582,-0.025521,0.003917
304,-0.057100,-0.052177,0.561091,0.073864,-0.036525,0.003238
305,-0.059474,-0.115410,0.376381,0.066850,-0.027249,0.003041
306,-0.054416,-0.092776,0.459876,0.070220,-0.033531,0.002442
307,-0.060003,-0.085742,0.474495,0.071573,-0.035141,0.002067
308,-0.063295,-0.098735,0.438117,0.070492,-0.034024,0.001798
309,-0.068995,-0.118350,0.375430,0.067991,-0.031142,0.001478
310,-0.061535,-0.081378,0.501264,0.073156,-0.039889,0.001050
311,-0.068309,-0.102451,0.434308,0.070825,-0.036773,0.000940
312,-0.070203,-0.104396,0.428906,0.070649,-0.037390,0.000694
313,-0.078446,-0.063200,0.530572,0.075978,-0.043348,0.000463
314,-0.079588,-0.121846,0.374321,0.069298,-0.035459,0.000578
315,-0.078562,-0.078941,0.495786,0.074668,-0.043185,0.000257
316,-0.083073,-0.122318,0.374034,0.069353,-0.036895,0.000283
317,-0.078368,-0.082082,0.493398,0.074383,-0.044786,-0.000000
318,-0.084606,-0.113346,0.401669,0.070476,-0.040023,0.000041
319,-0.088870,-0.063715,0.533309,0.076677,-0.047726,-0.000146
320,-0.089988,-0.093965,0.453198,0.073554,-0.043883,0.000060
321,-0.090065,-0.102987,0.431308,0.072463,-0.043327,0.000032
322,-0.093043,-0.089172,0.465436,0.074047,-0.045600,-0.000059
323,-0.093216,-0.124008,0.373187,0.069537,-0.041043,-0.000023
324,-0.094232,-0.122716,0.373225,0.068787,-0.041501,-0.000249
325,-0.086918,-0.066394,0.531051,0.075622,-0.051513,-0.000448
326,-0.101086,-0.061842,0.525352,0.076438,-0.050555,-0.000229
327,-0.097680,-0.103893,0.424759,0.071787,-0.045666,0.000004
328,-0.098320,-0.123444,0.372904,0.068757,-0.043148,-0.000070
329,-0.099012,-0.121886,0.372980,0.067868,-0.043476,-0.000275
330,-0.099636,-0.120262,0.373056,0.066948,-0.043779,-0.000455
331,-0.100188,-0.118574,0.373135,0.065996,-0.044053,-0.000611
332,-0.107519,-0.001783,0.723518,0.081274,-0.063067,-0.000752
333,-0.101122,-0.088142,0.459391,0.071329,-0.049312,-0.000005
334,-0.103549,-0.086989,0.458871,0.071178,-0.049306,0.000040
335,-0.102339,-0.120333,0.372963,0.066495,-0.044825,0.000087
336,-0.102593,-0.118468,0.373085,0.065448,-0.044977,-0.000115
337,-0.136985,0.003640,0.655412,0.079772,-0.057507,-0.000292
338,-0.121569,-0.131260,0.383880,0.065436,-0.043229,0.000483
339,-0.102257,-0.085723,0.457872,0.069364,-0.048946,0.000228
340,-0.100954,-0.096484,0.431985,0.067578,-0.047662,0.000255
341,-0.101361,-0.116640,0.373606,0.064080,-0.044410,0.000219
342,-0.120041,-0.033009,0.571258,0.073503,-0.053579,0.000018
343,-0.103516,-0.093648,0.430024,0.066713,-0.046879,0.000446
344,-0.102590,-0.090355,0.436974,0.066407,-0.047211,0.000379
345,-0.099958,-0.093767,0.428531,0.065298,-0.046840,0.000335
346,-0.099026,-0.091332,0.434789,0.064836,-0.047153,0.000273
347,-0.097502,-0.091806,0.431490,0.063961,-0.046988,0.000237
348,-0.096358,-0.088451,0.438267,0.063544,-0.047351,0.000195
349,-0.095470,-0.085843,0.439889,0.062998,-0.047396,0.000172
350,-0.094455,-0.087730,0.432601,0.061921,-0.046943,0.000150
351,-0.138838,-0.025172,0.565261,0.068677,-0.049862,0.000106
352,-0.104294,-0.088405,0.424067,0.061703,-0.044182,0.000525
353,-0.104655,-0.083704,0.435062,0.061425,-0.044277,0.000453
354,-0.097794,-0.092809,0.409463,0.059407,-0.042987,0.000434
355,-0.146355,-0.043413,0.522625,0.064447,-0.044135,0.000323
356,-0.107148,-0.084719,0.426762,0.059691,-0.041047,0.000672
357,-0.104614,-0.083205,0.428697,0.059010,-0.040617,0.000628
358,-0.100347,-0.085802,0.420768,0.057786,-0.039812,0.000587
359,-0.101297,-0.078206,0.435980,0.057704,-0.039827,0.000517
360,-0.101371,-0.072274,0.449847,0.057613,-0.039778,0.000478
361,-0.092605,-0.079639,0.428479,0.055905,-0.038574,0.000477
362,-0.081338,-0.097534,0.377626,0.052510,-0.036110,0.000416
363,-0.095365,-0.054914,0.484760,0.056539,-0.040147,0.000234
364,-0.086108,-0.072673,0.437640,0.053793,-0.037542,0.000336
365,-0.077086,-0.093263,0.378361,0.050066,-0.034392,0.000307
366,-0.075851,-0.090863,0.378612,0.048744,-0.033933,0.000142
367,-0.074586,-0.088447,0.378861,0.047415,-0.033460,-0.000002
368,-0.091317,-0.011731,0.555076,0.055597,-0.041007,-0.000129
369,-0.075583,-0.068068,0.423606,0.049052,-0.034164,0.000240
370,-0.071006,-0.080024,0.392348,0.046479,-0.032126,0.000210
371,-0.073680,-0.051987,0.448905,0.048526,-0.034330,0.000102
372,-0.069653,-0.064062,0.419605,0.046334,-0.032290,0.000167
373,-0.067876,-0.062519,0.418842,0.045448,-0.031672,0.000143
374,-0.065574,-0.066113,0.407669,0.043949,-0.030519,0.000127
375,-0.062561,-0.077872,0.380742,0.041317,-0.028566,0.000083
376,-0.061105,-0.075503,0.380988,0.040015,-0.028012,-0.000034
377,-0.074082,0.007073,0.581703,0.049166,-0.037191,-0.000136
378,-0.057740,-0.074765,0.381435,0.039474,-0.026567,0.000258
379,-0.056243,-0.072449,0.381683,0.038199,-0.025994,0.000129
380,-0.054728,-0.070134,0.381928,0.036925,-0.025413,0.000016
381,0.015562,-0.009476,0.599095,0.044768,-0.043507,-0.000079
382,-0.054978,-0.068427,0.382003,0.035768,-0.025540,0.000113
383,-0.053497,-0.066157,0.382243,0.034519,-0.024969,0.000010
384,-0.051995,-0.063898,0.382481,0.033277,-0.024388,-0.000080
385,-0.051432,0.009659,0.533850,0.040855,-0.032145,-0.000158
386,-0.049069,-0.062732,0.382872,0.032511,-0.023142,0.000186
387,-0.047552,-0.060544,0.383105,0.031305,-0.022552,0.000084
388,-0.044226,-0.013566,0.470287,0.035505,-0.026997,-0.000004
389,0.041750,-0.003874,0.598828,0.038719,-0.041677,0.000173
390,-0.047092,-0.058698,0.383272,0.029970,-0.022357,0.000180
391,-0.045648,-0.056637,0.383498,0.028826,-0.021793,0.000087
392,-0.044179,-0.054574,0.383722,0.027684,-0.021217,0.000005
393,-0.042704,-0.052526,0.383940,0.026551,-0.020638,-0.000068
394,-0.041222,-0.050491,0.384154,0.025427,-0.020055,-0.000128
395,-0.009091,-0.014236,0.454392,0.028588,-0.026359,-0.000179
396,-0.039556,-0.047992,0.384407,0.023946,-0.019387,-0.000061
397,-0.038091,-0.046029,0.384608,0.022861,-0.018808,-0.000116
398,-0.036624,-0.044088,0.384804,0.021788,-0.018227,-0.000161
399,-0.035196,-0.042354,0.385311,0.020721,-0.017660,-0.000198
400,-0.033937,-0.041392,0.387350,0.019642,-0.017169,-0.000226
401,0.034996,0.039417,0.540374,0.028293,-0.031733,-0.000248
402,-0.033802,-0.040208,0.385184,0.019401,-0.017065,0.000071
403,-0.021969,-0.025878,0.408551,0.019924,-0.018817,0.000018
404,0.060241,-0.003494,0.511731,0.023075,-0.032028,0.000029
405,-0.027517,-0.034434,0.394170,0.017770,-0.018379,0.000055
406,-0.031921,-0.034931,0.386905,0.016555,-0.017028,0.000013
407,-0.026142,-0.031375,0.392914,0.015923,-0.017291,-0.000028
408,-0.030797,-0.032258,0.385601,0.014708,-0.015895,-0.000057
409,-0.029576,-0.030751,0.385969,0.013806,-0.015363,-0.000087
410,-0.028188,-0.029069,0.385881,0.012930,-0.014837,-0.000113
411,-0.026872,-0.027508,0.386014,0.012062,-0.014302,-0.000134
412,-0.025557,-0.025975,0.386142,0.011209,-0.013766,-0.000151
413,0.070325,-0.002071,0.491336,0.014372,-0.028237,-0.000158
414,-0.027352,-0.024184,0.386304,0.009893,-0.014471,-0.000188
415,0.101660,-0.046385,0.513616,0.009566,-0.033331,-0.000186
416,-0.030689,-0.019809,0.385587,0.007468,-0.016013,-0.000555
417,-0.029552,-0.018423,0.385688,0.006697,-0.015539,-0.000514
418,-0.028420,-0.017077,0.385783,0.005948,-0.015067,-0.000478
419,-0.027286,-0.015761,0.385872,0.005216,-0.014592,-0.000441
420,-0.026155,-0.014478,0.385956,0.004501,-0.014118,-0.000408
421,0.222205,-0.193989,0.746178,-0.005196,-0.057031,-0.000355
422,-0.030436,-0.121132,0.488188,-0.010193,-0.024171,-0.001940
423,-0.035379,0.004124,0.385025,-0.005542,-0.018427,-0.002727
424,-0.099759,-0.237048,0.527349,-0.025172,-0.018919,-0.002422
425,-0.031522,0.017969,0.385399,-0.012619,-0.017076,-0.003633
426,-0.266135,-0.139961,0.465380,-0.026577,0.002151,-0.003230
427,-0.020508,0.027384,0.386488,-0.017182,-0.012540,-0.003706
428,-0.267071,-0.032026,0.447618,-0.022923,0.008713,-0.003277
429,-0.008161,0.032399,0.387712,-0.019427,-0.007315,-0.003147
430,-0.006820,0.033693,0.387856,-0.020067,-0.006731,-0.002758
431,-0.347711,0.067626,0.549329,-0.016321,0.017923,-0.002415
432,0.009679,0.033897,0.389423,-0.019718,0.000396,-0.001773
433,0.011202,0.035013,0.389574,-0.020267,0.001048,-0.001520
434,0.012710,0.036087,0.389718,-0.020793,0.001695,-0.001289
435,-0.024424,0.140839,0.444043,-0.011541,0.002781,-0.001083
436,0.002082,0.090331,0.446493,-0.013128,0.001744,-0.000356
437,0.066953,0.106193,0.445261,-0.009911,-0.003426,-0.000550
438,0.018039,0.026969,0.392392,-0.016158,0.004207,-0.000033
439,0.019195,0.027608,0.390330,-0.016457,0.004867,0.000048
440,0.020497,0.028222,0.390408,-0.016770,0.005429,0.000105
441,0.021767,0.028792,0.390476,-0.017060,0.005978,0.000154
442,0.219702,0.032216,0.511807,-0.014607,-0.019165,0.000206
443,0.015418,0.029946,0.389859,-0.017915,0.003317,0.000083
444,0.016459,0.030383,0.389893,-0.018138,0.003777,0.000136
445,0.017473,0.030774,0.389916,-0.018338,0.004226,0.000180
446,0.018462,0.031123,0.389930,-0.018516,0.004666,0.000219
447,0.019429,0.031433,0.389936,-0.018674,0.005096,0.000255
448,0.069400,0.012100,0.426254,-0.019811,-0.001167,0.000285
449,0.076709,-0.065527,0.448493,-0.027021,-0.003665,0.000136
450,0.023605,0.022232,0.398314,-0.023269,0.002945,-0.000456
451,0.017446,0.038981,0.389420,-0.022680,0.004180,-0.000483
452,0.018219,0.039170,0.389387,-0.022764,0.004536,-0.000369
453,0.001020,-0.065222,0.427288,-0.031362,0.004789,-0.000266
454,0.020145,0.044287,0.389333,-0.025344,0.005282,-0.000813
455,0.016736,0.014856,0.400392,-0.027793,0.005482,-0.000661
456,0.021649,0.045843,0.389227,-0.026096,0.005946,-0.000697
457,0.022325,0.045908,0.389161,-0.026106,0.006264,-0.000555
458,0.022980,0.045932,0.389086,-0.026095,0.006573,-0.000427
459,-0.126881,-0.069605,0.445348,-0.035643,0.018538,-0.000313
460,0.030289,0.051144,0.389434,-0.028537,0.009603,-0.000834
461,0.030989,0.051116,0.389352,-0.028491,0.009929,-0.000674
462,0.031653,0.051053,0.389260,-0.028426,0.010241,-0.000530
463,0.032290,0.050948,0.389157,-0.028341,0.010542,-0.000398
464,0.032900,0.050803,0.389045,-0.028235,0.010831,-0.000281
465,0.033480,0.050619,0.388922,-0.028111,0.011107,-0.000177
466,-0.014428,-0.004786,0.406344,-0.032618,0.015204,-0.000084
467,0.004003,0.041752,0.394798,-0.029940,0.015155,-0.000294
468,0.028175,0.045521,0.394162,-0.029604,0.013854,-0.000234
469,0.039286,0.052872,0.388658,-0.029029,0.013607,-0.000179
470,0.039795,0.052550,0.388499,-0.028830,0.013853,-0.000085
471,-0.002202,-0.084116,0.603708,-0.037369,0.006528,0.000001
472,0.041211,0.058584,0.388204,-0.031825,0.014379,-0.001196
473,0.088487,0.003772,0.504396,-0.034499,0.003733,-0.000993
474,0.235989,0.104075,0.590551,-0.025649,-0.016928,-0.001434
475,-0.198914,0.212570,0.588059,-0.016200,0.019965,-0.000999
476,-1.099550,-0.374365,2.006674,-0.041668,0.026028,0.000301
477,-0.300951,0.098987,0.858714,-0.025260,0.024886,-0.012301
478,-0.251055,-0.251704,0.595499,-0.052333,0.039781,0.001143
479,-0.650033,0.036863,0.231115,-0.037660,0.094898,-0.005580
480,-0.563151,-0.148556,0.699347,-0.043327,0.066801,0.000651
481,-0.140617,0.004075,0.307414,-0.037920,0.054957,0.003934
482,-0.799676,0.380264,0.291882,-0.005272,0.113484,-0.001968
483,-0.991970,0.146284,0.372935,-0.017033,0.132038,-0.005316
484,-1.035981,0.138993,0.347599,-0.014322,0.144408,0.004739
485,-0.402641,0.039789,0.453526,-0.021804,0.089119,-0.004555
486,-0.132589,-0.153536,0.278672,-0.040272,0.078111,-0.004222
487,-0.384633,0.274256,0.511650,-0.006019,0.088386,-0.003439
488,-0.210663,-0.048407,0.534004,-0.028721,0.077359,-0.005348
489,-0.062429,-0.012369,0.511591,-0.027594,0.068649,-0.007775
490,0.095929,0.070736,0.336416,-0.023175,0.066246,-0.006451
491,0.138906,0.051691,0.396598,-0.023421,0.059749,-0.006729
492,0.102544,0.053811,0.403751,-0.022823,0.063089,-0.005926
493,0.109100,0.051593,0.402913,-0.022459,0.063498,-0.005165
494,0.098553,0.035049,0.407264,-0.023348,0.065163,-0.004485
495,0.144717,0.049608,0.397568,-0.022050,0.062396,-0.003970
496,0.144777,0.048973,0.397726,-0.021697,0.062466,-0.003440
497,0.144739,0.048322,0.397864,-0.021341,0.062493,-0.002965
498,0.144602,0.047657,0.397983,-0.020982,0.062477,-0.002540
499,-0.023860,0.035998,0.426621,-0.021576,0.076939,-0.002154
500,0.115160,0.044178,0.404616,-0.020362,0.068532,-0.001757
501,0.116369,0.043638,0.404739,-0.019983,0.069063,-0.001445
502,0.013561,-0.060080,0.701149,-0.024229,0.062904,-0.001167
503,0.156476,0.048671,0.399109,-0.021058,0.067605,-0.001450
504,0.096996,0.047293,0.409580,-0.020781,0.072484,-0.001186
505,0.116668,0.035373,0.406382,-0.021315,0.071802,-0.000920
506,0.116052,0.046198,0.408119,-0.020198,0.072280,-0.000759
507,0.122410,0.035347,0.406135,-0.020694,0.072375,-0.000549
508,0.129381,0.045618,0.405063,-0.019630,0.072135,-0.000427
509,0.122606,0.044582,0.406352,-0.019274,0.072961,-0.000265
510,0.123288,0.043801,0.406405,-0.018887,0.073258,-0.000117
511,0.123633,0.043031,0.406507,-0.018498,0.073552,0.000014
512,0.125057,0.042330,0.406340,-0.018106,0.073734,0.000128
513,0.124561,0.041569,0.406526,-0.017718,0.074014,0.000226
514,0.094204,-0.037495,0.455282,-0.023448,0.074561,0.000313
515,-0.445212,0.274073,1.006639,0.009015,0.091260,-0.000204
516,0.151198,0.038633,0.403635,-0.016147,0.076192,0.000057
517,0.130067,0.036891,0.407095,-0.015923,0.077847,0.000142
518,0.171432,0.039286,0.400727,-0.015318,0.074442,0.000221
519,0.088513,0.034063,0.413842,-0.015396,0.080919,0.000275
520,0.131311,0.035903,0.407330,-0.014794,0.078174,0.000354
521,0.172096,0.037264,0.400850,-0.014262,0.074737,0.000407
522,0.170538,0.036559,0.400773,-0.013946,0.074080,0.000432
523,0.034399,-0.015021,0.424117,-0.018017,0.085021,0.000455
524,0.172545,0.037243,0.400907,-0.014225,0.074884,0.000252
525,0.170836,0.036570,0.400790,-0.013928,0.074157,0.000288
526,0.052113,0.005855,0.419235,-0.016244,0.083575,0.000318
527,0.132146,0.026496,0.407110,-0.014685,0.078134,0.000226
528,0.133431,0.012908,0.417228,-0.015550,0.077340,0.000219
529,0.185669,-0.180254,0.767954,-0.026846,0.053378,0.000087
530,0.053052,0.060456,0.420040,-0.015663,0.083003,0.000590
531,0.169761,0.043340,0.406052,-0.016061,0.074088,0.000633
532,0.144320,0.036913,0.403300,-0.016373,0.075705,0.000628
533,0.141988,0.035784,0.402643,-0.016236,0.075398,0.000598
534,0.062253,0.048411,0.417852,-0.014885,0.081605,0.000566
535,0.118210,-0.048688,0.566010,-0.020036,0.069360,0.000636
536,0.172292,0.026697,0.421524,-0.017089,0.071697,0.000373
537,0.106151,0.188179,0.665572,0.000361,0.063285,0.000349
538,0.137075,0.029963,0.407317,-0.012897,0.075258,0.001209
539,0.133932,0.047549,0.476642,-0.009979,0.071272,0.001116
540,0.136091,0.026236,0.406585,-0.012030,0.074527,0.001225
541,0.134521,-0.059850,0.542013,-0.017063,0.067058,0.001139
542,0.132277,0.057580,0.446108,-0.010158,0.071648,0.001027
543,0.133265,0.035783,0.431912,-0.011175,0.071882,0.000971
544,0.132863,0.015268,0.424330,-0.012528,0.071844,0.000877
545,0.128726,-0.010220,0.519068,-0.013240,0.066528,0.000695
546,0.149643,0.009083,0.437492,-0.013149,0.068331,0.000918
547,0.113294,0.031353,0.414011,-0.011735,0.072022,0.000630
548,0.124721,0.007544,0.493134,-0.012027,0.066370,0.000488
549,-0.077500,0.043790,0.428649,-0.010017,0.086634,0.000230
550,0.157873,0.029829,0.398912,-0.010864,0.068043,-0.004633
551,0.087555,0.032403,0.418597,-0.010198,0.072204,-0.004136
552,0.110455,-0.028708,0.526061,-0.013118,0.064230,-0.003555
553,0.128805,0.012955,0.447192,-0.011258,0.066233,-0.002432
554,0.139365,0.021826,0.423955,-0.010727,0.065609,-0.002074
555,0.106474,-0.000595,0.452029,-0.012020,0.066190,-0.001697
556,0.118334,0.018276,0.458971,-0.010367,0.064155,-0.001891
557,-0.014535,-0.001186,0.449931,-0.011911,0.075462,-0.001531
558,0.123979,0.010999,0.423030,-0.010983,0.064847,-0.001839
559,0.121428,0.041724,0.428155,-0.008290,0.063771,-0.001690
560,-0.009703,-0.018031,0.461205,-0.012152,0.072507,-0.001436
561,0.082834,0.009788,0.444594,-0.010203,0.065153,-0.000723
562,0.079360,0.004949,0.445362,-0.010457,0.064755,-0.001007
563,-0.035079,-0.028094,0.441703,-0.013231,0.074210,-0.000927
564,0.090829,0.026818,0.421068,-0.008824,0.064267,-0.001293
565,-0.118283,-0.026234,0.449837,-0.012577,0.079996,-0.000539
566,0.091960,0.006032,0.432148,-0.010051,0.063028,-0.002353
567,0.027001,-0.013493,0.438496,-0.011464,0.067406,-0.001833
568,0.032780,0.006650,0.444266,-0.009714,0.066136,-0.001487
569,0.040013,-0.015455,0.446604,-0.011315,0.064960,-0.001039
570,-0.096552,-0.039719,0.424231,-0.013800,0.077238,-0.002678
571,-0.258082,-0.138168,0.421062,-0.022355,0.091410,-0.003559
572,-0.212497,-0.079901,0.413688,-0.018150,0.088762,-0.009521
573,-0.079712,0.009634,0.431002,-0.010503,0.076884,-0.011753
574,-0.101613,-0.064674,0.440077,-0.016211,0.078403,-0.004609
575,-0.032212,-0.002321,0.444798,-0.011098,0.072380,-0.007138
576,-0.120937,-0.211213,0.405371,-0.029027,0.081996,-0.005312
577,-0.109283,-0.093387,0.426717,-0.020360,0.079717,-0.000593
578,-0.078632,-0.073091,0.426006,-0.019050,0.077250,0.000268
579,-0.117166,-0.074340,0.420278,-0.019708,0.081017,-0.000878
580,0.024437,0.046647,0.454561,-0.009560,0.067139,-0.005085
581,-0.172582,-0.087111,0.414562,-0.020827,0.086016,-0.001622
582,0.044686,0.010531,0.460827,-0.012483,0.065191,-0.006036
583,-0.109074,-0.006831,0.427236,-0.014139,0.079919,-0.002996
584,-0.025554,-0.043424,0.431520,-0.017101,0.072746,-0.002572
585,0.090712,0.028439,0.450556,-0.010993,0.061524,-0.001617
586,-0.104248,-0.013045,0.427372,-0.014869,0.078858,-0.001299
587,-0.054751,-0.020047,0.426230,-0.015399,0.074933,-0.002117
588,-0.074841,-0.013255,0.434820,-0.014802,0.075981,-0.004787
589,-0.330841,-0.017846,0.405045,-0.015831,0.099535,-0.002473
590,-0.177763,-0.049341,0.418239,-0.017855,0.086909,-0.002529
591,-0.001690,-0.016752,0.448955,-0.014677,0.070928,-0.001356
592,-0.159777,-0.085338,0.419853,-0.020917,0.085874,-0.001816
593,0.072734,0.029014,0.457723,-0.011243,0.064400,-0.001347
594,-0.145316,-0.027714,0.412436,-0.016481,0.085046,-0.001901
595,0.073261,0.024623,0.458936,-0.011473,0.064249,-0.000985
596,-0.145603,-0.030272,0.409670,-0.016657,0.085154,-0.001753
597,0.070732,0.023445,0.460313,-0.011474,0.064332,-0.000961
598,-0.140963,-0.011788,0.407718,-0.015071,0.084801,-0.001726
599,0.046574,0.001854,0.458762,-0.013091,0.066410,-0.000911
600,0.070706,0.008485,0.442312,-0.012682,0.065000,-0.002241
601,-0.110799,0.022478,0.429794,-0.011845,0.080744,-0.002523
602,0.080091,0.010185,0.450497,-0.012103,0.063561,-0.001879
603,-0.140376,0.000784,0.408982,-0.013601,0.084035,-0.001842
604,0.061762,0.006460,0.454269,-0.012199,0.064681,-0.001862
605,0.023256,0.043554,0.433524,-0.009380,0.068704,-0.002351
606,-0.067489,-0.108185,0.427422,-0.021852,0.076479,-0.001205
607,-0.076470,-0.067940,0.433717,-0.019150,0.076871,-0.001160
608,-0.100490,0.075875,0.443566,-0.007433,0.078641,-0.001568
609,0.095500,0.009677,0.423557,-0.012376,0.063200,-0.001320
610,0.076963,0.016500,0.457487,-0.011440,0.062185,-0.002230
611,-0.004016,0.024019,0.440491,-0.010941,0.069483,-0.001758
612,-0.002218,0.013272,0.436472,-0.011698,0.069301,-0.003095
613,-0.043425,0.022136,0.431843,-0.010916,0.072829,-0.002633
614,-0.069828,0.009877,0.428021,-0.011748,0.075223,-0.003712
615,0.041076,0.000943,0.444405,-0.011985,0.064926,-0.004136
616,0.035563,0.007095,0.435047,-0.011560,0.065475,-0.002940
617,0.013628,0.011225,0.443140,-0.011024,0.066484,-0.003558
618,-0.252827,-0.021521,0.415929,-0.014299,0.090500,-0.002480
619,-0.094866,0.047839,0.429942,-0.008045,0.077044,-0.002733
620,-0.046392,-0.192782,0.424894,-0.027593,0.073315,-0.003088
621,-0.019847,-0.049901,0.433965,-0.016854,0.070410,-0.000923
622,0.014191,0.057542,0.448041,-0.008062,0.066584,-0.002242
623,0.047187,0.004039,0.448170,-0.012013,0.063674,-0.001900
624,0.054867,-0.005585,0.441880,-0.013024,0.062822,-0.004425
625,0.079823,0.031211,0.439294,-0.009820,0.060198,-0.005116
626,0.035941,0.012025,0.435115,-0.011328,0.063494,-0.005592
627,-0.065496,-0.019927,0.436188,-0.014032,0.071826,-0.002737
628,-0.019764,0.037141,0.441549,-0.009137,0.067666,0.000397
629,-0.068593,0.057647,0.429552,-0.007446,0.072266,-0.003147
630,-0.026425,-0.011535,0.421525,-0.012564,0.068957,-0.002432
631,-0.059920,0.016433,0.461409,-0.009721,0.069698,-0.010248
632,0.070163,0.035439,0.429492,-0.008284,0.060371,-0.008814
633,0.028054,0.036520,0.433458,-0.007890,0.063085,-0.006325
634,0.029223,0.020089,0.435711,-0.008859,0.062300,-0.004413
635,0.022610,0.027657,0.438643,-0.008122,0.062273,-0.005949
636,-0.029893,0.043090,0.437728,-0.006604,0.066708,-0.003238
637,0.107437,0.021481,0.426812,-0.007754,0.055320,0.000480
638,0.056142,0.013981,0.449436,-0.007949,0.057626,0.000420
639,0.086360,0.029773,0.431909,-0.006760,0.055331,0.001369
640,0.062275,0.017572,0.447218,-0.007204,0.055866,0.001767
641,0.091734,0.024334,0.433861,-0.006662,0.053314,0.002473
642,0.029987,0.014143,0.452465,-0.007089,0.056896,0.002809
643,0.054043,0.024575,0.429552,-0.006437,0.055551,0.003895
644,0.004756,0.009903,0.454334,-0.007088,0.057801,0.005025
645,0.047850,0.000848,0.440180,-0.007898,0.054438,0.001814
646,0.045111,0.014234,0.431047,-0.006909,0.054400,0.001009
647,0.057012,0.006354,0.450875,-0.007050,0.051716,0.000711
648,0.078771,0.016557,0.419694,-0.006549,0.050671,0.000902
649,-0.294637,-0.297540,0.395670,-0.033378,0.083525,0.000602
650,0.114544,0.010440,0.415221,-0.009510,0.047663,-0.021579
651,0.111609,0.052106,0.494953,-0.004722,0.041957,-0.019215
652,-0.009418,0.014365,0.451376,-0.007769,0.054143,-0.015236
653,0.060612,0.008555,0.436082,-0.007888,0.048943,-0.009331
654,0.038889,0.002068,0.445892,-0.008235,0.049570,-0.006651
655,0.062737,-0.009257,0.430384,-0.009515,0.047671,-0.004706
656,-0.028077,0.006071,0.473007,-0.008052,0.052332,-0.004592
657,0.106316,0.019834,0.392550,-0.007376,0.044727,-0.000482
658,-0.055183,-0.019003,0.483484,-0.009308,0.052744,-0.000315
659,0.095010,0.018713,0.390691,-0.007680,0.044528,0.000249
660,0.035155,0.018189,0.447949,-0.006810,0.045600,0.000323
661,-0.023317,0.013419,0.476140,-0.006687,0.048658,0.001603
662,0.019984,0.002464,0.446143,-0.007771,0.046224,-0.000092
663,0.035718,-0.029408,0.424216,-0.010667,0.045183,0.000199
664,-0.121118,-0.103862,0.475135,-0.016497,0.055426,-0.001536
665,0.102977,0.032884,0.391146,-0.006753,0.040494,-0.004863
666,0.095376,0.019344,0.391246,-0.007499,0.039774,-0.003777
667,0.092824,0.018967,0.390920,-0.007375,0.038647,-0.003288
668,-0.189885,-0.033002,0.553800,-0.009476,0.053671,-0.002848
669,0.096899,0.018917,0.398270,-0.007378,0.037878,-0.001398
670,0.023365,0.002233,0.432618,-0.008195,0.041183,-0.000975
671,-0.004536,0.006799,0.449726,-0.007497,0.042086,0.000899
672,-1.636613,-0.477526,0.173959,-0.053329,0.196949,0.000892
673,-0.071343,0.012492,0.531365,-0.008061,0.049389,0.000095
674,-0.019736,0.024973,0.463702,-0.007419,0.049003,0.000288
675,-1.545916,0.357301,0.132262,0.014478,0.197933,-0.000987
676,-1.589119,-0.148586,0.510041,-0.017541,0.189803,-0.000814
677,0.143653,-0.011808,0.463553,-0.004264,0.050987,-0.004403
678,-0.589089,-0.561905,0.456689,-0.051537,0.114256,-0.004457
679,0.134027,0.021951,0.396707,-0.007994,0.057430,-0.067691
680,0.175922,0.062213,0.463647,-0.003118,0.048552,-0.060614
681,0.127997,0.019575,0.396095,-0.006753,0.054900,-0.049516
682,0.107162,0.020411,0.400849,-0.006499,0.055507,-0.044181
683,-0.007976,0.018213,0.497757,-0.005104,0.060418,-0.037045
684,0.094383,0.016237,0.415032,-0.005894,0.056654,-0.027969
685,0.127606,0.019801,0.400557,-0.005571,0.053808,-0.021637
686,-0.066771,0.195031,0.469667,0.009908,0.066565,-0.018842
687,0.120461,0.014594,0.396701,-0.004303,0.055148,-0.010978
688,0.128474,0.017185,0.420852,-0.003581,0.052043,-0.009501
689,-0.203843,0.051828,0.514996,0.000387,0.075385,-0.007985
690,0.128280,0.015485,0.405076,-0.003314,0.053916,-0.010850
691,0.087608,0.012193,0.436227,-0.003076,0.054854,-0.009335
692,0.082516,0.013686,0.444354,-0.002701,0.054375,-0.007845
693,0.098865,0.015535,0.428416,-0.002624,0.053256,-0.007061
694,0.067171,0.011767,0.454153,-0.002466,0.054089,-0.006526
695,0.073606,0.002275,0.458488,-0.003093,0.053026,-0.005819
696,0.096151,0.005835,0.398274,-0.003867,0.053855,-0.005916
697,0.127176,0.019301,0.433274,-0.002133,0.048178,-0.005012
698,-0.139163,0.007652,0.490710,-0.002447,0.067373,-0.004315
699,-0.121601,0.011504,0.462134,-0.002466,0.068478,-0.009468
700,0.120873,0.012070,0.394742,-0.002509,0.051739,-0.008988
701,0.118386,0.011780,0.394523,-0.002469,0.050783,-0.007753
702,-0.171278,-0.078966,0.514703,-0.008511,0.068720,-0.006646
703,0.105862,0.012371,0.396684,-0.002867,0.051936,-0.007575
704,0.121626,0.016031,0.422009,-0.002020,0.048039,-0.006485
705,-0.265018,-0.083926,0.501506,-0.009515,0.076622,-0.005488
706,-0.059883,-0.017683,0.435412,-0.005178,0.063950,-0.007728
707,0.118497,0.013062,0.394472,-0.003137,0.050627,-0.008654
708,0.118821,0.016167,0.416328,-0.002463,0.048129,-0.007466
709,-0.228540,-0.066718,0.492039,-0.008521,0.073514,-0.006227
710,0.119672,0.015002,0.402440,-0.002851,0.049285,-0.007609
711,-0.440548,-0.031248,0.477434,-0.006097,0.093121,-0.006546
712,0.129974,0.020745,0.400136,-0.002085,0.050095,-0.009561
713,0.118809,0.014003,0.405369,-0.002410,0.049456,-0.008214
714,0.038832,-0.001130,0.469103,-0.002783,0.052169,-0.006999
715,0.070659,0.005262,0.442867,-0.002622,0.050632,-0.006495
716,-0.116478,-0.031891,0.458231,-0.005676,0.065558,-0.006040
717,0.118519,0.013865,0.401591,-0.002600,0.048484,-0.007835
718,0.047621,0.004055,0.455417,-0.002663,0.050816,-0.006714
719,0.112561,0.012004,0.393719,-0.002780,0.047958,-0.006141
720,0.115653,-0.016243,0.435967,-0.004506,0.044161,-0.005233
721,0.107680,0.012758,0.393163,-0.003297,0.045786,-0.004468
722,-0.793509,-0.416660,0.399497,-0.039676,0.122417,-0.003738
723,-0.276652,0.322360,0.429964,0.021285,0.079784,0.000129
724,0.097986,0.003013,0.455723,-0.002468,0.047290,-0.006174
725,-0.893777,-0.277900,0.213864,-0.030198,0.144393,-0.004811
726,-0.065934,-0.083739,0.646340,-0.007284,0.054678,-0.002906
727,-0.849988,-0.116086,0.161257,-0.018982,0.148256,-0.005381
728,-0.173061,-0.210881,0.623794,-0.019228,0.069518,-0.002234
729,0.099862,0.045412,0.462753,-0.002100,0.056015,-0.014468
730,0.110230,0.068524,0.433653,-0.000132,0.056346,-0.010665
731,0.130782,0.017805,0.412809,-0.004084,0.054973,-0.008851
732,0.132581,0.004973,0.418772,-0.005038,0.053318,-0.007444
733,-0.016874,0.047530,0.506131,-0.000744,0.061262,-0.006574
734,0.101856,0.035324,0.439414,-0.002436,0.055231,-0.006907
735,0.092279,0.029582,0.445473,-0.002584,0.055248,-0.006822
736,0.129113,0.018029,0.411454,-0.003840,0.053131,-0.007130
737,0.042600,0.023628,0.479280,-0.002527,0.056342,-0.006253
738,0.124873,0.015431,0.395335,-0.004299,0.053506,-0.007286
739,0.125585,0.019527,0.428347,-0.003423,0.050375,-0.006265
740,-0.173947,0.472125,0.432810,0.033951,0.075467,-0.005284
741,0.127931,0.020489,0.442755,0.000047,0.049920,-0.003413
742,-0.096871,-0.130495,0.480872,-0.012036,0.066856,-0.002761
743,-0.205843,-0.393589,0.479637,-0.034605,0.077058,-0.012908
744,0.128946,0.022401,0.403062,-0.003770,0.052443,-0.019916
745,-0.032542,0.247800,0.438377,0.015435,0.064122,-0.017036
746,-0.134695,-0.176507,0.395615,-0.018469,0.076131,-0.009159
747,0.155648,0.040507,0.461782,-0.000120,0.047140,-0.030510
748,0.122291,0.013354,0.397908,-0.002862,0.051947,-0.022945
749,-0.475015,0.148211,0.474547,0.008872,0.099207,-0.020126
750,-0.027241,0.147085,0.415174,0.009980,0.066642,-0.012083
751,0.127105,0.013329,0.418956,-0.000050,0.052805,-0.009928
752,0.124707,0.011502,0.412426,-0.000183,0.052100,-0.008423
753,0.121225,0.008749,0.394799,-0.000630,0.052110,-0.007154
754,-0.030147,-0.166023,0.537248,-0.013352,0.057160,-0.006090
755,0.063059,-0.078400,0.446110,-0.008590,0.054387,-0.008611
756,-0.183324,-0.316902,0.385609,-0.030210,0.078265,-0.009424
757,0.077450,0.013915,0.401257,-0.004422,0.055373,-0.008364
758,0.059976,0.005096,0.528145,-0.003169,0.049620,-0.007161
759,0.120485,0.011902,0.414878,-0.004367,0.049768,-0.010260
760,0.057659,0.013665,0.403174,-0.004705,0.055023,-0.009508
761,0.086726,0.017678,0.432220,-0.003772,0.050671,-0.008183
762,-0.112338,-0.040959,0.481316,-0.007994,0.064213,-0.007271
763,-1.183947,0.287485,0.164287,0.013348,0.173689,-0.009045
764,0.152860,-0.104009,0.587598,-0.006815,0.041352,0.014333
765,-0.179287,-0.204688,0.439573,-0.020367,0.077148,0.012227
766,-0.039014,-0.143591,0.476914,-0.015846,0.064277,-0.007734
767,0.024709,-0.085128,0.451786,-0.012248,0.060276,-0.008701
768,0.112102,0.008992,0.416009,-0.005369,0.054312,-0.009896
769,0.077810,-0.005052,0.459229,-0.006199,0.054252,-0.009368
770,0.047390,0.005505,0.441077,-0.005965,0.057421,-0.009027
771,-0.025140,-0.037048,0.453350,-0.009488,0.062725,-0.009812
772,0.123634,0.017981,0.395213,-0.005918,0.052800,-0.013679
773,-0.265586,-0.226922,0.414978,-0.026278,0.083769,-0.011990
774,-0.428113,0.772445,0.422701,0.055335,0.098684,-0.011352
775,-0.091855,0.328806,0.432701,0.025298,0.072833,-0.010227
776,0.137863,0.006281,0.471408,0.001534,0.051241,-0.007283
777,0.014664,0.076108,0.443248,0.006648,0.062851,-0.007866
778,0.138307,0.005809,0.446675,0.001572,0.051778,-0.007884
779,0.072904,-0.035484,0.474432,-0.001502,0.055059,-0.007219
780,0.130884,0.000014,0.409141,0.000494,0.052967,-0.006816
781,0.070553,-0.079801,0.456098,-0.005738,0.054847,-0.006444
782,0.124894,0.004562,0.421142,0.000427,0.051372,-0.007668
783,0.053120,0.005668,0.441888,0.000587,0.055650,-0.007607
784,-0.381565,-0.556725,0.344049,-0.047962,0.097853,-0.007824
785,-0.768081,-0.339382,0.396748,-0.033214,0.129285,-0.010846
786,0.128136,0.016549,0.395809,-0.004785,0.055023,-0.005517
787,-0.200883,-0.153741,0.460516,-0.018394,0.079287,-0.004658
788,0.040399,-0.206253,0.508280,-0.022573,0.057422,-0.008151
789,0.129514,0.020410,0.395952,-0.007069,0.055408,-0.008920
790,0.127270,0.020450,0.395703,-0.007156,0.054415,-0.007713
791,0.126924,0.011934,0.445262,-0.007170,0.050435,-0.006629
792,0.123074,0.018128,0.411995,-0.007481,0.051174,-0.007444
793,0.120534,0.018578,0.410361,-0.007611,0.050139,-0.007005
794,-0.507141,-0.565754,0.456265,-0.056125,0.100096,-0.006581
795,-0.434407,-0.179396,0.502242,-0.027275,0.094248,-0.018494
796,-0.728622,0.293009,0.429577,0.009196,0.126963,-0.005914
797,0.144216,0.039056,0.407979,-0.008817,0.056778,-0.009564
798,0.144746,0.051582,0.422351,-0.007321,0.054615,-0.008088
799,0.130823,0.025004,0.396294,-0.009536,0.056018,-0.006291
800,-0.301404,0.260339,0.475302,0.010719,0.088790,-0.005355
801,0.134782,0.033847,0.434947,-0.005934,0.055414,-0.006172
802,0.131846,0.021324,0.396321,-0.007427,0.056583,-0.005133
803,-0.134314,0.120000,0.506349,0.001978,0.073604,-0.004321
804,0.084837,0.089064,0.449453,-0.000177,0.059421,0.000260
805,0.138445,0.022510,0.405392,-0.005789,0.056491,-0.003720
806,0.134754,0.021211,0.407637,-0.005844,0.055347,-0.003317
807,-0.101535,0.336794,0.503758,0.021420,0.070279,-0.002877
808,0.102186,0.051017,0.452607,-0.000936,0.056485,-0.003391
809,0.117360,0.023498,0.431231,-0.002773,0.055613,-0.003169
810,0.129022,0.015006,0.395757,-0.003886,0.055447,-0.003005
811,-0.047921,0.060558,0.501102,0.001248,0.064364,-0.002465
812,-0.048960,-0.001976,0.453295,-0.004327,0.067698,-0.009576
813,0.130460,0.015003,0.404936,-0.003048,0.054889,-0.006946
814,0.126822,0.013732,0.395386,-0.003265,0.054416,-0.005969
815,0.070943,0.013281,0.471644,-0.002220,0.054283,-0.005122
816,-0.318035,0.263778,0.494682,0.018864,0.086872,-0.004029
817,0.136573,0.010699,0.403890,-0.000578,0.054453,-0.009622
818,0.128920,0.009238,0.411422,-0.000553,0.053265,-0.008277
819,-2.010813,-1.266735,0.190826,-0.112109,0.248059,-0.006943
820,0.139093,0.020514,0.422461,-0.007727,0.057662,-0.006085
821,-0.222021,-0.653300,0.582611,-0.062229,0.080574,-0.006049
822,0.141496,0.030605,0.397449,-0.012358,0.060546,-0.008458
823,-0.170363,-0.240429,0.438704,-0.034567,0.084255,-0.007345
824,0.095365,0.018308,0.427608,-0.014022,0.062727,-0.011816
825,0.126928,0.026684,0.405120,-0.013988,0.060506,-0.012205
826,0.091254,0.031166,0.404846,-0.013887,0.062948,-0.010949
827,0.096091,0.075089,0.584132,-0.007397,0.052444,-0.009541
828,0.105322,0.025399,0.400021,-0.014062,0.061221,-0.007059
829,0.104436,0.028577,0.401312,-0.013906,0.060631,-0.006073
830,0.155422,0.043640,0.422362,-0.012206,0.053949,-0.005177
831,-0.267526,0.280498,0.558337,0.008948,0.083136,-0.005005
832,0.138426,0.029398,0.396845,-0.011730,0.059096,0.010942
833,0.146512,0.035617,0.411847,-0.010960,0.056217,0.010061
834,0.138804,0.032352,0.405893,-0.011291,0.055746,0.008860
835,0.132219,-0.031608,0.487280,-0.015464,0.050539,0.007914
836,-0.142395,-0.035032,0.492302,-0.017718,0.073821,0.006964
837,0.132331,0.033896,0.396223,-0.014283,0.056210,-0.001723
838,0.136121,0.081147,0.481956,-0.008855,0.049758,-0.001381
839,0.064839,0.052844,0.446841,-0.010835,0.057090,-0.000339
840,0.138367,0.025507,0.421078,-0.012789,0.051498,0.000043
841,0.096360,0.022691,0.442395,-0.013062,0.052719,-0.000350
842,-0.164286,0.527083,0.465100,0.028868,0.073914,0.000313
843,0.017636,0.187635,0.424142,0.004207,0.061799,-0.002684
844,0.128215,0.018937,0.418237,-0.008487,0.051915,-0.003882
845,0.093198,0.005160,0.426944,-0.009540,0.053344,-0.003058
846,-0.036707,0.026004,0.492543,-0.007101,0.060565,-0.002510
847,0.124939,0.011575,0.413355,-0.008744,0.050892,-0.003873
848,-0.028551,0.035373,0.469219,-0.006203,0.060333,-0.003496
849,0.109107,0.013552,0.423998,-0.007890,0.050877,-0.004388
850,0.055997,0.005332,0.437114,-0.008667,0.053787,-0.003429
851,-0.152290,-0.122280,0.355906,-0.020743,0.075422,-0.003741
852,0.016082,0.038513,0.548816,-0.005193,0.050689,-0.024768
853,-0.486588,0.434190,0.466426,0.026782,0.099269,-0.018451
854,0.128785,0.013172,0.401424,-0.003367,0.053133,-0.013388
855,0.155752,-0.042906,0.422503,-0.007654,0.048048,-0.011688
856,0.120159,0.000971,0.415630,-0.005735,0.049453,-0.010936
857,0.117461,0.001119,0.415292,-0.005916,0.048329,-0.009577
858,-0.063635,-0.044465,0.459345,-0.009446,0.060820,-0.008344
859,0.088894,0.014971,0.398095,-0.005161,0.051251,-0.001727
860,0.023373,-0.021656,0.498000,-0.006608,0.050713,-0.001334
861,-0.065043,-0.013332,0.432606,-0.007218,0.061478,-0.003518
862,0.053853,-0.005361,0.433325,-0.006108,0.051180,-0.001580
863,-0.023336,-0.034328,0.426393,-0.008819,0.057460,-0.002297
864,-0.313677,-0.071157,0.425572,-0.012255,0.082400,-0.001218
865,-1.441176,-0.059464,0.252347,-0.014667,0.190559,-0.001917
866,-0.972892,-0.267992,0.478035,-0.027874,0.144810,-0.004353
867,-0.237682,0.270096,0.361299,0.015005,0.091984,-0.008511
868,-0.009148,0.190951,0.452684,0.012738,0.068705,-0.004465
869,0.136985,0.011328,0.396532,-0.001258,0.059185,-0.003334
870,0.078975,-0.035974,0.494005,-0.003694,0.058000,-0.002822
871,0.097201,0.017507,0.420969,-0.000482,0.059980,-0.003564
872,-0.192773,-0.055993,0.467241,-0.005922,0.082407,-0.002752
873,0.137305,0.013406,0.406141,-0.000874,0.058040,-0.004140
874,0.099151,-0.038025,0.478239,-0.003986,0.056459,-0.003387
875,0.101460,0.004219,0.398256,-0.002040,0.059972,-0.004140
876,0.041313,-0.128741,0.492551,-0.011776,0.059550,-0.003582
877,0.111866,0.009879,0.396892,-0.002530,0.058196,-0.006582
878,0.103936,0.006956,0.397547,-0.002780,0.058052,-0.005757
879,-0.414928,-0.446299,0.431040,-0.040645,0.101005,-0.005029
880,0.193442,0.063345,0.502907,0.001096,0.045403,-0.051910
881,0.129013,0.014805,0.398562,-0.003634,0.054714,-0.039263
882,-0.022165,-0.068453,0.520249,-0.009113,0.060999,-0.034800
883,-0.148524,0.070903,0.382097,-0.001001,0.079693,-0.022448
884,0.097642,0.008793,0.439720,-0.003993,0.056049,-0.009130
885,-0.054974,-0.016738,0.442190,-0.006310,0.068481,-0.007722
886,0.085312,0.022240,0.445532,-0.003018,0.056305,-0.008582
887,-0.125926,0.005501,0.435575,-0.004623,0.074576,-0.008838
888,0.128419,0.014975,0.395627,-0.003929,0.055064,-0.009053
889,0.063434,0.006358,0.474368,-0.003560,0.055555,-0.007830
890,-0.164254,0.138814,0.401971,0.006196,0.078578,-0.006519
891,-0.255958,-0.030162,0.470854,-0.005852,0.083781,-0.007554
892,0.147906,-0.000210,0.416079,-0.003504,0.052836,-0.008957
893,0.050152,0.007742,0.447043,-0.002721,0.058611,-0.007538
894,0.066431,-0.097836,0.436615,-0.011527,0.057459,-0.007269
895,0.086582,0.008871,0.428369,-0.003505,0.055517,-0.007353
896,0.126261,0.008768,0.437995,-0.003293,0.050576,-0.006511
897,0.122045,0.011647,0.413097,-0.003564,0.050851,-0.007177
898,0.003024,0.017927,0.487009,-0.002188,0.056683,-0.006815
899,0.123173,0.013529,0.406802,-0.002970,0.050677,-0.007545
900,0.120401,0.014395,0.412552,-0.002791,0.049180,-0.006477
901,-0.547499,-0.605667,0.453590,-0.054582,0.103899,-0.005476
902,-0.247317,-0.341840,0.393071,-0.037624,0.083335,-0.003330
903,-0.264198,-0.178649,0.447540,-0.025513,0.082918,-0.007410
904,-0.049415,-0.003032,0.435775,-0.012066,0.065638,-0.013106
905,-0.009985,0.542519,0.459738,0.033834,0.061475,-0.011735
906,0.150772,0.041057,0.430940,-0.004534,0.049405,-0.007983
907,-0.993477,0.767472,0.214187,0.052075,0.157896,-0.007929
908,-0.148772,-0.419741,0.554294,-0.034309,0.072403,-0.005753
909,-0.139877,-0.433254,0.457869,-0.040043,0.077794,-0.006615
910,-0.395824,0.710710,0.337946,0.050309,0.106630,-0.006120
911,-0.015342,0.236759,0.506009,0.019956,0.068073,-0.009093
912,0.117562,0.055034,0.448141,0.005682,0.060206,-0.007751
913,0.083275,-0.307563,0.462482,-0.024012,0.061439,-0.007648
914,0.136632,0.011064,0.396575,-0.001198,0.059043,-0.004653
915,0.135917,0.009451,0.420171,-0.000964,0.056529,-0.003900
916,0.132450,0.009899,0.408215,-0.001160,0.056129,-0.004086
917,-0.058070,-0.321989,0.549144,-0.026971,0.064792,-0.003832
918,0.132566,0.012873,0.396146,-0.002649,0.057066,-0.012014
919,0.069732,-0.079895,0.478065,-0.009333,0.057404,-0.010517
920,0.130416,0.014153,0.395870,-0.003414,0.056026,-0.008358
921,-0.259154,-0.153748,0.439882,-0.017142,0.086268,-0.007232
922,0.130737,0.013863,0.408876,-0.004253,0.054998,-0.007497
923,-0.200781,-0.332262,0.433125,-0.033221,0.081578,-0.006935
924,0.131449,0.015150,0.424172,-0.006283,0.053866,-0.007982
925,0.127145,0.019450,0.395629,-0.006543,0.054420,-0.007862
926,-0.359333,-0.508837,0.429891,-0.050613,0.093967,-0.006785
927,-0.452656,-0.000898,0.542087,-0.009887,0.098011,-0.008371
928,-0.017439,-0.001140,0.427722,-0.010992,0.069089,-0.007802
929,0.134032,0.025088,0.396485,-0.009558,0.057290,-0.009539
930,0.131696,0.025075,0.396229,-0.009619,0.056258,-0.008281
931,0.134514,0.027769,0.429988,-0.008879,0.052787,-0.007152
932,-0.447144,0.450902,0.472279,0.026344,0.100149,-0.006094
933,-0.248510,0.045906,0.453407,-0.004075,0.087338,-0.010172
934,0.136692,0.017658,0.407906,-0.006028,0.057793,-0.008087
935,0.034448,-0.080673,0.479076,-0.013376,0.061982,-0.007400
936,0.092944,0.045997,0.438832,-0.004000,0.058944,-0.008426
937,0.107477,0.016714,0.401406,-0.006794,0.059151,-0.007011
938,0.097837,0.026097,0.479356,-0.004779,0.055089,-0.006060
939,0.065565,0.019348,0.437351,-0.005936,0.059588,-0.005452
940,0.076033,0.048882,0.454106,-0.003360,0.057253,-0.008316
941,0.073588,0.026364,0.443189,-0.005072,0.057581,-0.008704
942,-0.055624,-0.002964,0.422046,-0.007857,0.069189,-0.007941
943,0.066392,0.039869,0.449416,-0.003792,0.057297,-0.008535
944,-0.056139,0.066887,0.435319,-0.001635,0.068233,-0.006534
945,-0.063189,-0.051576,0.415081,-0.011184,0.070012,-0.007415
946,0.131361,0.033864,0.431483,-0.004077,0.051966,-0.007767
947,0.124487,0.017895,0.395169,-0.005729,0.053214,-0.006682
948,-0.142008,0.077492,0.494249,0.000316,0.070737,-0.005728
949,-0.105291,-0.263420,0.431122,-0.028009,0.071958,0.007654
950,0.126252,0.020235,0.410069,-0.006976,0.052409,-0.006832
951,0.061072,0.018790,0.406008,-0.007321,0.057513,-0.006354
952,-0.069292,-0.054041,0.500533,-0.011675,0.063362,-0.005882
953,0.064502,0.025071,0.467900,-0.005751,0.053696,-0.007496
954,0.093022,0.019261,0.413373,-0.007033,0.053627,-0.007604
955,0.047457,0.030812,0.454708,-0.005456,0.054629,-0.006638
956,-0.048549,0.056040,0.448305,-0.003306,0.062839,-0.003110
957,0.007436,0.018732,0.437534,-0.006040,0.058606,-0.007314
958,0.097202,0.015701,0.397439,-0.006764,0.052649,-0.007398
959,0.069946,0.025045,0.473281,-0.004858,0.050089,-0.006397
960,0.076834,0.018537,0.441297,-0.005876,0.050586,-0.005219
961,-0.069289,0.041829,0.455767,-0.003835,0.061801,-0.004298
962,0.084918,-0.003735,0.425024,-0.007425,0.050166,-0.007154
963,0.077760,0.019751,0.399804,-0.006295,0.051243,-0.006059
964,0.047930,0.025921,0.469802,-0.004547,0.049375,-0.005176
965,0.104923,0.026039,0.428062,-0.004853,0.045977,-0.002238
966,-0.391002,-0.149981,0.260513,-0.022588,0.096924,-0.002034
967,-1.502501,0.684385,0.292331,0.045275,0.191237,-0.042573
968,-1.211321,-0.106878,0.638039,-0.008078,0.156807,-0.003370
969,-0.235008,0.187279,0.356153,0.014022,0.094714,-0.008300
970,0.148036,0.016503,0.407615,0.002988,0.059670,-0.007088
971,0.112368,-0.044774,0.479862,-0.000841,0.057786,-0.005938
972,0.104980,0.000917,0.398500,0.000979,0.062051,-0.005885
973,0.142476,0.003650,0.455610,0.002216,0.054703,-0.005075
974,0.133189,0.004744,0.410206,0.001653,0.056565,-0.005227
975,0.130725,0.004607,0.409093,0.001628,0.055535,-0.004927
976,-0.521713,-1.281778,0.216217,-0.109160,0.121098,-0.004638
977,0.134071,0.004079,0.507093,-0.005533,0.049504,-0.002722
978,-0.800810,-1.154891,0.302866,-0.106673,0.140413,-0.006094
979,-0.909214,-0.125595,0.560256,-0.024718,0.140322,-0.010932
980,0.149042,0.026913,0.431113,-0.013261,0.061010,-0.010439
981,-0.215856,-0.360104,0.496439,-0.045149,0.088349,-0.010083
982,0.147840,0.036036,0.398284,-0.015518,0.063254,-0.014153
983,0.153764,0.058614,0.497886,-0.012109,0.056047,-0.012459
984,-0.216271,0.190679,0.510468,-0.001406,0.088031,-0.010237
985,0.171458,0.004063,0.418638,-0.015674,0.061830,-0.008875
986,0.156991,0.038371,0.419020,-0.013632,0.061430,-0.008574
987,0.145606,0.033906,0.397964,-0.014397,0.062275,-0.007144
988,0.143358,0.033831,0.397736,-0.014432,0.061284,-0.006148
989,0.036790,-0.048837,0.504830,-0.020150,0.064388,-0.005255
990,0.142345,0.036943,0.397588,-0.016061,0.060706,-0.006347
991,0.130775,-0.028037,0.466408,-0.020643,0.057003,-0.005437
992,0.053637,0.029404,0.442289,-0.017897,0.064291,-0.003865
993,0.051235,0.176858,0.495852,-0.004655,0.061556,-0.004273
994,0.096193,0.102410,0.467655,-0.009747,0.059251,-0.004442
995,0.096595,0.103716,0.440920,-0.009581,0.060270,-0.006673
996,0.103045,0.031942,0.401926,-0.015738,0.061371,-0.006792
997,0.018261,0.123212,0.463815,-0.007210,0.064615,-0.005838
998,0.091088,0.263177,0.474316,0.005143,0.057802,-0.005821
999,0.102472,0.049735,0.438420,-0.011331,0.058533,-0.007435
1000,0.101002,0.041079,0.440738,-0.012036,0.057767,-0.006652
1001,0.047640,0.159662,0.429226,-0.002237,0.062232,-0.006545
1002,0.024730,0.086970,0.454163,-0.007003,0.062701,-0.007007
1003,0.084135,0.042932,0.432885,-0.010292,0.058585,-0.003768
1004,0.032538,0.036666,0.444470,-0.010506,0.061839,-0.002879
1005,0.101529,0.020053,0.444014,-0.011524,0.055473,-0.002373
1006,0.066786,0.011697,0.434391,-0.012461,0.058265,-0.002834
1007,-0.077116,0.032733,0.446052,-0.010740,0.069485,-0.003408
1008,0.060847,0.013723,0.434345,-0.011913,0.058489,-0.005445
1009,-0.059616,0.025075,0.461136,-0.010810,0.066886,-0.006765
1010,0.110010,0.005428,0.403989,-0.012691,0.055420,-0.007176
1011,0.129564,0.020181,0.428688,-0.011379,0.051044,-0.006478
1012,-0.326108,0.082560,0.506346,-0.005439,0.085652,-0.005380
1013,0.136417,0.010927,0.403734,-0.010983,0.053110,-0.009860
1014,0.087021,0.018422,0.429661,-0.010318,0.054589,-0.008712
1015,0.068182,0.012331,0.431445,-0.010870,0.055325,-0.006780
1016,-0.021110,0.047463,0.448666,-0.007727,0.061533,-0.006490
1017,0.000240,0.010570,0.432578,-0.010480,0.060476,-0.003292
1018,0.002220,0.041035,0.438114,-0.007716,0.059715,-0.004480
1019,0.119970,0.025266,0.404214,-0.009003,0.050879,-0.002112
1020,0.119203,0.024607,0.397098,-0.008976,0.049955,-0.001791
1021,0.118985,0.025097,0.413410,-0.008471,0.047621,-0.001361
1022,-0.184929,-0.000436,0.552566,-0.008768,0.065975,-0.000989
1023,0.066157,0.017654,0.430925,-0.008663,0.052019,-0.003904
1024,-0.467313,0.053491,0.485936,-0.005290,0.094872,-0.002310
1025,0.137488,0.012643,0.406001,-0.007987,0.049268,-0.009456
1026,-0.114312,-0.065011,0.384775,-0.015092,0.070546,-0.008634
1027,0.121232,0.013752,0.420226,-0.008383,0.047873,-0.006349
1028,0.042398,0.010359,0.467253,-0.008043,0.051250,-0.005764
1029,0.050248,-0.023659,0.434415,-0.011092,0.052119,-0.005649
1030,-0.350436,-0.257864,0.427305,-0.031425,0.086345,-0.006352
1031,-0.325634,-0.182066,0.423498,-0.026773,0.085621,-0.006426
1032,-0.256370,-0.079422,0.406912,-0.019413,0.081667,-0.006397
1033,-0.187212,0.020124,0.407497,-0.011272,0.076515,-0.006511
1034,0.122237,0.019878,0.412375,-0.010458,0.049964,-0.005810
1035,0.117907,0.025645,0.394497,-0.010201,0.049986,-0.005177
1036,-0.383792,-0.010264,0.424219,-0.013224,0.090790,-0.004428
1037,-0.322799,-0.126760,0.454662,-0.022819,0.085624,-0.000226
1038,-0.241005,0.119895,0.387801,-0.003187,0.083633,-0.003843
1039,0.126268,0.015210,0.424930,-0.010056,0.050673,-0.001818
1040,-0.569354,0.110320,0.408633,-0.003092,0.110843,-0.001694
1041,0.131150,0.012745,0.430374,-0.008826,0.051986,-0.000870
1042,-0.387038,-0.156479,0.421375,-0.023539,0.096359,-0.000892
1043,-0.207526,-0.093405,0.476564,-0.017524,0.080230,-0.003588
1044,-0.135356,0.155469,0.409422,0.002067,0.078687,-0.005449
1045,0.043850,-0.020866,0.464320,-0.010157,0.061175,-0.008386
1046,0.050356,-0.046820,0.454506,-0.012475,0.061065,-0.006302
1047,0.113207,0.012741,0.429924,-0.008173,0.056517,-0.006419
1048,0.091320,0.007123,0.444072,-0.008448,0.056924,-0.005817
1049,0.090422,0.025873,0.435618,-0.007014,0.056902,-0.005360
1050,0.130805,-0.002492,0.430932,-0.009107,0.052899,-0.004750
1051,0.126992,0.006738,0.417519,-0.008966,0.052638,-0.004013
1052,-0.107565,0.047086,0.488652,-0.005026,0.068525,-0.003340
1053,0.076453,0.010946,0.434465,-0.007881,0.056525,-0.008217
1054,-0.328828,-0.010419,0.455677,-0.009481,0.090081,-0.005455
1055,0.129497,0.000346,0.411537,-0.008210,0.054402,-0.007068
1056,0.098758,0.001903,0.429032,-0.008244,0.055037,-0.006673
1057,0.064195,0.003085,0.450402,-0.008020,0.056180,-0.005704
1058,0.036226,-0.016683,0.445216,-0.009664,0.058472,-0.005233
1059,0.099592,0.009076,0.432312,-0.007783,0.053285,-0.004733
1060,0.122959,0.021063,0.397323,-0.007270,0.052135,-0.004142
1061,-0.167294,-0.053991,0.494805,-0.012284,0.071234,-0.003473
1062,0.040420,0.005321,0.430185,-0.008363,0.057582,-0.004604
1063,-0.047349,-0.013196,0.434719,-0.009760,0.064491,-0.004504
1064,0.064971,0.000908,0.441226,-0.008373,0.054431,-0.004197
1065,-0.054268,-0.011925,0.432865,-0.009760,0.064604,-0.004842
1066,0.125272,0.006013,0.418613,-0.008223,0.049649,-0.004076
1067,-0.116161,-0.017329,0.434809,-0.010377,0.068650,-0.003556
1068,0.122212,0.003360,0.421011,-0.008508,0.049049,-0.002279
1069,-0.083547,0.000283,0.465607,-0.008563,0.063541,-0.001881
1070,-0.091325,-0.012294,0.438286,-0.009683,0.066199,-0.003982
1071,0.048983,0.006258,0.441338,-0.007788,0.054149,-0.003439
1072,-0.597022,-0.130239,0.355246,-0.021167,0.114110,-0.005277
1073,0.128982,0.000593,0.428690,-0.008908,0.049863,-0.004885
1074,-0.319586,0.131470,0.451040,0.001605,0.086465,-0.004320
1075,0.125691,0.006745,0.428098,-0.007062,0.050841,-0.004420
1076,0.123120,0.004633,0.416880,-0.007550,0.050364,-0.003474
1077,-0.179940,-0.011311,0.468014,-0.008686,0.073174,-0.002925
1078,-0.403698,0.024669,0.469915,-0.005487,0.093729,-0.002802
1079,-0.144417,0.072381,0.360432,-0.001629,0.079356,-0.006579
1080,-0.827386,-0.109789,0.383794,-0.016717,0.137668,-0.003704
1081,-0.273112,0.186629,0.419569,0.009000,0.091709,-0.006639
1082,0.080562,0.239430,0.441931,0.015240,0.061254,-0.002704
1083,0.096099,0.027015,0.440618,-0.000015,0.059989,-0.001460
1084,0.058499,-0.006754,0.439869,-0.002407,0.062804,-0.000358
1085,0.117998,0.026364,0.426811,0.000392,0.057860,-0.001296
1086,0.061465,-0.021679,0.443580,-0.003028,0.061241,-0.000712
1087,0.080247,0.005648,0.445357,-0.000972,0.059172,-0.001114
1088,0.078254,0.007497,0.458365,-0.000512,0.058372,-0.001294
1089,0.131446,0.024406,0.424079,0.000640,0.054969,-0.000327
1090,0.129255,0.020514,0.419514,0.000630,0.054187,-0.000041
1091,0.096746,-0.037888,0.482445,-0.003091,0.052596,0.000208
1092,-0.002080,-0.092925,0.462680,-0.008621,0.061895,-0.000445
1093,0.097046,0.001073,0.396068,-0.002142,0.057113,-0.005050
1094,0.103759,0.004689,0.395706,-0.001960,0.055811,-0.004439
1095,0.081066,0.010703,0.402115,-0.001462,0.056740,-0.003876
1096,0.086217,0.055799,0.553669,0.004901,0.047518,-0.003325
1097,0.123177,0.014190,0.418494,0.000194,0.050856,-0.002349
1098,-0.610219,-0.502197,0.389366,-0.044296,0.115615,-0.001887
1099,-0.080693,-0.057931,0.509190,-0.009282,0.066226,-0.036142
1100,0.127888,0.015316,0.395557,-0.004355,0.054677,-0.037670
1101,-0.018338,0.112273,0.471625,0.004907,0.061953,-0.033616
1102,0.134372,0.018366,0.425342,-0.002134,0.050847,-0.011330
1103,0.122559,0.014256,0.411037,-0.002505,0.051172,-0.008555
1104,0.120441,0.006446,0.433694,-0.002734,0.048734,-0.007142
1105,-0.010864,-0.010371,0.494406,-0.003692,0.056399,-0.007443
1106,-0.530376,-0.757512,0.364674,-0.068326,0.108168,-0.007791
1107,0.125709,0.022178,0.422108,-0.006393,0.049734,-0.006561
1108,-0.007884,0.005356,0.477353,-0.007322,0.057686,-0.005875
1109,-0.336131,0.398294,0.344593,0.022680,0.093002,-0.008473
1110,0.124515,0.011557,0.456366,-0.004599,0.048406,-0.002640
1111,0.119774,0.015004,0.413003,-0.005105,0.049735,-0.004299
1112,-0.102076,0.106142,0.508591,0.003636,0.063419,-0.004254
1113,0.121450,0.003330,0.434510,-0.004068,0.049076,-0.005538
1114,-0.569862,-0.300112,0.393787,-0.030973,0.109926,-0.006335
1115,0.122309,0.017832,0.395013,-0.005703,0.052274,-0.004276
1116,0.121541,0.011687,0.435881,-0.005583,0.048787,-0.003605
1117,-0.303532,0.580014,0.504023,0.041928,0.082283,-0.004505
1118,0.159735,0.003019,0.470140,-0.001158,0.046540,-0.003292
1119,0.088966,0.009184,0.400819,-0.001945,0.054947,-0.004943
1120,0.122905,0.005390,0.454522,-0.001173,0.048235,-0.004405
1121,0.118723,0.008517,0.413524,-0.001639,0.049376,-0.005741
1122,0.116152,0.008373,0.412960,-0.001683,0.048261,-0.005573
1123,0.113566,0.008444,0.411488,-0.001731,0.047167,-0.005410
1124,-1.135786,-1.888330,0.061332,-0.166473,0.172883,-0.005241
1125,0.103604,0.085560,0.712871,-0.003483,0.033640,0.005394
1126,-1.944714,-0.680399,0.392483,-0.073581,0.228569,0.004400
1127,0.101532,0.111226,0.479750,-0.008865,0.056730,-0.001001
1128,0.137936,0.045513,0.430602,-0.013881,0.055591,0.000416
1129,-0.008548,0.116684,0.455033,-0.007862,0.066749,0.000497
1130,0.118086,0.051496,0.432123,-0.012450,0.057701,0.006729
1131,0.099491,0.029032,0.401586,-0.014752,0.060345,0.005842
1132,0.102777,0.031267,0.401395,-0.014672,0.059586,0.005434
1133,-0.164423,0.927650,0.561442,0.062085,0.074421,0.005059
1134,0.156421,0.028817,0.420574,-0.007443,0.056459,-0.002712
1135,0.143316,-0.020143,0.421679,-0.011666,0.056153,-0.001697
1136,0.137302,0.014314,0.423017,-0.009925,0.055058,-0.001321
1137,0.082043,0.007793,0.437585,-0.010552,0.058225,-0.001177
1138,0.086143,0.037979,0.421885,-0.008455,0.058392,-0.000693
1139,0.140656,0.058546,0.474826,-0.005368,0.050043,-0.000443
1140,0.127068,0.023924,0.395645,-0.008974,0.054262,-0.000149
1141,0.001847,0.022599,0.514254,-0.007517,0.058291,0.000009
1142,0.092755,0.018950,0.402495,-0.009329,0.056795,-0.001335
1143,0.055482,0.204443,0.498932,0.007544,0.054391,-0.001229
1144,-0.011622,-0.142884,0.423851,-0.021097,0.064205,-0.005592
1145,0.084867,-0.003048,0.429844,-0.010827,0.055041,-0.013278
1146,0.084703,0.011277,0.443631,-0.009665,0.053587,-0.011795
1147,0.087681,0.009106,0.442549,-0.009809,0.052711,-0.010235
1148,-0.192834,0.085738,0.430644,-0.003863,0.076845,-0.008991
1149,-0.069986,0.150597,0.416477,0.002362,0.067712,0.000815
1150,-0.045514,0.039799,0.447715,-0.005343,0.064345,-0.004567
1151,0.135813,-0.000155,0.430442,-0.008108,0.049607,0.004801
1152,0.120493,0.020848,0.394700,-0.007313,0.051344,0.004063
1153,0.010845,0.038999,0.502470,-0.004280,0.054434,0.003792
1154,0.124137,0.025474,0.420329,-0.005892,0.048922,0.001287
1155,0.025823,0.013600,0.467236,-0.006239,0.054128,0.000761
1156,0.066988,0.024993,0.436686,-0.005642,0.052054,0.001415
1157,0.077138,0.020420,0.445483,-0.005730,0.050118,0.002162
1158,0.073144,0.023377,0.438947,-0.005458,0.050018,0.000966
1159,0.064728,0.027837,0.442935,-0.004943,0.049930,-0.000652
1160,0.065486,0.000069,0.452690,-0.006802,0.048776,-0.000304
1161,-0.155018,0.034778,0.479683,-0.003977,0.065952,0.000046
1162,0.113406,0.017254,0.393633,-0.005694,0.048084,-0.004021
1163,0.118520,0.015497,0.411231,-0.005427,0.045250,-0.003507
1164,0.039295,0.008849,0.457069,-0.005402,0.048646,-0.002665
1165,0.063406,0.025503,0.434087,-0.004249,0.047314,-0.002160
1166,-0.142713,0.076533,0.451947,0.000257,0.063705,-0.001146
1167,-0.107062,-0.093574,0.474732,-0.012429,0.059819,0.001718
1168,0.108172,0.013258,0.392971,-0.003907,0.045798,-0.008535
1169,0.057886,-0.111965,0.401995,-0.014428,0.048640,-0.007566
1170,0.057955,0.014708,0.400460,-0.006344,0.047671,-0.010515
1171,0.101366,0.017015,0.392712,-0.006019,0.043605,-0.009236
1172,0.005167,0.041774,0.545546,-0.001631,0.042566,-0.008164
1173,-0.342244,-0.208180,0.407868,-0.024929,0.080162,-0.004686
1174,0.135009,0.043387,0.452821,-0.004086,0.037091,-0.022102
1175,-0.673128,0.221236,0.330960,0.008741,0.112120,-0.015467
1176,-0.354081,0.067800,0.468805,0.000361,0.080821,-0.003044
1177,-0.185523,-0.188760,0.460318,-0.020369,0.068558,-0.003145
1178,-0.097693,-0.061600,0.416034,-0.011329,0.063894,-0.006864
1179,0.075942,0.003794,0.424973,-0.005610,0.048441,-0.005185
1180,0.090375,0.007590,0.426826,-0.005024,0.046316,-0.006567
1181,0.058263,-0.012849,0.446468,-0.006399,0.047312,-0.005925
1182,-0.024913,-0.040885,0.438269,-0.008993,0.054401,-0.006797
1183,-0.042825,-0.031615,0.440767,-0.008503,0.055677,-0.005932
1184,0.053673,-0.011948,0.423299,-0.007194,0.048198,-0.005581
1185,-0.016055,-0.054192,0.438085,-0.010639,0.052715,-0.006469
1186,-0.035046,-0.072927,0.445233,-0.012483,0.053720,-0.008839
1187,-0.016432,-0.035772,0.428550,-0.010241,0.052811,-0.006641
1188,0.104779,0.019761,0.416826,-0.005759,0.042467,-0.008625
1189,0.102033,0.019623,0.412970,-0.005685,0.041644,-0.006818
1190,0.099809,0.019253,0.412969,-0.005560,0.040565,-0.005580
1191,-0.450424,0.107453,0.300150,-0.000284,0.092679,-0.004530
1192,-0.697838,-0.183405,0.529444,-0.020664,0.104358,0.000317
1193,0.109677,0.022667,0.434328,-0.004396,0.043423,-0.004458
1194,0.111648,-0.002651,0.429689,-0.006382,0.042285,-0.003509
1195,-1.019972,-0.155191,0.200161,-0.023502,0.150406,-0.003127
1196,-0.496271,0.294923,0.474805,0.019145,0.095454,-0.007820
1197,0.121824,-0.017664,0.468906,-0.004707,0.045147,-0.000337
1198,0.104120,0.035758,0.483667,-0.000442,0.044551,-0.000884
1199,-1.954759,1.440549,0.168958,0.110671,0.238797,0.000324
1200,0.145823,-0.048535,0.505062,0.006393,0.050507,0.004362
1201,-0.801887,-0.273544,0.495110,-0.014153,0.133177,0.002958
1202,0.152242,0.006012,0.432414,0.009531,0.059193,-0.014387
1203,-0.199527,-0.234817,0.558574,-0.008859,0.083695,-0.010871
1204,0.147271,-0.002676,0.397411,0.007102,0.064362,-0.022576
1205,0.150082,-0.006698,0.408320,0.006999,0.062475,-0.020070
1206,0.144494,0.025979,0.435347,0.010203,0.060345,-0.017859
1207,0.138853,0.008018,0.422975,0.009271,0.060583,-0.014156
1208,0.117719,-0.061199,0.462838,0.004257,0.059554,-0.011516
1209,0.042109,-0.023415,0.503985,0.006763,0.063714,-0.009405
1210,0.111766,-0.027318,0.439394,0.005982,0.061581,-0.008950
1211,0.109376,-0.042877,0.447861,0.004735,0.060927,-0.008391
1212,0.109096,-0.026770,0.443046,0.005719,0.060722,-0.008862
1213,0.125496,-0.013051,0.412435,0.006389,0.060299,-0.008324
1214,0.043518,-0.289760,0.537674,-0.014946,0.060141,-0.007522
1215,0.119892,-0.002764,0.392106,0.004780,0.061114,-0.013129
1216,0.108330,-0.002894,0.401720,0.004811,0.060902,-0.011498
1217,0.107234,-0.003303,0.401611,0.004723,0.060435,-0.010053
1218,0.106506,-0.003190,0.401401,0.004663,0.059921,-0.008780
1219,0.114842,-0.109008,0.541993,-0.001950,0.050916,-0.007649
1220,-0.017270,-0.225541,0.461516,-0.013687,0.065964,-0.007234
1221,0.101102,-0.005196,0.400522,0.002157,0.058892,-0.011293
1222,0.103840,-0.000419,0.400810,0.002354,0.058019,-0.009795
1223,0.096269,-0.074000,0.514605,-0.002132,0.051905,-0.008516
1224,0.108976,-0.005329,0.412800,0.001315,0.055592,-0.007867
1225,0.007021,-0.102836,0.444466,-0.006606,0.061804,-0.007408
1226,0.083447,-0.000502,0.445740,0.001237,0.054871,-0.007662
1227,0.096282,0.002805,0.400603,0.000709,0.055683,-0.008428
1228,-0.127836,0.006228,0.462535,0.001715,0.070923,-0.007362
1229,0.092925,0.001826,0.400986,0.000719,0.055646,-0.007625
1230,-0.146827,0.002298,0.468030,0.001534,0.072017,-0.006663
1231,-0.027887,0.007015,0.444064,0.001756,0.063513,-0.007473
1232,-0.171746,-0.059058,0.415867,-0.004280,0.077393,-0.008078
1233,-0.044351,0.008639,0.436756,0.001436,0.065834,-0.007016
1234,-0.085562,-0.058749,0.411341,-0.004497,0.070791,-0.008036
1235,0.022644,0.006099,0.459424,0.001348,0.059072,-0.008014
1236,0.035950,0.020387,0.445936,0.002176,0.058368,-0.008671
1237,0.031988,0.015965,0.443566,0.001889,0.058538,-0.008633
1238,0.032023,0.012631,0.439568,0.001608,0.058433,-0.008542
1239,0.029274,0.011733,0.437601,0.001499,0.058414,-0.008505
1240,-0.120192,-0.033970,0.418844,-0.002719,0.071918,-0.008571
1241,0.023674,0.016790,0.447430,0.001932,0.058322,-0.007347
1242,0.054349,0.014291,0.435502,0.001573,0.055994,-0.008485
1243,0.052572,0.000547,0.440557,0.000466,0.055361,-0.008906
1244,-0.020120,0.017863,0.431604,0.001604,0.061609,-0.009101
1245,-0.124634,-0.037232,0.427914,-0.002993,0.070690,-0.009208
1246,0.010351,0.012363,0.440638,0.001318,0.058733,-0.007695
1247,0.023063,0.013741,0.440681,0.001386,0.057345,-0.008876
1248,0.021765,0.011716,0.437492,0.001204,0.057289,-0.008962
1249,-0.193364,-0.032964,0.440185,-0.002638,0.075381,-0.009053
1250,0.080421,0.007313,0.416356,0.000588,0.053709,-0.006949
1251,0.054873,0.014929,0.442079,0.001381,0.053781,-0.008323
1252,-0.104405,0.001546,0.443618,0.000147,0.066983,-0.009358
1253,-0.119167,-0.030687,0.420528,-0.002741,0.069821,-0.008360
1254,0.089193,0.008358,0.392972,0.000153,0.053637,-0.007926
1255,-0.014688,0.018285,0.490579,0.002316,0.056635,-0.007116
1256,-0.029289,0.007837,0.433902,0.000591,0.060822,-0.008969
1257,-0.073650,-0.022864,0.420654,-0.002173,0.065228,-0.008939
1258,0.051345,0.012077,0.440146,0.001064,0.053478,-0.008466
1259,0.081648,0.010298,0.387391,-0.000039,0.053204,-0.009503
1260,0.092761,0.004616,0.398367,-0.000370,0.050983,-0.008170
1261,0.091764,0.004721,0.398092,-0.000475,0.050312,-0.007096
1262,-0.565694,-0.119963,0.546114,-0.009188,0.098194,-0.006132
1263,0.077625,0.014693,0.390769,-0.000406,0.053512,-0.004957
1264,-0.251645,-0.049943,0.481041,-0.004555,0.076555,-0.004652
1265,0.088705,0.014189,0.389754,-0.000646,0.053057,-0.006407
1266,0.115913,0.008729,0.394090,-0.000938,0.049577,-0.005704
1267,-0.243604,-0.066191,0.464123,-0.006681,0.075996,-0.004860
1268,0.083016,0.009116,0.400560,-0.001863,0.052269,-0.011542
1269,-0.045288,-0.005430,0.488991,-0.001750,0.057889,-0.010085
1270,0.079653,0.006585,0.395116,-0.002115,0.052230,-0.012009
1271,-0.240164,-0.038168,0.462716,-0.005188,0.075573,-0.009996
1272,0.090403,0.008350,0.395502,-0.002288,0.051587,-0.015111
1273,0.070272,0.052072,0.527976,0.003344,0.045422,-0.012915
1274,-0.098494,-0.016933,0.408776,-0.003908,0.065957,-0.008980
1275,-0.113597,0.003186,0.454096,-0.001700,0.065067,-0.011855
1276,0.093378,0.011895,0.389815,-0.001573,0.051023,-0.009528
1277,0.011937,0.060637,0.483140,0.003794,0.052293,-0.008230
1278,0.085535,0.012926,0.394560,-0.001167,0.050492,-0.009726
1279,0.030217,0.009801,0.477669,-0.000189,0.049999,-0.008444
1280,0.044110,0.022937,0.443528,0.000373,0.050225,-0.010446
1281,-0.002704,0.032888,0.440375,0.001148,0.054043,-0.009018
1282,0.041790,0.035704,0.434825,0.001415,0.050273,-0.009622
1283,0.083568,0.007715,0.393364,-0.001171,0.048441,-0.009214
1284,0.029647,0.039285,0.479384,0.002679,0.047585,-0.008109
1285,0.020074,0.028301,0.442855,0.001409,0.050083,-0.008502
1286,-0.082234,-0.023174,0.426793,-0.003051,0.059439,-0.008883
1287,-0.011912,-0.005135,0.444287,-0.001412,0.052389,-0.011236
1288,0.055411,0.017840,0.431140,0.000289,0.047057,-0.011385
1289,-0.067343,0.048598,0.447543,0.003136,0.056301,-0.009125
1290,0.011509,-0.013499,0.425847,-0.001750,0.050728,-0.009136
1291,0.036972,0.010467,0.438437,0.000235,0.047369,-0.009863
1292,0.048079,0.007368,0.435777,-0.000093,0.046072,-0.008155
1293,-0.092630,0.068548,0.440365,0.004829,0.057557,-0.008134
1294,0.067690,-0.015311,0.432220,-0.001031,0.044404,-0.008671
1295,-0.038951,0.034281,0.437222,0.002425,0.052464,-0.008116
1296,0.057156,0.008034,0.426520,0.000547,0.044604,-0.008232
1297,0.064048,0.009896,0.385136,-0.000066,0.045601,-0.007500
1298,-0.037176,0.010757,0.511446,0.001899,0.046921,-0.006524
1299,0.011305,0.022172,0.426273,0.001482,0.047151,-0.009632
1300,0.018927,0.022794,0.432727,0.001969,0.045757,-0.008178
1301,-0.080128,0.020002,0.428802,0.001671,0.054083,-0.009707
1302,-0.058361,0.059030,0.426730,0.005105,0.052382,-0.006258
1303,0.063717,0.003545,0.435243,0.001305,0.041327,-0.003928
1304,-0.068136,0.031833,0.440271,0.003589,0.051824,-0.003689
1305,-0.058303,0.031531,0.428469,0.003681,0.051633,-0.003993
1306,-0.944870,0.012153,0.285068,-0.000637,0.135934,-0.004467
1307,0.037539,0.046367,0.561307,0.008347,0.040449,-0.046861
1308,0.067313,0.011880,0.421158,0.004005,0.045138,-0.032323
1309,0.063292,0.015359,0.423869,0.004391,0.044682,-0.026153
1310,0.056159,0.003362,0.440079,0.003752,0.043951,-0.020649
1311,0.049975,0.012086,0.433422,0.004343,0.044362,-0.015934
1312,0.020329,0.034384,0.426419,0.006167,0.046769,-0.012135
1313,0.047072,0.017558,0.433201,0.005348,0.043757,-0.009522
1314,0.071637,0.014759,0.422235,0.005256,0.041523,-0.008317
1315,0.030288,0.019007,0.453464,0.006107,0.042876,-0.007051
1316,0.066596,0.008813,0.434854,0.005239,0.040415,-0.006546
1317,0.049355,0.016287,0.430987,0.005894,0.041344,-0.005959
1318,-0.035940,-0.023861,0.492419,0.003390,0.045065,-0.005011
1319,-0.082965,0.010273,0.393150,0.004128,0.054139,-0.010929
1320,0.096344,-0.021555,0.426913,0.002659,0.036595,-0.009225
1321,-0.003781,0.012698,0.449742,0.005268,0.043268,-0.008017
1322,0.047121,-0.023827,0.437909,0.002555,0.039609,-0.009398
1323,-0.020373,0.014910,0.450118,0.005497,0.044222,-0.009214
1324,-0.164708,0.018405,0.415411,0.005433,0.058347,-0.009530
1325,-0.019930,0.026828,0.438123,0.006990,0.045169,-0.009738
1326,0.060266,-0.007791,0.430636,0.004489,0.038410,-0.009577
1327,-0.176556,0.034907,0.424617,0.007383,0.058421,-0.008745
1328,-0.062232,-0.154198,0.454421,-0.007402,0.047491,-0.010428
1329,-0.135054,-0.071125,0.427818,-0.002077,0.055073,-0.007765
1330,-0.023442,0.016318,0.435703,0.005109,0.045344,-0.007381
1331,-0.067348,-0.038460,0.422927,0.000622,0.049711,-0.008619
1332,-0.068440,-0.013131,0.437170,0.002627,0.049032,-0.007489
1333,-0.152397,0.004323,0.396546,0.003438,0.058550,-0.007966
1334,-0.124080,-0.032866,0.412134,0.001239,0.055672,-0.008361
1335,-0.267097,0.032740,0.389258,0.005888,0.069678,-0.009027
1336,-0.468431,0.125225,0.441787,0.014516,0.085372,-0.011780
1337,-0.092476,-0.164345,0.421551,-0.008280,0.056039,-0.013036
1338,-0.210608,-0.002841,0.417486,0.004261,0.066666,-0.011871
1339,0.219885,-0.208728,0.422682,-0.011814,0.030150,-0.011614
1340,-0.080157,-0.071116,0.420290,-0.003038,0.054654,-0.010566
1341,-0.180065,0.018561,0.435764,0.004091,0.062652,-0.010512
1342,0.096827,0.001262,0.393502,0.002592,0.041608,-0.010314
1343,0.048339,-0.093429,0.479515,-0.004211,0.040516,-0.008921
1344,-0.129553,0.020247,0.413910,0.003526,0.059052,-0.006546
1345,-0.102933,0.016397,0.470998,0.004359,0.054178,-0.008331
1346,0.001302,-0.109032,0.405807,-0.006528,0.049260,-0.007683
1347,-0.101641,0.028190,0.437033,0.003889,0.056010,-0.010652
1348,-0.091776,0.023312,0.444895,0.004082,0.055183,-0.008192
1349,0.066025,-0.128991,0.412798,-0.008410,0.043746,-0.007006
1350,-0.061485,0.042405,0.468301,0.004918,0.051003,-0.010416
1351,-0.119617,-0.047656,0.381725,-0.003250,0.061137,-0.009581
1352,-0.266966,0.099642,0.424139,0.008916,0.071497,-0.009593
1353,0.087945,-0.138115,0.451511,-0.009103,0.040748,-0.007557
1354,0.096192,-0.092714,0.439394,-0.006872,0.040135,-0.011972
1355,-0.061797,0.018282,0.455513,0.001826,0.052329,-0.005512
1356,-0.040710,0.016451,0.431707,0.001715,0.052143,-0.004613
1357,-0.266094,0.012489,0.427969,0.001164,0.072076,-0.004747
1358,-0.098482,0.023908,0.413693,0.002020,0.059515,-0.013908
1359,0.004480,0.001061,0.447080,0.001331,0.049225,-0.012621
1360,0.209657,-0.153589,0.415236,-0.012253,0.033035,-0.010447
1361,0.108088,-0.006941,0.422669,-0.001797,0.039702,-0.008325
1362,0.097042,0.008505,0.392192,-0.001449,0.041161,-0.007443
1363,0.098624,0.025724,0.499083,0.001556,0.034055,-0.006364
1364,-0.627140,0.456696,0.386336,0.035117,0.102255,-0.005685
1365,-0.230148,0.119639,0.502385,0.012876,0.066426,-0.003140
1366,0.199991,-0.114755,0.406419,-0.006369,0.036150,-0.008816
1367,0.005048,-0.018424,0.452417,0.001139,0.049117,-0.009722
1368,0.213980,-0.132797,0.423692,-0.008832,0.032473,-0.010121
1369,0.100651,0.014586,0.456270,0.002718,0.038842,-0.009470
1370,0.047734,-0.073526,0.452528,-0.004785,0.042918,-0.008208
1371,-0.056748,0.068474,0.427630,0.005823,0.052928,-0.010358
1372,0.097416,0.005038,0.392583,0.000573,0.041530,-0.008023
1373,-0.095434,0.184362,0.468217,0.016340,0.053247,-0.006887
1374,-0.077940,0.145921,0.468614,0.014277,0.052918,-0.008156
1375,0.108473,0.013125,0.419775,0.004177,0.040090,-0.007443
1376,0.139049,-0.139488,0.433914,-0.008298,0.035866,-0.007118
1377,-0.182480,0.013997,0.409377,0.002591,0.064174,-0.011390
1378,-0.152879,0.060686,0.450294,0.007459,0.060006,-0.010106
1379,0.084095,-0.125766,0.417081,-0.007826,0.042011,-0.008628
1380,-0.084854,0.061429,0.459189,0.007234,0.053642,-0.010638
1381,0.130733,-0.108437,0.434452,-0.006574,0.036814,-0.008999
1382,-0.193896,0.166574,0.419314,0.015051,0.064804,-0.006584
1383,0.097420,0.001275,0.393093,0.002566,0.041752,-0.009059
1384,-0.030314,-0.273675,0.454304,-0.019563,0.048177,-0.007818
1385,-0.077723,0.028932,0.472352,0.003671,0.051307,-0.010229
1386,0.096868,0.010319,0.423494,0.001658,0.039219,-0.009130
1387,-0.203342,0.011674,0.392662,0.000905,0.066345,-0.007913
1388,-0.398990,0.319125,0.439709,0.027546,0.081742,-0.009508
1389,-0.054855,-0.282442,0.453746,-0.019682,0.053560,-0.007415
1390,0.100743,0.004279,0.393429,0.001356,0.043236,-0.008950
1391,-0.101604,0.183217,0.491636,0.017388,0.055045,-0.007709
1392,-0.773647,-0.059580,0.247694,-0.005780,0.127696,-0.008217
1393,0.170691,0.063616,0.538178,0.009327,0.033250,-0.044590
1394,0.087370,-0.004016,0.396580,0.003233,0.047312,-0.019572
1395,0.084987,-0.003471,0.397029,0.003116,0.047024,-0.017097
1396,0.071121,0.012336,0.536300,0.006490,0.040160,-0.014910
1397,0.077001,0.000215,0.449906,0.004311,0.044064,-0.009401
1398,0.083253,-0.003028,0.396590,0.003042,0.045972,-0.009365
1399,0.074766,0.010747,0.490166,0.005490,0.041139,-0.008080
1400,0.072687,-0.001835,0.446568,0.003702,0.043289,-0.009324
1401,0.100893,0.000944,0.392445,0.002957,0.043100,-0.009702
1402,0.053175,0.012320,0.489925,0.005163,0.041340,-0.008352
1403,0.069363,0.001932,0.441832,0.003681,0.042337,-0.009697
1404,0.063419,0.006631,0.439661,0.003949,0.042470,-0.009681
1405,-0.337633,0.056383,0.398508,0.007052,0.078975,-0.009942
1406,0.084919,0.005510,0.456927,0.004690,0.040770,-0.013074
1407,0.073621,-0.001371,0.437069,0.003893,0.042273,-0.010674
1408,0.065947,0.001279,0.440922,0.004139,0.042224,-0.009243
1409,0.011122,-0.027056,0.446016,0.001708,0.046233,-0.009413
1410,0.098544,0.001742,0.424449,0.003508,0.039312,-0.010874
1411,-0.025883,-0.016012,0.451666,0.002130,0.047973,-0.009583
1412,0.019652,-0.000478,0.436738,0.003131,0.044936,-0.010628
1413,0.023681,0.028639,0.432959,0.005503,0.044484,-0.010598
1414,-0.477296,0.105964,0.409004,0.011335,0.088909,-0.010174
1415,0.031994,-0.072823,0.408795,-0.002057,0.047112,-0.012793
1416,-0.060345,-0.038575,0.451815,0.000939,0.052350,-0.011743
1417,0.068843,0.010018,0.440641,0.004602,0.041900,-0.011653
1418,0.026742,0.020877,0.436017,0.005643,0.045341,-0.010587
1419,0.073273,-0.012868,0.437325,0.002987,0.040956,-0.010179
1420,-0.002412,0.020758,0.442090,0.005465,0.046665,-0.011066
1421,0.058977,0.013874,0.437118,0.005092,0.041541,-0.010445
1422,-0.020317,-0.009751,0.443219,0.003241,0.047642,-0.009874
1423,0.030623,0.010680,0.429089,0.004576,0.043798,-0.012806
1424,0.099324,-0.008045,0.408841,0.002831,0.038300,-0.010738
1425,-0.072545,-0.000831,0.468610,0.003821,0.049325,-0.009478
1426,-0.639610,-0.502701,0.308878,-0.041243,0.108530,-0.009054
1427,0.085231,0.148156,0.509712,0.012474,0.036641,-0.068547
1428,-0.071583,0.083661,0.436487,0.008258,0.053396,-0.045187
1429,-0.048016,-0.019527,0.417354,0.000170,0.052704,-0.020666
1430,-0.146457,0.004044,0.422625,0.001767,0.060944,-0.017773
1431,0.108980,-0.019814,0.431385,0.000731,0.038772,-0.013757
1432,-0.122835,-0.011179,0.410033,0.000219,0.059170,-0.012229
1433,-0.097252,-0.003042,0.453238,0.001530,0.055395,-0.011937
1434,0.081847,0.001632,0.395635,0.000992,0.043427,-0.017842
1435,-0.224782,0.051702,0.467850,0.005881,0.065500,-0.015502
1436,-0.004517,-0.024172,0.437403,-0.000100,0.049147,-0.014472
1437,0.040390,-0.050940,0.433725,-0.002576,0.045343,-0.013943
1438,-0.161847,-0.023026,0.445563,-0.000725,0.061812,-0.014180
1439,0.007582,0.002206,0.410551,0.001002,0.049742,-0.016909
1440,-0.047038,-0.035142,0.424393,-0.001960,0.053541,-0.011686
1441,-0.096180,0.030682,0.428666,0.003075,0.057599,-0.013504
1442,-0.013255,-0.031442,0.440963,-0.001552,0.050182,-0.013074
1443,0.023335,-0.013662,0.439038,-0.000676,0.047050,-0.014376
1444,-0.287135,0.044758,0.440635,0.004014,0.073340,-0.013720
1445,0.070997,-0.031565,0.425574,-0.002075,0.044608,-0.011493
1446,0.113828,-0.041223,0.442328,-0.002635,0.039793,-0.014959
1447,-0.021650,-0.008679,0.431332,-0.000667,0.051494,-0.012981
1448,0.000106,0.028683,0.434441,0.002314,0.049422,-0.013837
1449,-0.051002,-0.000417,0.435625,0.000026,0.053734,-0.013260
1450,-0.069156,0.029908,0.433668,0.002421,0.055553,-0.013783
1451,0.062203,-0.008052,0.458249,0.000004,0.043137,-0.013313
1452,0.083700,0.003587,0.395869,-0.000045,0.044254,-0.012837
1453,0.051303,-0.004313,0.474813,0.000375,0.042233,-0.011119
1454,0.084434,0.003097,0.395008,-0.000189,0.043328,-0.011217
1455,0.071055,0.017006,0.486830,0.002227,0.038921,-0.009666
1456,0.086866,0.015268,0.432451,0.001302,0.039854,-0.008287
1457,0.055661,0.005270,0.394616,-0.000327,0.044055,-0.006773
1458,-0.257340,0.034239,0.482388,0.003113,0.066130,-0.006164
1459,0.078145,0.008356,0.393580,-0.000174,0.043008,-0.011290
1460,0.050411,0.047159,0.490945,0.004553,0.039579,-0.009962
1461,0.046294,0.026858,0.442005,0.002447,0.042284,-0.012213
1462,0.016666,0.052712,0.437452,0.004559,0.044726,-0.012119
1463,0.016141,0.035058,0.437946,0.003394,0.044565,-0.013211
1464,0.098128,0.010324,0.425247,0.001467,0.037689,-0.012819
1465,-0.013747,0.032103,0.452684,0.003427,0.045278,-0.011600
1466,0.048485,0.013373,0.435977,0.001950,0.040868,-0.013088
1467,0.064531,0.005469,0.442013,0.001349,0.038697,-0.012343
1468,0.069295,0.005850,0.394480,0.000479,0.040290,-0.011837
1469,0.003329,0.042537,0.481653,0.004801,0.040713,-0.010194
1470,0.051190,0.014479,0.432813,0.002131,0.038981,-0.012765
1471,0.092090,0.009273,0.425425,0.001676,0.035042,-0.012139
1472,-0.032056,0.030939,0.456267,0.003657,0.043573,-0.010960
1473,-0.199229,-0.034523,0.399982,-0.002503,0.061237,-0.012761
1474,0.042299,0.022307,0.455831,0.002955,0.037895,-0.010687
1475,-0.203229,-0.033058,0.400331,-0.002420,0.061765,-0.010825
1476,-0.279683,-0.024347,0.422001,-0.001762,0.067864,-0.009247
1477,0.090615,0.004781,0.392201,0.000630,0.038441,-0.008384
1478,-0.420581,-0.190405,0.464413,-0.015084,0.078018,-0.007124
1479,-0.146874,0.066604,0.398320,0.004841,0.059827,-0.027523
1480,-0.188276,-0.021553,0.424369,-0.001563,0.062617,-0.012786
1481,-0.154283,-0.008460,0.413543,-0.000904,0.061025,-0.011575
1482,-0.169205,0.004475,0.434359,0.000468,0.061772,-0.010339
1483,-0.056365,0.137036,0.447285,0.012185,0.051997,-0.010070
1484,0.097407,0.003171,0.393649,0.001642,0.041744,-0.011438
1485,-0.349091,-0.126680,0.468507,-0.008592,0.075673,-0.009867
1486,-0.218408,-0.026008,0.402415,-0.001758,0.069940,-0.019487
1487,-0.113207,-0.000758,0.412095,0.000543,0.061377,-0.015497
1488,-0.144444,0.008382,0.434881,0.001588,0.063287,-0.013007
1489,0.057752,0.085867,0.455553,0.008832,0.045406,-0.011290
1490,-0.110802,-0.031393,0.406729,-0.001114,0.062599,-0.011670
1491,0.022801,0.004763,0.476117,0.002773,0.047774,-0.010116
1492,0.105015,0.003422,0.393088,0.001754,0.044961,-0.009794
1493,0.109006,0.012878,0.429156,0.003000,0.041637,-0.008385
1494,0.004769,0.023892,0.486852,0.004525,0.047294,-0.007939
1495,0.045418,0.066356,0.444060,0.007700,0.046558,-0.008762
1496,0.079884,0.038405,0.438592,0.005810,0.043620,-0.011974
1497,0.068617,-0.011960,0.443549,0.001751,0.043842,-0.011655
1498,0.072174,0.014854,0.435808,0.003695,0.043532,-0.010531
1499,0.105082,0.009823,0.423322,0.003303,0.040658,-0.010207
1500,-0.004035,0.052282,0.460145,0.007146,0.047601,-0.009423
1501,0.072879,0.011285,0.436317,0.003794,0.042409,-0.011753
1502,0.067384,0.006724,0.443514,0.003615,0.042039,-0.010643
1503,0.043810,0.002878,0.443058,0.003164,0.043647,-0.010733
1504,0.065897,0.019981,0.435156,0.004276,0.041767,-0.011140
1505,0.066813,-0.017635,0.445736,0.001601,0.040711,-0.010451
1506,0.058678,0.013366,0.436188,0.003691,0.041369,-0.009728
1507,0.033404,0.010284,0.443060,0.003630,0.042768,-0.010267
1508,0.099196,0.003876,0.422146,0.002834,0.037592,-0.010511
1509,0.096808,-0.006154,0.408400,0.001699,0.037376,-0.009482
1510,0.090441,0.011916,0.441639,0.003478,0.034910,-0.008305
1511,0.087165,0.001976,0.390803,0.001902,0.036885,-0.007389
1512,0.085171,0.002103,0.390558,0.001776,0.035999,-0.006260
1513,0.090333,-0.029490,0.456780,0.000015,0.030788,-0.005251
1514,0.075152,-0.040747,0.453641,-0.001839,0.031138,-0.005106
1515,0.078897,0.005133,0.389834,0.000039,0.033161,-0.003786
1516,0.074814,-0.026935,0.436730,-0.002133,0.029961,-0.003050
1517,0.085128,0.048377,0.465578,0.003996,0.026187,-0.002143
1518,-4.516517,-1.169558,0.406319,-0.102431,0.429872,-0.000718
1519,0.158270,0.048291,0.443737,0.000739,0.047562,-0.062085
1520,0.126119,0.015678,0.402003,-0.001996,0.051430,-0.051921
1521,0.130126,0.019081,0.403731,-0.001679,0.050075,-0.045776
1522,-0.220665,0.020836,0.347846,-0.002433,0.082573,-0.040098
1523,0.128406,0.019745,0.410327,-0.001057,0.049553,-0.010166
1524,-0.002309,0.202930,0.484510,0.014937,0.056849,-0.009139
1525,0.135353,0.023373,0.417557,0.000788,0.049163,-0.011858
1526,0.076483,0.013848,0.421647,-0.000098,0.053391,-0.010812
1527,0.086518,0.008001,0.400862,-0.000961,0.053536,-0.009827
1528,0.123349,-0.034490,0.466671,-0.003577,0.046270,-0.008339
1529,0.115716,0.010673,0.394531,-0.001980,0.049690,-0.008120
1530,0.124536,0.029499,0.480850,0.000838,0.043077,-0.006836
1531,-0.167602,-0.035981,0.497274,-0.004735,0.067725,-0.007021
1532,0.118329,0.011358,0.419083,-0.001105,0.048885,-0.016377
1533,0.066600,0.001690,0.399995,-0.002479,0.053863,-0.013902
1534,0.067229,-0.020552,0.488873,-0.003275,0.048912,-0.012043
1535,0.089931,0.053649,0.467172,0.001770,0.047713,-0.013675
1536,0.087344,-0.006707,0.419184,-0.003562,0.050230,-0.012669
1537,0.057606,0.049087,0.467269,0.001298,0.049800,-0.011978
1538,0.124684,0.019304,0.420415,-0.001247,0.046121,-0.012607
1539,0.057037,0.039653,0.466197,0.000869,0.048872,-0.011658
1540,0.078263,-0.005028,0.424055,-0.003517,0.049253,-0.012774
1541,0.095954,0.089642,0.455918,0.004432,0.045448,-0.012417
1542,0.081009,0.042182,0.447926,0.001160,0.046816,-0.012578
1543,0.068720,-0.001961,0.431750,-0.002815,0.048357,-0.013155
1544,0.067418,0.001971,0.440186,-0.002836,0.047513,-0.012825
1545,0.063865,0.001465,0.442160,-0.003025,0.047262,-0.012191
1546,0.083692,0.068198,0.456522,0.002635,0.044272,-0.011746
1547,0.073928,0.057801,0.442107,0.002009,0.045444,-0.013261
1548,0.069968,0.049892,0.441562,0.001637,0.045388,-0.013412
1549,0.062718,0.039775,0.437725,0.000954,0.045765,-0.013496
1550,0.049356,0.032104,0.441649,0.000588,0.046250,-0.013567
1551,-0.110210,-0.039108,0.413752,-0.005842,0.060747,-0.013637
1552,-0.034706,0.026447,0.444587,-0.000308,0.052962,-0.021995
1553,-0.028324,-0.019963,0.421300,-0.004231,0.054034,-0.012794
1554,0.047221,0.036292,0.456721,0.000821,0.045510,-0.018847
1555,0.080189,-0.011160,0.423438,-0.003340,0.044040,-0.014443
1556,0.044970,0.041822,0.454621,0.001042,0.044677,-0.013065
1557,0.055579,0.022879,0.438065,-0.000317,0.044355,-0.013023
1558,-0.052798,-0.024404,0.434319,-0.004319,0.053427,-0.012468
1559,-0.049070,-0.004614,0.431674,-0.003054,0.053189,-0.013729
1560,-0.045111,-0.001935,0.431091,-0.002851,0.052868,-0.013780
1561,0.008272,0.099226,0.443364,0.005784,0.047745,-0.013697
1562,0.067045,0.010338,0.430040,-0.000830,0.043263,-0.014950
1563,0.014483,-0.027361,0.441614,-0.003927,0.046558,-0.013337
1564,0.053209,-0.002573,0.436620,-0.002244,0.043150,-0.013768
1565,0.023086,0.025360,0.441305,0.000021,0.045016,-0.013142
1566,0.044370,0.000489,0.442252,-0.001846,0.042843,-0.013467
1567,0.048570,-0.001069,0.437036,-0.002151,0.042287,-0.012967
1568,0.036397,-0.018125,0.432541,-0.003745,0.042982,-0.012717
1569,0.000252,-0.035243,0.427669,-0.005530,0.045820,-0.013156
1570,-0.026985,0.043047,0.458618,0.001058,0.046344,-0.014413
1571,0.062497,0.011631,0.424441,-0.001567,0.040375,-0.015188
1572,0.045964,0.007015,0.439552,-0.001739,0.040295,-0.013558
1573,0.001332,-0.032886,0.427823,-0.005369,0.044244,-0.012830
1574,0.021415,0.024467,0.445339,-0.000609,0.041234,-0.013379
1575,-0.301428,0.229583,0.435642,0.016136,0.070210,-0.013569
1576,-0.137594,-0.122055,0.348559,-0.011383,0.062310,-0.002191
1577,-0.091400,-0.071088,0.438167,-0.007638,0.053036,-0.027665
1578,0.059787,0.072762,0.493176,0.004661,0.036803,-0.033889
1579,0.025629,0.039627,0.436370,0.002414,0.042561,-0.025628
1580,-0.038935,-0.025685,0.439500,-0.002997,0.047625,-0.018845
1581,-0.032442,-0.005810,0.432979,-0.001856,0.047283,-0.020324
1582,0.028379,0.003157,0.429500,-0.001114,0.042158,-0.019704
1583,0.023367,-0.000935,0.432290,-0.001434,0.041946,-0.015287
1584,-0.034879,-0.017415,0.433459,-0.002808,0.046540,-0.015838
1585,0.000297,-0.004078,0.429978,-0.001823,0.043607,-0.018848
1586,-0.016484,-0.010342,0.446465,-0.002145,0.043894,-0.019977
1587,-0.036253,-0.019374,0.436069,-0.003107,0.046029,-0.018585
1588,-0.002758,-0.008362,0.433312,-0.002354,0.043172,-0.019092
1589,0.007422,0.011434,0.432737,-0.000839,0.042090,-0.018931
1590,0.033997,0.045592,0.424409,0.001786,0.039771,-0.015487
1591,0.017466,0.004085,0.437770,-0.000886,0.040077,-0.014384
1592,0.023567,0.019617,0.433244,0.000352,0.039376,-0.012872
1593,-0.000049,-0.004475,0.431098,-0.001578,0.041165,-0.016042
1594,-0.007028,-0.002469,0.459877,-0.001100,0.039952,-0.016602
1595,-0.042454,-0.007307,0.435059,-0.001915,0.044133,-0.016094
1596,-0.063953,-0.006422,0.406398,-0.002325,0.047431,-0.015839
1597,-0.099949,-0.020741,0.413799,-0.003445,0.050072,-0.016222
1598,-0.064578,-0.051692,0.461468,-0.005344,0.044647,-0.016805
1599,-0.086935,-0.016410,0.404017,-0.003544,0.049769,-0.014971
1600,-0.133727,-0.110911,0.393376,-0.011794,0.054398,-0.017283
1601,-0.196396,-0.012027,0.406035,-0.004129,0.059394,-0.015099
1602,-0.256614,-0.060101,0.388408,-0.008593,0.066195,-0.017622
1603,-0.294568,-0.140424,0.386002,-0.015665,0.070340,-0.017823
1604,-0.164866,0.041270,0.536730,0.001454,0.052379,-0.016106
1605,-0.049323,0.029187,0.394650,-0.001101,0.051013,-0.012287
1606,-0.139244,-0.133465,0.392867,-0.014442,0.058888,-0.017913
1607,-0.153977,-0.023165,0.438754,-0.005717,0.058072,-0.016078
1608,-0.068917,0.016798,0.471600,-0.001792,0.049741,-0.016374
1609,-0.096546,-0.057613,0.385561,-0.009207,0.056950,-0.013068
1610,-0.069481,0.013655,0.464562,-0.002401,0.050647,-0.017602
1611,-0.057542,0.009515,0.432753,-0.003151,0.051622,-0.016911
1612,-0.008317,0.097437,0.449876,0.004458,0.046646,-0.014183
1613,-0.014431,0.079590,0.425208,0.003481,0.048474,-0.015508
1614,-0.063754,0.044696,0.423942,0.000958,0.052891,-0.015485
1615,-0.046526,-0.027614,0.428009,-0.004264,0.051752,-0.016428
1616,-0.053756,-0.015775,0.430229,-0.003614,0.052415,-0.015611
1617,-0.027575,-0.110398,0.432661,-0.011536,0.049712,-0.015806
1618,-0.201871,-0.024952,0.418790,-0.005606,0.065842,-0.018809
1619,-0.074142,0.023554,0.436681,-0.001183,0.055023,-0.016172
1620,-0.023663,0.008203,0.432053,-0.001875,0.051349,-0.014284
1621,-0.001658,-0.027642,0.444792,-0.004713,0.048853,-0.012972
1622,-0.090415,0.008677,0.427326,-0.002921,0.057270,-0.012107
1623,-0.009741,0.020339,0.443438,-0.001319,0.049865,-0.011068
1624,-0.002185,0.009077,0.428018,-0.002107,0.050181,-0.010803
1625,0.108702,-0.014489,0.438905,-0.003612,0.039748,-0.010029
1626,-0.014456,-0.104576,0.444669,-0.011788,0.049398,-0.009240
1627,0.102108,0.004487,0.408816,-0.003908,0.041101,-0.015292
1628,-0.056538,0.000772,0.464197,-0.003844,0.051371,-0.013458
1629,0.053975,0.018459,0.447268,-0.002647,0.043216,-0.015397
1630,0.050912,0.016371,0.446436,-0.002596,0.043249,-0.014933
1631,0.049534,0.015211,0.439492,-0.002787,0.043445,-0.012817
1632,0.049472,0.014210,0.437192,-0.002911,0.043246,-0.014593
1633,0.042663,0.011084,0.441308,-0.003128,0.043263,-0.012579
1634,0.034040,0.009450,0.439508,-0.003378,0.043776,-0.011176
1635,0.047243,0.018342,0.438424,-0.002582,0.042413,-0.010104
1636,0.022995,-0.004959,0.429700,-0.004546,0.044632,-0.012094
1637,0.045292,-0.004593,0.441428,-0.004475,0.041816,-0.015526
1638,0.040357,0.016940,0.446984,-0.002838,0.041579,-0.015125
1639,0.093776,0.012468,0.391871,-0.003873,0.039455,-0.013002
1640,0.099571,-0.008202,0.440961,-0.004865,0.035202,-0.011196
1641,-0.099347,-0.030956,0.462633,-0.007110,0.050734,-0.010287
1642,-0.051372,-0.045279,0.437319,-0.008537,0.048699,-0.016475
1643,0.035770,-0.010646,0.434298,-0.006020,0.041317,-0.020243
1644,-0.094120,-0.014200,0.431700,-0.006615,0.052202,-0.018444
1645,-0.054704,0.139498,0.422414,0.006070,0.049265,-0.018070
1646,-0.077448,-0.009956,0.433116,-0.005708,0.050986,-0.012504
1647,-0.034185,-0.026220,0.420992,-0.006881,0.048401,-0.016009
1648,-0.117573,0.156582,0.453771,0.008615,0.053824,-0.016442
1649,-0.058339,-0.026961,0.419206,-0.005875,0.051135,-0.014668
1650,-0.038544,-0.012634,0.427992,-0.004737,0.049135,-0.016526
1651,-0.034683,0.021551,0.441780,-0.001781,0.047908,-0.014711
1652,-0.049850,-0.005086,0.420325,-0.004270,0.050518,-0.013674
1653,-0.007523,-0.015043,0.441620,-0.004667,0.045972,-0.012746
1654,-0.038673,-0.034508,0.416757,-0.006791,0.049831,-0.013186
1655,-0.044127,-0.009929,0.444989,-0.004500,0.048849,-0.017297
1656,-0.020023,0.011058,0.444589,-0.002762,0.046684,-0.015465
1657,-0.077010,-0.022973,0.411376,-0.006111,0.053375,-0.013958
1658,-0.005658,-0.040542,0.433513,-0.007256,0.046384,-0.014500
1659,-0.003661,-0.024674,0.436516,-0.006127,0.045967,-0.015470
1660,-0.012678,-0.013030,0.437917,-0.005359,0.046505,-0.015088
1661,0.007654,0.073091,0.459433,0.002103,0.043505,-0.015425
1662,-0.040120,0.022880,0.426649,-0.002107,0.049235,-0.014810
1663,-0.082263,0.049603,0.428256,0.000103,0.052864,-0.014184
1664,-0.053564,-0.017239,0.415368,-0.005030,0.051601,-0.014752
1665,-0.052091,-0.001817,0.437644,-0.003707,0.050306,-0.013177
1666,-0.133985,-0.019159,0.420338,-0.005437,0.058516,-0.011886
1667,-0.038336,-0.004019,0.441798,-0.003847,0.049554,-0.011588
1668,-0.042297,-0.049798,0.415939,-0.007889,0.051360,-0.012498
1669,-0.084606,-0.062711,0.421296,-0.009234,0.054925,-0.016422
1670,-0.042453,0.001188,0.411247,-0.004463,0.052115,-0.018099
1671,-0.022460,-0.021409,0.472205,-0.005120,0.047163,-0.017249
1672,-0.096255,-0.012606,0.427745,-0.005559,0.055886,-0.015387
1673,0.011452,0.015780,0.453742,-0.002778,0.045518,-0.014088
1674,-0.023827,-0.009445,0.416681,-0.005178,0.050504,-0.012509
1675,-0.023328,0.012323,0.443305,-0.003188,0.048997,-0.012374
1676,-0.032406,-0.006431,0.426035,-0.004832,0.050807,-0.011487
1677,-0.034882,0.013296,0.437798,-0.003196,0.050371,-0.011165
1678,-0.062204,-0.034302,0.416458,-0.007154,0.053948,-0.011507
1679,-0.052369,-0.014238,0.436204,-0.005330,0.052464,-0.016666
1680,-0.018182,-0.000541,0.447199,-0.004110,0.049168,-0.016286
1681,-0.027244,0.023022,0.432547,-0.002515,0.050632,-0.014654
1682,-0.035230,0.004569,0.433055,-0.003771,0.051357,-0.013080
1683,-0.003589,0.005033,0.439353,-0.003660,0.048271,-0.011807
1684,-0.022724,-0.006976,0.432875,-0.004594,0.050325,-0.013131
1685,-0.020657,0.002802,0.431790,-0.004019,0.050231,-0.011949
1686,-0.000249,0.001101,0.427574,-0.004164,0.048660,-0.012070
1687,-0.010793,-0.026028,0.432069,-0.006375,0.049294,-0.012630
1688,0.006083,-0.001233,0.449400,-0.004072,0.046925,-0.014861
1689,-0.034897,-0.005870,0.421604,-0.005028,0.051859,-0.013929
1690,0.011742,0.019167,0.449740,-0.002675,0.046288,-0.012620
1691,-0.015774,0.001298,0.433099,-0.004119,0.049505,-0.013419
1692,-0.041974,0.008072,0.428306,-0.003775,0.051981,-0.012910
1693,-0.002109,0.020763,0.449577,-0.002341,0.047491,-0.012626
1694,-0.027131,-0.000329,0.427969,-0.004201,0.050806,-0.012306
1695,0.022396,-0.003434,0.427771,-0.004446,0.046531,-0.011392
1696,0.103165,-0.001012,0.426823,-0.004083,0.039097,-0.011807
1697,-0.109105,-0.069270,0.425555,-0.010280,0.056821,-0.010598
1698,0.100945,0.003067,0.417821,-0.004523,0.039336,-0.017004
1699,0.024992,0.013160,0.414001,-0.004092,0.045648,-0.015101
1700,-0.548628,-0.517007,0.467056,-0.047579,0.092080,-0.013266
1701,-0.115838,0.080235,0.434770,-0.000955,0.058649,-0.016284
1702,-0.080825,0.294803,0.442760,0.017743,0.056348,-0.016764
1703,0.074021,0.066718,0.426511,0.000784,0.044387,-0.010438
1704,-0.013410,0.001324,0.429087,-0.004890,0.051207,-0.011434
1705,-0.004567,0.010930,0.442174,-0.003907,0.049803,-0.010293
1706,-0.005644,0.031797,0.458610,-0.001758,0.048962,-0.010024
1707,0.001128,-0.005665,0.410477,-0.005085,0.051088,-0.010006
1708,0.003383,-0.116759,0.439105,-0.014339,0.049243,-0.010292
1709,-0.011739,0.010544,0.428193,-0.004684,0.050932,-0.013352
1710,-0.020086,0.008369,0.440173,-0.004711,0.050962,-0.012722
1711,-0.010689,0.013128,0.434913,-0.004367,0.050459,-0.011591
1712,0.101069,0.014568,0.393232,-0.004669,0.042828,-0.010726
1713,0.099416,0.014464,0.392609,-0.004689,0.042029,-0.009197
1714,0.101415,0.003346,0.454738,-0.004667,0.037368,-0.007830
1715,-0.703348,-0.462675,0.553063,-0.043564,0.102400,-0.008960
1716,0.176773,0.043761,0.391068,-0.005871,0.038328,-0.007577
1717,0.108449,0.035238,0.410741,-0.006038,0.041359,-0.006193
1718,-0.501171,0.443247,0.364099,0.027065,0.096298,-0.005093
1719,0.138720,-0.037207,0.499899,-0.005457,0.036679,0.003617
1720,0.103429,0.013848,0.393084,-0.004094,0.043931,-0.001892
1721,-0.089048,-0.082292,0.405910,-0.012152,0.059384,-0.001321
1722,-0.243361,-0.104203,0.427764,-0.014471,0.072920,-0.014634
1723,0.119085,0.077561,0.532424,0.001617,0.036765,-0.033795
