Step,Fx(N),Fy(N),Fz(N),Tx(Nm),Ty(Nm),Tz(Nm)
1,0.000000,0.000000,0.000000,0.000000,0.000000,0.000000
2,0.083639,-0.012986,1.521354,-0.028560,0.093143,0.000001
3,0.082337,-0.013007,1.506033,-0.028251,0.092130,0.000002
4,0.037956,-0.012705,1.469400,-0.028597,0.076497,-0.000026
5,-0.024756,-0.012279,1.423847,-0.029194,0.054559,-0.000080
6,-0.081416,-0.028582,1.374927,-0.023398,0.034203,-0.000124
7,-0.132291,-0.055906,1.324202,-0.013366,0.015338,-0.000151
8,-0.179941,-0.081686,1.275706,-0.003837,-0.002622,-0.000180
9,-0.224067,-0.105781,1.229674,0.005140,-0.019572,-0.000209
10,-0.264451,-0.128096,1.186255,0.013532,-0.035431,-0.000239
11,-0.300892,-0.148559,1.145565,0.021316,-0.050124,-0.000270
12,-0.333224,-0.167109,1.107676,0.028469,-0.063583,-0.000301
13,-0.361374,-0.183724,1.072581,0.034984,-0.075773,-0.000332
14,-0.385235,-0.198368,1.040273,0.040847,-0.086648,-0.000362
15,-0.404798,-0.211038,1.010676,0.046056,-0.096190,-0.000390
16,-0.420049,-0.221752,0.983697,0.050616,-0.104382,-0.000416
17,-0.431047,-0.230529,0.959185,0.054531,-0.111229,-0.000441
18,-0.437850,-0.237419,0.936982,0.057818,-0.116738,-0.000462
19,-0.440472,-0.239622,0.916229,0.060156,-0.120856,-0.000480
20,-0.439146,-0.239208,0.897274,0.061757,-0.123679,-0.000496
21,-0.434053,-0.236903,0.880067,0.062714,-0.125265,-0.000510
22,-0.425369,-0.232811,0.864393,0.063060,-0.125656,-0.000522
23,-0.413312,-0.227042,0.849990,0.062830,-0.124915,-0.000531
24,-0.398064,-0.219706,0.836663,0.062058,-0.123089,-0.000536
25,-0.379868,-0.210914,0.824168,0.060779,-0.120248,-0.000539
26,-0.358956,-0.200785,0.812288,0.059032,-0.116458,-0.000538
27,-0.335564,-0.189444,0.800820,0.056857,-0.111788,-0.000534
28,-0.309970,-0.177020,0.789542,0.054294,-0.106320,-0.000526
29,-0.282416,-0.163647,0.778275,0.051387,-0.100127,-0.000515
30,-0.253151,-0.149427,0.766858,0.048167,-0.093283,-0.000501
31,-0.222463,-0.134492,0.755112,0.044676,-0.085877,-0.000484
32,-0.190597,-0.118985,0.742903,0.040961,-0.077984,-0.000464
33,-0.157811,-0.102998,0.730098,0.037049,-0.069685,-0.000441
34,-0.124370,-0.086660,0.716582,0.032982,-0.061062,-0.000416
35,-0.090479,-0.070073,0.702274,0.028792,-0.052180,-0.000388
36,-0.056406,-0.053365,0.687083,0.024520,-0.043123,-0.000359
37,-0.022388,-0.036612,0.670932,0.020188,-0.033971,-0.000329
38,0.011417,-0.019929,0.653799,0.015835,-0.024770,-0.000297
39,0.044772,-0.003391,0.635633,0.011482,-0.015599,-0.000265
40,0.077486,0.012907,0.616405,0.007161,-0.006522,-0.000232
41,0.109415,0.028885,0.596112,0.002897,0.002415,-0.000199
42,0.140384,0.044465,0.574759,-0.001284,0.011154,-0.000166
43,0.170251,0.059597,0.552350,-0.005370,0.019646,-0.000133
44,0.198912,0.074217,0.528911,-0.009337,0.027856,-0.000101
45,0.226233,0.088266,0.504465,-0.013166,0.035738,-0.000069
46,0.246618,0.093696,0.476101,-0.013875,0.041498,-0.000003
47,0.246056,0.095417,0.440183,-0.013593,0.040258,-0.000003
48,0.245118,0.096933,0.404194,-0.013301,0.039002,-0.000003
49,0.243801,0.098236,0.368180,-0.012997,0.037728,-0.000003
50,0.242115,0.099332,0.332176,-0.012683,0.036436,-0.000003
51,0.240059,0.100219,0.296210,-0.012358,0.035126,-0.000003
52,0.237643,0.100895,0.260327,-0.012022,0.033797,-0.000004
53,0.234869,0.101364,0.224557,-0.011674,0.032449,-0.000003
54,0.263705,0.102013,0.198410,-0.010895,0.042047,0.000074
55,0.293185,0.102435,0.172396,-0.010091,0.051972,0.000136
56,0.320118,0.102590,0.145624,-0.009305,0.061126,0.000175
57,0.344474,0.102468,0.118156,-0.008535,0.069494,0.000191
58,0.366248,0.102073,0.090065,-0.007782,0.077071,0.000184
59,0.385565,0.114149,0.062925,-0.011931,0.083690,0.000154
60,0.402551,0.135283,0.036354,-0.019657,0.089447,0.000123
61,0.418543,0.154499,0.029813,-0.026932,0.095284,0.000098
62,0.432764,0.171664,0.035666,-0.033608,0.100774,0.000077
63,0.444266,0.186717,0.040619,-0.039526,0.105376,0.000059
64,0.452581,0.199644,0.036059,-0.044605,0.108813,0.000045
65,0.456856,0.210394,0.005122,-0.048697,0.110589,0.000032
66,0.459238,0.219383,-0.026130,-0.052189,0.111813,0.000021
67,0.459825,0.226707,-0.057607,-0.055115,0.112514,0.000011
68,0.458731,0.232427,-0.089221,-0.057495,0.112727,0.000001
69,0.456025,0.236617,-0.120912,-0.059354,0.112471,-0.000009
70,0.451822,0.239382,-0.152599,-0.060728,0.111780,-0.000019
71,0.446197,0.240810,-0.184229,-0.061648,0.110675,-0.000030
72,0.439275,0.240978,-0.215716,-0.062140,0.109195,-0.000041
73,0.431151,0.239995,-0.247007,-0.062241,0.107366,-0.000052
74,0.421919,0.237944,-0.278039,-0.061983,0.105218,-0.000064
75,0.411686,0.234923,-0.308752,-0.061396,0.102782,-0.000076
76,0.400572,0.231031,-0.339081,-0.060517,0.100096,-0.000088
77,0.388653,0.226338,-0.368984,-0.059369,0.097181,-0.000100
78,0.376038,0.220950,-0.398403,-0.057990,0.094069,-0.000112
79,0.362794,0.214931,-0.427307,-0.056402,0.090782,-0.000124
80,0.349021,0.208375,-0.455642,-0.054637,0.087349,-0.000136
81,0.334817,0.201344,-0.483374,-0.052716,0.083800,-0.000147
82,0.320246,0.193919,-0.510456,-0.050669,0.080154,-0.000158
83,0.305378,0.186150,-0.536875,-0.048511,0.076430,-0.000168
84,0.290296,0.178128,-0.562583,-0.046277,0.072655,-0.000178
85,0.275057,0.169892,-0.587559,-0.043977,0.068845,-0.000187
86,0.259726,0.161492,-0.611778,-0.041630,0.065020,-0.000196
87,0.244385,0.152996,-0.635210,-0.039259,0.061204,-0.000203
88,0.229035,0.144427,-0.657851,-0.036871,0.057395,-0.000210
89,0.213828,0.135578,-0.679715,-0.034487,0.053638,0.001664
90,0.198793,0.126819,-0.700720,-0.032128,0.049945,0.003243
91,0.183823,0.118678,-0.720790,-0.029807,0.046287,0.001025
92,0.169088,0.109946,-0.740124,-0.027504,0.042699,0.003188
93,0.154481,0.102085,-0.758459,-0.025265,0.039167,0.000344
94,0.140208,0.093488,-0.776073,-0.023060,0.035729,0.003280
95,0.126064,0.086008,-0.792655,-0.020932,0.032348,-0.000239
96,0.115320,0.077488,-0.809189,-0.018878,0.029544,0.003174
97,0.107759,0.069997,-0.825271,-0.016931,0.027299,-0.000241
98,0.100783,0.061744,-0.840542,-0.014998,0.025232,0.002174
99,0.094224,0.054347,-0.854738,-0.013121,0.023314,-0.000179
100,0.088191,0.047131,-0.868174,-0.011363,0.021575,0.002303
101,0.082447,0.042933,-0.880692,-0.009927,0.019997,-0.000253
102,0.077187,0.038413,-0.892366,-0.008588,0.018560,0.001438
103,0.072286,0.034697,-0.903016,-0.007368,0.017243,-0.000108
104,0.067842,0.030833,-0.912799,-0.006251,0.016061,0.001500
105,0.063753,0.027798,-0.921563,-0.005254,0.014997,-0.000260
106,0.057743,0.024701,-0.929005,-0.004322,0.013693,0.001174
107,0.047941,0.022561,-0.934682,-0.003467,0.011838,-0.000259
108,0.038357,0.020377,-0.939589,-0.002738,0.010026,0.001098
109,0.028878,0.018937,-0.943612,-0.002141,0.008235,-0.000253
110,0.019608,0.017463,-0.946868,-0.001654,0.006485,0.000784
111,0.010466,0.016599,-0.949273,-0.001281,0.004758,-0.000242
112,0.001500,0.015687,-0.950934,-0.000999,0.003061,0.000853
113,-0.007329,0.015366,-0.951752,-0.000819,0.001389,-0.000226
114,-0.015989,0.014996,-0.951847,-0.000713,-0.000257,0.000518
115,-0.024495,0.015058,-0.951137,-0.000690,-0.001875,-0.000133
116,-0.032837,0.015105,-0.949714,-0.000730,-0.003470,0.000581
117,-0.041039,0.015555,-0.947508,-0.000838,-0.005041,-0.000188
118,-0.049062,0.015932,-0.944615,-0.000992,-0.006585,0.000528
119,-0.056941,0.016648,-0.940966,-0.001195,-0.008105,-0.000167
120,-0.064638,0.017297,-0.936644,-0.001439,-0.009598,0.000491
121,-0.072195,0.018229,-0.931605,-0.001716,-0.011069,-0.000146
122,-0.079563,0.018672,-0.925894,-0.001972,-0.012520,0.000479
123,-0.086624,0.016334,-0.919295,-0.001888,-0.013971,-0.000125
124,-0.093455,0.013696,-0.912075,-0.001742,-0.015373,0.000430
125,-0.100123,0.011117,-0.904207,-0.001548,-0.016741,-0.000109
126,-0.106562,0.008275,-0.895739,-0.001298,-0.018058,0.000393
127,-0.112825,0.005476,-0.886643,-0.000998,-0.019339,-0.000096
128,-0.118885,0.002428,-0.876979,-0.000641,-0.020578,0.000334
129,-0.124785,-0.000576,-0.866728,-0.000242,-0.021785,-0.000087
130,-0.130488,-0.003785,-0.855932,0.000204,-0.022952,0.000295
131,-0.136021,-0.006965,-0.844573,0.000693,-0.024084,-0.000081
132,-0.141361,-0.010319,-0.832698,0.001223,-0.025177,0.000238
133,-0.146537,-0.013622,-0.820291,0.001782,-0.026237,-0.000077
134,-0.151558,-0.017078,-0.807411,0.002379,-0.027270,0.000179
135,-0.156397,-0.020492,-0.794032,0.003002,-0.028263,-0.000074
136,-0.161074,-0.024002,-0.780195,0.003649,-0.029226,0.000129
137,-0.165589,-0.027477,-0.765903,0.004318,-0.030157,-0.000073
138,-0.169971,-0.031021,-0.751197,0.005008,-0.031067,0.000052
139,-0.174178,-0.034532,-0.736057,0.005711,-0.031939,-0.000072
140,-0.178242,-0.038067,-0.720536,0.006424,-0.032786,0.000011
141,-0.182169,-0.041560,-0.704634,0.007143,-0.033608,-0.000072
142,-0.185935,-0.045060,-0.688367,0.007872,-0.034397,-0.000072
143,-0.189577,-0.048522,-0.671766,0.008599,-0.035166,-0.000071
144,-0.193062,-0.051955,-0.654834,0.009327,-0.035903,-0.000071
145,-0.196443,-0.055353,-0.637607,0.010053,-0.036626,-0.000071
146,-0.199666,-0.058703,-0.620088,0.010774,-0.037316,-0.000070
147,-0.202769,-0.062007,-0.602306,0.011488,-0.037985,-0.000070
148,-0.205730,-0.065260,-0.584269,0.012195,-0.038626,-0.000069
149,-0.208560,-0.068440,-0.566001,0.012887,-0.039243,-0.000069
150,-0.211278,-0.071568,-0.547526,0.013569,-0.039841,-0.000068
151,-0.213863,-0.074629,-0.528858,0.014239,-0.040413,-0.000067
152,-0.216341,-0.077623,-0.510020,0.014894,-0.040968,-0.000066
153,-0.218674,-0.080538,-0.491018,0.015531,-0.041492,-0.000064
154,-0.220909,-0.083393,-0.471891,0.016157,-0.042002,-0.000063
155,-0.223024,-0.086166,-0.452643,0.016764,-0.042489,-0.000061
156,-0.225019,-0.088853,-0.433297,0.017349,-0.042955,-0.000060
157,-0.226900,-0.091462,-0.413873,0.017918,-0.043399,-0.000058
158,-0.228665,-0.094003,-0.394388,0.018472,-0.043823,-0.000056
159,-0.230304,-0.096442,-0.374854,0.018999,-0.044222,-0.000054
160,-0.231827,-0.097491,-0.355209,0.019017,-0.044615,-0.000047
161,-0.233226,-0.098471,-0.335558,0.019024,-0.044984,-0.000041
162,-0.234500,-0.099383,-0.315918,0.019017,-0.045329,-0.000035
163,-0.235646,-0.100224,-0.296302,0.018998,-0.045646,-0.000029
164,-0.236671,-0.100991,-0.276729,0.018965,-0.045940,-0.000023
165,-0.237578,-0.101689,-0.257219,0.018919,-0.046212,-0.000017
166,-0.238362,-0.102315,-0.237787,0.018861,-0.046459,-0.000011
167,-0.239033,-0.102869,-0.218451,0.018789,-0.046686,-0.000005
168,-0.238714,-0.103335,-0.199037,0.018710,-0.046590,-0.000002
169,-0.236731,-0.103702,-0.179421,0.018629,-0.045940,-0.000002
170,-0.234616,-0.103998,-0.159951,0.018535,-0.045264,-0.000002
171,-0.232373,-0.104221,-0.140637,0.018428,-0.044563,-0.000002
172,-0.229998,-0.104373,-0.121493,0.018309,-0.043837,-0.000003
173,-0.227494,-0.104453,-0.102544,0.018177,-0.043086,-0.000003
174,-0.224862,-0.104460,-0.083791,0.018033,-0.042311,-0.000003
175,-0.222102,-0.104399,-0.065254,0.017876,-0.041512,-0.000003
176,-0.219215,-0.104261,-0.046947,0.017706,-0.040689,-0.000003
177,-0.216203,-0.104055,-0.028885,0.017525,-0.039844,-0.000003
178,-0.213066,-0.103776,-0.011077,0.017331,-0.038977,-0.000003
179,-0.209806,-0.103425,0.006461,0.017126,-0.038088,-0.000003
180,-0.206424,-0.103004,0.023723,0.016908,-0.037178,-0.000003
181,-0.202924,-0.102513,0.040697,0.016679,-0.036247,-0.000004
182,-0.199303,-0.101948,0.057364,0.016438,-0.035296,-0.000004
183,-0.196229,-0.101440,0.064136,0.016276,-0.034642,-0.000004
184,-0.193513,-0.100945,0.063638,0.016169,-0.034202,-0.000004
185,-0.190662,-0.100368,0.063084,0.016050,-0.033740,-0.000004
186,-0.187683,-0.099707,0.062476,0.015919,-0.033258,-0.000004
187,-0.184575,-0.098969,0.061814,0.015777,-0.032755,-0.000004
188,-0.181344,-0.098149,0.061101,0.015623,-0.032232,-0.000004
189,-0.177993,-0.097250,0.060336,0.015457,-0.031689,-0.000004
190,-0.173917,-0.096177,0.068688,0.015195,-0.030823,-0.000004
191,-0.169260,-0.094956,0.084038,0.014854,-0.029701,-0.000004
192,-0.164515,-0.093675,0.099078,0.014503,-0.028564,-0.000004
193,-0.159683,-0.092333,0.113803,0.014144,-0.027413,-0.000004
194,-0.154764,-0.090931,0.128202,0.013775,-0.026249,-0.000004
195,-0.149765,-0.089468,0.142266,0.013397,-0.025073,-0.000004
196,-0.144686,-0.087949,0.155995,0.013010,-0.023885,-0.000003
197,-0.139533,-0.086371,0.169375,0.012615,-0.022686,-0.000003
198,-0.139815,-0.088619,0.180751,0.013596,-0.023329,-0.000005
199,-0.147212,-0.097630,0.189469,0.017034,-0.026352,-0.000008
200,-0.153756,-0.105675,0.198138,0.020128,-0.029105,-0.000011
201,-0.159453,-0.112743,0.206755,0.022875,-0.031588,-0.000015
202,-0.164273,-0.118861,0.215333,0.025284,-0.033790,-0.000018
203,-0.168245,-0.124073,0.223853,0.027373,-0.035722,-0.000022
204,-0.171383,-0.128414,0.232309,0.029153,-0.037387,-0.000027
205,-0.173669,-0.131841,0.240725,0.030645,-0.038776,-0.000659
206,-0.175155,-0.134361,0.249093,0.031910,-0.039901,-0.003063
207,-0.175739,-0.136913,0.257254,0.032917,-0.040755,-0.000147
208,-0.175650,-0.137830,0.265473,0.033660,-0.041372,-0.003343
209,-0.174689,-0.139071,0.273434,0.034192,-0.041729,-0.000051
210,-0.173154,-0.138737,0.281413,0.034467,-0.041886,-0.002594
211,-0.170843,-0.138606,0.289138,0.034564,-0.041809,-0.000104
212,-0.167981,-0.137141,0.296844,0.034460,-0.041540,-0.002834
213,-0.164433,-0.136034,0.304248,0.034213,-0.041068,-0.000071
214,-0.160410,-0.133704,0.311604,0.033780,-0.040429,-0.002059
215,-0.155815,-0.131560,0.318668,0.033227,-0.039620,-0.000204
216,-0.150798,-0.128463,0.325626,0.032542,-0.038665,-0.002214
217,-0.145271,-0.125674,0.332266,0.031766,-0.037559,-0.000091
218,-0.139418,-0.121979,0.338771,0.030872,-0.036339,-0.001781
219,-0.133142,-0.118557,0.344946,0.029915,-0.034994,-0.000099
220,-0.126590,-0.114373,0.350966,0.028871,-0.033553,-0.001839
221,-0.119698,-0.110548,0.356624,0.027791,-0.032013,-0.000105
222,-0.112629,-0.106078,0.362079,0.026640,-0.030412,-0.001304
223,-0.105295,-0.101844,0.367189,0.025468,-0.028733,-0.000189
224,-0.097824,-0.097150,0.372064,0.024260,-0.027005,-0.001371
225,-0.090139,-0.092725,0.376585,0.023035,-0.025218,-0.000115
226,-0.082999,-0.087864,0.381019,0.021792,-0.023505,-0.001049
227,-0.080964,-0.083038,0.386566,0.020611,-0.022596,-0.000118
228,-0.079070,-0.077816,0.391792,0.019389,-0.021737,-0.001080
229,-0.077214,-0.072808,0.396600,0.018152,-0.020903,-0.000122
230,-0.075537,-0.067491,0.401060,0.016886,-0.020135,-0.000672
231,-0.073950,-0.062290,0.405118,0.015614,-0.019408,-0.000203
232,-0.072529,-0.056920,0.408809,0.014333,-0.018742,-0.000662
233,-0.071234,-0.051692,0.412091,0.013057,-0.018130,-0.000137
234,-0.070093,-0.046330,0.415014,0.011781,-0.017576,-0.000487
235,-0.069058,-0.041852,0.417638,0.010604,-0.017085,-0.000146
236,-0.068140,-0.039650,0.420181,0.009723,-0.016689,-0.000365
237,-0.065781,-0.037775,0.421885,0.008907,-0.016084,-0.000155
238,-0.058685,-0.036253,0.421845,0.008115,-0.014734,-0.000263
239,-0.051504,-0.035045,0.421490,0.007438,-0.013355,-0.000159
240,-0.044238,-0.034069,0.420841,0.006861,-0.011947,-0.000188
241,-0.036923,-0.033372,0.419886,0.006393,-0.010521,-0.000158
242,-0.029546,-0.032891,0.418646,0.006015,-0.009071,-0.000155
243,-0.022122,-0.032638,0.417122,0.005730,-0.007603,-0.000152
244,-0.014660,-0.032587,0.415320,0.005528,-0.006120,-0.000147
245,-0.007167,-0.032720,0.413251,0.005402,-0.004622,-0.000141
246,0.000360,-0.033020,0.410925,0.005347,-0.003107,-0.000135
247,0.007883,-0.033484,0.408333,0.005360,-0.001589,-0.000128
248,0.015414,-0.034054,0.405503,0.005421,-0.000062,-0.000120
249,0.022930,-0.034753,0.402425,0.005538,0.001466,-0.000128
250,0.030447,-0.035542,0.399122,0.005698,0.003002,-0.000164
251,0.037961,-0.036425,0.395596,0.005897,0.004544,-0.000127
252,0.045426,-0.037355,0.391848,0.006127,0.006078,-0.000191
253,0.052864,-0.038349,0.387889,0.006381,0.007611,-0.000127
254,0.060245,-0.039370,0.383725,0.006662,0.009135,-0.000216
255,0.067604,-0.040430,0.379375,0.006955,0.010662,-0.000136
256,0.074821,-0.037946,0.374376,0.006849,0.012233,-0.000242
257,0.081934,-0.035010,0.369158,0.006642,0.013782,-0.000128
258,0.088931,-0.031816,0.363795,0.006354,0.015302,-0.000252
259,0.095796,-0.028463,0.358268,0.005993,0.016785,-0.000109
260,0.102541,-0.024870,0.352611,0.005557,0.018239,-0.000252
261,0.109143,-0.021139,0.346799,0.005051,0.019655,-0.000078
262,0.115625,-0.017181,0.340872,0.004477,0.021042,-0.000260
263,0.121979,-0.013119,0.334809,0.003840,0.022398,-0.000030
264,0.128192,-0.008841,0.328642,0.003144,0.023722,-0.000271
265,0.134257,-0.004509,0.322344,0.002396,0.025007,-0.000003
266,0.140184,0.000034,0.315961,0.001588,0.026262,-0.000200
267,0.145991,0.004616,0.309470,0.000739,0.027492,-0.000000
268,0.151629,0.009338,0.302890,-0.000149,0.028683,-0.000169
269,0.157126,0.014096,0.296212,-0.001076,0.029842,0.000001
270,0.162471,0.018954,0.289456,-0.002037,0.030969,-0.000058
271,0.167678,0.023833,0.282624,-0.003020,0.032068,-0.000004
272,0.172721,0.028764,0.275722,-0.004029,0.033131,-0.000018
273,0.177617,0.033699,0.268751,-0.005051,0.034165,-0.000000
274,0.182343,0.038653,0.261715,-0.006090,0.035163,-0.000001
275,0.186925,0.043596,0.254631,-0.007137,0.036134,-0.000001
276,0.191333,0.048522,0.247487,-0.008190,0.037068,-0.000002
277,0.195589,0.053413,0.240302,-0.009242,0.037975,-0.000003
278,0.199679,0.058262,0.233079,-0.010293,0.038849,-0.000003
279,0.203580,0.063059,0.225808,-0.011339,0.039683,-0.000004
280,0.207325,0.067784,0.218509,-0.012372,0.040489,-0.000005
281,0.210889,0.072438,0.211178,-0.013395,0.041259,-0.000005
282,0.214268,0.077009,0.203822,-0.014402,0.041993,-0.000006
283,0.217464,0.081490,0.196440,-0.015393,0.042689,-0.000006
284,0.220483,0.085549,0.189014,-0.016241,0.043358,-0.000006
285,0.222581,0.087772,0.181199,-0.016415,0.043765,-0.000002
286,0.223156,0.089885,0.173035,-0.016592,0.043676,-0.000002
287,0.223567,0.091903,0.164887,-0.016755,0.043557,-0.000002
288,0.223809,0.093828,0.156769,-0.016904,0.043409,-0.000002
289,0.223885,0.095656,0.148680,-0.017038,0.043233,-0.000002
290,0.223794,0.097386,0.140622,-0.017158,0.043027,-0.000003
291,0.223539,0.099015,0.132607,-0.017263,0.042793,-0.000003
292,0.223118,0.100543,0.124637,-0.017354,0.042531,-0.000003
293,0.222534,0.101968,0.116713,-0.017429,0.042241,-0.000003
294,0.221789,0.103289,0.108842,-0.017490,0.041924,-0.000003
295,0.220881,0.104506,0.101032,-0.017536,0.041579,-0.000004
296,0.219813,0.105614,0.093278,-0.017567,0.041208,-0.000004
297,0.218586,0.106616,0.085596,-0.017584,0.040810,-0.000004
298,0.217205,0.107511,0.077980,-0.017585,0.040387,-0.000004
299,0.215665,0.108296,0.070438,-0.017572,0.039938,-0.000005
300,0.213972,0.108972,0.062974,-0.017544,0.039464,-0.000005
301,0.212130,0.109539,0.055589,-0.017501,0.038966,-0.000005
302,0.210135,0.109998,0.048292,-0.017444,0.038444,-0.000005
303,0.207996,0.110343,0.041080,-0.017371,0.037898,-0.000005
304,0.205709,0.110580,0.033960,-0.017285,0.037329,-0.000006
305,0.203279,0.110708,0.026935,-0.017184,0.036737,-0.000006
306,0.200710,0.110724,0.020005,-0.017068,0.036123,-0.000006
307,0.198003,0.110632,0.013174,-0.016939,0.035488,-0.000006
308,0.195162,0.110430,0.006447,-0.016796,0.034833,-0.000006
309,0.192186,0.110119,-0.000172,-0.016638,0.034156,-0.000006
310,0.189082,0.109702,-0.006683,-0.016467,0.033460,-0.000007
311,0.185851,0.109173,-0.013082,-0.016283,0.032745,-0.000007
312,0.182498,0.108542,-0.019371,-0.016085,0.032011,-0.000007
313,0.179025,0.107804,-0.025541,-0.015874,0.031260,-0.000007
314,0.175434,0.106960,-0.031595,-0.015650,0.030491,-0.000007
315,0.171731,0.106014,-0.037527,-0.015414,0.029706,-0.000007
316,0.167954,0.108382,-0.042986,-0.016475,0.028861,-0.000007
317,0.164163,0.119139,-0.047466,-0.020776,0.027894,-0.000006
318,0.160236,0.128631,-0.051958,-0.024603,0.026923,-0.000001
319,0.156463,0.136937,-0.052005,-0.028018,0.026101,0.000008
320,0.163939,0.144291,-0.047294,-0.030885,0.029220,0.000008
321,0.171164,0.150575,-0.042707,-0.033356,0.032285,0.000005
322,0.177316,0.155825,-0.038436,-0.035464,0.035011,0.000003
323,0.182421,0.160097,-0.034467,-0.037227,0.037403,-0.000001
324,0.186470,0.163415,-0.030800,-0.038656,0.039460,-0.000004
325,0.189463,0.165840,-0.027427,-0.039775,0.041178,-0.000008
326,0.191449,0.167420,-0.024336,-0.040600,0.042571,-0.000012
327,0.192438,0.168197,-0.021515,-0.041150,0.043644,-0.000015
328,0.192484,0.168253,-0.018947,-0.041453,0.044412,-0.000019
329,0.191687,0.167268,-0.016695,-0.041542,0.044900,0.002852
330,0.189963,0.166348,-0.014539,-0.041456,0.045093,0.001440
331,0.187486,0.164375,-0.012679,-0.041144,0.045036,0.002812
332,0.184185,0.162333,-0.010925,-0.040663,0.044716,0.000994
333,0.180241,0.159239,-0.009461,-0.040002,0.044179,0.002848
334,0.175522,0.156312,-0.008055,-0.039206,0.043394,0.000500
335,0.170298,0.152263,-0.006936,-0.038265,0.042435,0.002993
336,0.164190,0.148618,-0.008857,-0.037188,0.041161,-0.000033
337,0.157496,0.143689,-0.014832,-0.035953,0.039641,0.003150
338,0.150316,0.139492,-0.020635,-0.034678,0.037978,-0.000032
339,0.142925,0.134237,-0.026588,-0.033308,0.036236,0.002183
340,0.135206,0.129486,-0.032388,-0.031918,0.034397,0.000124
341,0.127370,0.123955,-0.038257,-0.030477,0.032514,0.002329
342,0.119257,0.119026,-0.043944,-0.029035,0.030550,-0.000028
343,0.111096,0.113357,-0.049685,-0.027554,0.028561,0.001846
344,0.102752,0.108211,-0.055239,-0.026084,0.026521,-0.000025
345,0.094415,0.102462,-0.060811,-0.024597,0.024476,0.001848
346,0.085992,0.097276,-0.066161,-0.023135,0.022410,-0.000022
347,0.077618,0.091605,-0.071494,-0.021671,0.020353,0.001308
348,0.069218,0.086355,-0.076631,-0.020235,0.018294,0.000026
349,0.060921,0.080747,-0.081717,-0.018814,0.016260,0.001386
350,0.052656,0.075606,-0.086582,-0.017428,0.014242,-0.000014
351,0.044491,0.070172,-0.091384,-0.016064,0.012249,0.000936
352,0.036424,0.065071,-0.095982,-0.014733,0.010291,0.000045
353,0.028511,0.059791,-0.100484,-0.013437,0.008377,0.000973
354,0.023266,0.054754,-0.105433,-0.012211,0.006901,-0.000007
355,0.020439,0.049425,-0.110791,-0.011027,0.005846,0.000682
356,0.017864,0.044349,-0.115904,-0.009861,0.004882,0.000001
357,0.015594,0.039104,-0.120844,-0.008701,0.004022,0.000704
358,0.013574,0.034132,-0.125532,-0.007563,0.003252,-0.000007
359,0.011844,0.029044,-0.130040,-0.006434,0.002580,0.000398
360,0.010337,0.024140,-0.134323,-0.005326,0.001989,0.000030
361,0.009124,0.019186,-0.138408,-0.004232,0.001499,0.000393
362,0.008127,0.014456,-0.142268,-0.003172,0.001086,-0.000016
363,0.007385,0.009691,-0.145932,-0.002127,0.000761,0.000233
364,0.006792,0.006128,-0.149504,-0.001230,0.000518,-0.000023
365,0.006340,0.004402,-0.153069,-0.000585,0.000371,0.000203
366,0.006029,0.002972,-0.156414,-0.000027,0.000271,-0.000031
367,0.004356,0.001779,-0.159178,0.000469,-0.000018,0.000069
368,-0.000666,0.000965,-0.160899,0.000928,-0.000821,-0.000003
369,-0.005677,0.000401,-0.162469,0.001282,-0.001629,0.000047
370,-0.010702,0.000075,-0.163901,0.001548,-0.002453,-0.000026
371,-0.015725,-0.000047,-0.165189,0.001726,-0.003287,0.000039
372,-0.020759,0.000053,-0.166340,0.001822,-0.004135,-0.000040
373,-0.025772,0.000307,-0.167356,0.001848,-0.004988,0.000027
374,-0.030805,0.000746,-0.168242,0.001807,-0.005859,-0.000037
375,-0.035843,0.001296,-0.169011,0.001713,-0.006744,0.000025
376,-0.040873,0.001989,-0.169651,0.001566,-0.007638,-0.000032
377,-0.045885,0.002764,-0.170173,0.001378,-0.008539,0.000039
378,-0.050889,0.003658,-0.170571,0.001147,-0.009449,-0.000026
379,-0.055870,0.004593,-0.170863,0.000890,-0.010366,0.000046
380,-0.060824,0.005616,-0.171032,0.000602,-0.011287,-0.000015
381,-0.065760,0.006649,-0.171102,0.000298,-0.012215,0.000075
382,-0.070666,0.007746,-0.171057,-0.000025,-0.013147,-0.000009
383,-0.075511,0.008833,-0.170905,-0.000358,-0.014074,0.000094
384,-0.080328,0.009959,-0.170654,-0.000699,-0.015005,0.000003
385,-0.085086,0.011035,-0.170303,-0.001036,-0.015932,0.000125
386,-0.089810,0.012158,-0.169853,-0.001382,-0.016862,0.000009
387,-0.094412,0.012182,-0.169200,-0.001596,-0.017793,0.000147
388,-0.098854,0.010047,-0.168224,-0.001533,-0.018738,0.000019
389,-0.103186,0.007683,-0.167174,-0.001392,-0.019657,0.000154
390,-0.107424,0.005179,-0.166046,-0.001180,-0.020556,0.000026
391,-0.111544,0.002484,-0.164842,-0.000901,-0.021427,0.000119
392,-0.115548,-0.000338,-0.163551,-0.000557,-0.022270,0.000031
393,-0.119409,-0.003318,-0.162183,-0.000155,-0.023079,0.000108
394,-0.123179,-0.006412,-0.160743,0.000305,-0.023869,0.000034
395,-0.126832,-0.009645,-0.159239,0.000821,-0.024634,0.000057
396,-0.130357,-0.012961,-0.157655,0.001379,-0.025370,0.000035
397,-0.133460,-0.016368,-0.155939,0.001983,-0.025975,0.000034
398,-0.135971,-0.019846,-0.154050,0.002631,-0.026392,0.000032
399,-0.138369,-0.023378,-0.152101,0.003309,-0.026787,0.000030
400,-0.140655,-0.026944,-0.150095,0.004010,-0.027161,0.000027
401,-0.142827,-0.030557,-0.148030,0.004738,-0.027512,0.000024
402,-0.144885,-0.034184,-0.145912,0.005482,-0.027841,0.000021
403,-0.146828,-0.037811,-0.143737,0.006237,-0.028149,0.000018
404,-0.148655,-0.041450,-0.141515,0.007008,-0.028435,0.000015
405,-0.150364,-0.045068,-0.139242,0.007782,-0.028699,0.000012
406,-0.151955,-0.048665,-0.136927,0.008561,-0.028941,0.000008
407,-0.153426,-0.052224,-0.134567,0.009338,-0.029161,0.000005
408,-0.154780,-0.055737,-0.132161,0.010111,-0.029360,0.000002
409,-0.156013,-0.058957,-0.129699,0.010785,-0.029540,-0.000000
410,-0.157126,-0.061011,-0.127111,0.011035,-0.029713,-0.000001
411,-0.158121,-0.063002,-0.124487,0.011275,-0.029864,-0.000001
412,-0.158996,-0.064922,-0.121837,0.011504,-0.029993,-0.000001
413,-0.159756,-0.066770,-0.119159,0.011723,-0.030102,-0.000001
414,-0.160399,-0.068548,-0.116454,0.011930,-0.030189,-0.000001
415,-0.160923,-0.070254,-0.113731,0.012127,-0.030254,-0.000001
416,-0.161329,-0.071885,-0.110987,0.012313,-0.030299,-0.000001
417,-0.161620,-0.073443,-0.108225,0.012488,-0.030322,-0.000001
418,-0.161796,-0.074923,-0.105450,0.012652,-0.030325,-0.000001
419,-0.161856,-0.076327,-0.102667,0.012804,-0.030307,-0.000001
420,-0.161802,-0.077654,-0.099869,0.012945,-0.030268,-0.000001
421,-0.161634,-0.078904,-0.097065,0.013074,-0.030209,-0.000002
422,-0.161354,-0.080073,-0.094255,0.013192,-0.030129,-0.000002
423,-0.160963,-0.081165,-0.091445,0.013298,-0.030030,-0.000002
424,-0.160459,-0.082176,-0.088638,0.013392,-0.029910,-0.000002
425,-0.159846,-0.083106,-0.085830,0.013475,-0.029771,-0.000002
426,-0.159125,-0.083958,-0.083028,0.013546,-0.029612,-0.000002
427,-0.158294,-0.084727,-0.080233,0.013606,-0.029434,-0.000002
428,-0.157358,-0.085416,-0.077446,0.013653,-0.029237,-0.000003
429,-0.156317,-0.086024,-0.074670,0.013689,-0.029022,-0.000003
430,-0.155172,-0.086552,-0.071905,0.013713,-0.028787,-0.000003
431,-0.153926,-0.086998,-0.069151,0.013726,-0.028535,-0.000003
432,-0.152579,-0.087364,-0.066414,0.013727,-0.028265,-0.000003
433,-0.151134,-0.087650,-0.063696,0.013717,-0.027978,-0.000003
434,-0.149591,-0.087855,-0.060992,0.013695,-0.027673,-0.000004
435,-0.147952,-0.087979,-0.058311,0.013661,-0.027351,-0.000004
436,-0.146218,-0.088023,-0.055653,0.013617,-0.027013,-0.000004
437,-0.144395,-0.087992,-0.053016,0.013561,-0.026658,-0.000004
438,-0.142479,-0.087879,-0.050404,0.013494,-0.026287,-0.000004
439,-0.140476,-0.087688,-0.047815,0.013416,-0.025901,-0.000004
440,-0.138386,-0.087421,-0.045257,0.013327,-0.025500,-0.000004
441,-0.136211,-0.087077,-0.042723,0.013228,-0.025083,-0.000005
442,-0.133957,-0.086658,-0.040218,0.013118,-0.024653,-0.000005
443,-0.131621,-0.086163,-0.037743,0.012997,-0.024208,-0.000005
444,-0.129207,-0.085594,-0.035302,0.012867,-0.023749,-0.000005
445,-0.126718,-0.084953,-0.032887,0.012726,-0.023277,-0.000005
446,-0.124157,-0.084240,-0.030505,0.012575,-0.022793,-0.000005
447,-0.121524,-0.083454,-0.028153,0.012415,-0.022296,-0.000005
448,-0.118833,-0.084614,-0.026005,0.013004,-0.021764,-0.000004
449,-0.116123,-0.093853,-0.024552,0.016657,-0.021132,0.000000
450,-0.113334,-0.101983,-0.023033,0.019900,-0.020500,0.000007
451,-0.110476,-0.109055,-0.021450,0.022752,-0.019869,0.000015
452,-0.107548,-0.115087,-0.019807,0.025219,-0.019239,0.000025
453,-0.104553,-0.120134,-0.018107,0.027324,-0.018609,0.000036
454,-0.108075,-0.124323,-0.017906,0.029020,-0.020247,0.000037
455,-0.111823,-0.127664,-0.017708,0.030402,-0.021982,0.000036
456,-0.114889,-0.130211,-0.017296,0.031504,-0.023498,0.000034
457,-0.117282,-0.132003,-0.016683,0.032338,-0.024798,0.000032
458,-0.118997,-0.133083,-0.015861,0.032924,-0.025878,0.000030
459,-0.120083,-0.133526,-0.014863,0.033287,-0.026755,0.000027
460,-0.120518,-0.133350,-0.013677,0.033436,-0.027420,0.000024
461,-0.120348,-0.132616,-0.012324,0.033391,-0.027888,0.000021
462,-0.119610,-0.131378,-0.010822,0.033174,-0.028171,0.000017
463,-0.118301,-0.129288,-0.009082,0.032858,-0.028253,-0.003797
464,-0.116317,-0.127970,-0.007388,0.032437,-0.028135,0.000012
465,-0.113969,-0.125114,-0.005395,0.031858,-0.027876,-0.003700
466,-0.111015,-0.123057,-0.003468,0.031194,-0.027438,0.000008
467,-0.107795,-0.119645,-0.001305,0.030388,-0.026896,-0.002836
468,-0.104076,-0.116857,0.000806,0.029524,-0.026204,0.000004
469,-0.100210,-0.112952,0.001407,0.028582,-0.025468,-0.003031
470,-0.095939,-0.109799,0.000674,0.027619,-0.024630,0.000001
471,-0.091452,-0.105619,0.000145,0.026551,-0.023705,-0.001986
472,-0.086575,-0.101897,-0.000394,0.025468,-0.022659,-0.000224
473,-0.081503,-0.097498,-0.000782,0.024335,-0.021535,-0.002084
474,-0.076113,-0.093589,-0.001198,0.023186,-0.020315,-0.000000
475,-0.070609,-0.089007,-0.001477,0.022003,-0.019043,-0.001821
476,-0.064877,-0.084931,-0.001801,0.020825,-0.017702,0.000001
477,-0.059060,-0.080285,-0.002008,0.019624,-0.016320,-0.001570
478,-0.053079,-0.076115,-0.002262,0.018441,-0.014889,0.000003
479,-0.047071,-0.071480,-0.002425,0.017249,-0.013437,-0.001379
480,-0.040957,-0.067276,-0.002638,0.016078,-0.011952,0.000006
481,-0.034873,-0.062704,-0.002785,0.014912,-0.010467,-0.001153
482,-0.028738,-0.058532,-0.002983,0.013776,-0.008966,0.000010
483,-0.022672,-0.054056,-0.003133,0.012649,-0.007478,-0.001025
484,-0.016584,-0.049961,-0.003333,0.011559,-0.005982,0.000014
485,-0.012873,-0.045531,-0.002935,0.010508,-0.004873,-0.000821
486,-0.010253,-0.041350,-0.002347,0.009491,-0.003954,0.000018
487,-0.007839,-0.036964,-0.001768,0.008481,-0.003099,-0.000751
488,-0.005545,-0.032851,-0.001264,0.007491,-0.002290,0.000021
489,-0.003450,-0.028570,-0.000775,0.006505,-0.001545,-0.000528
490,-0.001496,-0.024521,-0.000356,0.005546,-0.000851,0.000021
491,0.000264,-0.020375,0.000043,0.004605,-0.000220,-0.000521
492,0.000596,-0.016463,0.000063,0.003670,-0.000083,0.000017
493,0.000571,-0.012497,0.000016,0.002752,-0.000067,-0.000269
494,0.000545,-0.008712,-0.000054,0.001872,-0.000051,-0.000015
495,0.000518,-0.004934,-0.000116,0.001017,-0.000033,-0.000246
496,0.000490,-0.001314,-0.000197,0.000192,-0.000016,0.000000
497,0.000461,0.000140,-0.000319,0.000001,0.000004,-0.000079
498,0.000462,0.000138,-0.000319,0.000001,0.000004,-0.000043
499,0.000463,0.000143,-0.000318,0.000001,0.000004,-0.000070
500,0.000465,0.000141,-0.000318,0.000001,0.000003,-0.000034
501,0.000465,0.000146,-0.000316,0.000001,0.000003,-0.000062
502,0.000467,0.000144,-0.000317,0.000001,0.000003,-0.000022
503,0.000467,0.000150,-0.000315,0.000002,0.000003,-0.000064
504,0.000886,0.000126,-0.000422,-0.000004,0.000069,-0.000007
505,0.004182,-0.000021,-0.001259,-0.000039,0.000592,-0.000063
506,0.007443,-0.000179,-0.002092,-0.000077,0.001109,-0.000000
507,0.010761,-0.000317,-0.001481,-0.000125,0.001669,-0.000057
508,0.014144,-0.000456,0.000758,-0.000190,0.002277,-0.000000
509,0.017489,-0.000585,0.002985,-0.000254,0.002878,-0.000047
510,0.020794,-0.000722,0.005189,-0.000318,0.003472,-0.000000
511,0.024054,-0.000849,0.007377,-0.000380,0.004059,-0.000040
512,0.027273,-0.000983,0.009542,-0.000443,0.004639,-0.000000
513,0.030444,-0.001109,0.011688,-0.000505,0.005210,-0.000031
514,0.033567,-0.001240,0.013809,-0.000566,0.005773,-0.000000
515,0.036639,-0.001363,0.015908,-0.000626,0.006327,-0.000032
516,0.039658,-0.001491,0.017982,-0.000687,0.006872,-0.000000
517,0.042623,-0.001612,0.020035,-0.000746,0.007407,-0.000011
518,0.045530,-0.001733,0.022060,-0.000804,0.007933,-0.000015
519,0.048382,-0.001854,0.024055,-0.000862,0.008448,-0.000004
520,0.051171,-0.001971,0.026027,-0.000918,0.008953,-0.000013
521,0.053902,-0.002088,0.027968,-0.000974,0.009448,-0.000000
522,0.056565,-0.002199,0.029884,-0.001029,0.009931,-0.000015
523,0.059167,-0.002312,0.031768,-0.001083,0.010403,-0.000000
524,0.061704,-0.002420,0.033621,-0.001136,0.010864,-0.000011
525,0.064174,-0.002527,0.035441,-0.001188,0.011313,-0.000000
526,0.066573,-0.002630,0.037229,-0.001238,0.011749,-0.000004
527,0.068899,-0.002732,0.038989,-0.001288,0.012174,-0.000000
528,0.071157,-0.002747,0.040700,-0.001346,0.012587,-0.000005
529,0.073286,-0.000432,0.042133,-0.001674,0.013025,0.000000
530,0.075345,0.001873,0.043532,-0.001998,0.013450,0.000000
531,0.077332,0.004166,0.044898,-0.002320,0.013862,0.000000
532,0.079250,0.006444,0.046232,-0.002638,0.014263,0.000001
533,0.081093,0.008706,0.047536,-0.002953,0.014650,0.000001
534,0.082866,0.010948,0.048804,-0.003264,0.015024,0.000001
535,0.084564,0.013170,0.050041,-0.003571,0.015385,0.000001
536,0.086191,0.015367,0.051244,-0.003873,0.015733,0.000001
537,0.087745,0.017541,0.052410,-0.004171,0.016068,0.000001
538,0.089224,0.019686,0.053545,-0.004464,0.016389,0.000001
539,0.090627,0.021801,0.054649,-0.004751,0.016697,0.000001
540,0.091959,0.023886,0.055716,-0.005034,0.016991,0.000001
541,0.093216,0.025936,0.056752,-0.005311,0.017272,0.000001
542,0.094397,0.027952,0.057750,-0.005582,0.017538,0.000002
543,0.095505,0.029931,0.058715,-0.005847,0.017791,0.000002
544,0.096537,0.031869,0.059650,-0.006106,0.018030,0.000002
545,0.097497,0.033769,0.060543,-0.006358,0.018255,0.000002
546,0.098379,0.035624,0.061411,-0.006604,0.018465,0.000002
547,0.099190,0.037437,0.062238,-0.006843,0.018663,0.000002
548,0.099928,0.039204,0.063035,-0.007075,0.018846,0.000002
549,0.100592,0.040924,0.063792,-0.007299,0.019015,0.000002
550,0.101181,0.042595,0.064517,-0.007516,0.019170,0.000002
551,0.101698,0.044217,0.065209,-0.007726,0.019311,0.000002
552,0.102142,0.045789,0.065868,-0.007929,0.019438,0.000002
553,0.102514,0.047306,0.066491,-0.008123,0.019552,0.000002
554,0.102815,0.048773,0.067079,-0.008309,0.019651,0.000002
555,0.103045,0.050184,0.067632,-0.008488,0.019737,0.000002
556,0.103203,0.051538,0.068153,-0.008658,0.019808,0.000002
557,0.103293,0.052836,0.068638,-0.008819,0.019866,0.000002
558,0.106750,0.054123,0.069925,-0.008932,0.021096,0.000009
559,0.111247,0.055362,0.071430,-0.009022,0.022692,0.000018
560,0.115168,0.056531,0.072765,-0.009109,0.024100,0.000026
561,0.118523,0.057626,0.073922,-0.009192,0.025319,0.000032
562,0.121346,0.058652,0.074924,-0.009273,0.026364,0.000038
563,0.123628,0.059607,0.075760,-0.009350,0.027231,0.000043
564,0.125419,0.060487,0.076449,-0.009422,0.027937,0.000046
565,0.126735,0.061298,0.076993,-0.009491,0.028487,0.000049
566,0.127583,0.062038,0.077392,-0.009555,0.028884,0.000050
567,0.128018,0.062707,0.077666,-0.009614,0.029146,0.000051
568,0.128047,0.063306,0.077814,-0.009668,0.029276,0.000051
569,0.127693,0.063836,0.077843,-0.009716,0.029282,0.000050
570,0.127016,0.064293,0.077775,-0.009758,0.029184,0.000048
571,0.126017,0.064686,0.077605,-0.009795,0.028984,0.000046
572,0.124715,0.065008,0.077338,-0.009826,0.028686,0.000044
573,0.123164,0.065265,0.076991,-0.009849,0.028310,0.000041
574,0.121362,0.065456,0.076561,-0.009867,0.027855,0.000038
575,0.119346,0.065579,0.076063,-0.009877,0.027333,0.000034
576,0.117136,0.065640,0.075496,-0.009880,0.026751,0.000031
577,0.114765,0.065637,0.074872,-0.009875,0.026121,0.000027
578,0.112249,0.065569,0.074198,-0.009863,0.025448,0.000024
579,0.109603,0.065441,0.073476,-0.009844,0.024736,0.000020
580,0.106866,0.065252,0.072721,-0.009816,0.024001,0.000017
581,0.104012,0.065004,0.071910,-0.009782,0.023230,0.000013
582,0.101115,0.064697,0.071085,-0.009738,0.022452,0.000010
583,0.098144,0.064332,0.070219,-0.009688,0.021654,0.000007
584,0.095141,0.063910,0.069336,-0.009629,0.020851,0.000005
585,0.092099,0.063434,0.068424,-0.009562,0.020040,0.000002
586,0.089072,0.062903,0.067509,-0.009487,0.019241,0.000000
587,0.086025,0.062318,0.066572,-0.009404,0.018440,-0.000001
588,0.082968,0.061681,0.065615,-0.009313,0.017640,-0.000003
589,0.079925,0.060994,0.064654,-0.009214,0.016851,-0.000004
590,0.076909,0.060257,0.063682,-0.009108,0.016076,-0.000004
591,0.073925,0.059471,0.062705,-0.008994,0.015316,-0.000005
592,0.070956,0.058639,0.061718,-0.008873,0.014566,-0.000005
593,0.068942,0.057775,0.060947,-0.008733,0.014150,-0.000005
594,0.067147,0.056867,0.060216,-0.008585,0.013813,-0.000005
595,0.065328,0.055915,0.059456,-0.008430,0.013471,-0.000005
596,0.063480,0.054919,0.058669,-0.008270,0.013123,-0.000005
597,0.061651,0.058338,0.058305,-0.009807,0.012713,0.000006
598,0.059827,0.064951,0.058227,-0.012568,0.012258,0.000025
599,0.057954,0.070648,0.058031,-0.014981,0.011807,0.000041
600,0.056043,0.075459,0.057713,-0.017057,0.011360,0.000055
601,0.054092,0.079433,0.057283,-0.018815,0.010916,0.000067
602,0.052106,0.082614,0.056746,-0.020272,0.010477,0.000076
603,0.050086,0.085037,0.056106,-0.021442,0.010041,0.000084
604,0.048038,0.086758,0.055367,-0.022346,0.009609,0.000090
605,0.045960,0.087825,0.054542,-0.023004,0.009180,0.000094
606,0.043858,0.088284,0.053634,-0.023433,0.008755,0.000097
607,0.041734,0.088189,0.052646,-0.023653,0.008333,0.000099
608,0.039593,0.087585,0.051582,-0.023682,0.007914,0.000099
609,0.037433,0.086532,0.050461,-0.023544,0.007498,0.000098
610,0.035260,0.085059,0.049274,-0.023249,0.007084,0.000097
611,0.033077,0.083229,0.048036,-0.022822,0.006673,0.000095
612,0.030885,0.081055,0.046739,-0.022269,0.006264,0.000092
613,0.028687,0.078618,0.045405,-0.021618,0.005857,0.000089
614,0.026484,0.075927,0.044025,-0.020876,0.005452,0.000085
615,0.024281,0.073043,0.042613,-0.020064,0.005049,0.000081
616,0.022077,0.069987,0.041172,-0.019190,0.004648,0.000076
617,0.019879,0.066789,0.039699,-0.018267,0.004249,0.000072
618,0.017711,0.063368,0.038183,-0.017318,0.003858,0.001075
619,0.015548,0.059953,0.036661,-0.016365,0.003467,0.001913
620,0.013341,0.056780,0.035170,-0.015399,0.003065,0.000714
621,0.011209,0.053215,0.033606,-0.014414,0.002681,0.001866
622,0.009015,0.050014,0.032097,-0.013426,0.002280,0.000329
623,0.006921,0.046354,0.030498,-0.012435,0.001902,0.001900
624,0.004748,0.043214,0.028980,-0.011459,0.001503,0.000040
625,0.002689,0.039570,0.027369,-0.010487,0.001131,0.001743
626,0.001391,0.036442,0.025614,-0.009554,0.000869,0.000032
627,0.001327,0.032850,0.023477,-0.008638,0.000808,0.001277
628,0.001195,0.029675,0.021412,-0.007747,0.000730,0.000025
629,0.001135,0.026159,0.019294,-0.006863,0.000670,0.001302
630,0.001006,0.023092,0.017253,-0.006011,0.000592,0.000018
631,0.000934,0.019766,0.015180,-0.005170,0.000527,0.000758
632,0.000826,0.016704,0.013156,-0.004354,0.000454,0.000128
633,0.000753,0.013536,0.011120,-0.003565,0.000388,0.000750
634,0.000645,0.010644,0.009138,-0.002805,0.000312,0.000008
635,0.000574,0.007618,0.007138,-0.002065,0.000246,0.000628
636,0.000472,0.004854,0.005193,-0.001356,0.000172,0.000004
637,0.000399,0.002021,0.003247,-0.000676,0.000104,0.000447
638,0.000275,0.000242,0.001241,-0.000122,0.000043,0.000000
639,0.000196,-0.000082,-0.000148,-0.000011,0.000003,0.000373
640,0.000185,-0.000039,-0.000139,-0.000007,0.000001,0.000000
641,0.000193,-0.000074,-0.000147,-0.000010,0.000003,0.000296
642,0.000185,-0.000041,-0.000139,-0.000007,0.000001,-0.000000
643,0.000192,-0.000071,-0.000146,-0.000010,0.000003,0.000267
644,0.000185,-0.000041,-0.000140,-0.000007,0.000001,0.000000
645,0.000190,-0.000065,-0.000145,-0.000010,0.000002,0.000206
646,0.000184,-0.000043,-0.000140,-0.000008,0.000001,0.000000
647,0.000189,-0.000066,-0.000145,-0.000010,0.000002,0.000202
648,0.000184,-0.000044,-0.000141,-0.000008,0.000001,0.000000
649,0.000187,-0.000059,-0.000143,-0.000009,0.000002,0.000129
650,0.000183,-0.000046,-0.000141,-0.000008,0.000001,0.000010
651,0.000187,-0.000061,-0.000144,-0.000009,0.000002,0.000140
652,0.000183,-0.000046,-0.000141,-0.000008,0.000001,0.000000
653,0.000186,-0.000057,-0.000143,-0.000009,0.000002,0.000096
654,0.000183,-0.000047,-0.000141,-0.000008,0.000001,0.000006
655,0.000185,-0.000058,-0.000144,-0.000009,0.000002,0.000092
656,0.000182,-0.000048,-0.000141,-0.000008,0.000001,-0.000000
657,0.000184,-0.000056,-0.000143,-0.000009,0.000002,0.000071
658,0.000087,-0.000045,-0.000117,-0.000007,-0.000013,0.000000
659,-0.001913,0.000022,0.000409,0.000018,-0.000329,0.000080
660,-0.003899,0.000106,0.000932,0.000045,-0.000642,-0.000000
661,-0.005863,0.000176,0.001448,0.000070,-0.000952,0.000032
662,-0.007807,0.000250,0.001957,0.000095,-0.001259,0.000022
663,-0.009726,0.000320,0.002461,0.000119,-0.001562,0.000026
664,-0.011621,0.000391,0.002957,0.000144,-0.001861,0.000023
665,-0.013489,0.000461,0.003446,0.000168,-0.002156,0.000013
666,-0.015331,0.000527,0.003926,0.000191,-0.002447,0.000024
667,-0.017144,0.000593,0.004399,0.000214,-0.002733,0.000014
668,-0.018927,0.000657,0.004864,0.000237,-0.003014,0.000017
669,-0.020677,0.000720,0.005319,0.000259,-0.003291,0.000013
670,-0.022396,0.000781,0.005766,0.000281,-0.003562,0.000017
671,-0.024081,0.000842,0.006202,0.000303,-0.003829,0.000005
672,-0.025732,0.000899,0.006629,0.000323,-0.004089,0.000022
673,-0.027347,0.000957,0.007047,0.000344,-0.004345,-0.000000
674,-0.028920,0.001010,0.007453,0.000364,-0.004594,0.000016
675,-0.030459,0.001065,0.007849,0.000383,-0.004837,0.000001
676,-0.031960,0.001115,0.008234,0.000402,-0.005074,0.000019
677,-0.033416,0.001167,0.008607,0.000420,-0.005305,-0.000000
678,-0.034833,0.001214,0.008969,0.000438,-0.005529,0.000014
679,-0.036207,0.001262,0.009319,0.000455,-0.005747,-0.000000
680,-0.037541,0.001306,0.009658,0.000472,-0.005958,0.000012
681,-0.038829,0.001350,0.009983,0.000488,-0.006162,0.000003
682,-0.040072,0.001391,0.010297,0.000503,-0.006359,0.000010
683,-0.041272,0.001432,0.010598,0.000518,-0.006550,0.000001
684,-0.042422,0.001391,0.010895,0.000541,-0.006734,0.000014
685,-0.043478,-0.000152,0.011350,0.000742,-0.006932,0.000000
686,-0.044491,-0.001686,0.011790,0.000941,-0.007123,0.000000
687,-0.045457,-0.003206,0.012215,0.001138,-0.007306,0.000000
688,-0.046380,-0.004714,0.012624,0.001333,-0.007482,0.000000
689,-0.047257,-0.006204,0.013019,0.001525,-0.007651,0.000000
690,-0.048089,-0.007676,0.013398,0.001713,-0.007812,0.000000
691,-0.048876,-0.009132,0.013761,0.001900,-0.007965,0.000000
692,-0.053929,-0.010658,0.013072,0.002048,-0.009599,0.000007
693,-0.059515,-0.012170,0.012234,0.002188,-0.011423,0.000015
694,-0.064626,-0.013647,0.011488,0.002329,-0.013090,0.000022
695,-0.069276,-0.015082,0.010829,0.002468,-0.014604,0.000028
696,-0.073582,-0.016506,0.008172,0.002628,-0.016030,0.000034
697,-0.077391,-0.017891,0.005431,0.002790,-0.017293,0.000038
698,-0.080737,-0.019236,0.002805,0.002951,-0.018402,0.000042
699,-0.083602,-0.020541,0.000301,0.003111,-0.019351,0.000046
700,-0.086021,-0.021803,-0.002092,0.003269,-0.020152,0.000048
701,-0.088003,-0.023027,-0.004371,0.003425,-0.020807,0.000050
702,-0.089589,-0.024205,-0.006550,0.003579,-0.021332,0.000051
703,-0.090790,-0.025343,-0.008629,0.003731,-0.021730,0.000052
704,-0.091636,-0.026440,-0.010618,0.003880,-0.022011,0.000051
705,-0.092147,-0.027493,-0.012518,0.004026,-0.022183,0.000051
706,-0.092338,-0.028506,-0.014336,0.004170,-0.022250,0.000050
707,-0.092251,-0.029476,-0.016074,0.004309,-0.022227,0.000049
708,-0.091899,-0.030404,-0.017745,0.004445,-0.022119,0.000047
709,-0.091315,-0.031292,-0.019352,0.004577,-0.021936,0.000045
710,-0.090501,-0.032138,-0.020893,0.004705,-0.021680,0.000042
711,-0.089494,-0.032942,-0.022380,0.004829,-0.021363,0.000040
712,-0.088347,-0.033707,-0.023825,0.004948,-0.021004,0.000037
713,-0.087014,-0.034429,-0.025214,0.005062,-0.020587,0.000034
714,-0.085554,-0.035110,-0.026559,0.005172,-0.020131,0.000031
715,-0.083973,-0.035751,-0.027866,0.005276,-0.019639,0.000028
716,-0.082301,-0.036355,-0.029139,0.005375,-0.019122,0.000025
717,-0.080552,-0.036917,-0.030381,0.005469,-0.018584,0.000022
718,-0.078734,-0.037438,-0.031591,0.005558,-0.018027,0.000020
719,-0.076867,-0.037920,-0.032778,0.005640,-0.017459,0.000017
720,-0.074961,-0.038363,-0.033940,0.005718,-0.016883,0.000014
721,-0.073031,-0.038768,-0.035080,0.005789,-0.016304,0.000012
722,-0.071088,-0.039132,-0.036198,0.005855,-0.015726,0.000009
723,-0.069127,-0.039459,-0.037296,0.005915,-0.015146,0.000007
724,-0.067167,-0.039747,-0.038374,0.005969,-0.014572,0.000005
725,-0.065225,-0.039997,-0.039436,0.006017,-0.014009,0.000004
726,-0.063298,-0.040210,-0.040483,0.006059,-0.013456,0.000002
727,-0.061375,-0.040385,-0.041506,0.006095,-0.012908,0.000001
728,-0.059497,-0.040523,-0.042518,0.006125,-0.012381,-0.000000
729,-0.057636,-0.040623,-0.043513,0.006150,-0.011865,-0.000001
730,-0.055811,-0.040686,-0.044488,0.006168,-0.011364,-0.000002
731,-0.054026,-0.040713,-0.045449,0.006181,-0.010882,-0.000002
732,-0.052824,-0.040713,-0.046521,0.006183,-0.010604,-0.000002
733,-0.052173,-0.040689,-0.047693,0.006175,-0.010521,-0.000002
734,-0.051494,-0.040625,-0.048828,0.006162,-0.010431,-0.000002
735,-0.050789,-0.040525,-0.049919,0.006144,-0.010335,-0.000002
736,-0.050057,-0.040387,-0.050973,0.006120,-0.010233,-0.000002
737,-0.049300,-0.040212,-0.051981,0.006091,-0.010125,-0.000002
738,-0.048520,-0.040002,-0.052948,0.006058,-0.010012,-0.000003
739,-0.047717,-0.039755,-0.053872,0.006019,-0.009893,-0.000003
740,-0.046889,-0.039472,-0.054751,0.005975,-0.009769,-0.000003
741,-0.046041,-0.039157,-0.055588,0.005927,-0.009639,-0.000003
742,-0.045172,-0.038805,-0.056380,0.005873,-0.009505,-0.000003
743,-0.044282,-0.038420,-0.057125,0.005815,-0.009365,-0.000003
744,-0.043373,-0.038004,-0.057827,0.005753,-0.009221,-0.000003
745,-0.042445,-0.037556,-0.058483,0.005686,-0.009072,-0.000003
746,-0.041528,-0.042677,-0.059570,0.007738,-0.008851,0.000010
747,-0.040591,-0.047767,-0.060602,0.009781,-0.008626,0.000022
748,-0.039630,-0.052151,-0.061517,0.011557,-0.008405,0.000032
749,-0.038646,-0.055884,-0.062321,0.013089,-0.008187,0.000040
750,-0.037642,-0.058977,-0.063020,0.014379,-0.007973,0.000047
751,-0.036615,-0.061468,-0.063611,0.015443,-0.007762,0.000053
752,-0.035570,-0.063397,-0.064104,0.016297,-0.007554,0.000057
753,-0.034508,-0.064807,-0.064494,0.016955,-0.007348,0.000060
754,-0.033431,-0.065731,-0.064793,0.017432,-0.007144,0.000062
755,-0.032336,-0.066211,-0.065008,0.017743,-0.006942,0.000062
756,-0.031225,-0.066283,-0.065138,0.017902,-0.006742,0.000062
757,-0.030105,-0.065990,-0.065189,0.017924,-0.006543,0.000062
758,-0.028970,-0.065356,-0.065162,0.017821,-0.006344,0.000060
759,-0.027825,-0.064430,-0.065064,0.017609,-0.006146,0.000058
760,-0.026672,-0.063237,-0.064896,0.017299,-0.005948,0.000056
761,-0.025508,-0.061801,-0.064664,0.016901,-0.005750,0.000053
762,-0.024339,-0.060180,-0.064369,0.016436,-0.005553,0.000050
763,-0.023162,-0.058392,-0.064017,0.015910,-0.005354,0.000047
764,-0.021982,-0.056444,-0.063609,0.015327,-0.005156,0.000044
765,-0.020800,-0.054387,-0.063146,0.014706,-0.004956,0.000041
766,-0.019613,-0.052236,-0.062638,0.014053,-0.004756,0.000037
767,-0.018426,-0.050017,-0.062077,0.013377,-0.004555,0.000034
768,-0.017237,-0.047733,-0.061477,0.012680,-0.004354,0.000031
769,-0.016051,-0.045414,-0.060830,0.011974,-0.004151,0.000027
770,-0.014864,-0.043085,-0.060147,0.011266,-0.003947,0.000024
771,-0.013680,-0.040754,-0.059425,0.010561,-0.003743,0.000021
772,-0.012500,-0.038422,-0.058662,0.009859,-0.003537,0.000019
773,-0.011326,-0.036108,-0.057868,0.009166,-0.003331,0.000016
774,-0.010156,-0.033825,-0.057040,0.008488,-0.003124,0.000014
775,-0.008996,-0.031404,-0.056140,0.007844,-0.002912,-0.001537
776,-0.007839,-0.029411,-0.055275,0.007251,-0.002704,-0.000986
777,-0.006689,-0.027303,-0.054355,0.006670,-0.002492,-0.001400
778,-0.005547,-0.025391,-0.053434,0.006105,-0.002284,-0.000711
779,-0.004418,-0.023317,-0.052448,0.005551,-0.002072,-0.001311
780,-0.003295,-0.021514,-0.051473,0.005023,-0.001865,-0.000445
781,-0.002982,-0.019455,-0.050226,0.004512,-0.001779,-0.001268
782,-0.002914,-0.017735,-0.048954,0.004035,-0.001736,-0.000174
783,-0.002845,-0.015710,-0.047595,0.003561,-0.001686,-0.001287
784,-0.002773,-0.014096,-0.046293,0.003115,-0.001641,0.000001
785,-0.002701,-0.012136,-0.044901,0.002666,-0.001588,-0.001106
786,-0.002626,-0.010568,-0.043554,0.002247,-0.001540,-0.000000
787,-0.002552,-0.008741,-0.042146,0.001836,-0.001486,-0.000863
788,-0.002475,-0.007212,-0.040767,0.001445,-0.001435,-0.000000
789,-0.002398,-0.005475,-0.039327,0.001062,-0.001379,-0.000766
790,-0.002324,-0.004399,-0.037958,0.000846,-0.001323,-0.000000
791,-0.002254,-0.003405,-0.036556,0.000730,-0.001260,-0.000547
792,-0.002181,-0.002539,-0.035168,0.000603,-0.001200,-0.000002
793,-0.002109,-0.001558,-0.033743,0.000489,-0.001137,-0.000572
794,-0.002032,-0.000712,-0.032333,0.000363,-0.001076,-0.000000
795,-0.001949,-0.000121,-0.030860,0.000289,-0.001018,-0.000323
796,-0.001848,-0.000139,-0.029345,0.000273,-0.000969,-0.000066
797,-0.001749,-0.000100,-0.027810,0.000261,-0.000918,-0.000323
798,-0.001647,-0.000126,-0.026284,0.000244,-0.000869,-0.000000
799,-0.001547,-0.000078,-0.024740,0.000234,-0.000817,-0.000333
800,-0.001445,-0.000105,-0.023214,0.000216,-0.000768,-0.000000
801,0.002761,-0.000026,-0.020714,0.000250,0.000698,-0.000191
802,0.007382,0.000018,-0.018144,0.000285,0.002305,-0.000042
803,0.011498,0.000092,-0.015696,0.000317,0.003740,-0.000205
804,0.015128,0.000119,-0.013388,0.000341,0.005006,-0.000002
805,0.018246,0.000189,-0.011202,0.000364,0.006096,-0.000229
806,0.020923,0.000197,-0.009151,0.000377,0.007033,0.000036
807,0.023162,0.000266,-0.007199,0.000390,0.007821,-0.000257
808,0.024970,0.000258,-0.005386,0.000394,0.008457,0.000055
809,0.026404,0.000316,-0.003655,0.000399,0.008968,-0.000227
810,0.027450,0.000303,-0.002050,0.000394,0.009341,0.000059
811,0.028164,0.000355,-0.000524,0.000391,0.009603,-0.000239
812,0.028578,0.000332,0.000901,0.000380,0.009759,0.000060
813,0.028663,0.000372,0.002244,0.000370,0.009803,-0.000197
814,0.028538,0.000349,0.003510,0.000353,0.009773,0.000058
815,0.028139,0.000385,0.004706,0.000338,0.009650,-0.000211
816,0.027543,0.000355,0.005826,0.000316,0.009457,0.000054
817,0.026715,0.000373,0.006149,0.000304,0.009179,-0.000150
818,0.025702,0.000339,0.005911,0.000291,0.008830,0.000043
819,0.024579,0.000353,0.005658,0.000280,0.008444,-0.000173
820,0.023339,0.000313,0.005366,0.000265,0.008017,0.000044
821,0.022037,0.000317,0.005069,0.000251,0.007570,-0.000108
822,0.020678,0.000286,0.004750,0.000235,0.007102,0.000027
823,0.019284,0.000288,0.004432,0.000221,0.006622,-0.000121
824,0.017870,0.000254,0.004099,0.000204,0.006135,0.000032
825,0.016434,0.000253,0.003769,0.000189,0.005641,-0.000093
826,0.015008,0.000222,0.003435,0.000172,0.005150,0.000026
827,0.013583,0.000220,0.003106,0.000156,0.004660,-0.000083
828,0.012191,0.000192,0.002780,0.000140,0.004180,0.000020
829,0.010838,0.000186,0.002467,0.000125,0.003714,-0.000061
830,0.009516,0.000162,0.002158,0.000110,0.003259,0.000015
831,0.008249,0.000155,0.001865,0.000096,0.002822,-0.000051
832,0.007043,0.000134,0.001582,0.000082,0.002407,0.000011
833,0.005882,0.000127,0.001313,0.000069,0.002007,-0.000039
834,0.004793,0.000109,0.001058,0.000056,0.001631,0.000007
835,0.003771,0.000101,0.000820,0.000045,0.001279,-0.000026
836,0.002832,0.000087,0.000601,0.000034,0.000956,0.000004
837,0.001936,0.000079,0.000393,0.000024,0.000647,-0.000018
838,0.001139,0.000067,0.000206,0.000015,0.000372,0.000001
839,0.000407,0.000059,0.000036,0.000007,0.000120,-0.000005
840,0.000060,0.000055,-0.000045,0.000003,0.000000,-0.000005
841,0.000183,0.000050,-0.000076,0.000001,0.000020,-0.000007
842,0.001259,-0.000005,-0.000357,-0.000011,0.000190,-0.000001
843,0.002326,-0.000058,-0.000635,-0.000022,0.000358,-0.000000
844,0.003379,-0.000110,-0.000910,-0.000034,0.000524,-0.000002
845,0.004422,-0.000163,-0.001181,-0.000045,0.000689,-0.000001
846,0.005453,-0.000214,-0.001450,-0.000057,0.000852,-0.000006
847,0.006469,-0.000266,-0.001715,-0.000068,0.001012,-0.000000
848,0.007473,-0.000315,-0.001976,-0.000079,0.001171,-0.000004
849,0.008462,-0.000366,-0.002234,-0.000090,0.001327,-0.000002
850,0.009436,-0.000415,-0.002487,-0.000101,0.001481,-0.000001
851,0.010391,-0.000462,-0.002736,-0.000111,0.001631,-0.000006
852,0.011332,-0.000510,-0.002981,-0.000122,0.001780,-0.000001
853,0.012251,-0.000557,-0.003221,-0.000132,0.001925,-0.000002
854,0.013155,-0.000602,-0.003456,-0.000142,0.002068,-0.000001
855,0.014040,-0.000647,-0.003686,-0.000152,0.002207,-0.000003
856,0.014903,-0.000691,-0.003911,-0.000162,0.002343,-0.000004
857,0.015748,-0.000734,-0.004132,-0.000171,0.002477,-0.000000
858,0.016570,-0.000775,-0.004346,-0.000180,0.002606,-0.000004
859,0.017372,-0.000816,-0.004555,-0.000189,0.002733,-0.000000
860,0.018151,-0.000855,-0.004758,-0.000198,0.002856,-0.000008
861,0.018910,-0.000894,-0.004956,-0.000207,0.002975,-0.000000
862,0.019645,-0.000932,-0.005148,-0.000215,0.003091,-0.000000
863,0.020359,-0.000968,-0.005335,-0.000223,0.003204,-0.000000
864,0.021047,-0.001003,-0.005514,-0.000231,0.003312,-0.000000
865,0.021711,-0.001036,-0.005688,-0.000238,0.003417,-0.000004
866,0.022350,-0.001069,-0.005856,-0.000245,0.003517,-0.000005
867,0.022964,-0.001100,-0.006017,-0.000252,0.003614,-0.000000
868,0.023902,-0.001126,-0.006091,-0.000255,0.003827,-0.000002
869,0.025409,-0.001142,-0.006018,-0.000250,0.004240,-0.000006
870,0.026865,-0.001159,-0.005947,-0.000246,0.004641,0.000001
871,0.028276,-0.001173,-0.005872,-0.000241,0.005031,-0.000011
872,0.029626,-0.001189,-0.005801,-0.000237,0.005404,0.000002
873,0.030907,-0.001200,-0.005734,-0.000233,0.005758,-0.000015
874,0.032141,-0.001214,-0.005665,-0.000229,0.006100,-0.000001
875,0.033287,-0.001224,-0.005604,-0.000225,0.006417,-0.000014
876,0.034352,-0.000505,-0.005624,-0.000306,0.006729,-0.000006
877,0.035326,0.000414,-0.005672,-0.000412,0.007019,-0.000006
878,0.036231,0.001331,-0.005726,-0.000517,0.007289,-0.000011
879,0.037043,0.002232,-0.005788,-0.000621,0.007531,0.000003
880,0.037767,0.003127,-0.005858,-0.000724,0.007747,-0.000014
881,0.038402,0.004008,-0.005938,-0.000827,0.007936,0.000003
882,0.038979,0.004879,-0.006016,-0.000928,0.008111,0.000003
883,0.039466,0.005737,-0.006103,-0.001028,0.008258,-0.000000
884,0.039871,0.006579,-0.006196,-0.001126,0.008381,0.000003
885,0.040211,0.007409,-0.006292,-0.001224,0.008485,0.000003
886,0.040488,0.008221,-0.006389,-0.001319,0.008573,0.000003
887,0.040671,0.009019,-0.006495,-0.001413,0.008632,0.000003
888,0.040814,0.009798,-0.006596,-0.001505,0.008681,0.000003
889,0.040875,0.010561,-0.006705,-0.001595,0.008706,0.000002
890,0.040885,0.011306,-0.006813,-0.001684,0.008717,0.000002
891,0.040833,0.012033,-0.006921,-0.001770,0.008710,0.000002
892,0.040727,0.012741,-0.007029,-0.001854,0.008689,0.000002
893,0.040571,0.013427,-0.007135,-0.001935,0.008654,0.000001
894,0.040369,0.014094,-0.007240,-0.002015,0.008607,0.000001
895,0.040104,0.014740,-0.007346,-0.002092,0.008542,0.000001
896,0.039817,0.015364,-0.007445,-0.002166,0.008473,0.000001
897,0.039485,0.015966,-0.007539,-0.002237,0.008393,0.000000
898,0.039109,0.016547,-0.007633,-0.002306,0.008300,0.000000
899,0.038698,0.017104,-0.007721,-0.002372,0.008199,-0.000000
900,0.038266,0.017639,-0.007802,-0.002435,0.008094,-0.000000
901,0.037864,0.018158,-0.007012,-0.002504,0.008012,-0.000001
902,0.037452,0.018661,-0.005503,-0.002578,0.007937,-0.000001
903,0.036990,0.019138,-0.004003,-0.002649,0.007847,-0.000001
904,0.036486,0.019594,-0.002518,-0.002717,0.007745,-0.000001
905,0.035933,0.020026,-0.001046,-0.002782,0.007630,-0.000002
906,0.035322,0.020433,0.000404,-0.002845,0.007496,-0.000002
907,0.034681,0.020814,0.001844,-0.002904,0.007355,-0.000002
908,0.034005,0.021173,0.003266,-0.002961,0.007204,-0.000002
909,0.033295,0.021506,0.004679,-0.003015,0.007044,-0.000002
910,0.032551,0.021816,0.006066,-0.003065,0.006874,-0.000002
911,0.031787,0.022101,0.007443,-0.003113,0.006700,-0.000002
912,0.030990,0.022363,0.008799,-0.003157,0.006516,-0.000002
913,0.030171,0.022598,0.010138,-0.003198,0.006326,-0.000002
914,0.029327,0.022810,0.011457,-0.003236,0.006129,-0.000002
915,0.028467,0.022998,0.012758,-0.003271,0.005928,-0.000002
916,0.027586,0.023162,0.014038,-0.003303,0.005722,-0.000002
917,0.026711,0.023302,0.015302,-0.003331,0.005519,-0.000002
918,0.025824,0.023419,0.016551,-0.003356,0.005314,-0.000001
919,0.024917,0.023512,0.017772,-0.003378,0.005102,-0.000001
920,0.024085,0.023583,0.018989,-0.003396,0.004918,-0.000001
921,0.023682,0.023636,0.020294,-0.003406,0.004883,-0.000001
922,0.023270,0.023664,0.021568,-0.003412,0.004845,-0.000001
923,0.022845,0.023671,0.022822,-0.003415,0.004804,-0.000001
924,0.022412,0.023655,0.024044,-0.003415,0.004761,-0.000001
925,0.021974,0.023616,0.025236,-0.003412,0.004715,-0.000001
926,0.021522,0.023554,0.026405,-0.003406,0.004666,-0.000001
927,0.021065,0.023467,0.027539,-0.003397,0.004615,-0.000001
928,0.020598,0.023362,0.028647,-0.003385,0.004562,-0.000001
929,0.020129,0.023232,0.029718,-0.003369,0.004507,-0.000001
930,0.019676,0.025009,0.030946,-0.004085,0.004428,0.000004
931,0.019242,0.028823,0.032331,-0.005582,0.004326,0.000013
932,0.018790,0.032152,0.033636,-0.006894,0.004225,0.000021
933,0.018324,0.035040,0.034862,-0.008039,0.004127,0.000028
934,0.017845,0.037490,0.036008,-0.009017,0.004030,0.000033
935,0.017350,0.039527,0.037078,-0.009840,0.003936,0.000038
936,0.016844,0.041186,0.038076,-0.010520,0.003843,0.000042
937,0.016326,0.042486,0.039002,-0.011065,0.003752,0.000045
938,0.015798,0.043435,0.039854,-0.011478,0.003662,0.000047
939,0.015260,0.044086,0.040644,-0.011778,0.003574,0.000049
940,0.014716,0.044446,0.041366,-0.011971,0.003487,0.000050
941,0.014164,0.044543,0.042027,-0.012065,0.003400,0.000050
942,0.013607,0.044399,0.042626,-0.012069,0.003315,0.000049
943,0.013044,0.044037,0.043169,-0.011994,0.003231,0.000049
944,0.012476,0.043495,0.043658,-0.011852,0.003146,0.000048
945,0.011908,0.042786,0.044093,-0.011650,0.003063,0.000046
946,0.011337,0.041930,0.044477,-0.011394,0.002980,0.000044
947,0.010764,0.040940,0.044811,-0.011091,0.002896,0.000042
948,0.010192,0.039846,0.045098,-0.010750,0.002813,0.000040
949,0.009620,0.038667,0.045339,-0.010381,0.002730,0.000038
950,0.009051,0.037404,0.045538,-0.009982,0.002647,0.000036
951,0.008482,0.036088,0.045695,-0.009566,0.002564,0.000033
952,0.007918,0.034719,0.045813,-0.009133,0.002481,0.000031
953,0.007355,0.033316,0.045890,-0.008691,0.002397,0.000028
954,0.006797,0.031892,0.045927,-0.008243,0.002313,0.000026
955,0.006244,0.030462,0.045931,-0.007796,0.002229,0.000024
956,0.005697,0.029021,0.045899,-0.007348,0.002144,0.000021
957,0.005153,0.027588,0.045835,-0.006906,0.002059,0.000019
958,0.004618,0.026145,0.045730,-0.006463,0.001974,0.000017
959,0.004089,0.024739,0.045599,-0.006036,0.001889,0.000015
960,0.003566,0.023354,0.045435,-0.005621,0.001803,0.000013
961,0.003050,0.021985,0.045239,-0.005214,0.001717,0.000012
962,0.002701,0.020646,0.044971,-0.004825,0.001655,0.000010
963,0.002677,0.019305,0.044583,-0.004448,0.001644,0.000009
964,0.002652,0.018007,0.044174,-0.004089,0.001631,0.000007
965,0.002626,0.016741,0.043739,-0.003743,0.001617,0.000006
966,0.002599,0.015509,0.043278,-0.003412,0.001601,0.000005
967,0.002571,0.014307,0.042796,-0.003092,0.001584,0.000004
968,0.002543,0.013131,0.042288,-0.002785,0.001565,0.000003
969,0.002512,0.011979,0.041758,-0.002487,0.001545,0.000002
970,0.002482,0.010871,0.041206,-0.002207,0.001524,0.000002
971,0.002450,0.009794,0.040632,-0.001938,0.001501,0.000001
972,0.002417,0.008743,0.040037,-0.001682,0.001477,0.000001
973,0.002384,0.007728,0.039421,-0.001438,0.001452,0.000000
974,0.002349,0.006727,0.038779,-0.001200,0.001426,-0.000000
975,0.002316,0.006035,0.038148,-0.001080,0.001396,-0.000000
976,0.002282,0.005468,0.037505,-0.001007,0.001363,-0.000000
977,0.002247,0.004904,0.036839,-0.000934,0.001329,-0.000000
978,0.002211,0.004342,0.036152,-0.000861,0.001295,-0.000000
979,0.002174,0.003783,0.035446,-0.000788,0.001260,-0.000000
980,0.002136,0.003228,0.034718,-0.000716,0.001225,-0.000000
981,0.002097,0.002676,0.033971,-0.000643,0.001189,-0.000000
982,0.002057,0.002128,0.033206,-0.000571,0.001152,-0.000000
983,0.002015,0.001586,0.032420,-0.000500,0.001115,-0.000000
984,0.001973,0.001050,0.031622,-0.000429,0.001078,-0.000000
985,0.001929,0.000518,0.030807,-0.000358,0.001040,-0.000000
986,0.001875,0.000336,0.029934,-0.000328,0.001007,-0.000000
987,0.001815,0.000324,0.029027,-0.000319,0.000976,-0.000000
988,0.001755,0.000313,0.028104,-0.000309,0.000945,-0.000000
989,0.001693,0.000301,0.027173,-0.000299,0.000914,-0.000000
990,0.001632,0.000289,0.026231,-0.000288,0.000882,-0.000000
991,0.001570,0.000278,0.025282,-0.000278,0.000850,-0.000000
992,0.001508,0.000266,0.024319,-0.000268,0.000818,-0.000000
993,0.001444,0.000254,0.023348,-0.000257,0.000785,-0.000000
994,0.001382,0.000242,0.022373,-0.000246,0.000752,-0.000000
995,0.001319,0.000229,0.021391,-0.000236,0.000719,-0.000000
996,0.001256,0.000217,0.020404,-0.000225,0.000686,-0.000000
997,0.001193,0.000205,0.019408,-0.000214,0.000653,0.000000
998,0.001129,0.000193,0.018412,-0.000203,0.000619,-0.000000
999,-0.002722,0.000103,0.016490,-0.000228,-0.000722,0.000008
1000,-0.006917,0.000006,0.014495,-0.000255,-0.002182,0.000017
1001,-0.010664,-0.000082,0.012617,-0.000278,-0.003488,0.000024
1002,-0.013935,-0.000162,0.010874,-0.000296,-0.004629,0.000031
1003,-0.016791,-0.000233,0.009241,-0.000310,-0.005626,0.000036
1004,-0.019212,-0.000296,0.007729,-0.000320,-0.006474,0.000041
1005,-0.021209,-0.000473,0.006299,-0.000346,-0.007179,0.001257
1006,-0.022888,-0.000397,0.005021,-0.000330,-0.007766,0.000047
1007,-0.024158,-0.000512,0.003807,-0.000343,-0.008219,0.000814
1008,-0.025132,-0.000475,0.002711,-0.000329,-0.008565,0.000123
1009,-0.025771,-0.000570,0.001673,-0.000336,-0.008799,0.000836
1010,-0.026147,-0.000511,0.000750,-0.000315,-0.008938,0.000052
1011,-0.026245,-0.000583,-0.000135,-0.000316,-0.008985,0.000654
1012,-0.026118,-0.000531,-0.000918,-0.000294,-0.008950,0.000050
1013,-0.025766,-0.000589,-0.001672,-0.000290,-0.008842,0.000616
1014,-0.025247,-0.000531,-0.002345,-0.000266,-0.008672,0.000047
1015,-0.024548,-0.000565,-0.002991,-0.000257,-0.008443,0.000442
1016,-0.023696,-0.000517,-0.003567,-0.000234,-0.008158,0.000051
1017,-0.022709,-0.000544,-0.004120,-0.000222,-0.007829,0.000453
1018,-0.021639,-0.000489,-0.004624,-0.000197,-0.007469,0.000038
1019,-0.020470,-0.000496,-0.005019,-0.000183,-0.007075,0.000293
1020,-0.019194,-0.000446,-0.004701,-0.000168,-0.006634,0.000061
1021,-0.017873,-0.000441,-0.004384,-0.000160,-0.006180,0.000300
1022,-0.016535,-0.000385,-0.004051,-0.000144,-0.005718,0.000028
1023,-0.015184,-0.000376,-0.003726,-0.000136,-0.005252,0.000237
1024,-0.013846,-0.000326,-0.003394,-0.000121,-0.004790,0.000023
1025,-0.012511,-0.000317,-0.003074,-0.000113,-0.004331,0.000222
1026,-0.011214,-0.000268,-0.002753,-0.000098,-0.003882,0.000018
1027,-0.009930,-0.000254,-0.002444,-0.000089,-0.003440,0.000158
1028,-0.008704,-0.000214,-0.002141,-0.000076,-0.003017,0.000019
1029,-0.007506,-0.000201,-0.001854,-0.000069,-0.002604,0.000160
1030,-0.006387,-0.000162,-0.001578,-0.000056,-0.002217,0.000010
1031,-0.005296,-0.000148,-0.001315,-0.000049,-0.001841,0.000108
1032,-0.004282,-0.000116,-0.001066,-0.000039,-0.001491,0.000008
1033,-0.003327,-0.000106,-0.000836,-0.000032,-0.001162,0.000121
1034,-0.002439,-0.000075,-0.000617,-0.000023,-0.000855,0.000003
1035,-0.001610,-0.000063,-0.000417,-0.000017,-0.000569,0.000065
1036,-0.000854,-0.000043,-0.000232,-0.000010,-0.000308,0.000022
1037,-0.000153,-0.000031,-0.000063,-0.000004,-0.000066,0.000057
1038,0.000035,-0.000023,-0.000017,-0.000002,-0.000001,0.000013
1039,0.000036,-0.000026,-0.000017,-0.000003,-0.000001,0.000050
1040,0.000035,-0.000022,-0.000016,-0.000002,-0.000001,0.000005
1041,0.000035,-0.000027,-0.000017,-0.000003,-0.000001,0.000056
1042,0.000035,-0.000021,-0.000016,-0.000002,-0.000001,-0.000000
1043,0.000036,-0.000025,-0.000017,-0.000003,-0.000001,0.000037
1044,0.000036,-0.000022,-0.000016,-0.000002,-0.000001,0.000005
1045,0.000036,-0.000025,-0.000016,-0.000002,-0.000001,0.000031
1046,0.000035,-0.000022,-0.000016,-0.000002,-0.000001,0.000005
1047,0.000035,-0.000024,-0.000017,-0.000002,-0.000001,0.000029
1048,0.000035,-0.000022,-0.000016,-0.000002,-0.000001,-0.000000
1049,0.000035,-0.000024,-0.000017,-0.000002,-0.000001,0.000030
1050,0.000035,-0.000021,-0.000016,-0.000002,-0.000001,0.000000
1051,0.000035,-0.000023,-0.000016,-0.000002,-0.000001,0.000011
1052,0.000035,-0.000022,-0.000016,-0.000002,-0.000001,0.000003
1053,0.000036,-0.000024,-0.000016,-0.000002,-0.000001,0.000018
1054,0.000035,-0.000022,-0.000016,-0.000002,-0.000001,0.000001
1055,0.000035,-0.000023,-0.000016,-0.000002,-0.000001,0.000015
1056,0.000035,-0.000022,-0.000016,-0.000002,-0.000001,0.000004
1057,0.000034,-0.000022,-0.000016,-0.000002,-0.000001,0.000001
1058,0.000035,-0.000023,-0.000016,-0.000002,-0.000001,0.000011
1059,0.000035,-0.000022,-0.000016,-0.000002,-0.000001,-0.000000
1060,0.000035,-0.000022,-0.000016,-0.000002,-0.000001,0.000006
1061,0.000035,-0.000023,-0.000016,-0.000002,-0.000001,0.000007
1062,0.000035,-0.000022,-0.000016,-0.000002,-0.000001,0.000001
1063,0.000035,-0.000023,-0.000016,-0.000002,-0.000001,0.000008
1064,0.000035,-0.000022,-0.000016,-0.000002,-0.000001,0.000001
1065,0.000035,-0.000023,-0.000017,-0.000002,-0.000001,0.000011
1066,0.000035,-0.000022,-0.000016,-0.000002,-0.000001,0.000000
1067,0.000035,-0.000022,-0.000016,-0.000002,-0.000001,0.000000
1068,0.000035,-0.000022,-0.000016,-0.000002,-0.000001,0.000002
1069,0.000035,-0.000022,-0.000016,-0.000002,-0.000001,0.000000
1070,0.000035,-0.000023,-0.000016,-0.000002,-0.000001,0.000005
1071,0.000035,-0.000022,-0.000017,-0.000002,-0.000001,-0.000000
1072,0.000035,-0.000022,-0.000016,-0.000002,-0.000001,0.000000
1073,0.000035,-0.000022,-0.000017,-0.000002,-0.000001,0.000001
1074,0.000035,-0.000022,-0.000017,-0.000002,-0.000001,0.000003
1075,0.000035,-0.000022,-0.000016,-0.000002,-0.000001,0.000000
1076,0.000035,-0.000022,-0.000016,-0.000002,-0.000001,0.000002
1077,0.000035,-0.000022,-0.000017,-0.000002,-0.000001,0.000000
1078,0.000035,-0.000023,-0.000016,-0.000002,-0.000001,0.000005
1079,0.000034,-0.000022,-0.000016,-0.000002,-0.000001,0.000000
1080,0.000034,-0.000022,-0.000016,-0.000002,-0.000001,-0.000000
1081,0.000035,-0.000022,-0.000016,-0.000002,-0.000001,0.000001
1082,0.000035,-0.000023,-0.000017,-0.000002,-0.000001,0.000003
1083,0.000035,-0.000022,-0.000017,-0.000002,-0.000001,0.000001
1084,0.000035,-0.000022,-0.000016,-0.000002,-0.000001,0.000000
1085,0.000035,-0.000022,-0.000016,-0.000002,-0.000001,0.000002
1086,0.000035,-0.000023,-0.000017,-0.000002,-0.000001,0.000004
1087,0.000035,-0.000022,-0.000017,-0.000002,-0.000001,-0.000000
1088,0.000035,-0.000022,-0.000017,-0.000002,-0.000001,0.000000
1089,0.000035,-0.000022,-0.000016,-0.000002,-0.000001,0.000003
1090,0.000034,-0.000023,-0.000017,-0.000002,-0.000001,0.000007
1091,0.000035,-0.000022,-0.000016,-0.000002,-0.000001,0.000000
1092,0.000035,-0.000022,-0.000016,-0.000002,-0.000001,0.000000
1093,0.000034,-0.000022,-0.000016,-0.000002,-0.000001,0.000000
1094,0.000034,-0.000022,-0.000017,-0.000002,-0.000001,0.000000
1095,0.000034,-0.000022,-0.000017,-0.000002,-0.000001,0.000000
1096,0.000034,-0.000023,-0.000016,-0.000002,-0.000001,-0.000000
1097,0.000035,-0.000022,-0.000017,-0.000002,-0.000001,-0.000000
1098,0.000035,-0.000022,-0.000017,-0.000002,-0.000001,0.000000
1099,0.000035,-0.000022,-0.000017,-0.000002,-0.000001,0.000000
1100,0.000034,-0.000023,-0.000017,-0.000002,-0.000001,0.000000
1101,0.000034,-0.000023,-0.000016,-0.000002,-0.000001,-0.000000
1102,0.000035,-0.000023,-0.000017,-0.000002,-0.000001,0.000000
1103,0.000034,-0.000023,-0.000017,-0.000002,-0.000001,-0.000000
1104,0.000035,-0.000023,-0.000017,-0.000002,-0.000001,0.000000
1105,-0.000275,-0.000011,0.000063,0.000002,-0.000050,0.000000
1106,-0.000736,0.000006,0.000180,0.000008,-0.000123,0.000000
1107,-0.001194,0.000023,0.000297,0.000014,-0.000195,0.000000
1108,-0.001648,0.000039,0.000413,0.000019,-0.000267,-0.000000
1109,-0.002098,0.000056,0.000528,0.000025,-0.000338,-0.000000
1110,-0.002540,0.000072,0.000641,0.000031,-0.000408,-0.000000
1111,-0.002977,0.000088,0.000753,0.000036,-0.000477,-0.000000
1112,-0.003407,0.000104,0.000862,0.000042,-0.000545,-0.000000
1113,-0.003829,0.000119,0.000971,0.000047,-0.000612,-0.000000
1114,-0.004247,0.000135,0.001077,0.000053,-0.000678,-0.000000
1115,-0.004655,0.000149,0.001181,0.000058,-0.000742,-0.000000
1116,-0.005058,0.000164,0.001285,0.000063,-0.000806,-0.000000
1117,-0.005454,0.000178,0.001386,0.000068,-0.000869,-0.000000
1118,-0.005839,0.000192,0.001484,0.000073,-0.000930,-0.000000
1119,-0.006217,0.000206,0.001581,0.000078,-0.000990,-0.000000
1120,-0.006587,0.000219,0.001676,0.000082,-0.001048,-0.000000
1121,-0.006946,0.000232,0.001768,0.000087,-0.001105,-0.000000
1122,-0.007299,0.000245,0.001858,0.000091,-0.001161,-0.000000
1123,-0.007641,0.000257,0.001945,0.000095,-0.001215,-0.000000
1124,-0.007973,0.000269,0.002030,0.000100,-0.001267,-0.000000
1125,-0.008295,0.000281,0.002113,0.000104,-0.001318,-0.000000
1126,-0.008608,0.000292,0.002193,0.000108,-0.001368,-0.000000
1127,-0.008912,0.000303,0.002270,0.000111,-0.001416,-0.000000
1128,-0.009204,0.000313,0.002345,0.000115,-0.001462,-0.000000
1129,-0.009486,0.000323,0.002417,0.000119,-0.001507,-0.000000
1130,-0.009760,0.000333,0.002487,0.000122,-0.001550,-0.000000
1131,-0.010021,0.000342,0.002553,0.000125,-0.001591,-0.000000
1132,-0.010270,0.000351,0.002617,0.000128,-0.001631,-0.000000
1133,-0.010508,0.000359,0.002678,0.000131,-0.001669,-0.000000
1134,-0.010736,0.000367,0.002736,0.000134,-0.001705,-0.000000
1135,-0.010953,0.000375,0.002791,0.000137,-0.001739,-0.000000
1136,-0.011154,0.000253,0.002857,0.000155,-0.001774,-0.000000
1137,-0.011332,-0.000228,0.002957,0.000214,-0.001811,-0.000000
1138,-0.011499,-0.000704,0.003053,0.000274,-0.001847,-0.000000
1139,-0.011655,-0.001176,0.003146,0.000332,-0.001881,-0.000000
1140,-0.011802,-0.001643,0.003235,0.000390,-0.001913,-0.000000
1141,-0.011935,-0.002105,0.003321,0.000447,-0.001943,-0.000000
1142,-0.012062,-0.002561,0.003403,0.000503,-0.001972,-0.000000
1143,-0.012175,-0.003012,0.003482,0.000558,-0.001999,-0.000000
1144,-0.012280,-0.003454,0.003557,0.000612,-0.002024,-0.000000
1145,-0.012373,-0.003888,0.003628,0.000665,-0.002047,-0.000000
1146,-0.012457,-0.004318,0.003696,0.000718,-0.002068,-0.000000
1147,-0.012530,-0.004737,0.003760,0.000769,-0.002088,-0.000000
1148,-0.012590,-0.005147,0.003819,0.000818,-0.002105,-0.000000
1149,-0.012646,-0.005551,0.003877,0.000867,-0.002122,-0.000000
1150,-0.012686,-0.005945,0.003929,0.000914,-0.002136,-0.000000
1151,-0.012720,-0.006328,0.003978,0.000960,-0.002148,-0.000000
1152,-0.012742,-0.006704,0.004023,0.001005,-0.002159,-0.000000
1153,-0.012755,-0.007068,0.004064,0.001049,-0.002168,-0.000000
1154,-0.012756,-0.007421,0.004101,0.001091,-0.002175,-0.000000
1155,-0.012751,-0.007764,0.004135,0.001131,-0.002180,-0.000000
1156,-0.012735,-0.008096,0.004165,0.001170,-0.002184,-0.000000
1157,-0.012710,-0.008416,0.004191,0.001208,-0.002186,-0.000000
1158,-0.012675,-0.008727,0.004213,0.001244,-0.002186,-0.000000
1159,-0.012632,-0.009024,0.004199,0.001279,-0.002186,-0.000000
1160,-0.012640,-0.009317,0.003251,0.001321,-0.002214,-0.000000
1161,-0.012639,-0.009596,0.002307,0.001362,-0.002241,-0.000000
1162,-0.012630,-0.009865,0.001369,0.001401,-0.002266,-0.000000
1163,-0.012613,-0.010122,0.000436,0.001438,-0.002290,-0.000000
1164,-0.012589,-0.010365,-0.000490,0.001474,-0.002311,-0.000000
1165,-0.012555,-0.010596,-0.001408,0.001508,-0.002331,-0.000000
1166,-0.012515,-0.010815,-0.002320,0.001540,-0.002349,-0.000000
1167,-0.012468,-0.011022,-0.003221,0.001571,-0.002366,-0.000000
1168,-0.012414,-0.011216,-0.004112,0.001599,-0.002381,-0.000000
1169,-0.012354,-0.012228,-0.005070,0.001942,-0.002383,0.000001
1170,-0.012290,-0.014241,-0.006105,0.002668,-0.002370,0.000004
1171,-0.012217,-0.016041,-0.007108,0.003313,-0.002358,0.000006
1172,-0.012138,-0.017635,-0.008076,0.003882,-0.002347,0.000009
1173,-0.012047,-0.019052,-0.009016,0.004386,-0.002337,0.000011
1174,-0.011949,-0.020275,-0.009925,0.004817,-0.002327,0.000012
1175,-0.011842,-0.021340,-0.010801,0.005189,-0.002317,0.000014
1176,-0.011729,-0.022223,-0.011648,0.005495,-0.002309,0.000015
1177,-0.011609,-0.022965,-0.012469,0.005748,-0.002300,0.000016
1178,-0.011481,-0.023559,-0.013257,0.005948,-0.002291,0.000017
1179,-0.011346,-0.024022,-0.014021,0.006100,-0.002283,0.000018
1180,-0.011206,-0.024362,-0.014755,0.006207,-0.002274,0.000019
1181,-0.011060,-0.024585,-0.015461,0.006273,-0.002265,0.000019
1182,-0.010907,-0.024713,-0.016146,0.006305,-0.002256,0.000019
1183,-0.010750,-0.024745,-0.016798,0.006302,-0.002247,0.000019
1184,-0.010587,-0.024703,-0.017432,0.006274,-0.002237,0.000019
1185,-0.010420,-0.024580,-0.018037,0.006217,-0.002226,0.000019
1186,-0.010248,-0.024388,-0.018622,0.006137,-0.002215,0.000019
1187,-0.010074,-0.024146,-0.019179,0.006041,-0.002203,0.000019
1188,-0.009895,-0.023856,-0.019717,0.005929,-0.002191,0.000018
1189,-0.009711,-0.023522,-0.020230,0.005803,-0.002177,0.000018
1190,-0.009523,-0.023157,-0.020725,0.005668,-0.002162,0.000017
1191,-0.009335,-0.022752,-0.021194,0.005521,-0.002147,0.000017
1192,-0.009143,-0.022332,-0.021645,0.005370,-0.002131,0.000016
1193,-0.008948,-0.021886,-0.022071,0.005214,-0.002113,0.000015
1194,-0.008750,-0.021424,-0.022481,0.005053,-0.002095,0.000015
1195,-0.008552,-0.020955,-0.022867,0.004892,-0.002075,0.000014
1196,-0.008349,-0.020479,-0.023236,0.004732,-0.002054,0.000013
1197,-0.008147,-0.019992,-0.023580,0.004570,-0.002033,0.000013
1198,-0.007944,-0.019505,-0.023907,0.004411,-0.002010,0.000012
1199,-0.007738,-0.019009,-0.024208,0.004251,-0.001986,0.000011
1200,-0.007531,-0.018538,-0.024498,0.004103,-0.001961,0.000011
1201,-0.007324,-0.018050,-0.024763,0.003952,-0.001935,0.000010
1202,-0.007117,-0.017568,-0.025005,0.003805,-0.001908,0.000010
1203,-0.006907,-0.017099,-0.025232,0.003666,-0.001880,0.000009
1204,-0.006699,-0.016622,-0.025435,0.003526,-0.001852,0.000009
1205,-0.006490,-0.016158,-0.025621,0.003394,-0.001822,0.000008
1206,-0.006281,-0.015698,-0.025787,0.003265,-0.001791,0.000008
1207,-0.006071,-0.015235,-0.025931,0.003138,-0.001760,0.000007
1208,-0.005863,-0.014791,-0.026054,0.003020,-0.001727,0.000007
1209,-0.005652,-0.014357,-0.026163,0.002908,-0.001694,0.000006
1210,-0.005444,-0.013926,-0.026248,0.002799,-0.001660,0.000006
1211,-0.005238,-0.013496,-0.026312,0.002692,-0.001626,0.000005
1212,-0.005031,-0.013079,-0.026360,0.002592,-0.001590,0.000005
1213,-0.004825,-0.012660,-0.026383,0.002494,-0.001554,0.000005
1214,-0.004619,-0.012243,-0.026390,0.002398,-0.001517,0.000004
1215,-0.004416,-0.011836,-0.026377,0.002307,-0.001480,0.000004
1216,-0.004212,-0.011424,-0.026344,0.002216,-0.001443,0.000004
1217,-0.004010,-0.011026,-0.026292,0.002132,-0.001404,0.000004
1218,-0.003811,-0.010609,-0.026218,0.002042,-0.001366,0.000003
1219,-0.003611,-0.010212,-0.026129,0.001961,-0.001327,0.000003
1220,-0.003413,-0.009809,-0.026019,0.001879,-0.001287,0.000003
1221,-0.003216,-0.009406,-0.025892,0.001798,-0.001248,0.000003
1222,-0.003022,-0.009002,-0.025746,0.001718,-0.001208,0.000002
1223,-0.002828,-0.008602,-0.025579,0.001640,-0.001167,0.000002
1224,-0.002637,-0.008188,-0.025394,0.001558,-0.001127,0.000002
1225,-0.002449,-0.007786,-0.025194,0.001482,-0.001086,0.000002
1226,-0.002261,-0.007382,-0.024979,0.001405,-0.001045,0.000002
1227,-0.002077,-0.006978,-0.024741,0.001329,-0.001004,0.000002
1228,-0.001891,-0.006556,-0.024487,0.001247,-0.000963,0.000001
1229,-0.001710,-0.006152,-0.024217,0.001172,-0.000921,0.000001
1230,-0.001532,-0.005734,-0.023929,0.001091,-0.000880,0.000001
1231,-0.001377,-0.005316,-0.023623,0.001013,-0.000843,0.000001
1232,-0.001362,-0.004891,-0.023263,0.000935,-0.000827,0.000001
1233,-0.001347,-0.004468,-0.022891,0.000858,-0.000810,0.000001
1234,-0.001331,-0.004041,-0.022506,0.000780,-0.000793,0.000001
1235,-0.001314,-0.003609,-0.022105,0.000698,-0.000776,0.000000
1236,-0.001296,-0.003170,-0.021694,0.000616,-0.000759,0.000000
1237,-0.001276,-0.002730,-0.021268,0.000532,-0.000741,0.000000
1238,-0.001257,-0.002322,-0.020832,0.000459,-0.000722,-0.000000
1239,-0.001237,-0.001992,-0.020395,0.000416,-0.000702,-0.000000
1240,-0.001216,-0.001666,-0.019942,0.000374,-0.000682,-0.000000
1241,-0.001194,-0.001342,-0.019482,0.000331,-0.000661,-0.000000
1242,-0.001172,-0.001020,-0.019011,0.000289,-0.000641,-0.000000
1243,-0.001149,-0.000701,-0.018529,0.000247,-0.000619,-0.000000
1244,-0.001125,-0.000387,-0.018041,0.000206,-0.000598,-0.000000
1245,-0.001100,-0.000096,-0.017542,0.000167,-0.000577,0.000000
1246,-0.001066,-0.000092,-0.017003,0.000162,-0.000559,-0.000000
1247,-0.001032,-0.000088,-0.016459,0.000157,-0.000542,-0.000000
1248,-0.000997,-0.000085,-0.015912,0.000152,-0.000524,0.000000
1249,-0.000962,-0.000081,-0.015355,0.000147,-0.000506,-0.000000
1250,-0.000926,-0.000077,-0.014793,0.000141,-0.000487,0.000000
1251,-0.000890,-0.000073,-0.014225,0.000136,-0.000469,0.000000
1252,-0.000854,-0.000069,-0.013653,0.000130,-0.000450,0.000000
1253,-0.000817,-0.000065,-0.013080,0.000125,-0.000431,-0.000000
1254,-0.000780,-0.000061,-0.012499,0.000120,-0.000412,-0.000000
1255,-0.000743,-0.000057,-0.011917,0.000114,-0.000393,0.000000
1256,-0.000706,-0.000053,-0.011332,0.000109,-0.000374,0.000000
1257,-0.000668,-0.000049,-0.010743,0.000103,-0.000355,-0.000000
1258,-0.000631,-0.000045,-0.010155,0.000098,-0.000336,-0.000000
1259,-0.000593,-0.000041,-0.009566,0.000092,-0.000316,0.000000
1260,-0.000555,-0.000037,-0.008975,0.000086,-0.000297,-0.000000
1261,-0.000517,-0.000033,-0.008384,0.000081,-0.000277,-0.000000
1262,-0.000479,-0.000029,-0.007791,0.000075,-0.000258,0.000000
1263,-0.000441,-0.000025,-0.007200,0.000070,-0.000239,-0.000000
1264,-0.000403,-0.000021,-0.006614,0.000064,-0.000219,0.000000
1265,-0.000365,-0.000017,-0.006025,0.000059,-0.000200,-0.000000
1266,-0.000328,-0.000013,-0.005441,0.000053,-0.000181,-0.000000
1267,-0.000290,-0.000009,-0.004857,0.000048,-0.000162,0.000000
1268,-0.000252,-0.000005,-0.004275,0.000042,-0.000142,-0.000000
1269,-0.000215,-0.000001,-0.003698,0.000037,-0.000123,-0.000000
1270,-0.000178,0.000002,-0.003127,0.000031,-0.000105,0.000000
1271,-0.000141,0.000006,-0.002558,0.000026,-0.000086,0.000000
1272,-0.000104,0.000010,-0.001994,0.000021,-0.000067,0.000000
1273,-0.000068,0.000014,-0.001435,0.000015,-0.000049,0.000000
1274,-0.000032,0.000017,-0.000883,0.000010,-0.000031,0.000000
1275,0.000003,0.000021,-0.000333,0.000005,-0.000012,-0.000000
1276,0.000023,0.000073,0.000007,0.000007,-0.000000,-0.000457
1277,0.000023,0.000071,0.000007,0.000007,-0.000000,-0.000438
1278,0.000023,0.000065,0.000005,0.000006,-0.000001,-0.000384
1279,0.000023,0.000064,0.000005,0.000006,-0.000001,-0.000370
1280,0.000024,0.000059,0.000004,0.000006,-0.000001,-0.000322
1281,0.000024,0.000058,0.000003,0.000006,-0.000001,-0.000315
1282,0.000024,0.000053,0.000003,0.000005,-0.000001,-0.000265
1283,0.000023,0.000053,0.000002,0.000005,-0.000001,-0.000268
1284,0.000024,0.000048,0.000001,0.000004,-0.000001,-0.000219
1285,0.000023,0.000049,0.000002,0.000004,-0.000001,-0.000234
1286,0.000024,0.000043,0.000000,0.000004,-0.000001,-0.000178
1287,0.000024,0.000046,0.000001,0.000004,-0.000001,-0.000206
1288,0.000024,0.000038,-0.000001,0.000003,-0.000001,-0.000132
1289,0.000024,0.000045,0.000000,0.000004,-0.000001,-0.000189
1290,0.000024,0.000035,-0.000002,0.000003,-0.000001,-0.000100
1291,0.000024,0.000042,-0.000000,0.000004,-0.000001,-0.000169
1292,0.000024,0.000032,-0.000003,0.000003,-0.000001,-0.000075
1293,0.000024,0.000041,-0.000000,0.000003,-0.000001,-0.000154
1294,0.000024,0.000029,-0.000003,0.000002,-0.000001,-0.000050
1295,0.000024,0.000040,-0.000001,0.000003,-0.000001,-0.000145
1296,0.000025,0.000026,-0.000004,0.000002,-0.000001,-0.000018
1297,0.000024,0.000041,-0.000000,0.000003,-0.000001,-0.000153
1298,0.000025,0.000024,-0.000004,0.000002,-0.000001,-0.000000
1299,0.000024,0.000038,-0.000001,0.000003,-0.000001,-0.000126
1300,0.000025,0.000023,-0.000004,0.000002,-0.000001,-0.000000
1301,0.000025,0.000037,-0.000001,0.000003,-0.000001,-0.000117
1302,0.000025,0.000023,-0.000004,0.000002,-0.000001,0.000000
1303,0.000025,0.000032,-0.000002,0.000003,-0.000001,-0.000071
1304,0.000025,0.000025,-0.000004,0.000002,-0.000001,-0.000015
1305,0.000025,0.000031,-0.000003,0.000002,-0.000001,-0.000061
1306,0.000024,0.000025,-0.000004,0.000002,-0.000001,-0.000012
1307,0.000024,0.000031,-0.000003,0.000002,-0.000001,-0.000061
1308,0.000025,0.000024,-0.000004,0.000002,-0.000001,0.000000
1309,0.000025,0.000030,-0.000003,0.000002,-0.000001,-0.000056
1310,0.000025,0.000023,-0.000004,0.000002,-0.000001,-0.000000
1311,0.000025,0.000028,-0.000003,0.000002,-0.000001,-0.000035
1312,0.000025,0.000025,-0.000004,0.000002,-0.000001,-0.000013
1313,0.000024,0.000027,-0.000003,0.000002,-0.000001,-0.000031
1314,0.000025,0.000024,-0.000004,0.000002,-0.000001,-0.000007
1315,0.000024,0.000026,-0.000004,0.000002,-0.000001,-0.000025
1316,0.000024,0.000025,-0.000004,0.000002,-0.000001,-0.000008
1317,0.000024,0.000026,-0.000004,0.000002,-0.000001,-0.000018
1318,0.000025,0.000025,-0.000004,0.000002,-0.000001,-0.000010
1319,0.000025,0.000025,-0.000004,0.000002,-0.000001,-0.000014
1320,0.000024,0.000024,-0.000004,0.000002,-0.000001,-0.000009
1321,0.000190,0.000027,0.000035,0.000004,0.000056,-0.000014
1322,0.002016,0.000045,0.000463,0.000025,0.000685,0.000002
1323,0.003679,0.000066,0.000855,0.000044,0.001259,-0.000018
1324,0.005152,0.000080,0.001201,0.000061,0.001767,-0.000001
1325,0.006421,0.000098,0.001500,0.000075,0.002205,-0.000029
1326,0.007528,0.000105,0.001759,0.000088,0.002586,0.000012
1327,0.008451,0.000122,0.001978,0.000099,0.002905,-0.000047
1328,0.009231,0.000123,0.002161,0.000107,0.003174,0.000017
1329,0.009833,0.000137,0.002305,0.000115,0.003382,-0.000045
1330,0.010317,0.000135,0.002417,0.000120,0.003549,0.000019
1331,0.010645,0.000147,0.002497,0.000124,0.003663,-0.000055
1332,0.010874,0.000140,0.002550,0.000126,0.003742,0.000020
1333,0.010973,0.000150,0.002576,0.000128,0.003777,-0.000050
1334,0.010965,0.000141,0.002573,0.000127,0.003774,0.000020
1335,0.010872,0.000149,0.002553,0.000127,0.003743,-0.000054
1336,0.010702,0.000138,0.002512,0.000124,0.003685,0.000019
1337,0.010463,0.000143,0.002458,0.000122,0.003603,-0.000040
1338,0.010154,0.000133,0.002385,0.000118,0.003496,0.000014
1339,0.009780,0.000135,0.002299,0.000114,0.003368,-0.000043
1340,0.009364,0.000123,0.002200,0.000109,0.003225,0.000017
1341,0.008914,0.000125,0.002096,0.000104,0.003070,-0.000040
1342,0.008422,0.000113,0.001979,0.000098,0.002901,0.000015
1343,0.007920,0.000112,0.001863,0.000093,0.002728,-0.000028
1344,0.007402,0.000102,0.001740,0.000087,0.002549,0.000008
1345,0.006854,0.000100,0.001612,0.000081,0.002361,-0.000028
1346,0.006314,0.000090,0.001485,0.000074,0.002175,0.000011
1347,0.005772,0.000088,0.001358,0.000068,0.001988,-0.000025
1348,0.005237,0.000078,0.001232,0.000062,0.001804,0.000007
1349,0.004706,0.000076,0.001108,0.000056,0.001621,-0.000023
1350,0.004196,0.000066,0.000987,0.000050,0.001445,0.000007
1351,0.003691,0.000063,0.000869,0.000044,0.001271,-0.000010
1352,0.003200,0.000056,0.000753,0.000038,0.001102,-0.000002
1353,0.002740,0.000051,0.000645,0.000033,0.000943,-0.000004
1354,0.002306,0.000046,0.000542,0.000028,0.000794,0.000000
1355,0.001884,0.000042,0.000444,0.000023,0.000648,-0.000003
1356,0.001491,0.000038,0.000351,0.000019,0.000513,-0.000011
1357,0.001118,0.000032,0.000264,0.000014,0.000384,0.000002
1358,0.000803,0.000030,0.000189,0.000011,0.000276,-0.000008
1359,0.000495,0.000026,0.000117,0.000007,0.000170,0.000001
1360,0.000205,0.000022,0.000049,0.000004,0.000070,0.000000
1361,0.000002,0.000021,0.000001,0.000002,-0.000000,-0.000008
1362,0.000002,0.000020,0.000001,0.000001,-0.000000,-0.000000
1363,0.000002,0.000020,0.000001,0.000001,-0.000000,0.000000
1364,0.000002,0.000020,0.000001,0.000001,-0.000000,0.000000
1365,0.000002,0.000020,0.000001,0.000001,-0.000000,-0.000001
1366,0.000002,0.000020,0.000001,0.000001,-0.000000,-0.000000
1367,0.000002,0.000020,0.000000,0.000001,-0.000000,0.000000
1368,0.000003,0.000020,0.000001,0.000001,-0.000000,0.000000
1369,0.000002,0.000020,0.000001,0.000001,-0.000000,0.000000
1370,0.000002,0.000020,0.000001,0.000002,-0.000000,-0.000001
1371,0.000002,0.000020,0.000001,0.000001,-0.000000,-0.000000
1372,0.000002,0.000020,0.000000,0.000001,-0.000000,0.000000
1373,0.000002,0.000020,0.000001,0.000002,-0.000000,-0.000002
1374,0.000003,0.000020,0.000001,0.000001,-0.000000,0.000000
1375,0.000003,0.000020,0.000001,0.000001,-0.000000,-0.000000
1376,0.000002,0.000020,0.000001,0.000001,-0.000000,-0.000000
1377,0.000002,0.000020,0.000001,0.000001,-0.000000,-0.000001
1378,0.000002,0.000020,0.000001,0.000001,-0.000000,-0.000000
1379,0.000002,0.000020,0.000001,0.000001,-0.000000,-0.000000
1380,0.000002,0.000020,0.000001,0.000002,-0.000000,-0.000001
1381,0.000002,0.000020,0.000001,0.000001,-0.000000,-0.000000
1382,0.000003,0.000020,0.000000,0.000001,-0.000000,-0.000000
1383,0.000003,0.000020,0.000001,0.000001,-0.000000,0.000000
1384,0.000002,0.000020,0.000001,0.000001,-0.000000,0.000000
1385,0.000002,0.000020,0.000001,0.000001,-0.000000,0.000000
1386,0.000003,0.000020,0.000001,0.000001,-0.000000,-0.000000
1387,0.000002,0.000020,0.000001,0.000001,-0.000000,0.000000
1388,0.000002,0.000020,0.000001,0.000001,-0.000000,-0.000000
1389,0.000002,0.000020,0.000000,0.000001,-0.000000,-0.000000
1390,0.000003,0.000020,0.000001,0.000001,-0.000000,-0.000000
1391,0.000002,0.000020,0.000000,0.000001,-0.000000,0.000000
1392,0.000002,0.000020,0.000001,0.000001,-0.000000,-0.000000
1393,0.000002,0.000020,0.000001,0.000001,-0.000000,-0.000000
1394,0.000002,0.000020,0.000001,0.000001,-0.000000,-0.000000
1395,0.000002,0.000020,0.000000,0.000001,-0.000000,0.000000
1396,0.000002,0.000020,0.000001,0.000002,-0.000000,-0.000000
1397,0.000002,0.000020,0.000001,0.000001,-0.000000,-0.000000
1398,0.000002,0.000020,0.000001,0.000002,-0.000000,-0.000000
1399,0.000002,0.000020,0.000001,0.000001,-0.000000,-0.000000
1400,0.000002,0.000020,0.000001,0.000001,-0.000000,-0.000000
1401,0.000002,0.000020,0.000001,0.000001,-0.000000,0.000000
1402,0.000002,0.000020,0.000001,0.000001,-0.000000,0.000000
1403,0.000002,0.000020,0.000001,0.000001,-0.000000,0.000000
1404,0.000002,0.000020,0.000001,0.000001,-0.000000,-0.000000
1405,0.000002,0.000020,0.000001,0.000001,-0.000000,0.000000
1406,0.000002,0.000020,0.000000,0.000001,-0.000000,0.000000
1407,0.000002,0.000020,0.000001,0.000001,-0.000000,-0.000000
1408,0.000002,0.000020,0.000000,0.000001,-0.000000,-0.000000
1409,0.000002,0.000020,0.000001,0.000001,-0.000000,0.000000
1410,0.000002,0.000020,0.000001,0.000001,-0.000000,0.000000
1411,0.000002,0.000020,0.000001,0.000001,-0.000000,0.000000
1412,0.000002,0.000020,0.000001,0.000001,-0.000000,-0.000000
1413,0.000002,0.000020,0.000001,0.000001,-0.000000,-0.000000
1414,0.000002,0.000020,0.000001,0.000001,-0.000000,0.000000
1415,0.000002,0.000020,0.000001,0.000001,-0.000000,0.000000
1416,0.000002,0.000020,0.000001,0.000001,-0.000000,0.000000
1417,0.000003,0.000020,0.000001,0.000001,-0.000000,0.000000
1418,0.000002,0.000020,0.000001,0.000001,-0.000000,-0.000000
1419,0.000002,0.000020,0.000001,0.000001,-0.000000,0.000000
1420,0.000002,0.000020,0.000001,0.000001,-0.000000,0.000000
1421,0.000003,0.000020,0.000001,0.000002,-0.000000,-0.000000
1422,0.000002,0.000020,0.000001,0.000001,-0.000000,0.000000
1423,0.000002,0.000020,0.000001,0.000001,-0.000000,-0.000000
1424,0.000002,0.000020,0.000001,0.000001,-0.000000,0.000000
1425,0.000002,0.000020,0.000000,0.000001,-0.000000,0.000000
1426,0.000002,0.000020,0.000000,0.000001,-0.000000,-0.000000
1427,0.000003,0.000020,0.000001,0.000001,-0.000000,0.000000
1428,0.000002,0.000020,0.000000,0.000001,-0.000000,0.000000
1429,0.000003,0.000020,0.000001,0.000001,-0.000000,-0.000000
1430,0.000002,0.000020,0.000001,0.000002,-0.000000,-0.000000
1431,0.000002,0.000020,0.000000,0.000001,-0.000000,-0.000000
1432,0.000002,0.000020,0.000001,0.000001,-0.000000,-0.000000
1433,0.000002,0.000020,0.000001,0.000001,-0.000000,-0.000000
1434,0.000002,0.000020,0.000001,0.000001,-0.000000,-0.000000
1435,0.000002,0.000020,0.000000,0.000001,-0.000000,-0.000000
1436,0.000002,0.000020,0.000001,0.000001,-0.000000,0.000000
1437,0.000003,0.000020,0.000001,0.000001,-0.000000,-0.000000
1438,0.000002,0.000020,0.000001,0.000001,-0.000000,0.000000
1439,0.000002,0.000020,0.000001,0.000002,-0.000000,-0.000000
1440,0.000002,0.000020,0.000001,0.000002,-0.000000,-0.000000
1441,0.000003,0.000020,0.000001,0.000001,-0.000000,-0.000000
1442,0.000003,0.000020,0.000001,0.000001,-0.000000,0.000000
1443,0.000003,0.000020,0.000001,0.000001,-0.000000,0.000000
1444,0.000002,0.000020,0.000001,0.000001,-0.000000,-0.000000
1445,0.000002,0.000020,0.000001,0.000001,-0.000000,0.000000
1446,0.000003,0.000020,0.000001,0.000001,-0.000000,0.000000
1447,0.000002,0.000020,0.000001,0.000001,-0.000000,0.000000
1448,0.000002,0.000020,0.000001,0.000001,-0.000000,0.000000
1449,0.000003,0.000020,0.000001,0.000001,-0.000000,0.000000
1450,0.000002,0.000020,0.000001,0.000001,-0.000000,-0.000000
1451,0.000002,0.000020,0.000001,0.000001,-0.000000,0.000000
1452,0.000002,0.000020,0.000001,0.000001,-0.000000,0.000000
1453,0.000002,0.000020,0.000001,0.000001,-0.000000,0.000000
1454,0.000003,0.000020,0.000001,0.000001,-0.000000,-0.000000
1455,0.000003,0.000020,0.000001,0.000001,-0.000000,-0.000000
1456,0.000002,0.000020,0.000001,0.000001,-0.000000,0.000000
1457,0.000002,0.000020,0.000001,0.000001,-0.000000,-0.000000
1458,0.000003,0.000020,0.000001,0.000001,-0.000000,0.000000
1459,0.000002,0.000020,0.000001,0.000002,-0.000000,-0.000000
1460,0.000002,0.000020,0.000001,0.000001,-0.000000,-0.000000
1461,0.000002,0.000020,0.000001,0.000001,-0.000000,-0.000000
1462,0.000002,0.000020,0.000001,0.000001,-0.000000,-0.000000
1463,0.000002,0.000020,0.000001,0.000001,-0.000000,-0.000000
1464,0.000003,0.000020,0.000001,0.000001,-0.000000,0.000000
1465,0.000003,0.000020,0.000001,0.000001,-0.000000,-0.000000
1466,0.000002,0.000020,0.000001,0.000001,-0.000000,-0.000000
1467,0.000002,0.000020,0.000001,0.000001,-0.000000,-0.000000
1468,0.000002,0.000020,0.000001,0.000001,-0.000000,0.000000
1469,0.000003,0.000020,0.000001,0.000001,-0.000000,-0.000000
1470,0.000003,0.000020,0.000001,0.000001,-0.000000,0.000000
1471,0.000002,0.000020,0.000001,0.000002,-0.000000,0.000000
1472,0.000002,0.000020,0.000001,0.000001,-0.000000,-0.000000
1473,0.000002,0.000020,0.000001,0.000001,-0.000000,-0.000000
1474,0.000002,0.000020,0.000000,0.000001,-0.000000,-0.000000
1475,0.000003,0.000020,0.000001,0.000002,-0.000000,0.000000
1476,0.000002,0.000020,0.000001,0.000001,-0.000000,0.000000
1477,0.000002,0.000020,0.000001,0.000001,-0.000000,-0.000000
1478,0.000002,0.000020,0.000001,0.000001,-0.000000,0.000000
1479,0.000002,0.000020,0.000001,0.000001,-0.000000,0.000000
1480,0.000002,0.000020,0.000001,0.000001,-0.000000,0.000000
1481,0.000002,0.000020,0.000000,0.000001,-0.000000,-0.000000
1482,0.000002,0.000020,0.000001,0.000001,-0.000000,0.000000
1483,0.000003,0.000020,0.000001,0.000001,-0.000000,0.000000
1484,0.000003,0.000020,0.000001,0.000001,-0.000000,0.000000
1485,0.000002,0.000020,0.000001,0.000001,-0.000000,-0.000000
1486,0.000002,0.000020,0.000001,0.000001,-0.000000,-0.000000
1487,0.000002,0.000020,0.000001,0.000001,-0.000000,0.000000
1488,0.000003,0.000020,0.000001,0.000001,-0.000000,-0.000000
1489,0.000002,0.000020,0.000001,0.000001,-0.000000,-0.000000
1490,-0.000003,0.000222,-0.000021,-0.000022,0.000003,0.000000
1491,-0.000009,0.000491,-0.000052,-0.000054,0.000007,-0.000000
1492,-0.000016,0.000754,-0.000081,-0.000085,0.000011,-0.000000
1493,-0.000022,0.001016,-0.000110,-0.000115,0.000015,-0.000000
1494,-0.000028,0.001272,-0.000138,-0.000146,0.000019,-0.000000
1495,-0.000035,0.001525,-0.000167,-0.000175,0.000023,-0.000000
1496,-0.000041,0.001773,-0.000194,-0.000204,0.000027,-0.000000
1497,-0.000047,0.002016,-0.000222,-0.000233,0.000031,-0.000000
1498,-0.000052,0.002254,-0.000249,-0.000261,0.000035,-0.000000
1499,-0.000058,0.002487,-0.000275,-0.000288,0.000038,-0.000000
1500,-0.000064,0.002716,-0.000301,-0.000315,0.000042,-0.000000
1501,-0.000069,0.002938,-0.000326,-0.000341,0.000045,-0.000000
1502,-0.000075,0.003155,-0.000350,-0.000367,0.000049,-0.000000
1503,-0.000080,0.003365,-0.000375,-0.000392,0.000052,-0.000000
1504,-0.000085,0.003568,-0.000397,-0.000416,0.000055,-0.000000
1505,-0.000090,0.003766,-0.000420,-0.000439,0.000058,-0.000000
1506,-0.000094,0.003958,-0.000442,-0.000461,0.000062,-0.000000
1507,-0.000099,0.004141,-0.000463,-0.000483,0.000064,-0.000000
1508,-0.000103,0.004320,-0.000483,-0.000504,0.000067,-0.000000
1509,-0.000076,0.004494,-0.000029,-0.000529,0.000086,-0.000000
1510,-0.000048,0.004663,0.000444,-0.000553,0.000105,-0.000000
1511,-0.000020,0.004825,0.000913,-0.000577,0.000124,-0.000000
1512,0.000008,0.004980,0.001372,-0.000599,0.000142,-0.000000
1513,0.000036,0.005127,0.001831,-0.000621,0.000161,-0.000000
1514,0.000063,0.005268,0.002283,-0.000642,0.000178,-0.000000
1515,0.000090,0.005401,0.002726,-0.000662,0.000196,-0.000000
1516,0.000117,0.005525,0.003164,-0.000681,0.000213,-0.000000
1517,0.000143,0.005646,0.003595,-0.000699,0.000230,-0.000000
1518,0.000169,0.005756,0.004018,-0.000716,0.000246,-0.000000
1519,0.000195,0.005859,0.004435,-0.000732,0.000262,-0.000000
1520,0.000221,0.005956,0.004847,-0.000747,0.000278,-0.000000
1521,0.000245,0.006046,0.005249,-0.000762,0.000293,-0.000000
1522,0.000270,0.006127,0.005646,-0.000775,0.000308,-0.000000
1523,0.000294,0.006199,0.006032,-0.000787,0.000322,-0.000000
1524,0.000317,0.006268,0.006410,-0.000799,0.000336,-0.000000
1525,0.000341,0.006327,0.006781,-0.000809,0.000350,-0.000000
1526,0.000363,0.006380,0.007140,-0.000819,0.000363,-0.000000
1527,0.000385,0.006427,0.007492,-0.000828,0.000376,-0.000000
1528,0.000407,0.006464,0.007835,-0.000836,0.000388,-0.000000
1529,0.000428,0.006494,0.008167,-0.000842,0.000400,-0.000000
1530,0.000449,0.006519,0.008493,-0.000848,0.000411,-0.000000
1531,0.000469,0.006534,0.008809,-0.000853,0.000422,-0.000000
1532,0.000488,0.006543,0.009115,-0.000857,0.000433,-0.000000
1533,0.000507,0.006548,0.009412,-0.000860,0.000443,-0.000000
1534,0.000526,0.006542,0.009698,-0.000862,0.000452,-0.000000
1535,0.000544,0.006530,0.009975,-0.000863,0.000461,-0.000000
1536,0.000562,0.006511,0.010244,-0.000864,0.000470,-0.000000
1537,0.000578,0.006488,0.010500,-0.000863,0.000478,-0.000000
1538,0.000595,0.006457,0.010747,-0.000862,0.000486,-0.000000
1539,0.000611,0.006421,0.010985,-0.000860,0.000493,-0.000000
1540,0.000626,0.006377,0.011209,-0.000857,0.000500,-0.000000
1541,0.000640,0.006327,0.011423,-0.000853,0.000506,-0.000000
1542,0.000654,0.006272,0.011626,-0.000848,0.000512,-0.000000
1543,0.000667,0.006210,0.011821,-0.000843,0.000517,-0.000000
1544,0.000680,0.006144,0.012001,-0.000837,0.000522,-0.000000
1545,0.000691,0.006073,0.012171,-0.000830,0.000526,-0.000000
1546,0.000703,0.005996,0.012331,-0.000822,0.000530,-0.000000
1547,0.000713,0.005914,0.012478,-0.000814,0.000533,-0.000000
1548,0.000723,0.005826,0.012616,-0.000805,0.000536,-0.000000
1549,0.000732,0.005735,0.012741,-0.000795,0.000538,-0.000000
1550,0.000741,0.005637,0.012858,-0.000785,0.000540,-0.000000
1551,0.000749,0.005536,0.012965,-0.000774,0.000542,-0.000000
1552,0.000757,0.005429,0.013063,-0.000762,0.000543,-0.000000
1553,0.000764,0.005318,0.013147,-0.000750,0.000544,-0.000000
1554,0.000770,0.005203,0.013223,-0.000737,0.000544,-0.000000
1555,0.000775,0.005085,0.013283,-0.000723,0.000544,-0.000000
1556,0.000780,0.004962,0.013335,-0.000709,0.000543,-0.000000
1557,0.000784,0.004838,0.013375,-0.000695,0.000542,-0.000000
1558,0.000788,0.004707,0.013409,-0.000680,0.000541,-0.000000
1559,0.000791,0.004575,0.013430,-0.000664,0.000538,-0.000000
1560,0.000793,0.004439,0.013442,-0.000648,0.000536,-0.000000
1561,0.000795,0.004301,0.013441,-0.000632,0.000533,-0.000000
1562,0.000796,0.004161,0.013430,-0.000615,0.000530,-0.000000
1563,0.000796,0.004018,0.013411,-0.000598,0.000527,-0.000000
1564,0.000797,0.003871,0.013382,-0.000580,0.000523,-0.000000
1565,0.000796,0.003722,0.013345,-0.000562,0.000519,-0.000000
1566,0.000794,0.003573,0.013294,-0.000544,0.000514,-0.000000
1567,0.000793,0.003422,0.013234,-0.000526,0.000509,-0.000000
1568,0.000791,0.003268,0.013168,-0.000507,0.000504,-0.000000
1569,0.000787,0.003115,0.013090,-0.000488,0.000498,-0.000000
1570,0.000784,0.002957,0.013002,-0.000468,0.000492,-0.000000
1571,0.000779,0.002803,0.012905,-0.000449,0.000486,-0.000000
1572,0.000775,0.002645,0.012802,-0.000429,0.000479,-0.000000
1573,0.000770,0.002486,0.012691,-0.000410,0.000472,-0.000000
1574,0.000780,0.003601,0.012688,-0.000875,0.000451,0.000000
1575,0.000795,0.005216,0.012723,-0.001528,0.000425,0.000001
1576,0.000806,0.006594,0.012726,-0.002091,0.000401,0.000001
1577,0.000814,0.007747,0.012693,-0.002565,0.000379,0.000002
1578,0.000818,0.008691,0.012629,-0.002959,0.000359,0.000002
1579,0.000819,0.009437,0.012540,-0.003275,0.000341,0.000001
1580,0.000816,0.010007,0.012426,-0.003523,0.000325,0.000001
1581,0.000812,0.010416,0.012282,-0.003708,0.000311,0.000001
1582,0.000805,0.010652,0.012118,-0.003827,0.000298,0.000001
1583,0.000795,0.010766,0.011928,-0.003897,0.000286,0.000000
1584,0.000782,0.010751,0.011722,-0.003918,0.000276,0.000000
1585,0.000769,0.010625,0.011497,-0.003895,0.000267,-0.000000
1586,0.000753,0.010401,0.011258,-0.003834,0.000258,-0.000001
1587,0.000736,0.010087,0.011000,-0.003738,0.000251,-0.000001
1588,0.000718,0.009710,0.010734,-0.003617,0.000243,-0.000001
1589,0.000699,0.009260,0.010453,-0.003468,0.000237,-0.000002
1590,0.000679,0.008770,0.010165,-0.003303,0.000231,-0.000002
1591,0.000657,0.008228,0.009863,-0.003118,0.000226,-0.000002
1592,0.000636,0.007666,0.009559,-0.002924,0.000221,-0.000002
1593,0.000614,0.007082,0.009245,-0.002722,0.000216,-0.000002
1594,0.000591,0.006464,0.008926,-0.002506,0.000211,-0.000002
1595,0.000599,0.005904,0.008588,-0.002300,0.000212,-0.000003
1596,0.000858,0.005342,0.008175,-0.002093,0.000253,-0.000002
1597,0.001111,0.004798,0.007765,-0.001892,0.000293,-0.000002
1598,0.001363,0.004264,0.007354,-0.001696,0.000332,-0.000002
1599,0.001613,0.003733,0.006949,-0.001500,0.000372,-0.000002
1600,0.001860,0.003218,0.006540,-0.001311,0.000411,-0.000002
1601,0.002103,0.002732,0.006135,-0.001132,0.000448,-0.000002
1602,0.002346,0.002252,0.005732,-0.000956,0.000486,-0.000002
1603,0.002582,0.001806,0.005333,-0.000792,0.000522,-0.000001
1604,0.002817,0.001368,0.004936,-0.000632,0.000558,-0.000001
1605,0.003049,0.000975,0.004543,-0.000488,0.000592,-0.000001
1606,0.003275,0.000599,0.004157,-0.000350,0.000626,-0.000001
1607,0.003498,0.000262,0.003777,-0.000228,0.000659,-0.000000
1608,0.003717,-0.000058,0.003399,-0.000112,0.000691,-0.000000
1609,0.003935,-0.000135,0.003050,-0.000088,0.000719,-0.000000
1610,0.004150,-0.000150,0.002705,-0.000087,0.000747,0.000000
1611,0.004358,-0.000164,0.002366,-0.000087,0.000773,-0.000000
1612,0.004559,-0.000177,0.002030,-0.000087,0.000798,-0.000000
1613,0.004758,-0.000191,0.001697,-0.000086,0.000823,0.000000
1614,0.004948,-0.000204,0.001371,-0.000086,0.000847,-0.000000
1615,0.005135,-0.000217,0.001047,-0.000086,0.000870,-0.000000
1616,0.005313,-0.000229,0.000731,-0.000085,0.000892,0.000000
1617,0.005487,-0.000241,0.000415,-0.000085,0.000913,-0.000000
1618,0.005656,-0.000253,0.000105,-0.000084,0.000934,0.000000
1619,0.005817,-0.000264,-0.000200,-0.000084,0.000953,0.000000
1620,0.005971,-0.000275,-0.000497,-0.000083,0.000972,0.000000
1621,0.006120,-0.000285,-0.000791,-0.000082,0.000990,0.000000
1622,0.006262,-0.000296,-0.001078,-0.000082,0.001006,-0.000000
1623,0.006398,-0.000305,-0.001362,-0.000081,0.001022,0.000000
1624,0.006526,-0.000315,-0.001635,-0.000080,0.001037,0.000000
1625,0.006657,-0.000321,-0.001735,-0.000081,0.001056,-0.000000
1626,0.006787,-0.000327,-0.001767,-0.000083,0.001076,0.000000
1627,0.006908,-0.000332,-0.001797,-0.000084,0.001096,0.000000
1628,0.007024,-0.000337,-0.001826,-0.000086,0.001114,0.000000
1629,0.007132,-0.000342,-0.001852,-0.000087,0.001131,0.000000
1630,0.007233,-0.000346,-0.001878,-0.000089,0.001147,0.000000
1631,0.007327,-0.000350,-0.001901,-0.000090,0.001162,0.000000
1632,0.007413,-0.000354,-0.001922,-0.000091,0.001176,0.000000
1633,0.007493,-0.000357,-0.001942,-0.000092,0.001188,0.000000
1634,0.007563,-0.000360,-0.001959,-0.000093,0.001199,0.000000
1635,0.007629,-0.000363,-0.001975,-0.000094,0.001210,0.000000
1636,0.007150,-0.000374,-0.002119,-0.000100,0.001034,0.000001
1637,0.005990,-0.000395,-0.002423,-0.000114,0.000624,0.000004
1638,0.004979,-0.000413,-0.002687,-0.000126,0.000267,0.000006
1639,0.004108,-0.000429,-0.002911,-0.000136,-0.000039,0.000008
1640,0.003361,-0.000442,-0.003103,-0.000144,-0.000301,0.000010
1641,0.002739,-0.000453,-0.003258,-0.000151,-0.000518,0.000011
1642,0.002245,-0.000461,-0.003380,-0.000157,-0.000690,0.000012
1643,0.001854,-0.000467,-0.003471,-0.000161,-0.000824,0.000013
1644,0.001550,-0.000471,-0.003538,-0.000164,-0.000928,0.000013
1645,0.001354,-0.000473,-0.003574,-0.000165,-0.000991,0.000014
1646,0.001231,-0.000473,-0.003590,-0.000166,-0.001029,0.000014
1647,0.001191,-0.000471,-0.003581,-0.000165,-0.001037,0.000014
1648,0.001221,-0.000468,-0.003553,-0.000164,-0.001019,0.000013
1649,0.001289,-0.000463,-0.003512,-0.000162,-0.000987,0.000013
1650,0.001437,-0.000457,-0.003447,-0.000159,-0.000925,0.000013
1651,0.001613,-0.000450,-0.003373,-0.000156,-0.000854,0.000012
1652,0.001835,-0.000442,-0.003285,-0.000152,-0.000764,0.000011
1653,0.002079,-0.000433,-0.003189,-0.000148,-0.000666,0.000011
1654,0.002360,-0.000423,-0.003081,-0.000143,-0.000555,0.000010
1655,0.002649,-0.000412,-0.002968,-0.000138,-0.000439,0.000009
1656,0.002942,-0.000401,-0.002851,-0.000133,-0.000321,0.000008
1657,0.003261,-0.000389,-0.002726,-0.000127,-0.000193,0.000007
1658,0.003567,-0.000377,-0.002602,-0.000122,-0.000069,0.000007
1659,0.003880,-0.000365,-0.002472,-0.000116,0.000059,0.000006
1660,0.004174,-0.000353,-0.002347,-0.000110,0.000180,0.000005
1661,0.004480,-0.000340,-0.002214,-0.000104,0.000308,0.000004
1662,0.004758,-0.000327,-0.002087,-0.000099,0.000426,0.000003
1663,0.005014,-0.000315,-0.001964,-0.000093,0.000537,0.000003
1664,0.005260,-0.000302,-0.001841,-0.000088,0.000646,0.000002
1665,0.005495,-0.000290,-0.001718,-0.000082,0.000752,0.000001
1666,0.005684,-0.000278,-0.001606,-0.000077,0.000842,0.000001
1667,0.005849,-0.000265,-0.001496,-0.000073,0.000926,0.000000
1668,0.005708,-0.000259,-0.001460,-0.000071,0.000903,-0.000000
1669,0.005559,-0.000252,-0.001422,-0.000069,0.000880,0.000000
1670,0.005411,-0.000245,-0.001384,-0.000067,0.000856,0.000000
1671,0.005257,-0.000238,-0.001345,-0.000065,0.000832,0.000000
1672,0.005101,-0.000230,-0.001305,-0.000064,0.000807,0.000000
1673,0.004940,-0.000223,-0.001264,-0.000062,0.000782,0.000000
1674,0.004779,-0.000215,-0.001223,-0.000060,0.000756,0.000000
1675,0.004615,-0.000207,-0.001181,-0.000058,0.000730,0.000000
1676,0.004447,-0.000200,-0.001139,-0.000055,0.000703,0.000000
1677,0.004276,-0.000192,-0.001095,-0.000053,0.000677,0.000000
1678,0.004101,-0.000184,-0.001050,-0.000051,0.000649,0.000000
1679,0.003928,-0.000176,-0.001006,-0.000049,0.000621,0.000000
1680,0.003750,-0.000168,-0.000960,-0.000047,0.000593,0.000000
1681,0.003573,-0.000160,-0.000916,-0.000045,0.000565,0.000000
1682,0.003393,-0.000151,-0.000870,-0.000042,0.000537,0.000000
1683,0.003212,-0.000143,-0.000823,-0.000040,0.000508,0.000000
1684,0.003029,-0.000135,-0.000777,-0.000038,0.000479,0.000000
1685,0.002847,-0.000127,-0.000731,-0.000036,0.000450,0.000000
1686,0.002660,-0.000118,-0.000683,-0.000033,0.000421,0.000000
1687,0.002474,-0.000110,-0.000635,-0.000031,0.000391,0.000000
1688,0.002288,-0.000101,-0.000588,-0.000029,0.000362,0.000000
1689,0.002101,-0.000093,-0.000541,-0.000026,0.000332,0.000000
1690,0.001916,-0.000085,-0.000494,-0.000024,0.000303,0.000000
1691,0.001730,-0.000077,-0.000446,-0.000022,0.000274,0.000000
1692,0.001542,-0.000069,-0.000398,-0.000019,0.000244,0.000000
1693,0.001357,-0.000060,-0.000351,-0.000017,0.000214,0.000000
1694,0.001171,-0.000052,-0.000303,-0.000015,0.000185,0.000000
1695,0.000985,-0.000044,-0.000255,-0.000012,0.000156,0.000000
1696,0.000800,-0.000036,-0.000208,-0.000010,0.000126,-0.000000
1697,0.000616,-0.000028,-0.000162,-0.000008,0.000097,-0.000000
1698,0.000432,-0.000020,-0.000115,-0.000005,0.000068,-0.000000
1699,0.000251,-0.000012,-0.000069,-0.000003,0.000039,0.000000
1700,0.000072,-0.000004,-0.000023,-0.000001,0.000011,0.000000
1701,0.000003,-0.000001,-0.000005,-0.000000,0.000000,-0.000000
1702,0.000003,-0.000001,-0.000005,-0.000000,0.000000,0.000000
1703,0.000003,-0.000001,-0.000005,-0.000000,0.000000,-0.000000
1704,0.000003,-0.000001,-0.000005,-0.000000,0.000000,-0.000000
1705,0.000003,-0.000001,-0.000005,-0.000000,0.000000,0.000000
1706,0.000003,-0.000001,-0.000005,-0.000000,0.000000,-0.000000
1707,0.000003,-0.000001,-0.000005,-0.000000,0.000000,-0.000000
1708,0.000003,-0.000001,-0.000005,-0.000000,0.000000,-0.000000
1709,0.000003,-0.000001,-0.000005,-0.000000,0.000000,-0.000000
1710,0.000003,-0.000001,-0.000005,-0.000000,0.000000,0.000000
1711,0.000003,-0.000002,-0.000005,-0.000000,0.000000,-0.000000
1712,0.000003,-0.000001,-0.000005,-0.000000,0.000000,0.000000
1713,0.000003,-0.000001,-0.000005,-0.000000,0.000000,-0.000000
1714,0.000003,-0.000001,-0.000005,-0.000000,0.000000,0.000000
1715,0.000003,-0.000001,-0.000005,-0.000000,0.000000,-0.000000
1716,0.000003,-0.000001,-0.000005,-0.000000,0.000000,-0.000000
1717,0.000003,-0.000001,-0.000005,-0.000000,0.000000,0.000000
1718,0.000003,-0.000002,-0.000005,0.000000,0.000000,-0.000000
1719,0.000003,-0.000001,-0.000005,-0.000000,0.000000,-0.000000
1720,0.000003,-0.000001,-0.000005,-0.000000,0.000000,-0.000000
1721,0.000003,-0.000001,-0.000005,-0.000000,0.000000,0.000000
1722,0.000003,-0.000001,-0.000005,-0.000000,0.000000,-0.000000
1723,0.000003,-0.000001,-0.000005,-0.000000,0.000000,-0.000000
1724,0.000003,-0.000001,-0.000005,-0.000000,0.000000,-0.000000
1725,0.000003,-0.000001,-0.000005,-0.000000,0.000000,0.000000
1726,0.000003,-0.000001,-0.000005,-0.000000,0.000000,-0.000000
1727,0.000003,-0.000001,-0.000005,-0.000000,0.000000,-0.000000
1728,0.000003,-0.000001,-0.000005,-0.000000,0.000000,0.000000
1729,0.000003,-0.000001,-0.000005,-0.000000,0.000000,0.000000
1730,0.000003,-0.000001,-0.000005,-0.000000,0.000000,0.000000
1731,0.000003,-0.000001,-0.000005,-0.000000,0.000000,-0.000000
1732,0.000003,-0.000001,-0.000005,-0.000000,0.000000,-0.000000
1733,0.000003,-0.000001,-0.000005,-0.000000,0.000000,0.000000
1734,0.000003,-0.000001,-0.000005,-0.000000,0.000000,-0.000000
1735,0.000003,-0.000001,-0.000005,-0.000000,0.000000,-0.000000
1736,0.000003,-0.000001,-0.000005,-0.000000,0.000000,0.000000
1737,0.000003,-0.000001,-0.000005,-0.000000,0.000000,0.000000
1738,0.000003,-0.000001,-0.000005,-0.000000,0.000000,0.000000
1739,0.000003,-0.000001,-0.000005,-0.000000,0.000000,-0.000000
1740,0.000003,-0.000001,-0.000005,-0.000000,0.000000,-0.000000
1741,0.000003,-0.000001,-0.000005,-0.000000,0.000000,0.000000
1742,0.000003,-0.000001,-0.000005,-0.000000,0.000000,-0.000000
1743,0.000003,-0.000001,-0.000005,-0.000000,0.000000,0.000000
1744,0.000003,-0.000001,-0.000005,-0.000000,0.000000,0.000000
1745,0.000003,-0.000001,-0.000005,-0.000000,0.000000,-0.000000
1746,0.000003,-0.000001,-0.000005,-0.000000,0.000000,0.000000
1747,0.000003,-0.000001,-0.000005,-0.000000,0.000000,-0.000000
1748,0.000003,-0.000001,-0.000005,-0.000000,0.000000,-0.000000
1749,0.000003,-0.000001,-0.000005,-0.000000,0.000000,0.000000
1750,0.000003,-0.000001,-0.000005,-0.000000,0.000000,0.000000
1751,0.000003,-0.000001,-0.000005,-0.000000,0.000000,-0.000000
1752,0.000003,-0.000001,-0.000005,-0.000000,0.000000,0.000000
1753,0.000002,-0.000001,-0.000005,-0.000000,0.000000,-0.000000
1754,0.000003,-0.000001,-0.000005,-0.000000,0.000000,-0.000000
1755,0.000003,-0.000001,-0.000005,-0.000000,0.000000,0.000000
1756,0.000003,-0.000001,-0.000005,-0.000000,0.000000,-0.000000
1757,0.000003,-0.000001,-0.000005,-0.000000,0.000000,0.000000
1758,0.000003,-0.000001,-0.000005,-0.000000,0.000000,-0.000000
1759,0.000003,-0.000001,-0.000005,-0.000000,0.000000,-0.000000
1760,0.000003,-0.000001,-0.000005,-0.000000,0.000000,0.000000
1761,0.000003,-0.000001,-0.000005,-0.000000,0.000000,0.000000
1762,0.000003,-0.000001,-0.000005,-0.000000,0.000000,0.000000
1763,0.000003,-0.000001,-0.000005,-0.000000,0.000000,0.000000
1764,0.000003,-0.000001,-0.000005,-0.000000,0.000000,0.000000
1765,0.000003,-0.000001,-0.000005,-0.000000,0.000000,0.000000
1766,0.000003,-0.000001,-0.000005,-0.000000,0.000000,0.000000
1767,0.000003,-0.000001,-0.000005,-0.000000,0.000000,0.000000
1768,0.000003,-0.000001,-0.000005,-0.000000,0.000000,0.000000
1769,0.000003,-0.000001,-0.000005,-0.000000,0.000000,0.000000
1770,0.000003,-0.000001,-0.000005,-0.000000,0.000000,0.000000
1771,0.000003,-0.000001,-0.000005,-0.000000,0.000000,0.000000
1772,0.000003,-0.000001,-0.000005,-0.000000,0.000000,0.000000
1773,0.000003,-0.000001,-0.000005,-0.000000,0.000000,-0.000000
1774,0.000003,-0.000001,-0.000005,-0.000000,0.000000,-0.000000
1775,0.000003,-0.000001,-0.000005,-0.000000,0.000000,-0.000000
1776,0.000003,-0.000001,-0.000005,-0.000000,0.000000,0.000000
1777,0.000003,-0.000001,-0.000005,-0.000000,0.000000,-0.000000
1778,0.000003,-0.000001,-0.000005,-0.000000,0.000000,-0.000000
1779,0.000003,-0.000001,-0.000005,-0.000000,0.000000,0.000000
1780,0.000003,-0.000001,-0.000005,-0.000000,0.000000,-0.000000
1781,0.000003,-0.000001,-0.000005,-0.000000,0.000000,0.000000
1782,0.000003,-0.000001,-0.000005,-0.000000,0.000000,-0.000000
1783,0.000003,-0.000001,-0.000005,-0.000000,0.000000,-0.000000
1784,0.000003,-0.000001,-0.000005,-0.000000,0.000000,0.000000
1785,0.000003,-0.000001,-0.000005,-0.000000,0.000000,0.000000
1786,0.000003,-0.000002,-0.000005,-0.000000,0.000000,0.000008
1787,0.000007,-0.000040,-0.000015,-0.000006,0.000000,0.000375
1788,0.000003,-0.000001,-0.000005,-0.000000,0.000000,-0.000000
1789,0.000006,-0.000026,-0.000011,-0.000004,0.000000,0.000237
1790,0.000003,-0.000004,-0.000006,-0.000000,0.000000,0.000030
1791,0.000005,-0.000025,-0.000011,-0.000004,0.000000,0.000236
1792,0.000003,-0.000001,-0.000005,0.000000,0.000000,-0.000000
1793,0.000005,-0.000023,-0.000010,-0.000003,0.000000,0.000217
1794,0.000003,-0.000001,-0.000005,-0.000000,0.000000,-0.000000
1795,0.000004,-0.000016,-0.000009,-0.000002,0.000000,0.000142
1796,0.000003,-0.000003,-0.000005,-0.000000,0.000000,0.000017
1797,0.000005,-0.000016,-0.000009,-0.000002,0.000000,0.000147
1798,0.000003,-0.000001,-0.000005,-0.000000,0.000000,-0.000000
1799,0.000004,-0.000014,-0.000008,-0.000002,0.000000,0.000122
1800,0.000003,-0.000001,-0.000005,-0.000000,0.000000,-0.000000
1801,0.000004,-0.000011,-0.000007,-0.000001,0.000000,0.000091
1802,0.000002,-0.000001,-0.000006,-0.000000,0.000000,0.000003
1803,0.000004,-0.000012,-0.000007,-0.000002,0.000000,0.000101
1804,0.000002,-0.000001,-0.000005,-0.000000,0.000000,0.000000
1805,0.000003,-0.000006,-0.000006,-0.000001,0.000000,0.000053
1806,0.000003,-0.000002,-0.000005,-0.000000,0.000000,0.000011
1807,0.000004,-0.000007,-0.000006,-0.000001,0.000000,0.000056
1808,0.000003,-0.000002,-0.000005,-0.000000,0.000000,0.000004
1809,0.000003,-0.000006,-0.000006,-0.000001,0.000000,0.000046
1810,0.000003,-0.000001,-0.000005,-0.000000,0.000000,-0.000000
1811,0.000003,-0.000006,-0.000006,-0.000001,0.000000,0.000046
1812,0.000003,-0.000001,-0.000005,-0.000000,0.000000,0.000000
1813,0.000003,-0.000005,-0.000006,-0.000000,0.000000,0.000033
1814,0.000003,-0.000001,-0.000005,-0.000000,0.000000,0.000000
1815,0.000003,-0.000005,-0.000005,-0.000001,0.000000,0.000034
1816,0.000003,-0.000001,-0.000005,-0.000000,0.000000,-0.000000
1817,0.000003,-0.000003,-0.000005,-0.000000,0.000000,0.000018
1818,0.000002,-0.000001,-0.000005,-0.000000,0.000000,0.000003
1819,0.000003,-0.000003,-0.000005,-0.000000,0.000000,0.000022
1820,0.000003,-0.000001,-0.000005,-0.000000,0.000000,-0.000000
1821,0.000003,-0.000003,-0.000005,-0.000000,0.000000,0.000018
1822,0.000003,-0.000001,-0.000005,-0.000000,0.000000,0.000000
1823,0.000003,-0.000003,-0.000006,-0.000000,0.000000,0.000018
1824,0.000003,-0.000001,-0.000005,-0.000000,0.000000,0.000000
1825,0.000003,-0.000003,-0.000005,-0.000000,0.000000,0.000016
1826,0.000002,-0.000001,-0.000005,-0.000000,0.000000,-0.000000
1827,0.000003,-0.000002,-0.000005,-0.000000,0.000000,0.000005
1828,0.000003,-0.000001,-0.000005,-0.000000,0.000000,0.000002
1829,0.000003,-0.000002,-0.000005,-0.000000,0.000000,0.000007
1830,0.000003,-0.000001,-0.000005,-0.000000,0.000000,0.000000
1831,0.000003,-0.000002,-0.000005,-0.000000,0.000000,0.000010
1832,0.000003,-0.000001,-0.000005,-0.000000,0.000000,-0.000000
1833,0.000002,-0.000001,-0.000005,-0.000000,0.000000,0.000001
1834,0.000003,-0.000002,-0.000005,-0.000000,0.000000,0.000010
1835,0.000002,-0.000001,-0.000005,-0.000000,0.000000,0.000000
1836,0.000003,-0.000002,-0.000005,-0.000000,0.000000,0.000006
1837,0.000002,-0.000001,-0.000005,-0.000000,0.000000,0.000000
1838,0.000003,-0.000002,-0.000005,-0.000000,0.000000,0.000009
1839,0.000002,-0.000001,-0.000005,-0.000000,0.000000,0.000000
1840,0.000002,-0.000001,-0.000005,-0.000000,0.000000,0.000000
1841,0.000003,-0.000001,-0.000005,-0.000000,0.000000,0.000000
1842,0.000003,-0.000001,-0.000005,-0.000000,0.000000,-0.000000
1843,0.000003,-0.000001,-0.000005,-0.000000,0.000000,0.000000
1844,0.000003,-0.000001,-0.000005,-0.000000,0.000000,0.000000
1845,0.000003,-0.000001,-0.000005,0.000000,0.000000,-0.000000
1846,0.000002,-0.000001,-0.000005,-0.000000,0.000000,0.000000
1847,0.000002,-0.000001,-0.000005,-0.000000,0.000000,0.000000
1848,0.000003,-0.000001,-0.000005,-0.000000,0.000000,-0.000000
1849,0.000003,-0.000001,-0.000005,0.000000,0.000000,0.000000
1850,0.000003,-0.000001,-0.000005,-0.000000,0.000000,-0.000000
1851,0.000003,-0.000001,-0.000005,-0.000000,0.000000,0.000000
1852,0.000003,-0.000001,-0.000005,0.000000,0.000000,-0.000000
1853,0.000002,-0.000001,-0.000005,-0.000000,0.000000,-0.000000
1854,0.000003,-0.000001,-0.000005,0.000000,0.000000,-0.000000
1855,0.000002,-0.000001,-0.000005,-0.000000,0.000000,-0.000000
1856,0.000003,-0.000001,-0.000005,-0.000000,0.000000,-0.000000
1857,0.000002,-0.000001,-0.000005,-0.000000,0.000000,0.000000
1858,0.000003,-0.000001,-0.000005,-0.000000,0.000000,0.000000
1859,0.000002,-0.000001,-0.000005,-0.000000,0.000000,0.000000
1860,0.000003,-0.000001,-0.000005,0.000000,0.000000,-0.000000
1861,0.000003,-0.000001,-0.000005,-0.000000,0.000000,0.000000
1862,0.000003,-0.000001,-0.000005,0.000000,0.000000,0.000000
1863,0.000003,-0.000001,-0.000005,-0.000000,0.000000,-0.000000
1864,0.000002,-0.000001,-0.000005,-0.000000,0.000000,0.000000
1865,0.000002,-0.000001,-0.000005,-0.000000,0.000000,0.000000
1866,0.000003,-0.000001,-0.000005,0.000000,0.000000,-0.000000
1867,0.000003,-0.000001,-0.000005,0.000000,0.000000,-0.000000
1868,0.000003,-0.000001,-0.000004,-0.000000,0.000000,-0.000000
1869,0.000003,-0.000001,-0.000005,-0.000000,0.000000,0.000000
1870,0.000003,-0.000001,-0.000005,-0.000000,0.000000,0.000000
1871,0.000003,-0.000001,-0.000005,-0.000000,0.000000,-0.000000
1872,0.000002,-0.000001,-0.000005,-0.000000,0.000000,-0.000000
1873,0.000003,-0.000001,-0.000005,0.000000,0.000000,-0.000000
1874,0.000002,-0.000001,-0.000005,-0.000000,0.000000,-0.000000
1875,0.000002,-0.000001,-0.000005,-0.000000,0.000000,0.000000
1876,0.000002,-0.000033,-0.000007,0.000012,0.000001,0.000000
1877,-0.000000,-0.000852,-0.000086,0.000324,0.000012,0.000001
1878,-0.000003,-0.001568,-0.000154,0.000596,0.000022,0.000001
1879,-0.000005,-0.002185,-0.000213,0.000831,0.000031,0.000002
1880,-0.000007,-0.002703,-0.000262,0.001028,0.000038,0.000002
1881,-0.000008,-0.003138,-0.000303,0.001193,0.000044,0.000002
1882,-0.000009,-0.003480,-0.000336,0.001323,0.000048,0.000002
1883,-0.000010,-0.003765,-0.000363,0.001431,0.000052,0.000003
1884,-0.000011,-0.003965,-0.000381,0.001508,0.000055,0.000003
1885,-0.000011,-0.004113,-0.000395,0.001564,0.000057,0.000003
1886,-0.000012,-0.004187,-0.000402,0.001592,0.000058,0.000003
1887,-0.000012,-0.004227,-0.000406,0.001607,0.000059,0.000003
1888,-0.000012,-0.004211,-0.000404,0.001601,0.000059,0.000003
1889,-0.000011,-0.004150,-0.000398,0.001578,0.000058,0.000003
1890,-0.000011,-0.004051,-0.000389,0.001541,0.000056,0.000003
1891,-0.000011,-0.003931,-0.000377,0.001495,0.000055,0.000002
1892,-0.000010,-0.003777,-0.000363,0.001437,0.000053,0.000002
1893,-0.000010,-0.003627,-0.000348,0.001380,0.000050,0.000002
1894,-0.000010,-0.003439,-0.000329,0.001308,0.000048,0.000002
1895,-0.000008,-0.003250,-0.000312,0.001236,0.000045,0.000002
1896,-0.000008,-0.003037,-0.000291,0.001156,0.000042,0.000002
1897,-0.000007,-0.002823,-0.000271,0.001074,0.000039,0.000002
1898,-0.000006,-0.002609,-0.000251,0.000993,0.000036,0.000002
1899,-0.000005,-0.002382,-0.000229,0.000907,0.000033,0.000001
1900,-0.000004,-0.002165,-0.000208,0.000824,0.000030,0.000001
1901,-0.000004,-0.001938,-0.000186,0.000738,0.000027,0.000001
1902,-0.000003,-0.001735,-0.000167,0.000661,0.000024,0.000001
1903,-0.000002,-0.001529,-0.000148,0.000583,0.000021,0.000001
1904,-0.000002,-0.001337,-0.000129,0.000510,0.000018,0.000001
1905,-0.000001,-0.001144,-0.000111,0.000436,0.000016,0.000001
1906,-0.000000,-0.000968,-0.000094,0.000369,0.000013,0.000001
1907,0.000000,-0.000801,-0.000078,0.000306,0.000011,0.000000
1908,0.000001,-0.000641,-0.000063,0.000245,0.000009,0.000000
1909,0.000001,-0.000505,-0.000050,0.000193,0.000007,0.000000
1910,0.000002,-0.000376,-0.000038,0.000145,0.000005,0.000000
1911,0.000002,-0.000261,-0.000027,0.000101,0.000004,0.000000
1912,0.000003,-0.000145,-0.000016,0.000057,0.000002,0.000000
1913,0.000003,-0.000044,-0.000006,0.000018,0.000001,0.000000
1914,0.000003,0.000004,-0.000001,0.000000,0.000000,0.000000
1915,0.000003,0.000004,-0.000001,0.000000,0.000000,0.000000
1916,0.000003,0.000004,-0.000001,0.000000,0.000000,-0.000000
1917,0.000003,0.000004,-0.000001,0.000000,0.000000,-0.000000
1918,0.000003,0.000004,-0.000002,0.000000,-0.000000,0.000000
1919,0.000003,0.000004,-0.000002,0.000000,0.000000,0.000000
1920,0.000003,0.000004,-0.000001,0.000000,0.000000,-0.000000
1921,0.000003,0.000004,-0.000001,0.000000,-0.000000,-0.000000
1922,0.000003,0.000004,-0.000001,0.000000,-0.000000,0.000000
1923,0.000003,0.000004,-0.000001,0.000000,0.000000,0.000000
1924,0.000003,0.000004,-0.000001,0.000000,0.000000,-0.000000
1925,0.000003,0.000004,-0.000002,0.000000,0.000000,-0.000000
1926,0.000003,0.000004,-0.000002,0.000000,0.000000,0.000000
1927,0.000004,0.000004,-0.000001,0.000000,0.000000,0.000000
1928,0.000003,0.000004,-0.000001,0.000000,0.000000,-0.000000
1929,0.000003,0.000004,-0.000001,0.000000,0.000000,0.000000
1930,0.000003,0.000004,-0.000001,0.000000,0.000000,-0.000000
1931,0.000003,0.000004,-0.000002,0.000000,0.000000,0.000000
1932,0.000003,0.000004,-0.000002,0.000000,-0.000000,-0.000000
1933,0.000003,0.000004,-0.000001,0.000000,0.000000,0.000000
1934,0.000003,0.000004,-0.000001,0.000000,0.000000,-0.000000
1935,0.000003,0.000004,-0.000002,0.000000,0.000000,-0.000000
1936,0.000003,0.000004,-0.000002,0.000000,-0.000000,-0.000000
1937,0.000003,0.000004,-0.000002,0.000000,0.000000,0.000000
1938,0.000003,0.000004,-0.000001,0.000000,0.000000,-0.000000
1939,0.000003,0.000004,-0.000002,0.000000,0.000000,-0.000000
1940,0.000003,0.000004,-0.000001,0.000000,-0.000000,-0.000000
1941,0.000003,0.000004,-0.000002,0.000000,0.000000,0.000000
1942,0.000003,0.000004,-0.000002,0.000000,0.000000,-0.000000
1943,0.000003,0.000004,-0.000001,0.000000,-0.000000,0.000000
1944,0.000003,0.000004,-0.000002,0.000000,0.000000,-0.000000
1945,0.000003,0.000004,-0.000001,0.000000,-0.000000,-0.000000
1946,0.000003,0.000004,-0.000002,0.000000,0.000000,0.000000
1947,0.000003,0.000004,-0.000002,0.000000,0.000000,-0.000000
1948,0.000003,0.000004,-0.000001,0.000000,0.000000,-0.000000
1949,0.000003,0.000004,-0.000001,0.000000,0.000000,-0.000000
1950,0.000003,0.000004,-0.000002,0.000000,0.000000,-0.000000
1951,0.000003,0.000004,-0.000002,0.000000,-0.000000,0.000000
1952,0.000003,0.000004,-0.000002,0.000000,0.000000,0.000000
1953,0.000003,0.000004,-0.000002,0.000000,-0.000000,-0.000000
1954,0.000003,0.000004,-0.000001,0.000000,0.000000,0.000000
1955,0.000004,0.000004,-0.000001,0.000000,0.000000,0.000000
1956,0.000003,0.000004,-0.000001,0.000000,-0.000000,-0.000000
1957,0.000003,0.000004,-0.000002,0.000000,0.000000,0.000000
1958,0.000003,0.000004,-0.000002,0.000000,-0.000000,-0.000000
1959,0.000003,0.000004,-0.000001,0.000000,-0.000000,0.000000
1960,0.000003,0.000004,-0.000001,0.000000,0.000000,0.000000
1961,0.000004,0.000004,-0.000002,0.000000,0.000000,0.000000
1962,0.000003,0.000004,-0.000002,0.000000,0.000000,0.000000
1963,0.000003,0.000004,-0.000001,0.000000,-0.000000,-0.000000
1964,0.000003,0.000004,-0.000002,0.000000,0.000000,-0.000000
1965,0.000003,0.000004,-0.000002,0.000000,0.000000,0.000000
1966,0.000003,0.000004,-0.000002,0.000000,0.000000,0.000000
1967,0.000003,0.000004,-0.000002,0.000000,0.000000,-0.000000
1968,0.000003,0.000004,-0.000002,0.000000,-0.000000,-0.000000
1969,0.000003,0.000004,-0.000001,0.000000,-0.000000,-0.000000
1970,0.000003,0.000004,-0.000002,0.000000,-0.000000,-0.000000
1971,0.000003,0.000004,-0.000002,0.000000,-0.000000,0.000000
1972,0.000003,0.000004,-0.000002,0.000000,-0.000000,-0.000000
1973,0.000003,0.000004,-0.000001,0.000000,0.000000,0.000000
1974,0.000003,0.000004,-0.000001,0.000000,0.000000,0.000000
1975,0.000003,0.000004,-0.000002,0.000000,-0.000000,0.000000
1976,0.000003,0.000004,-0.000001,0.000000,-0.000000,-0.000000
1977,0.000003,0.000004,-0.000002,0.000000,-0.000000,-0.000000
1978,0.000003,0.000004,-0.000002,0.000000,-0.000000,-0.000000
1979,0.000003,0.000004,-0.000002,0.000000,-0.000000,-0.000000
1980,0.000003,0.000004,-0.000002,0.000000,0.000000,0.000000
1981,0.000003,0.000004,-0.000002,0.000000,0.000000,0.000000
1982,0.000003,0.000004,-0.000002,0.000000,0.000000,0.000000
1983,0.000003,0.000004,-0.000002,0.000000,0.000000,0.000000
1984,0.000003,0.000004,-0.000001,0.000000,0.000000,0.000000
1985,0.000003,0.000004,-0.000002,0.000000,-0.000000,0.000000
1986,0.000003,0.000004,-0.000001,0.000000,0.000000,-0.000000
1987,0.000003,0.000004,-0.000001,0.000000,0.000000,0.000000
1988,0.000003,0.000004,-0.000001,0.000000,0.000000,0.000000
1989,0.000003,0.000004,-0.000001,0.000000,-0.000000,-0.000000
1990,0.000003,0.000004,-0.000001,0.000000,0.000000,0.000000
1991,0.000003,0.000004,-0.000001,0.000000,-0.000000,0.000000
1992,0.000003,0.000004,-0.000002,0.000000,0.000000,-0.000000
1993,0.000003,0.000004,-0.000002,0.000000,0.000000,0.000000
1994,0.000003,0.000004,-0.000002,0.000000,-0.000000,-0.000000
1995,0.000003,0.000004,-0.000001,0.000000,-0.000000,0.000000
1996,0.000003,0.000004,-0.000002,0.000000,-0.000000,0.000000
1997,0.000003,0.000004,-0.000002,0.000000,0.000000,-0.000000
1998,0.000003,0.000004,-0.000002,0.000000,0.000000,-0.000000
1999,0.000003,0.000004,-0.000002,0.000000,0.000000,0.000000
2000,0.000003,0.000004,-0.000002,0.000000,0.000000,-0.000000
2001,0.000003,0.000004,-0.000001,0.000000,0.000000,-0.000000
2002,0.000003,0.000004,-0.000001,0.000000,0.000000,0.000000
2003,0.000004,0.000004,-0.000002,0.000000,0.000000,0.000000
2004,0.000003,0.000004,-0.000002,0.000000,0.000000,-0.000000
2005,0.000003,0.000004,-0.000002,0.000000,0.000000,0.000000
2006,0.000003,0.000004,-0.000002,0.000000,0.000000,0.000000
2007,0.000003,0.000004,-0.000002,0.000000,0.000000,0.000000
2008,0.000003,0.000004,-0.000001,0.000000,0.000000,0.000000
2009,0.000003,0.000004,-0.000001,0.000000,0.000000,-0.000000
2010,0.000003,0.000004,-0.000002,0.000000,0.000000,0.000000
2011,0.000003,0.000004,-0.000001,0.000000,0.000000,0.000000
2012,0.000003,0.000004,-0.000001,0.000000,-0.000000,-0.000000
2013,0.000003,0.000004,-0.000001,0.000000,0.000000,0.000000
2014,0.000003,0.000004,-0.000001,0.000000,0.000000,-0.000000
2015,0.000003,0.000004,-0.000002,0.000000,0.000000,-0.000000
2016,0.000003,0.000004,-0.000002,0.000000,0.000000,-0.000000
2017,0.000003,0.000004,-0.000001,0.000000,0.000000,0.000000
2018,0.000003,0.000004,-0.000002,0.000000,0.000000,-0.000000
2019,0.000003,0.000004,-0.000001,0.000000,0.000000,0.000000
2020,0.000003,0.000004,-0.000001,0.000000,0.000000,0.000000
2021,0.000003,0.000004,-0.000002,0.000000,0.000000,0.000000
2022,0.000003,0.000004,-0.000001,0.000000,0.000000,0.000000
2023,0.000003,0.000004,-0.000002,0.000000,0.000000,-0.000000
2024,0.000003,0.000004,-0.000001,0.000000,0.000000,0.000000
2025,0.000003,0.000004,-0.000002,0.000000,0.000000,0.000000
2026,0.000003,0.000004,-0.000002,0.000000,0.000000,0.000000
2027,0.000003,0.000004,-0.000002,0.000000,-0.000000,-0.000000
2028,0.000003,0.000004,-0.000001,0.000000,-0.000000,0.000000
2029,0.000003,0.000004,-0.000002,0.000000,0.000000,-0.000000
2030,0.000003,0.000004,-0.000001,0.000000,0.000000,-0.000000
2031,0.000003,0.000004,-0.000002,0.000000,0.000000,-0.000000
2032,0.000003,0.000004,-0.000002,0.000000,0.000000,0.000000
2033,0.000003,0.000004,-0.000002,0.000000,0.000000,-0.000000
2034,0.000003,0.000004,-0.000001,0.000000,0.000000,0.000000
2035,0.000003,0.000004,-0.000001,0.000000,0.000000,0.000000
2036,0.000003,0.000004,-0.000002,0.000000,-0.000000,0.000000
2037,0.000003,0.000004,-0.000002,0.000000,-0.000000,0.000000
2038,0.000003,0.000004,-0.000001,0.000000,0.000000,0.000000
2039,0.000003,0.000004,-0.000001,0.000000,0.000000,0.000000
2040,0.000003,0.000004,-0.000001,0.000000,0.000000,-0.000000
2041,0.000003,0.000004,-0.000002,0.000000,0.000000,-0.000000
2042,0.000003,0.000004,-0.000001,0.000000,0.000000,0.000000
2043,0.000003,0.000004,-0.000002,0.000000,-0.000000,-0.000000
2044,0.000003,0.000004,-0.000001,0.000000,-0.000000,-0.000000
2045,0.000003,0.000004,-0.000002,0.000000,0.000000,-0.000000
2046,0.000003,0.000004,-0.000001,0.000000,0.000000,-0.000000
2047,0.000003,0.000004,-0.000001,0.000000,0.000000,-0.000000
2048,0.000003,0.000004,-0.000001,0.000000,0.000000,-0.000000
2049,0.000003,0.000004,-0.000001,0.000000,-0.000000,0.000000
2050,0.000004,0.000004,-0.000001,0.000000,0.000000,-0.000000
2051,0.000003,0.000004,-0.000002,0.000000,-0.000000,0.000000
2052,0.000003,0.000004,-0.000001,0.000000,0.000000,-0.000000
2053,0.000003,0.000004,-0.000001,0.000000,0.000000,-0.000000
2054,0.000003,0.000004,-0.000001,0.000000,0.000000,-0.000000
2055,0.000003,0.000004,-0.000001,0.000000,0.000000,0.000000
2056,0.000003,0.000004,-0.000002,0.000000,-0.000000,-0.000000
2057,0.000003,0.000004,-0.000002,0.000000,-0.000000,-0.000000
2058,0.000003,0.000004,-0.000002,0.000000,0.000000,0.000000
2059,0.000003,0.000004,-0.000002,0.000000,0.000000,0.000000
2060,0.000003,0.000004,-0.000002,0.000000,-0.000000,0.000000
2061,0.000003,0.000004,-0.000001,0.000000,0.000000,-0.000000
2062,0.000003,0.000004,-0.000002,0.000000,-0.000000,0.000000
2063,0.000003,0.000004,-0.000001,0.000000,0.000000,0.000000
2064,0.000003,0.000004,-0.000001,0.000000,-0.000000,0.000000
2065,0.000003,0.000004,-0.000002,0.000000,0.000000,0.000000
2066,0.000003,0.000004,-0.000002,0.000000,0.000000,-0.000000
2067,0.000003,0.000004,-0.000002,0.000000,-0.000000,-0.000000
2068,0.000003,0.000004,-0.000001,0.000000,-0.000000,0.000000
2069,0.000004,0.000004,-0.000001,0.000000,0.000000,0.000000
2070,0.000003,0.000004,-0.000001,0.000000,-0.000000,0.000000
2071,0.000003,0.000004,-0.000002,0.000000,-0.000000,-0.000000
2072,-0.000063,0.000006,0.000016,0.000001,-0.000010,-0.000000
2073,-0.000232,0.000013,0.000059,0.000003,-0.000037,-0.000000
2074,-0.000398,0.000020,0.000103,0.000005,-0.000063,-0.000000
2075,-0.000564,0.000026,0.000146,0.000007,-0.000089,0.000000
2076,-0.000729,0.000033,0.000188,0.000009,-0.000115,-0.000000
2077,-0.000891,0.000039,0.000230,0.000011,-0.000141,-0.000000
2078,-0.001052,0.000046,0.000273,0.000013,-0.000166,-0.000000
2079,-0.001209,0.000052,0.000314,0.000015,-0.000191,-0.000000
2080,-0.001364,0.000058,0.000353,0.000017,-0.000215,-0.000000
2081,-0.001516,0.000064,0.000393,0.000019,-0.000240,-0.000000
2082,-0.001667,0.000070,0.000432,0.000021,-0.000263,-0.000000
2083,-0.001813,0.000076,0.000470,0.000023,-0.000286,0.000000
2084,-0.001961,0.000082,0.000509,0.000025,-0.000310,-0.000000
2085,-0.002101,0.000088,0.000545,0.000027,-0.000332,0.000000
2086,-0.002239,0.000093,0.000581,0.000028,-0.000353,-0.000000
2087,-0.002375,0.000098,0.000616,0.000030,-0.000375,-0.000000
2088,-0.002506,0.000104,0.000650,0.000032,-0.000396,-0.000000
2089,-0.002635,0.000109,0.000684,0.000033,-0.000416,-0.000000
2090,-0.002761,0.000114,0.000716,0.000035,-0.000436,-0.000000
2091,-0.002885,0.000119,0.000748,0.000036,-0.000455,0.000000
2092,-0.003002,0.000123,0.000779,0.000038,-0.000474,-0.000000
2093,-0.003117,0.000128,0.000809,0.000039,-0.000492,-0.000000
2094,-0.003228,0.000132,0.000838,0.000041,-0.000509,0.000000
2095,-0.003335,0.000137,0.000866,0.000042,-0.000526,0.000000
2096,-0.003437,0.000141,0.000892,0.000043,-0.000542,-0.000000
2097,-0.003539,0.000145,0.000919,0.000045,-0.000558,-0.000000
2098,-0.003636,0.000149,0.000944,0.000046,-0.000573,0.000000
2099,-0.003727,0.000152,0.000967,0.000047,-0.000588,-0.000000
2100,-0.003815,0.000156,0.000990,0.000048,-0.000602,0.000000
2101,-0.003897,0.000159,0.001011,0.000049,-0.000615,-0.000000
2102,-0.003976,0.000162,0.001032,0.000050,-0.000627,0.000000
2103,-0.004054,0.000165,0.001052,0.000051,-0.000639,0.000000
2104,-0.004125,0.000168,0.001070,0.000052,-0.000650,-0.000000
2105,-0.004192,0.000170,0.001088,0.000053,-0.000661,-0.000000
2106,-0.004256,0.000173,0.001105,0.000053,-0.000671,0.000000
2107,-0.004314,0.000175,0.001120,0.000054,-0.000680,-0.000000
2108,-0.004367,0.000177,0.001133,0.000055,-0.000689,-0.000000
2109,-0.004416,0.000179,0.001146,0.000055,-0.000696,0.000000
2110,-0.004462,0.000181,0.001158,0.000056,-0.000704,0.000000
2111,-0.004503,0.000183,0.001169,0.000056,-0.000710,0.000000
2112,-0.004544,0.000184,0.001179,0.000057,-0.000717,0.000000
2113,-0.004575,0.000185,0.001187,0.000057,-0.000721,-0.000000
2114,-0.004604,0.000186,0.001195,0.000058,-0.000726,0.000000
2115,-0.004629,0.000187,0.001201,0.000058,-0.000730,0.000000
2116,-0.004649,0.000188,0.001206,0.000058,-0.000733,0.000000
2117,-0.004666,0.000189,0.001210,0.000058,-0.000736,0.000000
2118,-0.004678,0.000189,0.001213,0.000058,-0.000738,0.000000
2119,-0.004686,0.000190,0.001216,0.000059,-0.000739,0.000000
2120,-0.004688,0.000190,0.001216,0.000059,-0.000739,0.000000
2121,-0.004687,0.000190,0.001216,0.000058,-0.000739,0.000000
2122,-0.004684,0.000189,0.001215,0.000058,-0.000738,0.000000
2123,-0.004675,0.000189,0.001213,0.000058,-0.000737,0.000000
2124,-0.004662,0.000188,0.001209,0.000058,-0.000735,-0.000000
2125,-0.004644,0.000188,0.001204,0.000058,-0.000732,0.000000
2126,-0.004626,0.000187,0.001199,0.000058,-0.000729,0.000000
2127,-0.004601,0.000186,0.001193,0.000057,-0.000725,0.000000
2128,-0.004573,0.000185,0.001185,0.000057,-0.000721,-0.000000
2129,-0.004541,0.000183,0.001177,0.000057,-0.000716,0.000000
2130,-0.004507,0.000182,0.001168,0.000056,-0.000711,0.000000
2131,-0.004465,0.000180,0.001157,0.000056,-0.000704,0.000000
2132,-0.004422,0.000178,0.001145,0.000055,-0.000697,0.000000
2133,-0.004377,0.000177,0.001134,0.000054,-0.000690,0.000000
2134,-0.004327,0.000175,0.001121,0.000054,-0.000682,0.000000
2135,-0.004276,0.000172,0.001107,0.000053,-0.000674,0.000000
2136,-0.004219,0.000170,0.001093,0.000052,-0.000665,-0.000000
2137,-0.004159,0.000168,0.001077,0.000052,-0.000656,0.000000
2138,-0.004097,0.000165,0.001061,0.000051,-0.000646,-0.000000
2139,-0.004031,0.000163,0.001043,0.000050,-0.000636,-0.000000
2140,-0.003962,0.000160,0.001025,0.000049,-0.000625,-0.000000
2141,-0.003892,0.000157,0.001007,0.000048,-0.000614,0.000000
2142,-0.003818,0.000154,0.000988,0.000047,-0.000602,0.000000
2143,-0.003742,0.000151,0.000968,0.000046,-0.000590,-0.000000
2144,-0.003661,0.000147,0.000947,0.000045,-0.000577,0.000000
2145,-0.003580,0.000144,0.000925,0.000044,-0.000565,0.000000
2146,-0.003497,0.000141,0.000904,0.000043,-0.000551,0.000000
2147,-0.003410,0.000137,0.000881,0.000042,-0.000538,0.000000
2148,-0.003320,0.000133,0.000858,0.000041,-0.000523,-0.000000
2149,-0.003230,0.000130,0.000835,0.000040,-0.000509,0.000000
2150,-0.003136,0.000126,0.000810,0.000039,-0.000494,0.000000
2151,-0.003041,0.000122,0.000785,0.000038,-0.000479,0.000000
2152,-0.002945,0.000118,0.000760,0.000036,-0.000464,-0.000000
2153,-0.002847,0.000114,0.000735,0.000035,-0.000449,0.000000
2154,-0.002746,0.000110,0.000709,0.000034,-0.000433,0.000000
2155,-0.002645,0.000106,0.000682,0.000033,-0.000417,0.000000
2156,-0.002542,0.000102,0.000656,0.000031,-0.000401,0.000000
2157,-0.002437,0.000098,0.000629,0.000030,-0.000384,0.000000
2158,-0.002332,0.000093,0.000601,0.000029,-0.000368,-0.000000
2159,-0.002225,0.000089,0.000574,0.000027,-0.000351,-0.000000
2160,-0.002118,0.000084,0.000546,0.000026,-0.000334,-0.000000
2161,-0.002008,0.000080,0.000518,0.000025,-0.000317,-0.000000
2162,-0.001898,0.000075,0.000488,0.000023,-0.000299,-0.000000
2163,-0.001789,0.000071,0.000461,0.000022,-0.000282,0.000000
2164,-0.001677,0.000066,0.000432,0.000021,-0.000264,0.000000
2165,-0.001566,0.000062,0.000403,0.000019,-0.000247,-0.000000
2166,-0.001455,0.000057,0.000374,0.000018,-0.000229,0.000000
2167,-0.001341,0.000053,0.000344,0.000016,-0.000211,0.000000
2168,-0.001232,0.000048,0.000316,0.000015,-0.000194,-0.000000
2169,-0.001120,0.000043,0.000288,0.000014,-0.000177,0.000000
2170,-0.001006,0.000039,0.000258,0.000012,-0.000159,0.000000
2171,-0.000893,0.000034,0.000229,0.000011,-0.000141,-0.000000
2172,-0.000781,0.000029,0.000200,0.000009,-0.000123,-0.000000
2173,-0.000674,0.000025,0.000172,0.000008,-0.000106,-0.000000
2174,-0.000560,0.000020,0.000143,0.000007,-0.000088,-0.000000
2175,-0.000448,0.000016,0.000114,0.000005,-0.000071,0.000000
2176,-0.000338,0.000011,0.000086,0.000004,-0.000053,0.000000
2177,-0.000229,0.000007,0.000058,0.000003,-0.000036,-0.000000
2178,-0.000119,0.000002,0.000030,0.000001,-0.000019,0.000000
2179,-0.000011,-0.000002,0.000002,-0.000000,-0.000002,-0.000000
2180,-0.000001,-0.000003,-0.000001,-0.000000,-0.000000,-0.000000
2181,-0.000001,-0.000003,-0.000001,-0.000000,-0.000000,0.000000
2182,-0.000001,-0.000003,-0.000000,-0.000000,-0.000000,0.000000
2183,-0.000001,-0.000003,-0.000001,-0.000000,-0.000000,0.000000
2184,-0.000001,-0.000003,-0.000001,-0.000000,-0.000000,-0.000000
2185,-0.000001,-0.000003,-0.000001,-0.000000,-0.000000,-0.000000
2186,-0.000000,-0.000003,-0.000001,-0.000000,-0.000000,-0.000000
2187,-0.000001,-0.000003,-0.000001,-0.000000,-0.000000,-0.000000
2188,-0.000000,-0.000003,-0.000001,-0.000000,-0.000000,-0.000000
2189,-0.000000,-0.000003,-0.000001,-0.000000,-0.000000,0.000000
2190,-0.000001,-0.000003,-0.000001,-0.000000,-0.000000,-0.000000
2191,-0.000000,-0.000003,-0.000001,-0.000000,-0.000000,0.000000
2192,-0.000001,-0.000003,-0.000001,-0.000000,-0.000000,0.000000
2193,-0.000000,-0.000003,-0.000001,-0.000000,-0.000000,0.000000
2194,-0.000000,-0.000003,-0.000001,-0.000000,-0.000000,0.000000
2195,-0.000001,-0.000003,-0.000001,-0.000000,-0.000000,0.000000
2196,-0.000001,-0.000003,-0.000001,-0.000000,-0.000000,0.000000
2197,-0.000001,-0.000003,-0.000001,-0.000000,-0.000000,0.000000
2198,-0.000000,-0.000003,-0.000001,-0.000000,-0.000000,0.000000
2199,-0.000001,-0.000003,-0.000001,-0.000000,-0.000000,-0.000000
2200,-0.000000,-0.000003,-0.000001,-0.000000,-0.000000,-0.000000
2201,-0.000001,-0.000003,-0.000001,-0.000000,-0.000000,0.000000
2202,-0.000001,-0.000003,-0.000001,-0.000000,-0.000000,0.000000
2203,-0.000001,-0.000003,-0.000001,-0.000000,-0.000000,-0.000000
2204,-0.000001,-0.000003,-0.000001,-0.000000,-0.000000,-0.000000
2205,-0.000001,-0.000003,-0.000001,-0.000000,-0.000000,-0.000000
2206,-0.000001,-0.000003,-0.000001,-0.000000,-0.000000,-0.000000
2207,-0.000001,-0.000003,-0.000001,-0.000000,-0.000000,0.000000
2208,-0.000001,-0.000003,-0.000001,-0.000000,-0.000000,-0.000000
2209,-0.000001,-0.000003,-0.000001,-0.000000,-0.000000,-0.000000
2210,-0.000001,-0.000003,-0.000001,-0.000000,-0.000000,0.000000
2211,-0.000000,-0.000003,-0.000001,-0.000000,-0.000000,0.000000
2212,-0.000000,-0.000003,-0.000001,-0.000000,-0.000000,0.000000
2213,-0.000001,-0.000003,-0.000001,-0.000000,-0.000000,-0.000000
2214,-0.000001,-0.000003,-0.000001,-0.000000,-0.000000,-0.000000
2215,-0.000001,-0.000003,-0.000001,-0.000000,-0.000000,-0.000000
2216,-0.000000,-0.000003,-0.000001,-0.000000,-0.000000,-0.000000
2217,-0.000000,-0.000003,-0.000001,-0.000000,-0.000000,0.000000
2218,-0.000001,-0.000003,-0.000001,-0.000000,-0.000000,-0.000000
2219,-0.000001,-0.000003,-0.000001,-0.000000,-0.000000,0.000000
2220,-0.000001,-0.000003,-0.000001,-0.000000,-0.000000,0.000000
2221,-0.000000,-0.000003,-0.000001,-0.000000,-0.000000,-0.000000
2222,-0.000001,-0.000003,-0.000001,-0.000000,-0.000000,0.000000
2223,-0.000001,-0.000003,-0.000001,-0.000000,-0.000000,0.000000
2224,-0.000000,-0.000003,-0.000001,-0.000000,-0.000000,0.000000
2225,-0.000001,-0.000003,-0.000001,-0.000000,-0.000000,-0.000000
2226,-0.000001,-0.000003,-0.000001,-0.000000,-0.000000,0.000000
2227,-0.000001,-0.000003,-0.000001,-0.000000,-0.000000,-0.000000
2228,-0.000001,-0.000003,-0.000001,-0.000000,-0.000000,-0.000000
2229,-0.000001,-0.000003,-0.000001,-0.000000,-0.000000,0.000000
2230,-0.000001,-0.000003,-0.000001,-0.000000,-0.000000,0.000000
2231,-0.000000,-0.000003,-0.000001,-0.000000,-0.000000,0.000000
2232,-0.000001,-0.000003,-0.000001,-0.000000,-0.000000,-0.000000
2233,-0.000001,-0.000003,-0.000001,-0.000000,-0.000000,-0.000000
2234,-0.000001,-0.000003,-0.000001,-0.000000,-0.000000,0.000000
2235,-0.000000,-0.000003,-0.000001,-0.000000,-0.000000,0.000000
2236,-0.000001,-0.000003,-0.000001,-0.000000,-0.000000,-0.000000
2237,-0.000000,-0.000003,-0.000001,-0.000000,-0.000000,0.000000
2238,-0.000001,-0.000003,-0.000001,-0.000000,-0.000000,-0.000000
2239,-0.000001,-0.000003,-0.000001,-0.000000,-0.000000,0.000000
2240,-0.000001,-0.000003,-0.000001,-0.000000,-0.000000,0.000000
2241,-0.000001,-0.000003,-0.000001,-0.000000,-0.000000,0.000000
2242,-0.000000,-0.000003,-0.000001,-0.000000,-0.000000,0.000000
2243,-0.000001,-0.000003,-0.000001,-0.000000,-0.000000,-0.000000
2244,-0.000001,-0.000003,-0.000001,-0.000000,-0.000000,0.000000
2245,-0.000001,-0.000003,-0.000001,-0.000000,-0.000000,0.000000
2246,-0.000001,-0.000003,-0.000001,-0.000000,-0.000000,0.000000
2247,-0.000001,-0.000003,-0.000001,-0.000000,-0.000000,-0.000000
2248,-0.000001,-0.000003,-0.000001,-0.000000,-0.000000,0.000000
2249,-0.000001,-0.000003,-0.000001,-0.000000,-0.000000,-0.000000
2250,-0.000000,-0.000003,-0.000001,-0.000000,-0.000000,0.000000
2251,-0.000001,-0.000003,-0.000001,-0.000000,-0.000000,-0.000000
2252,-0.000001,-0.000003,-0.000001,-0.000000,-0.000000,0.000000
2253,-0.000001,-0.000003,-0.000001,-0.000000,-0.000000,0.000000
2254,-0.000000,-0.000003,-0.000001,-0.000000,-0.000000,0.000000
2255,-0.000001,-0.000003,-0.000001,-0.000000,-0.000000,-0.000000
2256,-0.000000,-0.000003,-0.000001,-0.000000,-0.000000,-0.000000
2257,-0.000000,-0.000003,-0.000001,-0.000000,-0.000000,0.000000
2258,-0.000001,-0.000003,-0.000001,-0.000000,-0.000000,-0.000000
2259,-0.000001,-0.000003,-0.000001,-0.000000,-0.000000,0.000000
2260,-0.000001,-0.000003,-0.000001,-0.000000,-0.000000,-0.000000
2261,-0.000001,-0.000003,-0.000001,-0.000000,-0.000000,-0.000000
2262,-0.000001,-0.000003,-0.000001,-0.000000,-0.000000,-0.000000
2263,-0.000000,-0.000003,-0.000001,-0.000000,-0.000000,-0.000000
2264,-0.000000,-0.000003,-0.000000,-0.000000,-0.000000,-0.000000
2265,-0.000001,-0.000003,-0.000001,-0.000000,-0.000000,-0.000000
2266,-0.000001,-0.000003,-0.000001,-0.000000,-0.000000,-0.000000
2267,-0.000001,-0.000003,-0.000001,-0.000000,-0.000000,-0.000000
2268,-0.000000,-0.000003,-0.000001,-0.000000,-0.000000,0.000000
2269,-0.000001,-0.000003,-0.000001,-0.000000,-0.000000,-0.000000
2270,-0.000000,-0.000003,-0.000001,-0.000000,-0.000000,0.000000
2271,-0.000001,-0.000003,-0.000001,-0.000000,-0.000000,0.000000
2272,-0.000000,-0.000003,-0.000001,-0.000000,-0.000000,0.000000
2273,-0.000001,-0.000003,-0.000001,-0.000000,-0.000000,-0.000000
2274,-0.000001,-0.000003,-0.000001,-0.000000,-0.000000,0.000000
2275,-0.000000,-0.000003,-0.000001,-0.000000,-0.000000,-0.000000
2276,-0.000001,-0.000003,-0.000001,-0.000000,-0.000000,-0.000000
2277,-0.000000,-0.000003,-0.000000,-0.000000,-0.000000,0.000000
2278,-0.000001,-0.000003,-0.000001,-0.000000,-0.000000,-0.000000
2279,-0.000001,-0.000003,-0.000001,-0.000000,-0.000000,-0.000000
2280,-0.000001,-0.000003,-0.000001,-0.000000,-0.000000,-0.000000
2281,-0.000000,-0.000003,-0.000000,-0.000000,-0.000000,-0.000000
2282,-0.000001,-0.000003,-0.000001,-0.000000,-0.000000,-0.000000
2283,-0.000000,-0.000003,-0.000001,-0.000000,-0.000000,0.000000
2284,-0.000001,-0.000003,-0.000001,-0.000000,-0.000000,-0.000000
2285,-0.000000,-0.000003,-0.000001,-0.000000,-0.000000,0.000000
2286,-0.000000,-0.000003,-0.000001,-0.000000,-0.000000,0.000000
2287,-0.000001,-0.000003,-0.000001,-0.000000,-0.000000,0.000000
2288,-0.000001,-0.000003,-0.000001,-0.000000,-0.000000,0.000000
2289,-0.000001,-0.000003,-0.000001,-0.000000,-0.000000,-0.000000
2290,-0.000001,-0.000003,-0.000001,-0.000000,-0.000000,-0.000000
2291,-0.000000,-0.000003,-0.000001,-0.000000,-0.000000,-0.000000
2292,-0.000001,-0.000003,-0.000001,-0.000000,-0.000000,0.000000
2293,-0.000000,-0.000003,-0.000001,-0.000000,-0.000000,0.000000
2294,-0.000000,-0.000003,-0.000001,-0.000000,-0.000000,0.000000
2295,-0.000001,-0.000003,-0.000001,-0.000000,-0.000000,-0.000000
2296,-0.000000,-0.000003,-0.000001,-0.000000,-0.000000,-0.000000
2297,-0.000001,-0.000003,-0.000001,-0.000000,-0.000000,0.000000
2298,-0.000001,-0.000003,-0.000000,-0.000000,-0.000000,-0.000000
2299,-0.000001,-0.000003,-0.000001,-0.000000,-0.000000,0.000000
2300,-0.000000,-0.000003,-0.000001,-0.000000,-0.000000,0.000000
2301,-0.000000,-0.000003,-0.000001,-0.000000,-0.000000,0.000000
2302,-0.000001,-0.000003,-0.000001,-0.000000,-0.000000,-0.000000
2303,-0.000001,-0.000003,-0.000001,-0.000000,-0.000000,-0.000000
2304,-0.000001,-0.000003,-0.000001,-0.000000,-0.000000,-0.000000
2305,-0.000001,-0.000003,-0.000001,-0.000000,-0.000000,0.000000
2306,-0.000001,-0.000003,-0.000001,-0.000000,-0.000000,-0.000000
2307,-0.000001,-0.000003,-0.000001,-0.000000,-0.000000,-0.000000
2308,-0.000000,-0.000003,-0.000001,-0.000000,-0.000000,-0.000000
2309,-0.000001,-0.000003,-0.000001,-0.000000,-0.000000,-0.000000
2310,-0.000000,-0.000003,-0.000001,-0.000000,-0.000000,0.000000
2311,-0.000000,-0.000003,-0.000001,-0.000000,-0.000000,-0.000000
2312,-0.000001,-0.000003,-0.000001,-0.000000,-0.000000,0.000000
2313,-0.000001,-0.000003,-0.000001,-0.000000,-0.000000,0.000000
2314,-0.000001,-0.000003,-0.000001,-0.000000,-0.000000,0.000000
2315,-0.000000,-0.000003,-0.000001,-0.000000,-0.000000,-0.000000
2316,-0.000001,-0.000003,-0.000001,-0.000000,-0.000000,-0.000000
2317,-0.000001,-0.000003,-0.000000,-0.000000,-0.000000,0.000000
2318,-0.000001,-0.000003,-0.000001,-0.000000,-0.000000,-0.000000
2319,-0.000001,-0.000003,-0.000001,-0.000000,-0.000000,-0.000000
2320,-0.000001,-0.000003,-0.000001,-0.000000,-0.000000,-0.000000
2321,-0.000000,-0.000003,-0.000001,-0.000000,-0.000000,-0.000000
2322,-0.000001,-0.000003,-0.000001,-0.000000,-0.000000,-0.000000
2323,-0.000001,-0.000003,-0.000001,-0.000000,-0.000000,-0.000000
2324,-0.000001,-0.000003,-0.000001,-0.000000,-0.000000,-0.000000
2325,-0.000001,-0.000003,-0.000001,-0.000000,-0.000000,0.000000
2326,-0.000001,-0.000003,-0.000001,-0.000000,-0.000000,-0.000000
2327,-0.000001,-0.000003,-0.000001,-0.000000,-0.000000,-0.000000
2328,-0.000001,-0.000003,-0.000001,-0.000000,-0.000000,0.000000
2329,-0.000001,-0.000003,-0.000001,-0.000000,-0.000000,-0.000000
2330,-0.000000,-0.000003,-0.000001,-0.000000,-0.000000,0.000000
2331,-0.000000,-0.000003,-0.000001,-0.000000,-0.000000,0.000000
2332,-0.000001,-0.000003,-0.000001,-0.000000,-0.000000,-0.000000
2333,-0.000000,-0.000003,-0.000001,-0.000000,-0.000000,-0.000000
2334,-0.000001,-0.000003,-0.000001,-0.000000,-0.000000,0.000000
2335,-0.000000,-0.000003,-0.000001,-0.000000,-0.000000,0.000000
2336,-0.000000,-0.000003,-0.000001,-0.000000,-0.000000,0.000000
2337,-0.000001,-0.000003,-0.000001,-0.000000,-0.000000,-0.000000
2338,-0.000000,-0.000003,-0.000001,-0.000000,-0.000000,0.000000
2339,-0.000001,-0.000003,-0.000001,-0.000000,-0.000000,0.000000
2340,-0.000000,-0.000003,-0.000001,-0.000000,-0.000000,-0.000000
2341,-0.000000,-0.000003,-0.000001,-0.000000,-0.000000,-0.000000
2342,-0.000009,-0.000004,-0.000132,0.000001,-0.000004,-0.000000
2343,-0.000021,-0.000006,-0.000334,0.000003,-0.000011,-0.000000
2344,-0.000034,-0.000008,-0.000532,0.000005,-0.000017,-0.000000
2345,-0.000046,-0.000010,-0.000728,0.000007,-0.000024,-0.000000
2346,-0.000058,-0.000012,-0.000921,0.000009,-0.000030,0.000000
2347,-0.000070,-0.000014,-0.001113,0.000011,-0.000037,-0.000000
2348,-0.000082,-0.000016,-0.001300,0.000013,-0.000043,0.000000
2349,-0.000094,-0.000018,-0.001482,0.000015,-0.000049,-0.000000
2350,-0.000104,-0.000020,-0.001661,0.000017,-0.000054,-0.000000
2351,-0.000115,-0.000022,-0.001841,0.000018,-0.000060,-0.000000
2352,-0.000126,-0.000024,-0.002011,0.000020,-0.000066,0.000000
2353,-0.000137,-0.000026,-0.002181,0.000022,-0.000072,0.000000
2354,-0.000147,-0.000027,-0.002348,0.000023,-0.000077,-0.000000
2355,-0.000157,-0.000029,-0.002509,0.000025,-0.000082,0.000000
2356,-0.000167,-0.000031,-0.002664,0.000027,-0.000087,-0.000000
2357,-0.000176,-0.000032,-0.002817,0.000028,-0.000092,0.000000
2358,-0.000186,-0.000034,-0.002968,0.000030,-0.000097,-0.000000
2359,-0.000195,-0.000036,-0.003114,0.000031,-0.000102,-0.000000
2360,-0.000204,-0.000037,-0.003253,0.000033,-0.000107,-0.000000
2361,-0.000212,-0.000039,-0.003391,0.000034,-0.000111,0.000000
2362,-0.000220,-0.000040,-0.003525,0.000035,-0.000116,0.000000
2363,-0.000228,-0.000041,-0.003655,0.000037,-0.000120,-0.000000
2364,-0.000236,-0.000043,-0.003783,0.000038,-0.000124,0.000000
2365,-0.000244,-0.000044,-0.003904,0.000039,-0.000128,0.000000
2366,-0.000251,-0.000045,-0.004019,0.000040,-0.000132,0.000000
2367,-0.000258,-0.000047,-0.004135,0.000041,-0.000135,0.000000
2368,-0.000264,-0.000048,-0.004241,0.000042,-0.000139,-0.000000
2369,-0.000271,-0.000049,-0.004344,0.000044,-0.000142,0.000000
2370,-0.000276,-0.000050,-0.004438,0.000044,-0.000145,-0.000000
2371,-0.000282,-0.000051,-0.004534,0.000045,-0.000148,0.000000
2372,-0.000288,-0.000052,-0.004624,0.000046,-0.000151,0.000000
2373,-0.000293,-0.000053,-0.004708,0.000047,-0.000154,0.000000
2374,-0.000298,-0.000054,-0.004789,0.000048,-0.000157,0.000000
2375,-0.000302,-0.000055,-0.004866,0.000049,-0.000159,0.000000
2376,-0.000307,-0.000056,-0.004939,0.000049,-0.000162,0.000000
2377,-0.000311,-0.000057,-0.005004,0.000050,-0.000164,0.000000
2378,-0.000315,-0.000057,-0.005065,0.000051,-0.000166,0.000000
2379,-0.000318,-0.000058,-0.005118,0.000051,-0.000168,0.000000
2380,-0.000321,-0.000059,-0.005171,0.000052,-0.000169,0.000000
2381,-0.000324,-0.000059,-0.005220,0.000052,-0.000171,0.000000
2382,-0.000326,-0.000060,-0.005262,0.000053,-0.000172,0.000000
2383,-0.000329,-0.000060,-0.005302,0.000053,-0.000173,-0.000000
